mtllib exp_model.mtl
v 11.7243 -10.4088 -26.3659
v 12.4043 -10.2581 -27.2333
v 12.0413 -10.3385 -27.6416
v 11.3029 -10.5021 -26.7533
v 11.3037 -10.5020 -25.9316
v 11.7243 -10.4088 -26.3659
v 11.3029 -10.5021 -26.7533
v 10.8683 -10.5984 -26.2573
v 11.0103 -10.5670 -25.2312
v 10.5527 -10.6684 -25.5772
v 10.1751 -10.7520 -24.5065
v 9.7899 -10.8374 -24.9352
v 9.5173 -10.8978 -23.6187
v 9.0597 -10.9992 -23.9647
v 8.3384 -11.1590 -22.0905
v 7.8808 -11.2604 -22.4365
v 6.6606 -11.5307 -19.9015
v 6.2392 -11.6241 -20.2889
v 6.6847 -11.6396 -19.9015
v 6.6606 -11.5307 -19.9015
v 6.2392 -11.6241 -20.2889
v 7.6340 -12.3999 -20.9337
v 7.0021 -13.2821 -19.9423
v 6.2392 -11.6241 -20.2889
v 6.6270 -13.4795 -20.3093
v 7.1612 -13.4753 -19.8404
v 7.0021 -13.2821 -19.9423
v 6.6270 -13.4795 -20.3093
v 6.8324 -13.7765 -20.1870
v 7.5923 -13.9507 -19.5549
v 7.3681 -14.5143 -19.8608
v 7.7533 -14.2576 -19.4734
v 8.5849 -14.2447 -19.7870
v 7.8739 -14.8019 -19.4734
v 7.3681 -14.5143 -19.8608
v 7.4560 -15.7510 -20.0239
v 7.4560 -15.7510 -20.0239
v 7.3128 -15.8398 -20.1666
v 7.1151 -15.9978 -20.3705
v 7.5766 -16.2952 -20.0239
v 7.6492 -15.5940 -20.2719
v 10.2502 -17.1874 -22.8543
v 8.1554 -18.9076 -20.0239
v 7.1151 -15.9978 -20.3705
v 7.7460 -19.0554 -20.4113
v 8.1896 -18.9572 -20.0035
v 7.8145 -19.1545 -20.3705
v 8.3203 -19.4421 -19.9831
v 7.9452 -19.6394 -20.3501
v 24.9692 -17.1808 -17.3433
v 24.7639 -17.2834 -17.0953
v 24.9570 -17.6403 -17.2193
v 25.1260 -17.5457 -17.4260
v 11.6277 -10.6586 -26.2005
v 11.7741 -12.4533 -25.9729
v 12.9130 -11.6299 -27.5017
v 11.6277 -10.6586 -26.2005
v 12.9130 -11.6299 -27.5017
v 11.3490 -11.2342 -24.6162
v 9.6882 -11.0883 -23.8044
v 7.6340 -12.3999 -20.9337
v 8.9115 -12.7449 -22.1947
v 8.8386 -13.5033 -20.2417
v 8.9115 -12.7449 -22.1947
v 7.6340 -12.3999 -20.9337
v 8.8386 -13.5033 -20.2417
v 7.6340 -12.3999 -20.9337
v 8.8665 -14.5820 -22.0684
v 10.3294 -13.5727 -23.9488
v 12.6667 -15.4529 -26.2209
v 11.5136 -16.6220 -24.5478
v 8.9141 -18.4541 -20.9128
v 24.7415 -17.2312 -17.4034
v 10.3294 -13.5727 -23.9488
v 12.6667 -15.4529 -26.2209
v 11.7090 -11.8967 -24.8025
v 10.6026 -11.9705 -23.3983
v 9.2999 -13.6295 -22.1754
v 9.2999 -13.6295 -22.1754
v 9.2999 -13.6295 -22.1754
v 15.9710 -20.4306 -20.7098
v 16.7985 -20.8753 -20.8173
v 16.7347 -19.9188 -20.6129
v 15.1723 -19.5227 -24.2184
v 16.7831 -18.6519 -25.1752
v 14.0822 -19.7071 -26.5527
v 16.2927 -21.3299 -20.7517
v 7.6492 -15.5940 -20.2719
v 8.5849 -14.2447 -19.7870
v 7.8739 -14.8019 -19.4734
v 7.5186 -15.5087 -19.9219
v 7.3681 -14.5143 -19.8608
v 7.0953 -15.4883 -20.2889
v 7.4560 -15.7510 -20.0239
v 7.3128 -15.8398 -20.1666
v 8.8744 -19.9474 -19.5957
v 8.3203 -19.4421 -19.9831
v 7.9452 -19.6394 -20.3501
v 8.5576 -20.3031 -19.9423
v 9.0272 -20.4274 -19.5549
v 9.4544 -19.9331 -19.6817
v 8.8711 -21.7181 -19.9423
v 9.4544 -19.9331 -19.6817
v 9.0272 -20.4274 -19.5549
v 8.5576 -20.3031 -19.9423
v 8.4478 -21.6977 -20.3093
v 8.8388 -21.7824 -19.9831
v 9.9392 -20.1682 -20.1981
v 8.8388 -21.7824 -19.9831
v 8.4478 -21.6977 -20.3093
v 8.4155 -21.7620 -20.3501
v 8.8509 -21.8368 -19.9831
v 8.4174 -21.8757 -20.3705
v 8.9170 -22.4502 -20.0443
v 8.5178 -22.5387 -20.4113
v 8.9291 -22.5046 -20.0443
v 8.9291 -22.5046 -20.0443
v 8.9291 -22.5046 -20.0443
v 8.5178 -22.5387 -20.4113
v 8.5299 -22.5931 -20.4113
v 8.9291 -22.5046 -20.0443
v 12.8194 -22.4421 -17.0709
v 12.4367 -22.5839 -16.9860
v 12.6363 -22.5397 -16.8025
v 23.4354 -19.6903 -15.0701
v 23.5440 -20.0088 -15.1114
v 23.7372 -19.6805 -15.4007
v 23.7372 -19.6805 -15.4007
v 23.0011 -18.7588 -14.8221
v 23.3149 -18.8034 -15.1527
v 23.1218 -18.6178 -14.9874
v 23.0011 -18.7588 -14.8221
v 23.3149 -18.8034 -15.1527
v 21.3256 -19.0729 -16.3512
v 23.1701 -18.4929 -15.0701
v 23.3149 -18.8034 -15.1527
v 19.0673 -19.4590 -18.5542
v 24.7415 -17.2312 -17.4034
v 24.7639 -17.2834 -17.0953
v 23.3149 -18.8034 -15.1527
v 24.9570 -17.6403 -17.2193
v 9.2999 -13.6295 -22.1754
v 8.8386 -13.5033 -20.2417
v 8.8665 -14.5820 -22.0684
v 12.3274 -17.1268 -24.3059
v 11.5136 -16.6220 -24.5478
v 10.2502 -17.1874 -22.8543
v 11.9316 -17.6713 -22.9674
v 11.1190 -18.3081 -21.5643
v 10.2812 -18.6079 -21.3118
v 8.9141 -18.4541 -20.9128
v 10.2812 -18.6079 -21.3118
v 11.0134 -19.6448 -21.7671
v 11.0924 -20.3695 -22.9579
v 10.6130 -22.5312 -22.0067
v 14.1998 -21.3369 -18.9303
v 10.6130 -22.5312 -22.0067
v 19.0673 -19.4590 -18.5542
v 19.0487 -20.1484 -18.7791
v 21.3256 -19.0729 -16.3512
v 16.7347 -19.9188 -20.6129
v 20.1990 -18.3518 -21.3774
v 16.7347 -19.9188 -20.6129
v 14.0104 -16.0117 -25.6743
v 14.0558 -15.3736 -26.9286
v 12.6667 -15.4529 -26.2209
v 12.3274 -17.1268 -24.3059
v 11.5136 -16.6220 -24.5478
v 14.1792 -16.9449 -25.6330
v 14.0104 -16.0117 -25.6743
v 12.3274 -17.1268 -24.3059
v 12.5846 -17.8121 -24.5120
v 11.9316 -17.6713 -22.9674
v 11.6601 -19.1018 -21.9159
v 12.5846 -17.8121 -24.5120
v 11.9316 -17.6713 -22.9674
v 11.1190 -18.3081 -21.5643
v 12.2315 -18.8610 -24.6520
v 12.7642 -20.6843 -24.8377
v 12.2308 -21.6018 -23.9907
v 12.8478 -21.5222 -21.3450
v 12.2308 -21.6018 -23.9907
v 15.3065 -20.2352 -20.5825
v 15.9710 -20.4306 -20.7098
v 15.3065 -20.2352 -20.5825
v 14.1998 -21.3369 -18.9303
v 15.0313 -21.6665 -19.1613
v 16.2927 -21.3299 -20.7517
v 16.7985 -20.8753 -20.8173
v 16.3088 -19.8418 -21.4935
v 15.9710 -20.4306 -20.7098
v 14.6150 -16.6200 -27.0537
v 14.0558 -15.3736 -26.9286
v 14.3803 -17.8710 -27.5022
v 13.4528 -18.4762 -26.1190
v 12.2315 -18.8610 -24.6520
v 14.0822 -19.7071 -26.5527
v 12.7642 -20.6843 -24.8377
v 15.1723 -19.5227 -24.2184
v 14.0822 -19.7071 -26.5527
v 12.7642 -20.6843 -24.8377
v 14.7667 -20.1835 -22.6126
v 16.3088 -19.8418 -21.4935
v 16.7831 -18.6519 -25.1752
v 14.6596 -19.0653 -27.5640
v -1.3554 -14.6200 10.6085
v -3.8126 -15.1073 8.3608
v -4.0479 -14.7598 8.2220
v -1.4097 -14.2324 10.6363
v -0.5767 -14.5617 11.3023
v -0.6429 -14.1196 11.3300
v -0.3352 -14.5082 11.5243
v -0.4015 -14.0661 11.5520
v 0.0391 -14.4823 11.8573
v 0.0332 -14.0269 11.9405
v 1.1740 -14.4593 12.8563
v 0.9387 -14.1117 12.7175
v -7.3488 -14.6347 21.9209
v -7.2764 -14.6186 21.8382
v -7.3368 -14.6320 21.4096
v -7.7352 -14.7203 21.4910
v -7.9343 -14.7644 23.0244
v -8.3630 -14.8594 22.7050
v -8.4112 -14.8701 23.6308
v -9.0330 -15.0078 23.2831
v -9.0067 -23.6807 2.1448
v -9.2422 -24.1897 1.8396
v -9.6708 -24.1134 1.4788
v -9.3990 -23.4822 1.8396
v -8.9221 -23.4907 2.2558
v -9.1876 -23.1499 2.0893
v -4.7121 -15.7634 9.6840
v -3.7704 -16.5825 12.9621
v -2.6414 -16.6750 15.0528
v 0.1055 -15.3241 14.2893
v -7.4403 -17.6240 19.6932
v -8.0257 -17.1827 20.5346
v -8.3026 -15.0173 23.5482
v -9.1153 -23.6477 2.5038
v -10.8844 -25.6384 4.2238
v -6.0403 -16.9712 11.0468
v -7.1511 -17.3315 12.0930
v -5.8410 -17.4981 14.2534
v -4.9174 -17.8644 15.8871
v -3.5954 -18.5421 19.1528
v -1.7903 -17.0573 16.7692
v -5.7507 -19.5335 18.5642
v -4.2837 -19.4940 20.0066
v -5.9499 -19.8061 19.5308
v -4.5011 -19.7134 20.6691
v -8.0327 -20.2104 17.4779
v -7.8273 -19.4797 18.3222
v -8.7625 -18.6592 20.9455
v -10.4585 -18.2927 23.2619
v -10.6767 -21.3101 21.3654
v -12.5178 -21.4896 22.8516
v -12.6290 -26.7672 7.3266
v -13.5830 -27.8921 8.1379
v -11.4215 -25.7574 5.5210
v -7.9420 -18.5916 13.6926
v -9.1798 -20.0649 15.4562
v -9.8017 -20.6024 15.7025
v -11.8663 -20.9456 14.0505
v -9.8017 -20.6024 15.7025
v -8.0327 -20.2104 17.4779
v -11.4497 -21.4814 17.5205
v -9.9525 -21.4922 19.8751
v -8.8596 -20.3365 19.7139
v -9.9525 -21.4922 19.8751
v -8.0327 -20.2104 17.4779
v -11.6427 -21.8096 21.9145
v -13.8400 -21.7255 21.0502
v -11.6427 -21.8096 21.9145
v -12.5178 -21.4896 22.8516
v -15.2221 -21.0610 21.8337
v -13.8400 -21.7255 21.0502
v -12.5178 -21.4896 22.8516
v -13.9178 -20.2011 24.1884
v -17.1415 -20.3444 21.6342
v -18.6213 -22.4423 17.0944
v -19.9791 -21.3157 18.3621
v -20.8237 -19.6757 19.5075
v -21.5248 -22.0578 16.4904
v -22.4179 -20.9424 17.1931
v -22.5081 -20.2202 18.2989
v -21.4756 -19.5917 19.6988
v -21.4516 -20.2716 19.9610
v -21.2468 -21.5965 19.4355
v -21.4756 -19.5917 19.6988
v -12.1821 -27.1821 10.9212
v -11.3431 -27.3958 10.4955
v -10.4435 -26.6256 10.3886
v -12.1155 -26.1395 10.6596
v -9.3380 -24.1538 13.2551
v -11.0043 -25.3224 13.7322
v -9.5861 -26.1501 11.8292
v -9.7299 -22.8132 13.9182
v -11.0043 -25.3224 13.7322
v -9.3380 -24.1538 13.2551
v -11.8249 -24.0768 14.4490
v -12.8688 -22.4238 14.3776
v -11.8663 -20.9456 14.0505
v -12.7900 -21.4928 14.6274
v -12.7900 -21.4928 14.6274
v -14.6494 -22.0761 15.4221
v -11.5764 -21.7949 20.0352
v -12.6931 -21.8139 21.0679
v -18.6213 -22.4423 17.0944
v -16.4362 -22.5862 16.7424
v -19.9738 -23.0845 15.1129
v -21.0542 -22.7529 15.6484
v -19.9738 -23.0845 15.1129
v -21.6097 -23.6753 16.4751
v -21.0542 -22.7529 15.6484
v -21.5248 -22.0578 16.4904
v -22.4179 -20.9424 17.1931
v -22.3638 -22.2437 17.8833
v -22.9551 -21.2899 17.9234
v -22.5081 -20.2202 18.2989
v -22.9551 -21.2899 17.9234
v -22.4179 -20.9424 17.1931
v -21.0543 -24.1232 19.7107
v -20.4452 -26.3864 19.6558
v -21.1082 -22.5365 19.8223
v -20.9048 -29.1718 17.9659
v -21.4720 -28.4981 18.4206
v -21.7137 -29.1226 18.0876
v -20.2892 -29.7205 18.1750
v -13.3585 -24.8162 12.4392
v -14.6204 -25.4384 10.5410
v -11.0043 -25.3224 13.7322
v -11.8249 -24.0768 14.4490
v -14.1187 -23.3288 12.6589
v -12.8688 -22.4238 14.3776
v -16.0745 -23.0199 10.8557
v -13.7378 -21.8170 14.5548
v -13.7378 -21.8170 14.5548
v -13.7378 -21.8170 14.5548
v -16.6176 -22.3980 11.5454
v -17.6499 -23.0835 13.2689
v -18.7666 -23.2738 13.9698
v -20.3663 -23.5711 14.9730
v -18.7666 -23.2738 13.9698
v -19.9738 -23.0845 15.1129
v -21.0542 -22.7529 15.6484
v -20.3663 -23.5711 14.9730
v -19.9738 -23.0845 15.1129
v -20.3663 -23.5711 14.9730
v -21.6100 -24.7031 16.7231
v -21.5796 -24.0112 17.3318
v -21.6100 -24.7031 16.7231
v -21.6097 -23.6753 16.4751
v -22.3638 -22.2437 17.8833
v -20.2406 -27.9968 16.8358
v -19.1963 -28.1080 17.2816
v -20.1016 -27.8518 18.7022
v -21.4720 -28.4981 18.4206
v -15.6651 -27.3828 12.0839
v -15.7500 -28.8290 12.4003
v -14.7479 -28.4928 11.4781
v -13.7397 -27.4701 9.5750
v -15.1457 -25.6690 10.4838
v -13.5584 -26.5734 9.1617
v -15.2903 -24.9588 10.7187
v -15.1457 -25.6690 10.4838
v -16.9921 -23.0519 11.2395
v -15.1457 -25.6690 10.4838
v -16.0745 -23.0199 10.8557
v -16.6176 -22.3980 11.5454
v -16.6176 -22.3980 11.5454
v -17.6499 -23.0835 13.2689
v -16.9921 -23.0519 11.2395
v -16.6176 -22.3980 11.5454
v -18.5012 -23.7860 13.0581
v -20.5120 -27.0292 15.9649
v -18.5012 -23.7860 13.0581
v -20.6385 -25.9724 15.9100
v -21.3867 -25.1104 17.1381
v -20.6385 -25.9724 15.9100
v -20.5240 -26.6322 16.6286
v -19.1963 -28.1080 17.2816
v -19.3352 -28.3101 16.6728
v -19.2379 -25.9476 18.1123
v -19.1960 -27.4228 18.2357
v -18.3635 -28.8942 17.1871
v -19.3352 -28.3101 16.6728
v -19.1963 -28.1080 17.2816
v -18.3394 -29.4027 17.4079
v -18.3635 -28.8942 17.1871
v -19.1963 -28.1080 17.2816
v -19.4622 -29.3660 17.2521
v -20.2406 -27.9968 16.8358
v -16.7336 -27.5053 12.8402
v -16.6132 -29.0203 13.6964
v -16.1599 -26.6359 12.6908
v -16.4494 -25.3298 11.5714
v -16.9921 -23.0519 11.2395
v -17.5903 -25.7538 12.7281
v -18.5012 -23.7860 13.0581
v -17.5061 -26.9913 12.9347
v -20.5120 -27.0292 15.9649
v -19.0092 -27.7811 14.8224
v -19.5646 -28.0184 15.4837
v -19.5646 -28.0184 15.4837
v -20.5120 -27.0292 15.9649
v -20.5240 -26.6322 16.6286
v -20.5120 -27.0292 15.9649
v -17.9349 -28.3424 14.9086
v -2.5227 -22.3584 8.0833
v -2.8968 -21.8132 7.8613
v -2.4261 -22.2228 8.1943
v -3.0962 -22.7709 8.9932
v -3.5548 -22.2444 9.3652
v -2.5467 -21.6785 8.1943
v -2.8968 -21.8132 7.8613
v -3.3551 -19.9734 8.4139
v -3.0110 -20.0114 8.1110
v -2.8968 -21.8132 7.8613
v -3.4216 -20.1594 7.7225
v -3.1015 -19.7459 8.0833
v -3.5121 -19.8940 7.6948
v -3.1256 -19.6371 8.0833
v -3.5482 -19.7307 7.6948
v -3.3909 -18.4397 8.0833
v -3.8135 -18.5334 7.6948
v -4.0059 -15.6640 8.0833
v -4.4224 -15.6421 7.7225
v -3.8609 -15.1751 8.3053
v -4.0059 -15.6640 8.0833
v -4.4224 -15.6421 7.7225
v -4.2532 -14.9766 8.0000
v -3.8126 -15.1073 8.3608
v -4.0479 -14.7598 8.2220
v 1.5306 -13.0670 13.4390
v 1.1740 -14.4593 12.8563
v 0.9387 -14.1117 12.7175
v 1.2047 -12.7396 13.2170
v 1.6273 -12.6459 13.6055
v 1.5549 -12.6620 13.6882
v 1.2047 -12.7396 13.2170
v 1.1262 -12.7570 13.3687
v 1.1203 -12.7583 14.5573
v 0.6615 -12.8599 14.2101
v 0.1123 -12.9816 16.3918
v -0.3526 -13.0846 16.1137
v -1.1372 -13.2584 18.7507
v -1.6020 -13.3614 18.4726
v -2.3806 -13.5339 21.0404
v -1.1372 -13.2584 18.7507
v -1.6020 -13.3614 18.4726
v -2.8092 -13.6289 20.7210
v -3.3524 -13.7492 22.8336
v -3.8172 -13.8522 22.5555
v -3.6662 -13.8188 23.8137
v -4.1733 -13.9311 23.6461
v -3.7145 -13.8295 23.9932
v -4.0601 -18.4167 20.5610
v -4.2946 -15.7280 23.3402
v -3.8292 -13.8549 24.1863
v -4.1733 -13.9311 23.6461
v -4.3363 -13.9672 24.0186
v -4.3664 -13.9739 24.7372
v -4.3664 -13.9739 24.7372
v -4.3363 -13.9672 24.0186
v -4.6816 -18.0976 21.7201
v -5.6463 -14.2575 23.3367
v -4.6816 -18.0976 21.7201
v -4.3664 -13.9739 24.7372
v -4.3363 -13.9672 24.0186
v -5.3626 -14.1946 23.0751
v -5.8878 -14.3110 23.1147
v -5.5679 -14.2401 22.8118
v -7.1617 -14.5932 22.0183
v -6.9021 -14.5357 21.6599
v -7.2764 -14.6186 21.8382
v -7.3368 -14.6320 21.4096
v -9.0813 -15.0185 23.8357
v -8.4112 -14.8701 23.6308
v -9.0330 -15.0078 23.2831
v -10.5605 -16.1456 24.0371
v -10.6327 -15.3623 24.0513
v -9.0330 -15.0078 23.2831
v -10.8501 -15.4104 23.5529
v -14.1038 -16.1313 24.9648
v -14.3212 -16.1795 24.4664
v -15.4681 -16.4336 25.2777
v -15.5285 -16.4470 24.8491
v -15.6673 -16.4777 25.3185
v -15.6191 -16.8667 25.3598
v -16.4703 -16.6556 24.4311
v -15.6191 -16.8667 25.3598
v -15.6673 -16.4777 25.3185
v -15.5285 -16.4470 24.8491
v -16.1503 -16.5848 24.1282
v -18.0641 -17.0088 22.8912
v -17.7804 -16.9459 22.6297
v -19.1448 -17.2482 21.8232
v -18.8550 -17.1840 21.4925
v -21.0646 -17.6736 20.2822
v -20.8352 -17.6227 19.8960
v -21.4570 -17.7605 19.9214
v -21.5778 -17.7873 19.4373
v -8.3073 -27.1229 2.0893
v -8.2953 -27.1773 2.0893
v -8.7179 -27.2710 1.7008
v -9.5809 -27.0054 3.0110
v -8.7236 -26.2445 1.8951
v -8.7179 -27.2710 1.7008
v -9.1342 -26.3926 1.5066
v -9.0614 -25.0061 1.8396
v -9.4719 -25.1542 1.4511
v -9.2422 -24.1897 1.8396
v -9.6708 -24.1134 1.4788
v -8.3304 -23.3025 2.8108
v -8.9221 -23.4907 2.2558
v -9.1876 -23.1499 2.0893
v -8.4450 -22.9282 2.7831
v -6.3924 -22.7590 4.6146
v -6.4889 -22.3236 4.6146
v -5.2635 -22.5659 5.6413
v -5.3177 -22.1783 5.6691
v -3.8689 -22.4282 6.8900
v -3.9352 -21.9861 6.9178
v -2.5227 -22.3584 8.0833
v -2.8968 -21.8132 7.8613
v -3.0962 -22.7709 8.9932
v -6.9660 -23.3428 5.9389
v -7.0686 -24.1649 8.3013
v -5.3240 -24.7490 11.9555
v -5.3240 -24.7490 11.9555
v -6.8813 -24.9228 13.6914
v -6.6939 -23.7393 12.8913
v -7.4901 -21.5176 13.2220
v -6.0223 -17.1956 10.6458
v -6.0223 -17.1956 10.6458
v -4.7121 -15.7634 9.6840
v 0.1055 -15.3241 14.2893
v -1.5238 -14.3718 18.5688
v -1.5238 -14.3718 18.5688
v -3.6128 -16.4334 20.9649
v -4.2837 -19.4940 20.0066
v -4.5011 -19.7134 20.6691
v -5.9499 -19.8061 19.5308
v -4.5011 -19.7134 20.6691
v -5.7803 -17.9985 20.7766
v -7.4403 -17.6240 19.6932
v -8.3026 -15.0173 23.5482
v -10.4585 -18.2927 23.2619
v -14.8108 -18.8002 24.9465
v -16.5066 -16.9492 24.4169
v -14.8108 -18.8002 24.9465
v -18.9036 -18.2796 21.6850
v -21.1193 -18.8276 19.9356
v -10.8844 -25.6384 4.2238
v -9.1153 -23.6477 2.5038
v -10.3408 -24.7757 4.4198
v -11.4215 -25.7574 5.5210
v -9.0730 -25.0658 8.4596
v -9.1575 -26.0552 11.0292
v -7.0506 -26.2164 14.1874
v -7.0506 -26.2164 14.1874
v -8.1606 -23.7217 14.6692
v -8.9385 -20.3540 14.6414
v -7.1511 -17.3315 12.0930
v -6.0403 -16.9712 11.0468
v -6.0403 -16.9712 11.0468
v -1.7903 -17.0573 16.7692
v -3.5954 -18.5421 19.1528
v -1.7903 -17.0573 16.7692
v -7.8273 -19.4797 18.3222
v -8.0327 -20.2104 17.4779
v -13.9178 -20.2011 24.1884
v -12.5178 -21.4896 22.8516
v -17.1415 -20.3444 21.6342
v -13.9178 -20.2011 24.1884
v -20.8237 -19.6757 19.5075
v -21.4756 -19.5917 19.6988
v -20.8237 -19.6757 19.5075
v -21.1193 -18.8276 19.9356
v -12.6290 -26.7672 7.3266
v -10.4435 -26.6256 10.3886
v -9.5861 -26.1501 11.8292
v -7.9380 -26.0704 13.4381
v -8.1606 -23.7217 14.6692
v -7.9380 -26.0704 13.4381
v -7.0506 -26.2164 14.1874
v -9.3380 -24.1538 13.2551
v -9.7299 -22.8132 13.9182
v -9.8017 -20.6024 15.7025
v -9.8017 -20.6024 15.7025
v -9.1798 -20.0649 15.4562
v -7.9420 -18.5916 13.6926
v -22.9551 -21.2899 17.9234
v -22.5081 -20.2202 18.2989
v -21.4756 -19.5917 19.6988
v -21.2468 -21.5965 19.4355
v -11.3431 -27.3958 10.4955
v -13.5830 -27.8921 8.1379
v -9.5861 -26.1501 11.8292
v -12.1155 -26.1395 10.6596
v -10.4435 -26.6256 10.3886
v -11.0043 -25.3224 13.7322
v -9.5861 -26.1501 11.8292
v -11.8663 -20.9456 14.0505
v -21.2468 -21.5965 19.4355
v -22.3638 -22.2437 17.8833
v -22.9551 -21.2899 17.9234
v -19.9619 -24.5093 18.4288
v -21.1082 -22.5365 19.8223
v -19.9619 -24.5093 18.4288
v -21.2468 -21.5965 19.4355
v -20.4452 -26.3864 19.6558
v -14.7479 -28.4928 11.4781
v -13.8363 -28.4050 12.5178
v -12.1821 -27.1821 10.9212
v -13.7397 -27.4701 9.5750
v -13.5584 -26.5734 9.1617
v -13.7397 -27.4701 9.5750
v -12.1821 -27.1821 10.9212
v -12.1155 -26.1395 10.6596
v -14.6204 -25.4384 10.5410
v -13.5584 -26.5734 9.1617
v -21.5796 -24.0112 17.3318
v -21.3867 -25.1104 17.1381
v -19.2379 -25.9476 18.1123
v -19.2379 -25.9476 18.1123
v -19.1960 -27.4228 18.2357
v -20.1016 -27.8518 18.7022
v -19.1960 -27.4228 18.2357
v -20.4452 -26.3864 19.6558
v -19.1963 -28.1080 17.2816
v -20.9048 -29.1718 17.9659
v -20.2406 -27.9968 16.8358
v -21.4720 -28.4981 18.4206
v -19.4622 -29.3660 17.2521
v -20.2892 -29.7205 18.1750
v -14.6204 -25.4384 10.5410
v -15.1457 -25.6690 10.4838
v -13.5584 -26.5734 9.1617
v -20.5240 -26.6322 16.6286
v -19.3352 -28.3101 16.6728
v 8.1862 -18.9564 -20.0064
v 8.3321 -19.4972 -19.9836
v 7.9569 -19.6845 -20.3487
v 7.7986 -19.1465 -20.3829
v 8.1504 -18.9122 -20.0292
v 7.7518 -19.0526 -20.4057
v 7.6676 -16.6744 -20.0178
v 7.2580 -16.7652 -20.3943
v 7.4805 -15.8301 -20.0178
v 7.0710 -15.9209 -20.3943
v 7.4695 -15.7804 -20.0178
v 7.0490 -15.8215 -20.3943
v 7.5538 -15.3970 -19.8695
v 7.1513 -15.2257 -20.1890
v 7.8533 -14.8096 -19.4930
v 7.3557 -14.5030 -19.8695
v 7.7227 -14.1612 -19.4816
v 7.8533 -14.8096 -19.4930
v 7.3557 -14.5030 -19.8695
v 6.8233 -14.2563 -19.0941
v 7.5808 -13.9321 -19.5615
v 7.3557 -14.5030 -19.8695
v 7.1605 -13.5042 -19.8467
v 7.3557 -14.5030 -19.8695
v 6.8322 -13.7853 -20.1890
v 7.0048 -13.3303 -19.9494
v 6.6062 -13.4707 -20.3259
v 6.6913 -11.6803 -19.9037
v 6.2693 -11.7738 -20.2916
v 6.6803 -11.6306 -19.9037
v 6.2487 -11.6220 -20.2802
v 6.6583 -11.5313 -19.9037
v 6.5982 -11.5446 -19.8097
v 6.2487 -11.6220 -20.2802
v 6.1162 -11.6513 -20.1035
v 6.4896 -11.5686 -19.6857
v 6.7586 -13.6453 -19.5546
v 6.4534 -11.5767 -19.6443
v 6.1162 -11.6513 -20.1035
v 6.0438 -11.6674 -20.0208
v 6.4171 -11.5847 -19.6030
v 5.9714 -11.6834 -19.9382
v 5.9514 -11.6879 -18.6879
v 5.3504 -11.8210 -18.7180
v 5.7009 -11.7434 -18.1719
v 5.6032 -11.8171 -18.0479
v 5.6285 -11.7594 -18.0892
v 5.3504 -11.8210 -18.7180
v 5.1827 -11.8582 -18.4244
v 5.5922 -11.7674 -18.0479
v 5.1103 -11.8742 -18.3417
v 5.4598 -11.7968 -17.8712
v 4.0245 -12.1148 -16.1309
v 5.1103 -11.8742 -18.3417
v 3.6149 -12.2055 -16.5074
v 3.8310 -12.1577 -15.9357
v 3.3376 -12.2670 -16.1653
v 4.0273 -12.1142 -15.0090
v 3.8310 -12.1577 -15.9357
v 3.3376 -12.2670 -16.1653
v 3.5235 -12.2258 -15.0989
v 3.9911 -12.1222 -14.9676
v 3.1858 -13.0822 -15.1133
v 2.2955 -13.3316 -13.7778
v 4.0035 -12.1195 -14.9562
v 3.5235 -12.2258 -15.0989
v 3.5380 -12.2226 -14.9364
v 4.5227 -14.6618 -5.2933
v 5.2599 -13.8732 -6.2853
v 5.0742 -13.5496 -6.1613
v 4.3261 -14.2885 -5.1694
v 3.8030 -15.1860 -4.3840
v 3.6425 -14.8047 -4.3014
v 2.8595 -16.0724 -3.1441
v 2.6628 -15.6991 -3.0201
v 2.0279 -16.7777 -2.0695
v 1.8422 -16.4541 -1.9455
v -1.6168 -19.8778 2.6424
v -0.5032 -18.9016 1.1958
v -0.6637 -18.5203 1.2784
v -1.9001 -19.6279 2.8904
v -1.8263 -20.1326 2.9317
v -3.8108 -20.4160 0.9138
v -2.2893 -20.4437 3.5104
v -1.9001 -19.6279 2.8904
v -2.4498 -20.0624 3.5930
v -2.9146 -21.0511 4.3370
v -3.1113 -20.6779 4.4610
v -3.8219 -21.9295 5.5356
v -4.1052 -21.6797 5.7836
v -4.0314 -22.1844 5.8249
v -4.3537 -22.2037 5.4642
v -4.2015 -22.2741 6.0316
v -4.1052 -21.6797 5.7836
v -4.5462 -22.0900 6.3623
v -4.4582 -22.4873 6.3623
v -5.2745 -22.5640 5.6321
v -4.5462 -22.0900 6.3623
v -5.3253 -22.1584 5.6663
v -6.4024 -22.7618 4.6053
v -6.4905 -22.3645 4.6053
v -8.3179 -23.3425 2.8141
v -8.4418 -22.9010 2.7913
v -8.9274 -23.5297 2.2437
v -9.1892 -23.1708 2.0840
v -9.0171 -23.6537 2.1410
v -8.9274 -23.5297 2.2437
v -9.1892 -23.1708 2.0840
v -9.3948 -23.4769 1.8444
v -9.2531 -24.1750 1.8330
v -9.6833 -24.1140 1.4679
v -8.3089 -27.1442 2.0840
v -8.7413 -26.2500 1.8786
v -9.1399 -26.3904 1.5021
v -8.7074 -27.2846 1.7075
v 8.0089 -20.0378 -19.4762
v 8.4146 -20.9900 -17.5145
v 8.4063 -20.7834 -19.4220
v 7.0882 -19.7728 -18.5897
v 7.0882 -19.7728 -18.5897
v 8.0089 -20.0378 -19.4762
v 5.4887 -17.5219 -17.3155
v 6.6755 -16.4253 -18.9731
v 7.2113 -15.3166 -19.1839
v 7.2113 -15.3166 -19.1839
v 7.0728 -15.7120 -17.8895
v 6.5226 -15.2087 -17.0799
v 5.4960 -14.2377 -18.0894
v 4.9176 -13.2196 -17.5777
v 3.4872 -13.6928 -15.1917
v 3.1858 -13.0822 -15.1133
v 2.2955 -13.3316 -13.7778
v 0.8873 -15.8841 -11.4774
v 0.4752 -14.8812 -11.2708
v 4.5374 -13.7206 -7.7097
v 1.2921 -15.3254 -7.7307
v 1.9778 -15.7988 -4.8337
v -0.2974 -17.1887 -3.8137
v -2.7141 -19.5999 0.3169
v -5.1703 -20.3004 -2.4938
v -7.6448 -22.4639 0.5148
v -4.8426 -21.4783 3.1617
v -6.0517 -22.4236 3.7843
v -7.6448 -22.4639 0.5148
v -8.7155 -23.6911 1.0548
v -8.6437 -26.1762 1.7546
v -8.3089 -27.1442 2.0840
v -6.8432 -26.5589 2.1386
v 7.6238 -22.6241 -16.2859
v 8.9673 -22.7433 -14.9825
v 9.4578 -22.2178 -15.7194
v 8.1365 -22.3021 -16.8190
v 7.6154 -21.2191 -16.6922
v 7.6238 -22.6241 -16.2859
v 8.1365 -22.3021 -16.8190
v 7.9954 -21.9686 -17.0271
v 8.4146 -20.9900 -17.5145
v 4.7374 -17.2716 -16.5074
v 5.9135 -21.4920 -16.7440
v 6.3117 -16.6622 -16.5768
v 4.7374 -17.2716 -16.5074
v 5.4887 -17.5219 -17.3155
v 6.6755 -16.4253 -18.9731
v 6.3117 -16.6622 -16.5768
v 5.4887 -17.5219 -17.3155
v 7.0728 -15.7120 -17.8895
v 7.2113 -15.3166 -19.1839
v 6.3117 -16.6622 -16.5768
v 5.8505 -16.2955 -16.1634
v 4.4119 -15.5721 -16.5373
v 3.4777 -15.1538 -15.1105
v 2.5315 -15.8324 -13.5341
v 1.5272 -16.8365 -12.0718
v 0.2420 -15.0892 -10.0976
v -0.5951 -15.8478 -9.3366
v 0.4752 -14.8812 -11.2708
v -1.7754 -16.8909 -7.2898
v -4.9859 -20.2595 -3.3691
v -4.1683 -19.1926 -4.3111
v -5.1703 -20.3004 -2.4938
v -5.2872 -20.9516 -3.6928
v 6.6317 -23.1566 -16.5871
v 7.1308 -23.7233 -17.4537
v 7.6238 -22.6241 -16.2859
v 6.6021 -22.7463 -14.9661
v 6.9981 -22.1375 -15.6203
v 6.6021 -22.7463 -14.9661
v 5.4082 -23.1150 -13.3228
v 5.3925 -22.4411 -13.8773
v 3.3683 -19.1380 -14.3381
v 5.0413 -21.9458 -15.5068
v 4.2049 -18.7443 -15.3943
v 3.5588 -17.3764 -15.0978
v 2.9403 -16.4713 -14.6432
v 3.5588 -17.3764 -15.0978
v 4.7374 -17.2716 -16.5074
v 4.3002 -16.4305 -16.0556
v 5.8505 -16.2955 -16.1634
v 4.3002 -16.4305 -16.0556
v 3.1350 -17.2097 -13.3473
v -2.1045 -17.2764 -7.5038
v -4.2234 -19.8301 -4.5578
v 5.4722 -23.7782 -15.5596
v 5.0384 -24.1348 -13.6209
v 5.4082 -23.1150 -13.3228
v 4.4430 -23.3289 -13.0907
v 4.1305 -17.9792 -14.1169
v 2.6848 -19.1853 -12.4836
v 4.1305 -17.9792 -14.1169
v 2.6848 -19.1853 -12.4836
v 0.7889 -20.5953 -9.4933
v 0.1114 -21.1102 -8.1720
v -0.6871 -22.5897 -8.7112
v 1.0008 -21.0694 -11.0415
v 3.7674 -24.2601 -10.8784
v 4.4745 -24.2077 -11.8903
v 4.4430 -23.3289 -13.0907
v 8.9303 -22.4910 -20.0406
v 8.9303 -22.4910 -20.0406
v 8.5207 -22.5817 -20.4171
v 8.5097 -22.5320 -20.4171
v 8.9317 -22.4386 -20.0292
v 8.2508 -21.8599 -19.0956
v 8.8493 -21.8316 -19.9836
v 8.8368 -21.8343 -19.9950
v 8.5097 -22.5320 -20.4171
v 8.4163 -21.8754 -20.3715
v 8.8258 -21.7846 -19.9950
v 8.4067 -21.7733 -20.3601
v 8.8507 -21.7791 -19.9722
v 8.4219 -21.6657 -20.3259
v 8.8645 -21.7240 -19.9494
v 8.4063 -20.7834 -19.4220
v 8.9893 -20.2895 -19.5615
v 8.4219 -21.6657 -20.3259
v 8.5329 -20.2864 -19.9608
v 8.8751 -19.9501 -19.5957
v 8.9893 -20.2895 -19.5615
v 8.5329 -20.2864 -19.9608
v 8.4063 -20.7834 -19.4220
v 8.0089 -20.0378 -19.4762
v 8.3321 -19.4972 -19.9836
v 8.5329 -20.2864 -19.9608
v 7.9569 -19.6845 -20.3487
v 4.1162 -12.0945 -14.7780
v 4.0035 -12.1195 -14.9562
v 3.5380 -12.2226 -14.9364
v 3.8006 -12.1644 -14.5457
v 8.4888 -11.1257 -10.4598
v 8.2715 -11.1738 -10.2118
v 8.2210 -11.2892 -10.1292
v 5.7371 -12.0480 -11.2591
v 7.6824 -11.7733 -9.4265
v 8.2715 -11.1738 -10.2118
v 7.5219 -11.3920 -9.3439
v 7.1437 -12.2574 -8.7239
v 6.8966 -11.9995 -8.5172
v 6.9956 -12.4465 -8.5172
v 6.3531 -12.4847 -9.0877
v 6.1026 -13.2175 -7.3599
v 6.8966 -11.9995 -8.5172
v 5.9059 -12.8443 -7.2359
v 5.2599 -13.8732 -6.2853
v 5.0742 -13.5496 -6.1613
v 1.3696 -17.2362 -1.2428
v 2.0279 -16.7777 -2.0695
v 1.8422 -16.4541 -1.9455
v 1.2091 -16.8549 -1.1602
v 1.3081 -17.3019 -1.1602
v 1.1114 -16.9286 -1.0362
v 0.2166 -18.3774 0.2865
v 0.0561 -17.9961 0.3691
v -0.5032 -18.9016 1.1958
v -0.6637 -18.5203 1.2784
v -9.0661 -25.0193 1.8330
v -9.2531 -24.1750 1.8330
v -9.6833 -24.1140 1.4679
v -9.4880 -25.1128 1.4451
v -8.7413 -26.2500 1.8786
v -9.1399 -26.3904 1.5021
v -8.2964 -27.1414 2.0954
v -8.3089 -27.1442 2.0840
v -8.7074 -27.2846 1.7075
v -8.3089 -27.1442 2.0840
v 8.4146 -20.9900 -17.5145
v 7.5480 -22.7451 -18.0922
v 8.2508 -21.8599 -19.0956
v 8.4063 -20.7834 -19.4220
v 5.4960 -14.2377 -18.0894
v 6.5226 -15.2087 -17.0799
v 6.8233 -14.2563 -19.0941
v 2.0606 -13.4878 -12.8199
v 0.4752 -14.8812 -11.2708
v 2.2955 -13.3316 -13.7778
v 3.2001 -13.6522 -10.2862
v 4.5374 -13.7206 -7.7097
v -0.2974 -17.1887 -3.8137
v -1.6308 -18.6825 -1.4662
v -2.7141 -19.5999 0.3169
v -8.7155 -23.6911 1.0548
v -8.6437 -26.1762 1.7546
v 7.9954 -21.9686 -17.0271
v 8.1365 -22.3021 -16.8190
v 7.0882 -19.7728 -18.5897
v 7.6154 -21.2191 -16.6922
v 8.4146 -20.9900 -17.5145
v 6.9981 -22.1375 -15.6203
v 7.6154 -21.2191 -16.6922
v 7.0882 -19.7728 -18.5897
v 5.9135 -21.4920 -16.7440
v 4.4119 -15.5721 -16.5373
v 5.8505 -16.2955 -16.1634
v 0.1685 -17.8670 -10.6267
v 1.5272 -16.8365 -12.0718
v 0.8873 -15.8841 -11.4774
v -0.0476 -16.6123 -10.7963
v -0.2410 -16.6030 -9.7699
v 0.4752 -14.8812 -11.2708
v -0.5951 -15.8478 -9.3366
v 0.2420 -15.0892 -10.0976
v -4.1683 -19.1926 -4.3111
v -1.7754 -16.8909 -7.2898
v -5.1703 -20.3004 -2.4938
v -6.1971 -24.3316 -1.8628
v -5.2872 -20.9516 -3.6928
v -7.3517 -24.5353 -0.3021
v -6.8432 -26.5589 2.1386
v -7.3517 -24.5353 -0.3021
v -8.6437 -26.1762 1.7546
v -6.0789 -26.0248 0.8971
v -3.3368 -24.2189 -4.2598
v -4.4140 -25.7081 -1.9108
v -3.7692 -25.4610 -4.2829
v -2.8390 -24.4212 -5.8778
v 5.0413 -21.9458 -15.5068
v 5.3925 -22.4411 -13.8773
v 4.3002 -16.4305 -16.0556
v 2.0321 -18.2878 -11.8365
v 3.1350 -17.2097 -13.3473
v 0.9746 -18.2616 -11.6386
v -0.1155 -19.2847 -10.1806
v -1.5131 -18.0833 -8.3362
v -1.6503 -17.9052 -7.9741
v -2.1045 -17.2764 -7.5038
v -2.1045 -17.2764 -7.5038
v -3.2474 -19.4575 -6.0929
v -2.1045 -17.2764 -7.5038
v -4.1683 -19.1926 -4.3111
v -4.2234 -19.8301 -4.5578
v -3.3512 -21.6689 -5.3446
v -5.2872 -20.9516 -3.6928
v -4.5985 -23.1437 -3.8881
v -6.1971 -24.3316 -1.8628
v -4.5525 -24.8530 -1.9408
v -4.5985 -23.1437 -3.8881
v -6.1971 -24.3316 -1.8628
v -6.1190 -25.2000 -0.8435
v -5.6071 -26.1287 -1.0230
v -6.1190 -25.2000 -0.8435
v -6.0789 -26.0248 0.8971
v -4.5525 -24.8530 -1.9408
v -6.1190 -25.2000 -0.8435
v -5.6071 -26.1287 -1.0230
v -4.4140 -25.7081 -1.9108
v -3.3368 -24.2189 -4.2598
v -3.6873 -23.8276 -3.8194
v -2.5632 -23.0575 -4.1027
v -3.6873 -23.8276 -3.8194
v -3.3368 -24.2189 -4.2598
v -2.5632 -23.0575 -4.1027
v -1.8801 -22.8019 -6.3650
v -1.5985 -23.0522 -7.6594
v 4.4430 -23.3289 -13.0907
v 5.4082 -23.1150 -13.3228
v 4.4278 -22.7591 -14.3366
v 3.5285 -23.1146 -13.4773
v 2.0637 -20.1045 -12.6093
v 3.5285 -23.1146 -13.4773
v 5.0413 -21.9458 -15.5068
v 3.3683 -19.1380 -14.3381
v 2.6848 -19.1853 -12.4836
v 1.0008 -21.0694 -11.0415
v 0.7889 -20.5953 -9.4933
v 0.1114 -21.1102 -8.1720
v -1.2979 -20.3282 -8.2850
v -1.4721 -21.5652 -8.1554
v -3.2474 -19.4575 -6.0929
v -2.2780 -21.2748 -6.9395
v -2.2780 -21.2748 -6.9395
v -2.5632 -23.0575 -4.1027
v -2.5632 -23.0575 -4.1027
v -3.3512 -21.6689 -5.3446
v -3.6873 -23.8276 -3.8194
v -1.8801 -22.8019 -6.3650
v -1.5985 -23.0522 -7.6594
v -1.5985 -23.0522 -7.6594
v -0.6871 -22.5897 -8.7112
v 0.1114 -21.1102 -8.1720
v -1.4721 -21.5652 -8.1554
v -0.6871 -22.5897 -8.7112
v 2.2309 -24.3921 -11.5788
v 2.2309 -24.3921 -11.5788
v 3.7674 -24.2601 -10.8784
v -1.2979 -20.3282 -8.2850
v 23.1634 -18.5016 -15.0679
v 25.1504 -18.0613 -13.3108
v 24.7657 -17.2655 -17.1089
v 23.1155 -18.6050 -14.9909
v 24.3897 -18.4618 -13.4989
v 22.9761 -18.7750 -14.7984
v 23.4278 -19.6951 -15.0679
v 24.3897 -18.4618 -13.4989
v 22.9761 -18.7750 -14.7984
v 23.5736 -20.0338 -15.1449
v 25.5949 -18.7976 -12.7166
v 27.9746 -16.9719 -11.6675
v 27.6804 -17.5008 -10.6375
v 27.6827 -18.1959 -10.6313
v 27.6804 -17.5008 -10.6375
v 28.0702 -16.3942 -8.2037
v 28.4723 -15.8878 -9.7694
v 27.9746 -16.9719 -11.6675
v 27.6804 -17.5008 -10.6375
v 28.0343 -17.1905 -7.9727
v 27.6827 -18.1959 -10.6313
v 28.4723 -15.8878 -9.7694
v 30.4513 -14.8001 -11.2310
v 30.1523 -14.7736 -12.1832
v 28.0702 -16.3942 -8.2037
v 31.2127 -15.5588 -11.8235
v 30.4513 -14.8001 -11.2310
v 28.0702 -16.3942 -8.2037
v 29.0429 -16.8279 -9.1043
v 28.0343 -17.1905 -7.9727
v 29.1066 -18.1123 -8.8111
v 29.7725 -17.7329 -8.7797
v 31.3729 -16.4044 -10.7349
v 31.3855 -18.2566 -10.2491
v 32.2747 -17.3640 -9.3662
v 32.7151 -17.2664 -10.7691
v 31.3855 -18.2566 -10.2491
v 32.7679 -17.3011 -8.4351
v 11.4035 18.6968 -20.1007
v 10.4617 18.4881 -21.3396
v 10.1059 18.4093 -21.0696
v 10.9550 18.5974 -20.0652
v 11.4344 18.7036 -19.2513
v 11.4035 18.6968 -20.1007
v 10.9550 18.5974 -20.0652
v 10.9593 18.5984 -19.3896
v 11.2417 18.6609 -18.0106
v 10.9178 18.5892 -18.4576
v 8.4581 18.0442 -18.0322
v 8.9949 18.1631 -18.5088
v 8.7073 18.0994 -18.9971
v 7.9467 17.9309 -18.1292
v 9.5809 18.2930 -17.0000
v 8.4581 18.0442 -18.0322
v 7.9467 17.9309 -18.1292
v 9.2124 18.2113 -16.4433
v 9.5777 18.2923 -16.9283
v 9.5625 18.1747 -16.8153
v 9.6768 18.3142 -16.8372
v 9.2124 18.2113 -16.4433
v 6.3028 14.9402 -15.0757
v 6.2908 14.9946 -15.0757
v 5.8583 15.0701 -15.4400
v 5.8735 14.8451 -15.4704
v 6.3149 14.8858 -15.0757
v 6.1110 14.5551 -15.3186
v 6.7112 14.9736 -14.7114
v 6.3149 14.8858 -15.0757
v 6.1110 14.5551 -15.3186
v 6.8077 14.5382 -14.7114
v 7.9211 15.2987 -13.5881
v 8.0176 14.8633 -13.5881
v 9.8728 15.5599 -11.8272
v 9.9572 15.1789 -11.8272
v 11.1367 15.9541 -10.6431
v 11.3201 15.5951 -10.5521
v 12.6763 16.9804 -9.0948
v 12.5568 16.2687 -9.3377
v 13.2792 14.2591 -9.0948
v 13.0558 15.5800 -9.0341
v 12.6595 15.4922 -9.3984
v 12.8499 14.1640 -9.4895
v 13.6080 12.6190 -9.1251
v 13.2027 12.4151 -9.5198
v 13.6200 12.5646 -9.1251
v 13.4282 12.1795 -9.3680
v 16.6017 -1.0491 -9.1555
v 16.7008 -1.0271 -9.0644
v 16.3852 -0.6974 -9.2769
v 16.2442 -0.8428 -9.4287
v 16.6258 -1.1579 -9.1555
v 16.6017 -1.0491 -9.1555
v 16.2442 -0.8428 -9.4287
v 16.2295 -1.2457 -9.5198
v 16.8099 -2.1449 -9.1859
v 16.4135 -2.2327 -9.5502
v 17.1748 -3.9483 -9.2162
v 16.7785 -4.0361 -9.5805
v 17.2319 -4.0498 -9.1859
v 16.8838 -4.3553 -9.5502
v 17.3043 -4.3764 -9.1859
v 17.3196 -3.9162 -9.3816
v 17.9397 -6.4624 -9.0341
v 16.8838 -4.3553 -9.5502
v 17.6126 -6.7061 -9.3680
v 18.0094 -7.2463 -9.1251
v 19.1801 -5.7307 -10.4917
v 18.0094 -7.2463 -9.1251
v 17.6126 -6.7061 -9.3680
v 19.8842 -5.5747 -11.6354
v 5.8534 16.4964 -26.7345
v 6.8849 15.2404 -27.4177
v 7.3754 17.2333 -26.5263
v 11.2417 18.6609 -18.0106
v 11.2050 17.2825 -19.9522
v 11.6505 18.2376 -20.1226
v 11.6505 18.2376 -20.1226
v 8.1182 17.7976 -18.0794
v 8.5872 17.6731 -19.0359
v 8.1182 17.7976 -18.0794
v 8.4757 17.4200 -17.7648
v 9.8818 17.2177 -16.7959
v 6.8340 14.9437 -15.6543
v 7.3624 13.9759 -16.2001
v 6.9271 13.6511 -15.3760
v 6.9271 13.6511 -15.3760
v 10.1084 15.0411 -12.0946
v 13.1474 15.6003 -9.5469
v 14.0371 13.7990 -10.0125
v 13.1855 15.6658 -9.1277
v 14.4919 13.3859 -10.0674
v 14.0371 13.7990 -10.0125
v 13.1855 15.6658 -9.1277
v 14.4919 13.3859 -10.0674
v 13.1855 15.6658 -9.1277
v 13.6200 12.5646 -9.1251
v 17.8358 0.1950 -10.5937
v 18.6318 0.8852 -10.0608
v 17.9828 -0.1150 -9.1818
v 18.2433 -1.9415 -10.7261
v 17.8358 0.1950 -10.5937
v 18.2542 -3.7662 -10.0260
v 20.9825 -3.7327 -13.0020
v 22.4433 -3.1235 -14.7379
v 22.2909 -3.4999 -15.0938
v 10.5600 16.6828 -19.5143
v 9.1843 16.0925 -20.4613
v 11.2050 17.2825 -19.9522
v 8.7318 15.7639 -20.0261
v 8.9991 16.5653 -18.7407
v 8.7293 16.7339 -19.1683
v 8.5872 17.6731 -19.0359
v 8.1182 17.7976 -18.0794
v 8.4757 17.4200 -17.7648
v 9.7676 16.5072 -17.9294
v 8.9991 16.5653 -18.7407
v 8.4757 17.4200 -17.7648
v 9.8818 17.2177 -16.7959
v 6.8290 13.8006 -17.0747
v 8.4234 14.2110 -16.8665
v 7.3624 13.9759 -16.2001
v 5.8512 12.8417 -17.0728
v 6.8290 13.8006 -17.0747
v 7.3624 13.9759 -16.2001
v 6.9557 13.1435 -15.8972
v 6.9557 13.1435 -15.8972
v 7.5748 12.5384 -15.4722
v 6.9557 13.1435 -15.8972
v 10.9707 13.1767 -12.4472
v 11.8073 12.0488 -13.4256
v 13.8194 12.5517 -11.7887
v 13.8194 12.5517 -11.7887
v 15.9140 13.5297 -9.5395
v 15.4496 13.5981 -9.1869
v 15.9140 13.5297 -9.5395
v 14.4919 13.3859 -10.0674
v 17.3429 9.8494 -11.0915
v 17.4459 12.2704 -9.3373
v 20.1113 10.1774 -8.6020
v 19.3186 8.4030 -10.2381
v 17.3429 9.8494 -11.0915
v 20.1113 10.1774 -8.6020
v 21.1223 6.6329 -10.3446
v 21.1618 9.3252 -8.5186
v 21.1223 6.6329 -10.3446
v 21.1618 9.3252 -8.5186
v 21.2327 8.8842 -7.9451
v 19.8435 2.2957 -13.3520
v 20.8859 3.3260 -12.7609
v 20.1684 2.1964 -12.1164
v 19.8249 2.0061 -13.1260
v 21.2792 -1.0975 -14.0960
v 19.8435 2.2957 -13.3520
v 19.8249 2.0061 -13.1260
v 20.3589 0.1260 -13.3217
v 19.3358 -0.2149 -12.1947
v 18.1443 1.4053 -11.3571
v 18.1443 1.4053 -11.3571
v 20.6867 -2.2566 -12.8999
v 20.9154 -0.3788 -14.3498
v 22.3298 -2.8632 -15.0854
v 8.1879 14.6727 -20.1922
v 7.1597 13.9310 -21.6849
v 6.8548 14.4344 -21.4065
v 8.7318 15.7639 -20.0261
v 8.1879 14.6727 -20.1922
v 9.1843 16.0925 -20.4613
v 8.1668 15.0106 -19.0257
v 8.7293 16.7339 -19.1683
v 8.9991 16.5653 -18.7407
v 8.1668 15.0106 -19.0257
v 8.7293 16.7339 -19.1683
v 8.5629 14.4132 -18.4960
v 10.4703 14.9500 -17.0936
v 9.7676 16.5072 -17.9294
v 8.3328 14.0196 -17.8786
v 9.4805 14.2168 -17.1331
v 6.1195 12.3873 -18.3439
v 8.3328 14.0196 -17.8786
v 6.8290 13.8006 -17.0747
v 5.8512 12.8417 -17.0728
v 5.6537 11.2563 -18.4493
v 5.6537 11.2563 -18.4493
v 5.8512 12.8417 -17.0728
v 9.9153 11.8009 -14.9824
v 13.1206 10.2272 -13.5986
v 13.1206 10.2272 -13.5986
v 16.1578 9.1301 -12.4189
v 13.1206 10.2272 -13.5986
v 17.2711 8.1206 -12.1618
v 18.5019 7.0801 -11.9569
v 20.8403 5.0859 -11.6383
v 19.7744 3.1368 -13.5477
v 20.8403 5.0859 -11.6383
v 20.8859 3.3260 -12.7609
v 19.8435 2.2957 -13.3520
v 18.5052 1.3140 -14.7899
v 20.9154 -0.3788 -14.3498
v 15.5291 0.9401 -17.2465
v 16.9628 -4.6233 -19.2345
v 18.2655 -4.6772 -19.0735
v 17.2032 -4.6842 -17.9162
v 13.8558 -5.0833 -24.6583
v 11.1517 -3.8553 -26.6401
v 11.9922 -6.5240 -26.5709
v 13.6645 -5.9251 -25.0639
v 3.7859 8.9012 -22.1104
v 5.5404 8.0338 -23.1294
v 5.4911 8.5938 -23.9593
v 5.6480 7.8863 -21.6458
v 6.7290 8.0116 -20.6743
v 5.6480 7.8863 -21.6458
v 3.7859 8.9012 -22.1104
v 5.2671 9.6861 -21.2570
v 7.7625 8.9258 -20.1135
v 10.0122 14.1062 -20.2708
v 9.2978 13.3199 -22.0942
v 8.8678 13.9098 -18.7744
v 10.0122 14.1062 -20.2708
v 8.1879 14.6727 -20.1922
v 8.5629 14.4132 -18.4960
v 8.1668 15.0106 -19.0257
v 6.1195 12.3873 -18.3439
v 8.4965 12.8568 -18.1848
v 8.3328 14.0196 -17.8786
v 7.6138 10.2632 -18.6409
v 5.6537 11.2563 -18.4493
v 7.1380 10.1007 -18.4924
v 9.9153 11.8009 -14.9824
v 7.1380 10.1007 -18.4924
v 5.6537 11.2563 -18.4493
v 7.5965 9.2316 -18.7817
v 9.5678 9.9539 -16.5410
v 12.0847 8.6273 -15.4886
v 13.1206 10.2272 -13.5986
v 14.0911 8.8435 -13.9124
v 14.0911 8.8435 -13.9124
v 15.0131 6.9922 -14.0609
v 16.3406 6.5441 -14.1041
v 17.3211 5.4481 -13.6816
v 17.9955 3.4278 -14.6769
v 17.3211 5.4481 -13.6816
v 18.5019 7.0801 -11.9569
v 16.8579 2.4335 -15.7175
v 12.8828 1.9525 -19.4434
v 13.5144 0.1511 -19.0158
v 19.1304 -3.7434 -19.6269
v 17.1593 -3.9517 -19.6782
v 18.1615 -3.5013 -18.5633
v 18.3846 -4.0799 -19.8234
v 18.3846 -4.0799 -19.8234
v 19.1304 -3.7434 -19.6269
v 17.1593 -3.9517 -19.6782
v 15.7231 -4.6125 -20.5425
v 17.1593 -3.9517 -19.6782
v 16.9628 -4.6233 -19.2345
v 10.5091 -5.0255 -25.8632
v 10.7192 -5.5499 -25.5570
v 10.3043 -6.0986 -25.6540
v 13.0883 -2.8553 -24.9728
v 10.3624 -2.2602 -26.5742
v 13.3687 -4.4490 -24.9619
v 10.8988 4.0252 -25.4063
v 9.5663 3.3302 -26.7835
v 9.0143 3.7789 -26.3592
v 7.6736 0.9125 -24.2099
v 8.7222 1.6016 -25.9930
v 8.1063 3.4635 -25.4996
v 7.4845 4.3535 -24.9016
v 6.8169 2.5498 -23.6726
v 5.3472 6.2780 -21.4754
v 6.8696 6.6154 -20.1505
v 7.8999 7.1862 -19.4354
v 8.5615 8.9315 -19.4869
v 8.5672 9.0470 -19.3849
v 10.5567 13.4846 -21.2576
v 11.1332 11.7852 -21.6794
v 9.9615 12.2108 -22.5488
v 9.2978 13.3199 -22.0942
v 10.5567 13.4846 -21.2576
v 10.1548 13.4527 -19.4518
v 10.5567 13.4846 -21.2576
v 9.5259 11.6004 -18.0491
v 10.0607 10.2914 -18.6555
v 8.5672 9.0470 -19.3849
v 7.5965 9.2316 -18.7817
v 8.5615 8.9315 -19.4869
v 9.2498 8.3418 -19.0729
v 8.5615 8.9315 -19.4869
v 7.5965 9.2316 -18.7817
v 10.2067 7.6402 -17.6990
v 10.4613 7.6966 -17.2411
v 10.4613 7.6966 -17.2411
v 11.3358 6.1204 -17.6763
v 13.9423 6.4124 -15.4103
v 13.9423 6.4124 -15.4103
v 13.7638 5.7448 -16.1441
v 15.0930 4.8403 -15.6027
v 15.3223 3.0639 -16.7168
v 15.0930 4.8403 -15.6027
v 13.7638 5.7448 -16.1441
v 15.6902 -4.1059 -20.6969
v 9.7225 -2.4591 -25.8303
v 9.8308 -3.9767 -25.5823
v 10.3624 -2.2602 -26.5742
v 10.1003 -1.0621 -26.6459
v 12.4893 -1.3322 -24.0079
v 10.4945 -0.9748 -25.4626
v 10.1003 -1.0621 -26.6459
v 11.3385 0.2399 -26.1291
v 10.9110 -0.8825 -27.0947
v 10.9120 0.0313 -25.2746
v 11.8785 -0.1543 -24.2398
v 10.9120 0.0313 -25.2746
v 14.2305 -1.9170 -24.5361
v 13.8356 -0.8055 -24.4424
v 12.4893 -1.3322 -24.0079
v 9.0072 -1.8182 -25.1386
v 9.5663 3.3302 -26.7835
v 9.5750 2.4186 -26.5051
v 9.7631 2.5174 -27.1419
v 9.4014 2.3801 -25.6945
v 10.4735 2.9032 -24.8774
v 9.5260 3.8352 -25.2282
v 8.8051 3.4471 -25.7114
v 11.0466 2.8589 -25.3540
v 10.4735 2.9032 -24.8774
v 9.4014 2.3801 -25.6945
v 9.5750 2.4186 -26.5051
v 8.7057 -0.9715 -25.0146
v 7.8552 -0.0180 -24.4553
v 4.9453 4.6474 -20.5770
v 4.5509 4.9597 -20.5635
v 6.8696 6.6154 -20.1505
v 7.7104 5.3171 -20.4120
v 9.2498 8.3418 -19.0729
v 11.5026 7.1280 -18.3047
v 13.7638 5.7448 -16.1441
v 11.8216 4.9719 -17.9960
v 8.7057 -0.9715 -25.0146
v 9.0439 -0.6110 -23.1557
v 9.8872 -3.0507 -24.2336
v 9.0072 -1.8182 -25.1386
v 9.7225 -2.4591 -25.8303
v 9.8308 -3.9767 -25.5823
v 7.8552 -0.0180 -24.4553
v 9.0439 -0.6110 -23.1557
v 8.7057 -0.9715 -25.0146
v 8.8258 5.2217 -19.9010
v 9.6262 4.5997 -20.9621
v 8.3146 4.5374 -21.1534
v 7.7104 5.3171 -20.4120
v 4.9453 4.6474 -20.5770
v 6.8544 4.3281 -22.1005
v 5.4288 4.4119 -21.3184
v 10.8991 5.2814 -19.7891
v 10.7501 10.0445 -19.8904
v 10.0607 10.2914 -18.6555
v 8.5672 9.0470 -19.3849
v 11.0963 12.8048 -20.3198
v 11.3539 10.7493 -20.7170
v 11.1332 11.7852 -21.6794
v 10.5567 13.4846 -21.2576
v 11.0963 12.8048 -20.3198
v 10.9222 10.7107 -19.0132
v 11.3539 10.7493 -20.7170
v 10.9222 10.7107 -19.0132
v 20.5053 -0.9835 -12.7371
v 13.5183 18.7657 -20.9207
v 12.6874 18.7529 -20.8304
v 12.7760 17.6877 -19.9894
v 6.7861 17.6737 -26.8080
v 7.4328 17.8170 -26.6613
v 6.8745 17.6933 -27.2491
v 7.3754 17.2333 -26.5263
v 5.8534 16.4964 -26.7345
v 5.9349 17.4851 -26.9934
v 6.8745 17.6933 -27.2491
v 5.7165 17.4368 -27.4927
v 5.0263 17.2838 -25.8884
v 5.9349 17.4851 -26.9934
v 5.7165 17.4368 -27.4927
v 4.5970 17.1887 -26.2831
v 3.7885 17.0096 -24.3397
v 3.3560 16.9137 -24.6627
v 2.9523 16.8243 -23.3174
v 2.4473 16.7124 -23.5577
v 2.9789 16.8302 -23.1437
v 2.5273 16.7301 -23.0365
v 3.0386 16.8434 -22.9396
v 3.1784 16.3034 -23.3697
v 3.0354 16.8427 -22.8679
v 2.5273 16.7301 -23.0365
v 2.6168 16.7500 -22.7303
v 3.1675 16.8720 -22.7464
v 3.0354 16.8427 -22.8679
v 2.6168 16.7500 -22.7303
v 2.9140 16.8158 -22.4571
v 4.4555 17.1574 -21.5624
v 4.4694 17.1604 -21.1019
v 6.8023 17.6773 -22.5393
v 4.4555 17.1574 -21.5624
v 4.4694 17.1604 -21.1019
v 7.0207 17.7257 -22.0401
v 8.7177 18.1017 -23.0920
v 8.8275 18.1260 -22.4687
v 9.0480 18.1749 -22.7884
v 8.7177 18.1017 -23.0920
v 8.8275 18.1260 -22.4687
v 8.7298 18.0473 -23.0920
v 11.6505 18.2376 -20.1226
v 10.4617 18.4881 -21.3396
v 8.8275 18.1260 -22.4687
v 10.1059 18.4093 -21.0696
v 11.2417 18.6609 -18.0106
v 11.2417 18.6609 -18.0106
v 10.9178 18.5892 -18.4576
v 11.2417 18.6609 -18.0106
v 10.1465 18.4183 -18.1218
v 10.9178 18.5892 -18.4576
v 10.1359 18.4159 -18.6540
v 10.0443 18.3956 -18.1412
v 10.7158 17.5738 -19.3541
v 9.9846 18.3824 -18.3453
v 10.1359 18.4159 -18.6540
v 8.9949 18.1631 -18.5088
v 10.1359 18.4159 -18.6540
v 8.7073 18.0994 -18.9971
v 9.6012 18.2975 -16.6829
v 9.5625 18.1747 -16.8153
v 9.6768 18.3142 -16.8372
v 9.2124 18.2113 -16.4433
v 10.0111 17.3605 -15.6100
v 9.5625 18.1747 -16.8153
v 9.6012 18.2975 -16.6829
v 9.7408 18.3284 -15.9575
v 9.2124 18.2113 -16.4433
v 9.2298 18.1581 -15.0204
v 10.0111 17.3605 -15.6100
v 9.7408 18.3284 -15.9575
v 9.2934 18.2293 -15.1748
v 9.2124 18.2113 -16.4433
v 8.8609 18.1334 -15.4978
v 9.2178 18.2125 -15.0204
v 8.7128 18.1006 -15.2607
v 9.2114 18.2111 -14.8770
v 8.7395 18.1065 -15.0870
v 9.0932 18.1849 -14.5380
v 8.8054 17.6073 -14.9023
v 8.0215 17.9475 -14.4037
v 8.7395 18.1065 -15.0870
v 7.7338 17.8837 -14.8920
v 7.4974 17.8313 -14.2139
v 7.1373 17.7515 -14.6195
v 7.3163 17.7912 -14.0072
v 6.8869 17.6961 -14.4019
v 7.2438 17.7752 -13.9246
v 7.1536 17.3555 -13.8613
v 7.0691 17.7364 -13.8613
v 6.8869 17.6961 -14.4019
v 6.6728 17.6486 -14.2256
v 7.1814 16.4481 -14.0131
v 6.6728 17.6486 -14.2256
v 6.7940 16.4764 -14.3471
v 6.8218 15.5690 -14.4989
v 7.1814 16.4481 -14.0131
v 6.7940 16.4764 -14.3471
v 6.4522 15.8297 -14.7721
v 6.3238 15.0019 -15.0453
v 5.9542 15.2626 -15.3186
v 6.2908 14.9946 -15.0757
v 5.8583 15.0701 -15.4400
v 12.9080 16.4037 -9.0037
v 12.6763 16.9804 -9.0948
v 12.5568 16.2687 -9.3377
v 13.1855 15.6658 -9.1277
v 13.0286 15.8594 -9.0037
v 12.5568 16.2687 -9.3377
v 13.0558 15.5800 -9.0341
v 12.5568 16.2687 -9.3377
v 12.6595 15.4922 -9.3984
v 13.6861 12.5792 -9.0644
v 13.6200 12.5646 -9.1251
v 13.4282 12.1795 -9.3680
v 13.7165 12.1292 -9.1251
v 14.4336 12.8020 -8.3662
v 14.3649 12.3300 -8.5180
v 14.5809 12.6062 -8.2751
v 14.4336 12.8020 -8.3662
v 14.3649 12.3300 -8.5180
v 15.4930 12.2373 -8.2937
v 15.1670 11.9938 -7.8804
v 14.3649 12.3300 -8.5180
v 14.8970 11.6485 -8.1840
v 15.3023 11.8525 -7.7893
v 20.1991 8.5410 -7.3503
v 17.5088 9.0868 -6.3928
v 14.8970 11.6485 -8.1840
v 17.1607 8.7813 -6.7571
v 18.9007 7.3397 -5.5123
v 18.5316 6.9725 -5.9070
v 18.9521 6.9514 -5.5427
v 18.9007 7.3397 -5.5123
v 18.5316 6.9725 -5.9070
v 20.1991 8.5410 -7.3503
v 18.9883 6.9595 -5.5840
v 18.9641 6.8970 -5.5427
v 18.9883 6.9595 -5.5840
v 18.9521 6.9514 -5.5427
v 18.5316 6.9725 -5.9070
v 18.5437 6.9181 -5.9070
v 18.9432 6.8353 -5.5730
v 19.5602 4.5739 -8.8295
v 18.2403 3.5963 -6.8178
v 18.5437 6.9181 -5.9070
v 17.8078 3.6717 -7.1821
v 18.0878 2.8773 -7.0910
v 17.6762 3.0145 -7.4250
v 18.0039 2.6303 -7.2125
v 17.5536 2.4735 -7.6375
v 17.9143 2.0966 -7.3946
v 19.1446 1.4557 -10.6200
v 18.3223 1.1022 -9.0959
v 17.4624 0.2265 -8.1536
v 17.5536 2.4735 -7.6375
v 17.0541 0.1931 -8.5179
v 17.3938 -0.2455 -8.3054
v 17.9828 -0.1150 -9.1818
v 16.7008 -1.0271 -9.0644
v 17.9828 -0.1150 -9.1818
v 17.3938 -0.2455 -8.3054
v 17.0541 0.1931 -8.5179
v 16.3852 -0.6974 -9.2769
v 17.9434 -7.2609 -9.1859
v 19.8842 -5.5747 -11.6354
v 18.0094 -7.2463 -9.1251
v 17.6126 -6.7061 -9.3680
v 16.0856 -6.6448 -12.4852
v 16.4960 -7.2961 -10.4610
v 17.6126 -6.7061 -9.3680
v 16.4656 -6.8461 -10.4003
v 15.3909 -7.3126 -11.4325
v 15.3396 -6.9243 -11.4021
v 14.6885 -7.5824 -12.1004
v 14.5590 -7.1543 -12.1308
v 12.6079 -8.0434 -14.0131
v 12.5234 -7.6624 -14.0131
v 11.6831 -8.2483 -14.8632
v 11.5867 -7.8129 -14.8632
v 11.1877 -8.3580 -15.3186
v 11.6831 -8.2483 -14.8632
v 11.5867 -7.8129 -14.8632
v 11.1033 -7.9771 -15.3186
v 6.8493 -9.2622 -19.2957
v 6.7528 -8.8268 -19.2957
v 6.6181 -9.3134 -19.5082
v 6.4016 -8.9617 -19.6297
v 6.5851 -9.3207 -19.5386
v 6.6181 -9.3134 -19.5082
v 6.4016 -8.9617 -19.6297
v 6.2485 -9.0527 -19.7815
v 6.2942 -9.7278 -19.8726
v 5.8737 -9.7067 -20.2369
v 6.5379 -10.3589 -19.7815
v 6.2942 -9.7278 -19.8726
v 5.8737 -9.7067 -20.2369
v 6.1207 -10.5085 -20.1762
v 6.7697 -10.9357 -19.6904
v 6.2863 -11.0999 -20.1458
v 6.6769 -11.2988 -19.8422
v 7.1592 -10.6210 -20.2581
v 8.8604 -10.2441 -22.9480
v 6.6350 -11.4223 -19.9029
v 6.2863 -11.0999 -20.1458
v 6.2145 -11.4013 -20.2672
v 6.6591 -11.5311 -19.9029
v 6.2628 -11.6190 -20.2672
v 8.3379 -11.1592 -22.0910
v 7.8723 -11.2623 -22.4443
v 9.5064 -10.9003 -23.6287
v 9.0739 -10.9961 -23.9517
v 10.1647 -10.7544 -24.5160
v 9.7716 -10.8415 -24.9521
v 10.9881 -10.5720 -25.2516
v 10.5556 -10.6678 -25.5746
v 11.3269 -10.4969 -25.9104
v 10.9881 -10.5720 -25.2516
v 10.5556 -10.6678 -25.5746
v 10.8613 -10.6001 -26.2637
v 11.7253 -10.4086 -26.3650
v 11.2959 -10.5038 -26.7597
v 12.4166 -10.2555 -27.2220
v 12.0235 -10.3426 -27.6580
v 6.6494 13.5895 -26.8998
v 5.8534 16.4964 -26.7345
v 4.3299 12.2763 -23.5157
v 3.1597 15.3286 -22.9783
v 3.1597 15.3286 -22.9783
v 4.5621 15.9248 -21.8576
v 4.5621 15.9248 -21.8576
v 8.7298 18.0473 -23.0920
v 7.3639 15.4608 -21.7313
v 8.6628 17.2902 -22.7006
v 11.2050 17.2825 -19.9522
v 8.6628 17.2902 -22.7006
v 11.2050 17.2825 -19.9522
v 10.5600 16.6828 -19.5143
v 8.5872 17.6731 -19.0359
v 9.8818 17.2177 -16.7959
v 9.7821 15.8824 -15.2768
v 9.7821 15.8824 -15.2768
v 8.4704 15.6488 -15.4268
v 7.9718 16.6232 -14.7790
v 7.9718 16.6232 -14.7790
v 6.8340 14.9437 -15.6543
v 13.1474 15.6003 -9.5469
v 13.6200 12.5646 -9.1251
v 15.4496 13.5981 -9.1869
v 15.4496 13.5981 -9.1869
v 20.1113 10.1774 -8.6020
v 21.2327 8.8842 -7.9451
v 20.4855 8.0905 -7.4853
v 21.2327 8.8842 -7.9451
v 20.4855 8.0905 -7.4853
v 20.1684 2.1964 -12.1164
v 19.8249 2.0061 -13.1260
v 20.1684 2.1964 -12.1164
v 19.1446 1.4557 -10.6200
v 18.1443 1.4053 -11.3571
v 18.6318 0.8852 -10.0608
v 18.6318 0.8852 -10.0608
v 19.1102 -4.4330 -15.1517
v 22.2909 -3.4999 -15.0938
v 19.2468 -5.3163 -13.1139
v 16.5189 -5.8065 -14.9278
v 14.8291 -7.2086 -13.0240
v 12.8160 -7.3692 -15.4908
v 10.9843 -7.8892 -17.0476
v 12.8160 -7.3692 -15.4908
v 7.7531 -8.2626 -20.9962
v 7.7531 -8.2626 -20.9962
v 7.6859 -8.6201 -21.7215
v 7.6859 -8.6201 -21.7215
v 9.3639 -8.6480 -23.5402
v 10.8231 -10.2660 -25.4861
v 10.8231 -10.2660 -25.4861
v 12.0788 -9.4168 -27.0567
v 6.8868 10.1021 -26.2494
v 6.4329 9.3164 -25.1580
v 4.2330 10.9986 -23.1023
v 4.4074 12.3505 -23.2095
v 4.2330 10.9986 -23.1023
v 4.3299 12.2763 -23.5157
v 4.4074 12.3505 -23.2095
v 4.3299 12.2763 -23.5157
v 5.3596 14.5599 -21.6476
v 6.8548 14.4344 -21.4065
v 5.3596 14.5599 -21.6476
v 9.1843 16.0925 -20.4613
v 6.8548 14.4344 -21.4065
v 7.3639 15.4608 -21.7313
v 8.7293 16.7339 -19.1683
v 8.7318 15.7639 -20.0261
v 9.8854 16.0765 -16.8650
v 9.7676 16.5072 -17.9294
v 11.0291 14.6170 -16.6686
v 10.5710 14.5155 -16.4180
v 11.0291 14.6170 -16.6686
v 9.7821 15.8824 -15.2768
v 8.4704 15.6488 -15.4268
v 9.4805 14.2168 -17.1331
v 8.4234 14.2110 -16.8665
v 7.9718 16.6232 -14.7790
v 6.8340 14.9437 -15.6543
v 7.3624 13.9759 -16.2001
v 14.4919 13.3859 -10.0674
v 17.4459 12.2704 -9.3373
v 15.9140 13.5297 -9.5395
v 21.1618 9.3252 -8.5186
v 20.8388 4.6288 -10.9821
v 21.1223 6.6329 -10.3446
v 21.2327 8.8842 -7.9451
v 20.8934 3.3277 -12.1570
v 20.8859 3.3260 -12.7609
v 19.5605 -3.5909 -17.2055
v 22.3298 -2.8632 -15.0854
v 22.2909 -3.4999 -15.0938
v 20.2114 -3.7893 -16.3006
v 19.5605 -3.5909 -17.2055
v 18.0260 -4.2164 -18.4477
v 17.2032 -4.6842 -17.9162
v 15.2270 -5.2934 -18.2736
v 13.8278 -6.5741 -16.9872
v 13.8278 -6.5741 -16.9872
v 11.5671 -6.7324 -20.3421
v 8.9790 -7.4200 -22.6689
v 8.9790 -7.4200 -22.6689
v 9.3069 -7.6899 -23.7772
v 9.3069 -7.6899 -23.7772
v 10.9285 -7.3877 -25.9543
v 12.0792 -7.5325 -27.5114
v 10.9285 -7.3877 -25.9543
v 11.9922 -6.5240 -26.5709
v 6.4329 9.3164 -25.1580
v 7.1969 7.4872 -25.8884
v 6.8868 10.1021 -26.2494
v 5.4911 8.5938 -23.9593
v 3.7859 8.9012 -22.1104
v 5.4911 8.5938 -23.9593
v 5.2671 9.6861 -21.2570
v 3.7859 8.9012 -22.1104
v 4.2330 10.9986 -23.1023
v 5.1279 11.1969 -22.3543
v 4.4074 12.3505 -23.2095
v 5.1279 11.1969 -22.3543
v 4.2330 10.9986 -23.1023
v 5.1491 12.1152 -22.5306
v 5.1491 12.1152 -22.5306
v 6.1319 13.1323 -22.1436
v 5.1491 12.1152 -22.5306
v 5.3596 14.5599 -21.6476
v 6.8548 14.4344 -21.4065
v 7.1597 13.9310 -21.6849
v 8.1879 14.6727 -20.1922
v 10.4703 14.9500 -17.0936
v 9.4805 14.2168 -17.1331
v 10.4703 14.9500 -17.0936
v 11.0291 14.6170 -16.6686
v 10.5710 14.5155 -16.4180
v 8.3328 14.0196 -17.8786
v 20.8403 5.0859 -11.6383
v 18.5298 -1.9351 -16.8917
v 15.5291 0.9401 -17.2465
v 20.9154 -0.3788 -14.3498
v 19.2983 -2.9068 -17.1532
v 18.1615 -3.5013 -18.5633
v 18.0260 -4.2164 -18.4477
v 18.1615 -3.5013 -18.5633
v 19.5605 -3.5909 -17.2055
v 19.1304 -3.7434 -19.6269
v 18.1615 -3.5013 -18.5633
v 18.0260 -4.2164 -18.4477
v 18.2655 -4.6772 -19.0735
v 17.2032 -4.6842 -17.9162
v 16.9628 -4.6233 -19.2345
v 14.9163 -5.0767 -20.3695
v 16.9628 -4.6233 -19.2345
v 15.2270 -5.2934 -18.2736
v 13.4468 -5.8591 -19.9434
v 9.8065 -6.4944 -23.9282
v 9.8065 -6.4944 -23.9282
v 10.3043 -6.0986 -25.6540
v 10.3043 -6.0986 -25.6540
v 11.0738 -5.6426 -26.5329
v 10.3043 -6.0986 -25.6540
v 11.1517 -3.8553 -26.6401
v 14.1173 -6.7383 -25.4966
v 13.6645 -5.9251 -25.0639
v 11.9922 -6.5240 -26.5709
v 13.2111 -6.9962 -26.4901
v 9.0143 3.7789 -26.3592
v 8.7262 5.0283 -26.8914
v 8.1063 3.4635 -25.4996
v 7.4845 4.3535 -24.9016
v 6.5230 6.1960 -24.6400
v 5.5404 8.0338 -23.1294
v 6.5230 6.1960 -24.6400
v 5.4911 8.5938 -23.9593
v 7.1070 10.6077 -21.7793
v 7.7625 8.9258 -20.1135
v 5.2671 9.6861 -21.2570
v 5.1279 11.1969 -22.3543
v 6.8133 11.7416 -22.4135
v 5.1491 12.1152 -22.5306
v 6.8133 11.7416 -22.4135
v 9.9615 12.2108 -22.5488
v 9.2978 13.3199 -22.0942
v 8.4965 12.8568 -18.1848
v 8.8678 13.9098 -18.7744
v 8.5629 14.4132 -18.4960
v 8.3328 14.0196 -17.8786
v 8.5629 14.4132 -18.4960
v 14.2886 -0.5338 -19.2166
v 13.5144 0.1511 -19.0158
v 15.6902 -4.1059 -20.6969
v 17.1593 -3.9517 -19.6782
v 14.9163 -5.0767 -20.3695
v 15.7231 -4.6125 -20.5425
v 16.9628 -4.6233 -19.2345
v 13.0697 -4.9149 -23.2994
v 15.7231 -4.6125 -20.5425
v 10.7192 -5.5499 -25.5570
v 10.7192 -5.5499 -25.5570
v 10.5091 -5.0255 -25.8632
v 10.3624 -2.2602 -26.5742
v 9.5663 3.3302 -26.7835
v 9.7631 2.5174 -27.1419
v 9.5260 3.8352 -25.2282
v 10.8988 4.0252 -25.4063
v 9.0143 3.7789 -26.3592
v 8.8051 3.4471 -25.7114
v 8.8051 3.4471 -25.7114
v 9.4014 2.3801 -25.6945
v 8.8051 3.4471 -25.7114
v 8.1063 3.4635 -25.4996
v 8.7222 1.6016 -25.9930
v 7.1720 3.6562 -22.6242
v 6.8169 2.5498 -23.6726
v 7.4845 4.3535 -24.9016
v 7.4016 4.6777 -23.1202
v 7.4016 4.6777 -23.1202
v 7.4845 4.3535 -24.9016
v 6.3504 5.6439 -22.9582
v 5.8888 6.6835 -22.6385
v 5.6480 7.8863 -21.6458
v 5.3472 6.2780 -21.4754
v 10.2956 10.2293 -21.0737
v 8.5672 9.0470 -19.3849
v 7.7625 8.9258 -20.1135
v 10.3792 11.0472 -22.1103
v 10.2956 10.2293 -21.0737
v 9.3928 11.5138 -22.5108
v 9.3928 11.5138 -22.5108
v 10.3792 11.0472 -22.1103
v 9.3928 11.5138 -22.5108
v 9.9615 12.2108 -22.5488
v 11.1332 11.7852 -21.6794
v 10.1548 13.4527 -19.4518
v 10.2345 12.6139 -18.7239
v 9.5259 11.6004 -18.0491
v 11.8216 4.9719 -17.9960
v 13.7638 5.7448 -16.1441
v 12.8828 1.9525 -19.4434
v 11.1738 2.1448 -20.8290
v 11.3018 0.3460 -21.2152
v 13.1061 0.4603 -19.4628
v 13.5144 0.1511 -19.0158
v 14.2886 -0.5338 -19.2166
v 13.1061 0.4603 -19.4628
v 13.5144 0.1511 -19.0158
v 15.6902 -4.1059 -20.6969
v 13.0889 -2.5697 -21.7079
v 13.0697 -4.9149 -23.2994
v 15.7231 -4.6125 -20.5425
v 12.1311 -4.2093 -23.5372
v 10.7192 -5.5499 -25.5570
v 10.5091 -5.0255 -25.8632
v 9.8872 -3.0507 -24.2336
v 9.8308 -3.9767 -25.5823
v 10.3624 -2.2602 -26.5742
v 9.8308 -3.9767 -25.5823
v 10.5091 -5.0255 -25.8632
v 10.4945 -0.9748 -25.4626
v 10.1003 -1.0621 -26.6459
v 10.3624 -2.2602 -26.5742
v 14.2305 -1.9170 -24.5361
v 12.4893 -1.3322 -24.0079
v 13.0883 -2.8553 -24.9728
v 10.9120 0.0313 -25.2746
v 13.8356 -0.8055 -24.4424
v 11.8785 -0.1543 -24.2398
v 12.4893 -1.3322 -24.0079
v 9.5750 2.4186 -26.5051
v 8.7222 1.6016 -25.9930
v 9.7631 2.5174 -27.1419
v 11.0466 2.8589 -25.3540
v 9.5750 2.4186 -26.5051
v 9.5663 3.3302 -26.7835
v 10.8988 4.0252 -25.4063
v 10.4735 2.9032 -24.8774
v 11.0466 2.8589 -25.3540
v 10.8988 4.0252 -25.4063
v 9.5260 3.8352 -25.2282
v 9.4014 2.3801 -25.6945
v 9.0439 -0.6110 -23.1557
v 7.8552 -0.0180 -24.4553
v 7.6736 0.9125 -24.2099
v 9.2194 1.2550 -22.6396
v 6.8169 2.5498 -23.6726
v 9.2194 1.2550 -22.6396
v 7.6736 0.9125 -24.2099
v 8.5514 3.4480 -21.8290
v 7.1720 3.6562 -22.6242
v 8.3146 4.5374 -21.1534
v 6.8544 4.3281 -22.1005
v 6.8544 4.3281 -22.1005
v 7.1720 3.6562 -22.6242
v 5.4288 4.4119 -21.3184
v 4.5509 4.9597 -20.5635
v 6.8696 6.6154 -20.1505
v 4.5509 4.9597 -20.5635
v 5.3472 6.2780 -21.4754
v 8.4059 6.0422 -19.4379
v 7.7104 5.3171 -20.4120
v 6.8696 6.6154 -20.1505
v 7.8999 7.1862 -19.4354
v 9.2498 8.3418 -19.0729
v 10.1682 7.2891 -19.0696
v 11.5026 7.1280 -18.3047
v 11.3358 6.1204 -17.6763
v 11.5026 7.1280 -18.3047
v 10.4613 7.6966 -17.2411
v 11.2145 5.5225 -18.4210
v 11.5026 7.1280 -18.3047
v 11.3358 6.1204 -17.6763
v 11.2145 5.5225 -18.4210
v 11.3358 6.1204 -17.6763
v 10.4314 3.9216 -20.3136
v 11.3018 0.3460 -21.2152
v 9.6262 4.5997 -20.9621
v 4.9453 4.6474 -20.5770
v 8.8258 5.2217 -19.9010
v 10.8991 5.2814 -19.7891
v 10.8991 5.2814 -19.7891
v 10.4314 3.9216 -20.3136
v 10.8991 5.2814 -19.7891
v 10.7501 10.0445 -19.8904
v 11.3539 10.7493 -20.7170
v 10.3792 11.0472 -22.1103
v 11.3539 10.7493 -20.7170
v 10.2956 10.2293 -21.0737
v 11.1332 11.7852 -21.6794
v 11.0963 12.8048 -20.3198
v 10.9222 10.7107 -19.0132
v 10.0607 10.2914 -18.6555
v 12.8689 17.6512 -21.0345
v 12.7760 17.6877 -19.9894
v 12.6874 18.7529 -20.8304
v 12.7760 17.6877 -19.9894
v 12.8689 17.6512 -21.0345
v 13.5183 18.7657 -20.9207
v 17.5005 9.0850 -6.4004
v 18.8784 7.3919 -5.5217
v 18.5139 7.0256 -5.9122
v 17.1473 8.8355 -6.7584
v 15.1960 11.9431 -7.8649
v 14.8307 11.7480 -8.2228
v 15.0890 12.0907 -7.9299
v 13.0614 10.6137 -5.4412
v 12.2987 11.0157 -5.5838
v 14.9941 12.1839 -7.9950
v 14.8307 11.7480 -8.2228
v 14.7358 11.8412 -8.2879
v 14.5670 12.6031 -8.2879
v 14.1550 12.2835 -8.7110
v 14.4125 12.7973 -8.3856
v 14.3159 12.7188 -8.2616
v 6.3112 14.9991 -15.0570
v 6.2758 14.9913 -15.0896
v 5.8622 15.0138 -15.4475
v 5.9556 15.2629 -15.3174
v 6.7698 15.4433 -14.5689
v 6.4143 15.7071 -14.8292
v 6.7811 15.5600 -14.5363
v 6.6258 15.4114 -14.4774
v 6.8656 16.3210 -13.7175
v 7.2254 16.5720 -13.9505
v 6.4143 15.7071 -14.8292
v 6.8119 16.5946 -14.3085
v 6.0032 17.5003 -13.6472
v 6.4313 17.5951 -13.5522
v 6.1860 17.5407 -14.0016
v 5.5052 17.3899 -13.8812
v -1.8482 15.7606 -18.3276
v -1.2052 15.9031 -18.2589
v -1.4498 15.8489 -18.7822
v -2.0935 15.7063 -18.7770
v -8.7100 14.2403 -12.2475
v -8.5651 14.2724 -12.4129
v -8.9537 14.1863 -12.8447
v -9.1710 14.1382 -12.5967
v -8.3911 14.3110 -8.7454
v -9.8384 13.9903 -10.4491
v -10.3027 13.8874 -10.5028
v -8.7154 14.2391 -8.5212
v -7.6493 14.4753 -7.9143
v -7.9744 14.4033 -7.6162
v -6.1657 14.8040 -6.2519
v -6.4184 14.7480 -6.0365
v -5.7063 14.9058 -5.7550
v -7.2782 13.6440 -4.6162
v -8.7413 14.2334 -2.9480
v -8.7059 14.2412 -2.9154
v -8.7059 14.2412 -2.9154
v -8.9866 14.1790 -3.3974
v -9.2015 14.1314 -3.3710
v -9.2072 14.1301 -2.8539
v -10.2815 13.8921 -2.7221
v -9.2015 14.1314 -3.3710
v -10.5268 13.8377 -3.1715
v -10.6758 13.8047 -2.6368
v -11.0644 13.7186 -3.0687
v -10.6766 13.8046 -2.5629
v -10.6758 13.8047 -2.6368
v -11.0644 13.7186 -3.0687
v -11.1401 13.7019 -2.6905
v -10.3332 13.8806 -1.2771
v -10.7637 13.7853 -1.1505
v -3.6070 15.3710 4.9062
v -6.1608 14.8051 3.0063
v -6.4143 14.7489 3.2956
v -4.0392 15.2752 5.1806
v -3.6103 15.3702 5.2017
v -3.2998 14.8109 5.2905
v -3.5411 15.3856 5.4145
v -4.0392 15.2752 5.1806
v -3.9362 15.2980 5.5737
v -3.0101 15.5032 5.9027
v -3.2636 15.4470 6.1920
v -2.3029 15.6599 6.6274
v -2.5210 15.6116 6.9493
v 0.1455 16.2024 8.3558
v -0.0734 16.1539 8.7516
v 0.1809 16.2102 8.3884
v 0.1044 16.1933 8.8404
v 2.7288 14.3196 9.2091
v 3.5417 14.4426 7.9304
v 2.3600 16.6930 8.6005
v 2.2514 16.6690 8.7245
v 1.6768 16.5417 8.9426
v 2.0686 16.6285 9.0789
v 1.6768 16.5417 8.9426
v 2.0074 16.3865 9.2768
v 1.9592 16.6042 9.2768
v 1.6768 16.5417 8.9426
v 1.8867 16.5882 9.3595
v 1.6768 16.5417 8.9426
v 1.4611 16.4939 9.0428
v 1.8859 16.5880 9.4333
v 1.3887 16.4778 9.1255
v 1.6662 16.5393 9.9030
v 1.2010 16.4363 9.9232
v -2.0944 10.3960 14.8179
v 0.6169 11.9103 14.1295
v -0.8313 10.5617 15.9569
v -1.1868 10.8255 15.6966
v -2.1435 10.7849 14.8505
v -3.6996 10.0975 13.3534
v -3.9610 10.4393 13.1907
v -2.6181 6.0548 13.5162
v -3.0219 6.5363 13.2558
v -3.3872 6.3412 12.8978
v -2.8885 5.7665 13.2233
v -2.4050 5.9308 13.6789
v -2.6512 5.5336 13.3860
v -1.9440 5.8616 14.0694
v -2.4050 5.9308 13.6789
v -2.6512 5.5336 13.3860
v -2.1194 5.4802 13.8416
v -1.5184 5.7846 14.4274
v -1.3010 6.0041 14.1381
v -1.9175 5.2394 13.9718
v -1.3010 6.0041 14.1381
v -1.5184 5.7846 14.4274
v -2.1194 5.4802 13.8416
v -1.7460 5.3345 13.5435
v -2.0117 5.1614 13.8741
v -2.1194 5.4802 13.8416
v -6.3945 -2.5471 8.5370
v -6.7719 -2.6878 8.1790
v -6.8645 -3.1080 8.0163
v -6.2626 -2.9747 8.5695
v -4.6486 -2.0461 10.1642
v -4.5167 -2.4736 10.1967
v -2.9380 -1.5529 11.7588
v -2.8182 -1.9260 11.7913
v -2.4191 -1.3808 12.2470
v -2.1697 -1.6681 12.4097
v -1.9476 -1.1621 12.7026
v -0.6924 0.0866 10.0150
v -1.7826 -1.0685 12.8653
v -2.1697 -1.6681 12.4097
v -0.0077 0.5238 10.5507
v -0.9630 -2.0859 13.3860
v -0.0077 0.5238 10.5507
v -1.7826 -1.0685 12.8653
v -2.1697 -1.6681 12.4097
v -1.2808 -2.3276 13.0605
v -0.1433 -3.1034 13.9067
v -0.4966 -3.3529 13.5487
v 0.2130 -3.5383 14.1345
v -0.1402 -3.7878 13.7765
v 2.7315 -6.6916 15.7291
v 2.3911 -7.1667 15.3386
v 2.7677 -6.8549 15.7291
v 5.5682 -4.4073 12.1658
v 3.3230 -6.9602 15.1505
v 2.8762 -7.3447 15.7291
v 2.3911 -7.1667 15.3386
v 2.3658 -9.3991 14.8830
v 3.3230 -6.9602 15.1505
v 2.8762 -7.3447 15.7291
v 2.3911 -7.1667 15.3386
v 1.9756 -9.3143 14.5576
v 2.0300 -10.9009 14.2972
v 1.6278 -10.7617 13.9718
v 1.6009 -12.6518 13.5812
v 1.2115 -12.7381 13.2233
v 1.8198 -12.6033 13.1855
v 2.3440 -10.6030 13.8839
v 3.3170 -12.2716 10.3828
v 1.2115 -12.7381 13.2233
v 2.8198 -12.3818 10.0749
v 3.4265 -12.2473 10.1849
v 2.9655 -12.3495 9.8357
v 3.4998 -12.2311 10.0283
v 3.1457 -12.3095 9.7029
v 3.6825 -12.1906 9.6739
v 4.6743 -8.6021 10.8666
v 6.8396 -8.9788 6.0491
v 3.7557 -12.1744 9.5174
v 3.1457 -12.3095 9.7029
v 6.2077 -10.0324 6.2609
v 3.4001 -12.2532 9.3397
v 6.2077 -10.0324 6.2609
v 3.7557 -12.1744 9.5174
v 3.1457 -12.3095 9.7029
v 3.2733 -11.7674 7.7558
v 2.0113 -12.5609 8.8093
v 3.1457 -12.3095 9.7029
v 1.8277 -12.6016 9.2375
v 1.0554 -12.7727 7.9306
v 0.7649 -12.8371 8.3351
v 0.6628 -12.8597 7.8681
v 1.0812 -12.7099 7.7415
v -1.9049 -13.4286 7.2241
v 0.7649 -12.8371 8.3351
v -2.0168 -13.4534 7.6436
v -2.5429 -13.5700 6.7122
v -3.0089 -13.6732 6.8062
v -2.5043 -13.5614 6.4492
v -3.0023 -13.6717 6.2152
v -1.1947 -13.2712 4.4441
v -1.3758 -13.3114 4.6508
v -1.8006 -13.4055 4.2603
v -1.6195 -13.3654 4.0536
v 2.1735 -12.5249 0.6003
v 1.7841 -12.6112 0.2423
v 3.8388 -12.1560 -1.2271
v 3.4139 -12.2501 -1.6177
v 9.2959 -10.9469 -9.6432
v 10.5382 -10.6716 -8.7997
v 10.0377 -10.7825 -8.8120
v 9.0770 -10.9954 -9.2475
v 4.1314 -12.0911 -14.7640
v 9.2959 -10.9469 -9.6432
v 9.0770 -10.9954 -9.2475
v 3.8071 -12.1630 -14.5397
v 3.9907 -12.1223 -14.9680
v 3.5255 -12.2254 -14.9478
v 3.9907 -12.1223 -14.9680
v 3.5272 -12.2250 -15.0956
v 4.0269 -12.1143 -15.0094
v 4.0269 -12.1143 -15.0094
v 3.8226 -12.1596 -15.9434
v 3.5272 -12.2250 -15.0956
v 3.3246 -12.2699 -16.1774
v 6.6103 -9.3151 -19.5155
v 6.2933 -9.7279 -19.8735
v 5.8797 -9.7054 -20.2315
v 6.2548 -9.0513 -19.7759
v 6.6103 -9.3151 -19.5155
v 6.3843 -8.9655 -19.6457
v 6.8227 -9.2680 -19.3203
v 6.7263 -8.8326 -19.3203
v 11.0475 -8.3891 -15.4475
v 10.9631 -8.0081 -15.4475
v 11.8263 -8.2165 -14.7316
v 11.0475 -8.3891 -15.4475
v 10.9631 -8.0081 -15.4475
v 11.6945 -7.7890 -14.7641
v 12.3332 -7.9900 -14.2434
v 12.2134 -7.6169 -14.2760
v 14.1862 -7.6366 -12.5512
v 14.0897 -7.2012 -12.5512
v 14.9771 -7.5184 -11.8352
v 14.9868 -7.0595 -11.7376
v 15.1774 -7.4169 -11.6399
v 14.9077 -7.7622 -10.8986
v 15.4960 -7.3463 -11.3470
v 14.9868 -7.0595 -11.7376
v 15.4470 -6.9575 -11.3145
v 17.8107 -7.2332 -9.2968
v 17.6201 -6.8757 -9.3944
v 17.8936 -7.2719 -9.2317
v 17.0201 -8.1506 -7.7050
v 18.0569 -7.0073 -8.9626
v 17.9169 -7.2096 -9.1992
v 17.6201 -6.8757 -9.3944
v 18.0931 -6.9993 -9.0039
v 17.6201 -6.8757 -9.3944
v 16.6251 -1.0439 -9.1341
v 16.6251 -1.0439 -9.1341
v 16.1874 -0.9125 -9.4920
v 16.3403 -0.7644 -9.3293
v 16.6959 -1.0282 -9.0690
v 16.5293 -1.1222 -9.0839
v 16.8921 -0.2995 -7.5615
v 17.4128 -0.2413 -8.2879
v 16.3403 -0.7644 -9.3293
v 17.0565 0.1937 -8.5157
v 17.6814 6.2702 -3.8033
v 17.8020 5.7260 -3.8033
v 18.9869 6.9021 -5.5217
v 18.9749 6.9565 -5.5217
v 18.5147 6.8545 -5.9448
v 18.5139 7.0256 -5.9122
v 14.1467 9.7693 -5.2512
v 12.2987 11.0157 -5.5838
v 12.2859 12.2119 -4.6911
v 13.0614 10.6137 -5.4412
v 10.4941 12.2146 -5.5144
v 12.0036 11.0645 -6.9523
v 10.4941 12.2146 -5.5144
v 12.2987 11.0157 -5.5838
v -2.5380 14.8085 -18.2960
v -0.8593 15.6943 -18.2202
v -8.9600 11.9581 -11.7903
v -6.6273 14.0737 -13.9623
v -8.7213 14.1236 -12.2801
v -11.1046 12.2252 -9.8864
v -8.7213 14.1236 -12.2801
v -10.3448 13.5355 -9.8617
v -8.8776 13.3467 -6.5978
v -9.7470 12.4689 -5.4405
v -7.6978 13.2655 -3.2663
v -7.6978 13.2655 -3.2663
v -7.3299 13.8038 -3.2126
v -9.2652 13.8889 -2.9515
v -10.1899 12.8276 -3.2216
v -10.1899 12.8276 -3.2216
v -10.0815 12.6232 -2.1962
v -3.4743 15.1149 4.8235
v -4.7875 12.8826 2.1946
v -6.4553 14.6257 2.7134
v -2.1888 13.0587 4.4314
v -1.5178 13.2074 5.1974
v 1.0119 14.8527 7.9575
v -2.2659 15.4968 6.5536
v 0.1809 16.2102 8.3884
v 2.3898 13.6164 9.8203
v 3.3121 13.4211 8.4264
v 3.8624 14.3994 10.2180
v 2.3898 13.6164 9.8203
v 2.7288 14.3196 9.2091
v 1.4906 13.0175 11.4534
v 2.7548 13.5831 11.3278
v -1.8367 11.9948 10.5780
v -2.8494 10.9139 11.7942
v -3.4718 10.2622 13.2119
v -2.4053 7.0155 12.3966
v -1.5468 6.6919 12.4890
v -1.5468 6.6919 12.4890
v -0.2626 6.8051 12.8154
v -0.2626 6.8051 12.8154
v -6.7227 -2.5627 8.0224
v -5.5869 -1.6830 6.5019
v -1.8854 -0.0064 7.9068
v 1.1745 1.9848 6.8702
v 3.2042 3.3480 6.3762
v 3.7256 0.8942 8.2969
v 3.2042 3.3480 6.3762
v -0.0077 0.5238 10.5507
v 3.6874 -2.4830 11.4137
v 3.6874 -2.4830 11.4137
v 9.2638 -1.0191 7.2561
v 5.5682 -4.4073 12.1658
v 5.9311 -4.6694 11.7613
v 5.9311 -4.6694 11.7613
v 5.9311 -4.6694 11.7613
v 9.2379 -1.7671 7.6105
v 5.9311 -4.6694 11.7613
v 6.8396 -8.9788 6.0491
v 8.8143 -4.8300 5.5999
v 8.9107 -7.6635 2.8955
v 6.2077 -10.0324 6.2609
v 5.4621 -9.6266 4.5670
v 2.0991 -11.2282 4.8912
v -1.5722 -13.1265 5.1116
v -2.3610 -13.3584 6.3903
v -1.3758 -13.1401 4.6095
v 2.7887 -11.3609 -0.2765
v 4.7089 -8.1948 -3.1284
v 10.6590 -10.5307 -8.9650
v 10.6590 -10.5307 -8.9650
v 12.0739 -9.5891 -9.8558
v 10.8827 -9.3392 -12.1944
v 7.4946 -10.1469 -15.1709
v 6.5862 -9.3776 -19.4742
v 5.1163 -10.6168 -17.8684
v 4.2203 -11.5576 -16.4482
v 5.8465 -10.1124 -19.2948
v 11.0730 -8.7260 -14.4458
v 11.0730 -8.7260 -14.4458
v 10.8827 -9.3392 -12.1944
v 12.0739 -9.5891 -9.8558
v 13.9980 -8.6489 -9.3306
v 15.5711 -9.4994 -5.8037
v 16.8921 -0.2995 -7.5615
v 15.5991 -0.3576 -8.1834
v 16.5293 -1.1222 -9.0839
v 17.0310 5.7835 -3.1245
v 16.7886 4.9876 -2.5959
v 13.3748 9.3128 -4.3744
v 13.8264 10.3264 -4.4535
v 13.3748 9.3128 -4.3744
v 14.1467 9.7693 -5.2512
v 13.2942 9.4663 -3.5943
v 11.7358 8.2645 -1.5365
v 13.2942 9.4663 -3.5943
v 13.8264 10.3264 -4.4535
v 12.2859 12.2119 -4.6911
v 9.4165 10.6055 -1.5472
v 8.0785 14.0204 -3.1761
v 11.0438 13.4212 -4.7985
v 11.0438 13.4212 -4.7985
v 10.2064 14.0351 -5.7862
v 9.4309 15.4619 -4.9947
v 11.0438 13.4212 -4.7985
v 10.2064 14.0351 -5.7862
v 9.4309 15.4619 -4.9947
v 8.7688 16.5714 -4.6878
v 6.7644 14.8141 -2.0839
v -5.3426 12.9880 -13.4205
v -3.9613 12.2663 -11.9772
v -4.2257 12.5503 -14.0193
v -5.2682 12.3764 -11.3845
v -9.8994 10.8935 -10.7306
v -10.9530 10.6601 -9.2365
v -10.7906 11.4954 -6.8425
v -10.9530 10.6601 -9.2365
v -11.1046 12.2252 -9.8864
v -10.8418 12.2834 -7.7791
v -10.8418 12.2834 -7.7791
v -10.3769 12.1580 -6.6499
v -11.0258 11.1578 -5.9947
v -10.3769 12.1580 -6.6499
v -9.7470 12.4689 -5.4405
v -9.5299 13.0880 -3.6376
v -8.5579 12.9608 -4.1537
v -9.5299 13.0880 -3.6376
v -9.7470 12.4689 -5.4405
v -7.6978 13.2655 -3.2663
v -9.5299 13.0880 -3.6376
v -10.1899 12.8276 -3.2216
v -11.2634 10.8197 -4.9253
v -9.7814 11.4906 -3.1979
v -11.2634 10.8197 -4.9253
v -10.1899 12.8276 -3.2216
v -9.7814 11.4906 -3.1979
v -9.2097 9.9044 -2.7810
v -2.2687 11.0997 3.4586
v -0.6097 11.6386 5.3901
v 1.5903 13.7818 7.6594
v 2.4012 12.8196 7.8846
v 2.3850 11.9024 7.3938
v 2.4976 12.0415 7.9672
v 2.8339 12.6870 8.6858
v -0.0384 13.6493 8.2960
v -1.2806 12.2322 9.8428
v -1.1972 7.5687 10.8761
v 0.2314 8.2849 9.8789
v -1.1972 7.5687 10.8761
v 0.2084 7.5946 12.1128
v -4.5131 -0.7028 5.1705
v -2.2736 0.1931 5.2174
v -3.0667 0.3028 3.5736
v -2.3139 1.3832 2.1295
v -0.6467 2.9516 -0.1349
v -2.3139 1.3832 2.1295
v 1.1745 1.9848 6.8702
v 3.1253 4.0728 2.5672
v 3.6835 4.0252 3.8679
v 3.2042 3.3480 6.3762
v 5.2939 5.0672 3.6157
v 5.8825 3.8844 4.5735
v 5.2939 5.0672 3.6157
v 11.7028 1.0059 4.1148
v 9.2379 -1.7671 7.6105
v 11.2672 -0.1184 4.9327
v 11.2672 -0.1184 4.9327
v 11.7628 -3.4915 0.7569
v 9.9749 -6.7996 1.3838
v 11.7628 -3.4915 0.7569
v 8.9107 -7.6635 2.8955
v 7.4961 -7.0063 -0.9031
v 9.9749 -6.7996 1.3838
v 8.9107 -7.6635 2.8955
v 3.7486 -8.3504 -1.4628
v 5.8246 -8.9753 2.9216
v 0.8611 -11.1028 2.4875
v 0.7002 -11.5382 2.0381
v 1.4120 -9.9530 0.9547
v 2.7127 -9.3222 -0.3204
v 3.7486 -8.3504 -1.4628
v 10.6590 -10.5307 -8.9650
v 10.5602 -9.5819 -8.8674
v 9.9865 -9.3664 -8.8059
v 11.8781 -9.8038 -8.2780
v 11.7913 -10.0514 -8.9992
v 11.8781 -9.8038 -8.2780
v 10.6590 -10.5307 -8.9650
v 13.5300 -9.4948 -7.8153
v 14.8991 -9.7054 -5.3878
v 14.4066 3.0324 0.7581
v 11.3712 7.3844 -1.8031
v 12.1811 8.5345 -3.0342
v 9.9979 8.6788 -1.9342
v 11.3712 7.3844 -1.8031
v 11.7358 8.2645 -1.5365
v 10.4092 9.5122 -1.5612
v 9.4165 10.6055 -1.5472
v 8.7808 9.4940 -3.1409
v 10.4092 9.5122 -1.5612
v 9.4165 10.6055 -1.5472
v 7.1902 11.3684 -2.0813
v 6.8253 13.6856 -1.9511
v 7.1902 11.3684 -2.0813
v 9.4165 10.6055 -1.5472
v 6.8253 13.6856 -1.9511
v -10.0606 10.2297 -10.0306
v -8.2766 10.7963 -9.7006
v -7.9078 11.2206 -10.7876
v -10.0606 10.2297 -10.0306
v -10.4504 9.2298 -9.0738
v -10.4504 9.2298 -9.0738
v -10.4046 10.6103 -7.0492
v -10.7906 11.4954 -6.8425
v -11.1348 9.5920 -5.4987
v -9.0550 9.1393 -4.7343
v -8.3521 8.6099 -3.4748
v -9.0550 9.1393 -4.7343
v 0.0733 10.1341 4.3532
v -2.1939 9.9743 2.3355
v 3.1976 11.2831 7.3886
v 2.7352 9.9245 8.5107
v 1.2168 9.3597 7.8914
v 1.2751 8.8016 10.2968
v 1.0664 8.1844 10.9643
v 2.7352 9.9245 8.5107
v 1.2751 8.8016 10.2968
v 1.0664 8.1844 10.9643
v 3.1657 9.6773 8.4668
v 2.2013 8.5501 9.6417
v 1.1533 7.9753 10.7013
v 2.1262 3.7944 0.2198
v 0.1364 3.3535 -0.9378
v 4.3602 5.2029 0.6597
v 6.6868 6.5748 0.2782
v 7.4077 7.0201 0.7726
v 8.8691 7.0584 0.1949
v 7.4077 7.0201 0.7726
v 5.2939 5.0672 3.6157
v 5.8825 3.8844 4.5735
v 11.7028 1.0059 4.1148
v 13.8754 2.8576 1.3781
v 11.2672 -0.1184 4.9327
v 14.0081 2.4302 1.3368
v 14.0081 2.4302 1.3368
v 11.2672 -0.1184 4.9327
v 13.7437 -3.7378 -3.5998
v 12.7625 -4.2978 -2.1057
v 7.7599 -5.6917 -3.4764
v 12.7625 -4.2978 -2.1057
v 5.8730 -6.2810 -4.1995
v 5.0535 -7.3762 -3.1899
v 6.9234 -5.5344 -5.5221
v 5.8730 -6.2810 -4.1995
v 5.9777 -6.5433 -4.9796
v 8.2693 -4.8936 -7.6512
v 8.0559 -4.8267 -6.7058
v 9.8325 -4.6044 -5.6283
v 8.0559 -4.8267 -6.7058
v 8.2693 -4.8936 -7.6512
v 11.8599 -4.3836 -3.5103
v 12.7701 -4.2390 -3.8787
v 13.7437 -3.7378 -3.5998
v 14.4066 3.0324 0.7581
v 9.4174 7.6937 -0.9923
v 9.4174 7.6937 -0.9923
v 9.9979 8.6788 -1.9342
v 8.9366 8.1011 -2.9017
v 9.4174 7.6937 -0.9923
v 9.9979 8.6788 -1.9342
v 8.7808 9.4940 -3.1409
v 8.9366 8.1011 -2.9017
v 9.9979 8.6788 -1.9342
v 10.4092 9.5122 -1.5612
v 6.6602 12.7355 -1.9071
v -8.2766 10.7963 -9.7006
v -5.8098 10.4293 -8.3566
v -6.9207 10.2974 -10.3258
v -6.5573 11.0630 -7.7691
v -8.3814 10.5447 -8.7965
v -6.5573 11.0630 -7.7691
v -10.4504 9.2298 -9.0738
v -8.5409 10.0526 -8.2856
v -9.2323 9.2713 -8.1476
v -9.4119 9.3457 -7.0218
v -9.2323 9.2713 -8.1476
v -10.4046 10.6103 -7.0492
v -8.8437 9.0148 -7.6330
v -10.5322 8.9262 -5.9208
v -8.4127 9.5100 -5.7412
v -9.4119 9.3457 -7.0218
v -9.0550 9.1393 -4.7343
v -10.5322 8.9262 -5.9208
v -8.0477 8.1634 -5.0113
v -1.4779 9.2765 2.4543
v -0.2631 9.3173 3.6760
v 0.7516 9.7705 4.5784
v 3.7340 10.3742 7.6076
v 3.1781 11.1646 8.0948
v 3.7340 10.3742 7.6076
v 3.1976 11.2831 7.3886
v 2.0547 10.0021 7.4817
v 1.3251 3.9595 -1.7934
v 2.2753 5.5403 -3.9375
v 4.0050 5.7523 -1.8582
v 4.7472 6.6590 -2.3005
v 6.8584 7.1838 -0.2740
v 8.2168 7.8274 -0.3021
v 8.2168 7.8274 -0.3021
v 8.1292 7.1228 -1.9335
v 8.2168 7.8274 -0.3021
v 9.4174 7.6937 -0.9923
v 8.1292 7.1228 -1.9335
v 5.4168 9.2625 0.2096
v 6.8584 7.1838 -0.2740
v 4.6624 11.7789 1.0073
v 3.8715 12.4602 1.1928
v 3.6869 7.7373 -2.6471
v 2.1932 11.5173 -1.0580
v 1.8481 12.0689 -1.2532
v 0.2156 11.7072 -2.3809
v 0.8639 9.8525 -3.4415
v -7.1472 10.8181 -7.2142
v 4.7472 6.6590 -2.3005
v 2.7785 6.5083 -4.3534
v 2.5652 6.1184 -4.3921
v 2.5652 6.1184 -4.3921
v 7.3429 7.4054 -1.0004
v 7.3429 7.4054 -1.0004
v 9.6492 -5.2731 -2.9336
v 6.9234 -5.5344 -5.5221
v 2.7127 -9.3222 -0.3204
v 6.2758 14.9913 -15.0896
v 6.4908 17.4941 -13.5196
v 3.2271 8.9487 10.6180
v 3.1634 9.1629 12.0216
v 3.8466 9.3143 11.6796
v 3.8102 8.6211 11.8862
v 3.8466 9.3143 11.6796
v 3.1634 9.1629 12.0216
v 2.5117 8.4476 10.7146
v 3.8102 8.6211 11.8862
v 3.1634 9.1629 12.0216
v 2.5117 8.4476 10.7146
v 4.1017 8.8569 11.3665
v 2.5117 8.4476 10.7146
v 3.2271 8.9487 10.6180
v 3.8466 9.3143 11.6796
v 4.1017 8.8569 11.3665
v 3.2271 8.9487 10.6180
v 4.1017 8.8569 11.3665
v 3.8102 8.6211 11.8862
v 13.9523 12.6953 -8.8086
v 14.3159 12.7188 -8.2616
v 14.4125 12.7973 -8.3856
v 14.1550 12.2835 -8.7110
v 12.0036 11.0645 -6.9523
v 13.5749 12.5546 -9.1666
v 14.1550 12.2835 -8.7110
v 13.3995 12.1732 -9.3944
v 13.5629 12.6090 -9.1666
v 13.5749 12.5546 -9.1666
v 13.3995 12.1732 -9.3944
v 13.1855 12.4683 -9.5246
v 13.5508 12.6635 -9.1666
v 13.1260 12.5693 -9.5571
v 13.5026 12.8812 -9.1666
v 13.0778 12.7870 -9.5571
v 13.4053 13.4877 -9.1341
v 12.9805 13.3936 -9.5246
v 13.0043 15.9682 -9.0039
v 12.4484 16.1305 -9.4595
v 12.7164 16.9322 -9.0690
v 12.3165 17.1861 -8.5492
v 12.4993 17.3979 -8.9450
v 12.0446 16.6120 -9.7199
v 12.4993 17.3979 -8.9450
v 12.7164 16.9322 -9.0690
v 12.4484 16.1305 -9.4595
v 10.5247 15.7614 -11.2169
v 12.4484 16.1305 -9.4595
v 10.6919 15.3417 -11.1518
v 8.2349 15.3682 -13.2997
v 8.3193 14.9873 -13.2997
v 7.3973 15.1256 -14.0807
v 7.5171 14.7524 -14.0482
v 6.7247 14.9765 -14.6990
v 6.7858 14.5333 -14.7316
v 6.2999 14.8824 -15.0896
v 6.0770 14.5475 -15.3499
v 6.2758 14.9913 -15.0896
v 5.8622 15.0138 -15.4475
v 7.0678 17.4507 -13.9180
v 7.2254 16.5720 -13.9505
v 6.8119 16.5946 -14.3085
v 6.6535 17.6443 -14.2434
v 7.0784 17.7385 -13.8529
v 6.4908 17.4941 -13.5196
v 6.6824 17.6507 -13.6199
v 6.6535 17.6443 -14.2434
v 6.4313 17.5951 -13.5522
v 6.6535 17.6443 -14.2434
v 6.1860 17.5407 -14.0016
v 7.0637 17.7352 -12.5231
v 6.0032 17.5003 -13.6472
v 5.5052 17.3899 -13.8812
v 6.7747 17.6712 -12.2664
v 8.5810 18.0714 -10.6805
v 8.5448 18.0634 -10.6392
v 9.5796 18.2927 -10.4342
v 9.4323 18.2600 -10.0472
v 11.8107 18.7870 -8.4578
v 9.5796 18.2927 -10.4342
v 9.4323 18.2600 -10.0472
v 11.1661 18.6442 -8.3787
v 11.7745 18.7790 -8.4165
v 11.8107 18.7870 -8.4578
v 11.1661 18.6442 -8.3787
v 10.5912 18.1171 -6.9698
v 11.1950 18.6506 -7.7551
v 11.1661 18.6442 -8.3787
v 8.6156 18.0791 -10.5741
v 10.5912 18.1171 -6.9698
v 11.1950 18.6506 -7.7551
v 11.1661 18.6442 -8.3787
v 8.6880 18.0951 -10.6568
v 8.5448 18.0634 -10.6392
v 8.5810 18.0714 -10.6805
v 8.5448 18.0634 -10.6392
v 8.5810 18.0714 -10.6805
v 5.6419 17.4202 -13.3078
v 5.9308 17.4842 -13.5645
v 5.3587 17.3574 -13.5681
v 5.5060 17.3901 -13.9551
v 4.9314 17.2628 -13.7370
v 4.9725 17.2719 -14.2216
v 4.1815 17.0966 -13.8294
v 4.9314 17.2628 -13.7370
v 4.9725 17.2719 -14.2216
v 4.1534 17.0904 -14.5268
v 3.7237 16.9952 -14.4741
v 4.0736 16.9014 -13.7380
v 1.2159 16.4395 -17.3019
v 4.1534 17.0904 -14.5268
v 1.5765 16.5194 -17.5674
v 0.8273 16.3534 -17.7337
v 1.1525 16.4255 -18.0318
v 0.7927 16.3458 -17.8401
v 1.0109 16.3941 -18.1620
v 0.6503 16.3142 -17.8964
v 0.8693 16.3627 -18.2922
v -0.4133 16.0786 -18.7250
v -0.4792 16.0640 -19.2333
v -1.2052 15.9031 -18.2589
v -0.4133 16.0786 -18.7250
v -0.4792 16.0640 -19.2333
v -1.4498 15.8489 -18.7822
v -2.8606 15.5363 -17.3181
v -1.8482 15.7606 -18.3276
v -2.0935 15.7063 -18.7770
v -3.2855 15.4422 -17.7086
v -3.3661 15.4243 -16.8872
v -3.7547 15.3382 -17.3190
v -4.5234 15.1679 -15.7123
v -4.9844 15.0658 -16.0615
v -4.6321 15.1438 -15.5883
v -4.5234 14.9966 -15.6709
v -8.7213 14.1236 -12.2801
v -8.5651 14.2724 -12.4129
v -4.9844 15.0658 -16.0615
v -8.9537 14.1863 -12.8447
v -9.8384 13.9903 -10.4491
v -8.7100 14.2403 -12.2475
v -9.1710 14.1382 -12.5967
v -10.3027 13.8874 -10.5028
v -6.8557 14.5941 -4.2107
v -7.2782 13.6440 -4.6162
v -5.7063 14.9058 -5.7550
v -6.6866 14.6886 -4.4174
v -6.4184 14.7480 -6.0365
v -7.1847 14.5783 -4.6514
v -6.8323 14.6563 -4.1782
v -6.8685 14.6483 -4.1369
v -6.8557 14.5941 -4.2107
v -6.8323 14.6563 -4.1782
v -7.1847 14.5783 -4.6514
v -6.9402 14.6324 -4.1281
v -7.1847 14.5783 -4.6514
v -7.3288 14.5463 -4.5599
v -7.7683 14.4490 -3.6207
v -8.1215 14.3707 -4.0200
v -8.6696 14.2492 -2.9568
v -8.9866 14.1790 -3.3974
v -8.7059 14.2412 -2.9154
v -8.7059 14.2412 -2.9154
v -10.2270 13.9042 -1.1795
v -10.3332 13.8806 -1.2771
v -10.7637 13.7853 -1.1505
v -10.4805 13.8480 -0.8902
v -8.2775 14.3361 0.3888
v -8.5672 14.2719 0.7195
v -7.6403 14.4773 0.9746
v -7.9654 14.4053 1.2727
v -6.7569 14.6730 1.9359
v -7.2236 14.5696 2.1039
v -6.7939 14.6648 2.0511
v -6.1125 13.9594 2.0635
v -6.4753 14.7354 2.3440
v -7.2236 14.5696 2.1039
v -6.9075 14.6397 2.6184
v -6.5148 14.7267 2.6809
v -6.4553 14.6257 2.7134
v -6.1608 14.8051 3.0063
v -6.9075 14.6397 2.6184
v -6.4143 14.7489 3.2956
v 0.2163 16.2181 8.4209
v 0.1809 16.2102 8.3884
v 0.1044 16.1933 8.8404
v 0.2468 16.2248 8.8967
v 0.2880 16.2339 8.4121
v 0.3901 16.2566 8.8791
v 1.9673 16.6060 8.5380
v 1.6768 16.5417 8.9426
v 2.3600 16.6930 8.6005
v 3.5417 14.4426 7.9304
v 2.1626 16.6493 10.2847
v 1.6662 16.5393 9.9030
v 1.2010 16.4363 9.9232
v 1.9082 16.5929 10.6479
v 2.7290 16.7748 10.8054
v 2.8014 16.6195 10.7641
v 2.5358 16.6178 11.0534
v 2.8014 16.6195 10.7641
v 2.7290 16.7748 10.8054
v 2.4755 16.7186 11.0947
v 1.9082 16.5929 10.6479
v 2.4755 16.7186 11.0947
v 1.9082 16.5929 10.6479
v 1.9074 16.5928 10.7218
v 2.0458 16.6234 11.1475
v 1.9025 16.5917 11.1650
v 1.9074 16.5928 10.7218
v 1.6572 16.5373 10.7156
v 1.9025 16.5917 11.1650
v 1.5493 16.5134 10.7657
v 0.9255 16.3752 12.2071
v 0.5006 16.2811 11.8166
v 0.4538 16.2707 12.8183
v -0.0451 16.1602 12.6582
v 0.3057 16.2379 13.2791
v 0.2315 15.8789 13.5922
v -1.5979 15.2451 15.2244
v -0.7043 16.0141 14.0671
v -0.0451 16.1602 12.6582
v -1.1292 15.9200 13.6765
v -1.5736 15.8215 15.0590
v -1.9630 15.7352 14.7011
v -2.0444 15.7172 15.5963
v -2.5787 15.5988 15.4037
v -2.1893 15.6851 15.7617
v -1.4899 12.5284 15.7617
v -2.5787 15.5988 15.4037
v -1.8672 12.3877 15.4037
v -1.4416 12.3107 15.7617
v -1.8310 12.2244 15.4037
v -1.4416 12.3107 15.7617
v -1.8190 12.1700 15.4037
v -0.8433 10.6161 15.9569
v -1.1868 10.8255 15.6966
v -0.8313 10.5617 15.9569
v 1.2337 13.2460 13.0637
v 0.6169 11.9103 14.1295
v -3.8750 9.7160 13.1256
v -3.6996 10.0975 13.3534
v -3.9610 10.4393 13.1907
v -4.3006 9.7930 12.7677
v -3.8268 9.4983 13.1256
v -4.2516 9.4042 12.7351
v -3.2977 7.4459 13.1907
v -3.7105 7.2973 12.8002
v -3.0219 6.5363 13.2558
v -3.3872 6.3412 12.8978
v -2.3777 5.1374 13.5487
v -1.7460 5.3345 13.5435
v -2.0117 5.1614 13.8741
v -2.1194 5.4802 13.8416
v -2.6512 5.5336 13.3860
v -4.7632 5.0086 11.4334
v -4.8476 5.3895 11.4334
v -5.6708 4.5791 10.5547
v -5.9676 4.9130 10.3594
v -6.0128 4.4462 10.2292
v -5.5910 4.7681 9.7658
v -6.4376 4.3521 9.8387
v -5.9676 4.9130 10.3594
v -6.5341 4.7875 9.8387
v -7.8303 4.1006 8.5695
v -7.9268 4.5360 8.5695
v -8.0427 4.0536 8.3742
v -8.2687 4.4032 8.2441
v -8.2189 3.8432 8.1790
v -8.5624 4.0526 7.9186
v -8.2423 3.7809 8.1464
v -8.6558 3.8035 7.7885
v -8.1096 3.1823 8.1464
v -8.2423 3.7809 8.1464
v -8.6558 3.8035 7.7885
v -8.5344 3.0881 7.7559
v -7.3491 -0.4176 8.1139
v -7.7740 -0.5118 7.7234
v -7.0597 -1.7239 8.1139
v -7.4845 -1.8180 7.7234
v -6.8434 -2.5324 8.1464
v -7.2683 -2.6265 7.7559
v -6.8193 -2.6412 8.1464
v -7.1726 -2.8908 7.7885
v -6.7719 -2.6878 8.1790
v -6.8645 -3.1080 8.0163
v -1.9577 -13.4403 5.5337
v -2.5043 -13.5614 6.4492
v -3.0023 -13.6717 6.2152
v -2.4550 -13.5505 5.2259
v -1.8104 -13.4077 5.1468
v -2.2715 -13.5098 4.7976
v -1.5931 -13.3595 4.8988
v -2.0179 -13.4536 4.5083
v -1.3758 -13.3114 4.6508
v -1.8006 -13.4055 4.2603
v 5.1072 -11.8749 -2.7476
v 3.8388 -12.1560 -1.2271
v 3.4139 -12.2501 -1.6177
v 4.7178 -11.9612 -3.1056
v 6.0489 -11.6663 -3.8223
v 5.6240 -11.7604 -4.2128
v 7.6070 -11.3211 -5.6734
v 7.1822 -11.4152 -6.0639
v 7.6433 -11.3130 -5.7148
v 7.2547 -11.3991 -6.1466
v 8.3306 -11.1607 -6.4262
v 7.9058 -11.2549 -6.8167
v 9.7423 -10.8480 -7.9643
v 9.3891 -10.9262 -8.3636
v 10.5382 -10.6716 -8.7997
v 10.0377 -10.7825 -8.8120
v 4.0391 -12.1116 -16.1175
v 3.8226 -12.1596 -15.9434
v 3.3246 -12.2699 -16.1774
v 3.6143 -12.2057 -16.5080
v 5.4533 -11.7983 -17.8772
v 5.1009 -11.8763 -18.3504
v 5.5981 -11.7662 -18.0425
v 5.1163 -10.6168 -17.8684
v 5.8465 -10.1124 -19.2948
v 5.6343 -11.7581 -18.0839
v 5.1009 -11.8763 -18.3504
v 5.1733 -11.8603 -18.4331
v 5.6343 -11.7581 -18.0839
v 5.2095 -11.8523 -18.4744
v 5.7068 -11.7421 -18.1665
v 6.7476 -10.9405 -19.7108
v 5.7800 -11.7259 -18.3231
v 5.2095 -11.8523 -18.4744
v 5.3923 -11.8118 -18.8288
v 5.9628 -11.6854 -18.6775
v 6.6663 -11.2440 -19.8410
v 6.5343 -11.5017 -19.7082
v 6.4377 -11.5802 -19.5842
v 5.3923 -11.8118 -18.8288
v 5.9766 -11.6823 -19.9334
v 6.4385 -11.5800 -19.6580
v 6.0853 -11.6582 -20.0574
v 6.5101 -11.5641 -19.6668
v 6.5834 -11.5479 -19.8234
v 6.0853 -11.6582 -20.0574
v 6.1577 -11.6422 -20.1400
v 6.6558 -11.5318 -19.9060
v 6.2310 -11.6259 -20.2966
v 6.6317 -11.4230 -19.9060
v 6.2182 -11.4004 -20.2640
v 6.2995 -11.0969 -20.1338
v 6.5088 -10.3654 -19.8084
v 6.2995 -11.0969 -20.1338
v 6.1314 -10.5061 -20.1664
v 6.2933 -9.7279 -19.8735
v 5.8797 -9.7054 -20.2315
v 18.0570 -6.8360 -9.0039
v 18.0569 -7.0073 -8.9626
v 18.0931 -6.9993 -9.0039
v 17.6201 -6.8757 -9.3944
v 17.0558 -6.9437 -7.9618
v 17.6018 -5.4523 -9.1341
v 17.6201 -6.8757 -9.3944
v 17.2124 -5.5386 -9.4920
v 17.4451 -4.7448 -9.1341
v 17.0082 -4.7845 -9.5246
v 17.3735 -4.5894 -9.1666
v 15.3343 -3.7850 -7.2152
v 16.9273 -2.5756 -9.1666
v 17.0082 -4.7845 -9.5246
v 16.5025 -2.6698 -9.5571
v 16.6379 -1.2694 -9.1666
v 16.2364 -1.3013 -9.5246
v 16.6251 -1.0439 -9.1341
v 16.1874 -0.9125 -9.4920
v 17.4459 0.2799 -8.1578
v 17.4128 -0.2413 -8.2879
v 17.0565 0.1937 -8.5157
v 16.8921 -0.2995 -7.5615
v 17.5563 3.0451 -5.8077
v 17.9451 2.2176 -7.3442
v 17.0565 0.1937 -8.5157
v 17.5195 2.2946 -7.7021
v 18.9523 6.7231 -5.5868
v 18.5147 6.8545 -5.9448
v 18.9869 6.9021 -5.5217
v 17.8020 5.7260 -3.8033
v 13.8264 10.3264 -4.4535
v 14.1467 9.7693 -5.2512
v 13.0614 10.6137 -5.4412
v 12.2859 12.2119 -4.6911
v 12.2987 11.0157 -5.5838
v 10.4941 12.2146 -5.5144
v 12.0036 11.0645 -6.9523
v 10.2064 14.0351 -5.7862
v 12.0779 15.3633 -8.1421
v 11.7570 16.7767 -7.4772
v 10.5668 16.6843 -6.5978
v 8.7688 16.5714 -4.6878
v 9.5915 17.3246 -5.9102
v 8.7688 16.5714 -4.6878
v 7.4259 16.9590 -9.5206
v 6.4660 16.7463 -10.0299
v 3.9895 16.1976 -12.4557
v 3.9895 16.1976 -12.4557
v 1.3743 14.1337 -9.5511
v 0.9405 14.8940 -12.5448
v 2.0466 15.9384 -14.6563
v 0.0907 15.5622 -16.7417
v -0.8593 15.6943 -18.2202
v -0.8593 15.6943 -18.2202
v -2.5380 14.8085 -18.2960
v -3.3057 15.3235 -16.9285
v -3.4130 14.2720 -16.7042
v -3.5703 13.3807 -15.2241
v -4.2257 12.5503 -14.0193
v -3.5703 13.3807 -15.2241
v -4.5234 14.9966 -15.6709
v -5.3426 12.9880 -13.4205
v -6.6273 14.0737 -13.9623
v -6.6273 14.0737 -13.9623
v -10.3448 13.5355 -9.8617
v -11.1046 12.2252 -9.8864
v -8.7213 14.1236 -12.2801
v -7.3299 13.8038 -3.2126
v -7.6978 13.2655 -3.2663
v -7.6605 14.3015 -3.6295
v -7.3299 13.8038 -3.2126
v -7.2116 12.9165 0.3009
v -10.0815 12.6232 -2.1962
v -4.7875 12.8826 2.1946
v 0.1809 16.2102 8.3884
v 1.0119 14.8527 7.9575
v 1.5903 13.7818 7.6594
v 2.4012 12.8196 7.8846
v 3.3121 13.4211 8.4264
v 2.4012 12.8196 7.8846
v 3.5417 14.4426 7.9304
v 3.8624 14.3994 10.2180
v 2.7288 14.3196 9.2091
v 3.2130 14.5981 10.6577
v 3.8624 14.3994 10.2180
v 1.8917 14.9335 11.4306
v 0.5243 15.0873 13.1727
v 2.7548 13.5831 11.3278
v -3.4718 10.2622 13.2119
v -3.6939 9.7562 12.9190
v -2.4053 7.0155 12.3966
v -0.3857 6.7208 12.0943
v -0.2626 6.8051 12.8154
v -3.3120 6.1295 10.4599
v -4.6054 5.1577 11.1528
v -3.7120 5.5841 10.0782
v -7.2425 4.7447 7.0454
v -6.3200 5.4059 5.4449
v -6.3200 5.4059 5.4449
v -5.4524 2.0010 5.3948
v -5.5869 -1.6830 6.5019
v -6.7227 -2.5627 8.0224
v 5.4621 -9.6266 4.5670
v 8.9107 -7.6635 2.8955
v 6.2077 -10.0324 6.2609
v -1.5722 -13.1265 5.1116
v -2.3610 -13.3584 6.3903
v -1.3758 -13.1401 4.6095
v 4.7089 -8.1948 -3.1284
v 7.6931 -8.1045 -6.6153
v 9.9865 -9.3664 -8.8059
v 10.6590 -10.5307 -8.9650
v 4.2203 -11.5576 -16.4482
v 15.5711 -9.4994 -5.8037
v 17.0201 -8.1506 -7.7050
v 14.9539 -8.9510 -5.1187
v 14.8049 -6.8714 -6.1142
v 16.2141 -6.3879 -7.4720
v 16.1509 -4.7461 -7.5071
v 13.9701 -3.9731 -5.6859
v 15.6084 -1.6117 -7.6725
v 16.5293 -1.1222 -9.0839
v 15.5991 -0.3576 -8.1834
v 15.8408 -1.2176 -6.1237
v 15.5991 -0.3576 -8.1834
v 16.8921 -0.2995 -7.5615
v 14.9819 -1.8076 -4.9013
v 15.8408 -1.2176 -6.1237
v 16.1927 1.8294 -4.1043
v 16.7886 4.9876 -2.5959
v 9.4309 15.4619 -4.9947
v 5.7761 15.0519 -5.5157
v 6.7644 14.8141 -2.0839
v 5.9391 15.7731 -7.4716
v 3.0544 14.6201 -8.4322
v 1.3743 14.1337 -9.5511
v -0.0754 12.9560 -7.6173
v -1.8054 12.3443 -8.5057
v -0.0754 12.9560 -7.6173
v -2.3700 13.4753 -13.7808
v -3.5703 13.3807 -15.2241
v -2.5380 14.8085 -18.2960
v -4.2257 12.5503 -14.0193
v -3.9613 12.2663 -11.9772
v -5.8304 12.5944 -12.3572
v -5.2682 12.3764 -11.3845
v -5.3426 12.9880 -13.4205
v -6.3089 13.2878 -13.4628
v -6.6273 14.0737 -13.9623
v -8.9600 11.9581 -11.7903
v -6.4068 11.9529 -11.8674
v -7.9078 11.2206 -10.7876
v -9.8994 10.8935 -10.7306
v -10.3448 13.5355 -9.8617
v -10.8418 12.2834 -7.7791
v -11.1046 12.2252 -9.8864
v -6.6800 11.2071 0.0617
v -9.2097 9.9044 -2.7810
v -4.5971 10.6980 1.6388
v -2.2687 11.0997 3.4586
v 2.4976 12.0415 7.9672
v 2.8339 12.6870 8.6858
v 2.4976 12.0415 7.9672
v 3.3121 13.4211 8.4264
v 0.8611 13.1635 7.9451
v 2.8339 12.6870 8.6858
v 2.3898 13.6164 9.8203
v -0.0384 13.6493 8.2960
v -2.8494 10.9139 11.7942
v -1.2806 12.2322 9.8428
v -1.8367 11.9948 10.5780
v -1.1972 7.5687 10.8761
v 1.0664 8.1844 10.9643
v 0.2084 7.5946 12.1128
v -0.2626 6.8051 12.8154
v 1.1533 7.9753 10.7013
v 1.1533 7.9753 10.7013
v -1.2940 7.6614 7.7496
v -2.6656 6.6724 9.0423
v -2.9645 6.9487 6.8937
v -5.2140 6.3932 4.4415
v -4.3890 6.4618 3.1628
v -5.2140 6.3932 4.4415
v -3.5309 3.7971 2.7258
v -2.3139 1.3832 2.1295
v -4.5131 -0.7028 5.1705
v 5.8246 -8.9753 2.9216
v 3.1362 -9.5139 2.4016
v 3.2355 -10.5767 4.4463
v 2.0991 -11.2282 4.8912
v 0.8611 -11.1028 2.4875
v 0.8611 -11.1028 2.4875
v 0.7002 -11.5382 2.0381
v 5.0535 -7.3762 -3.1899
v 3.7486 -8.3504 -1.4628
v 5.9777 -6.5433 -4.9796
v 8.2693 -4.8936 -7.6512
v 9.0823 -7.6825 -8.3011
v 10.5602 -9.5819 -8.8674
v 9.0823 -7.6825 -8.3011
v 9.9865 -9.3664 -8.8059
v 14.8991 -9.7054 -5.3878
v 14.4172 -9.0699 -5.0897
v 12.8101 -5.2579 -4.0414
v 12.7701 -4.2390 -3.8787
v 14.2690 -2.5936 -6.0517
v 14.5840 -1.4390 -6.7456
v 14.5840 -1.4390 -6.7456
v 14.9819 -1.8076 -4.9013
v 13.4007 -2.2722 -5.2576
v 14.2341 -2.5443 -3.9832
v 14.6882 0.2399 -2.5223
v 14.2341 -2.5443 -3.9832
v 14.4066 3.0324 0.7581
v 13.2942 9.4663 -3.5943
v 12.1811 8.5345 -3.0342
v 13.3748 9.3128 -4.3744
v 11.7358 8.2645 -1.5365
v 11.3712 7.3844 -1.8031
v 4.3004 12.7265 1.1726
v 6.8253 13.6856 -1.9511
v 6.7644 14.8141 -2.0839
v 2.8793 12.9255 -3.0191
v 4.3004 12.7265 1.1726
v 6.7644 14.8141 -2.0839
v 3.6839 14.1886 -5.9494
v 3.6839 14.1886 -5.9494
v 1.9735 12.8390 -4.1282
v -0.0754 12.9560 -7.6173
v -0.5192 12.1725 -6.1433
v -1.3229 12.2799 -6.8267
v -0.5192 12.1725 -6.1433
v -0.0754 12.9560 -7.6173
v -1.8054 12.3443 -8.5057
v -2.8213 11.4340 -7.0353
v -3.9281 11.4743 -9.4153
v -3.9613 12.2663 -11.9772
v -5.5678 11.1681 -10.9862
v -5.2682 12.3764 -11.3845
v -5.5678 11.1681 -10.9862
v -3.9613 12.2663 -11.9772
v -5.5678 11.1681 -10.9862
v -6.9207 10.2974 -10.3258
v -8.2766 10.7963 -9.7006
v -10.0606 10.2297 -10.0306
v -11.0258 11.1578 -5.9947
v -10.4046 10.6103 -7.0492
v -10.7906 11.4954 -6.8425
v -10.8418 12.2834 -7.7791
v -10.3769 12.1580 -6.6499
v -10.7906 11.4954 -6.8425
v -9.4119 9.3457 -7.0218
v -10.5322 8.9262 -5.9208
v -11.1348 9.5920 -5.4987
v -11.2634 10.8197 -4.9253
v -6.1339 9.6152 -0.4405
v -8.3521 8.6099 -3.4748
v -2.1939 9.9743 2.3355
v 2.4976 12.0415 7.9672
v 3.1976 11.2831 7.3886
v 2.3850 11.9024 7.3938
v 3.1781 11.1646 8.0948
v 1.8682 10.7031 6.9320
v 3.1781 11.1646 8.0948
v 2.4976 12.0415 7.9672
v -0.0384 13.6493 8.2960
v 1.8682 10.7031 6.9320
v 0.8611 13.1635 7.9451
v 1.2168 9.3597 7.8914
v -0.3036 8.6802 9.6362
v 0.2314 8.2849 9.8789
v 0.0136 8.0082 8.0672
v 2.2013 8.5501 9.6417
v -0.8552 8.2725 6.7602
v -1.1764 7.5162 6.8543
v -3.0341 6.8762 4.5798
v -4.3890 6.4618 3.1628
v -1.9191 8.0368 2.7225
v -2.8442 8.0602 1.1701
v -1.1884 5.9148 -0.3328
v -2.8442 8.0602 1.1701
v -4.3890 6.4618 3.1628
v -3.5309 3.7971 2.7258
v -2.3139 1.3832 2.1295
v -0.6467 2.9516 -0.1349
v 0.1364 3.3535 -0.9378
v 5.8730 -6.2810 -4.1995
v 10.1857 -4.9829 -6.2131
v 9.8325 -4.6044 -5.6283
v 8.2693 -4.8936 -7.6512
v 9.6128 -6.5373 -7.9871
v 9.6128 -6.5373 -7.9871
v 8.2693 -4.8936 -7.6512
v 12.5909 -9.3603 -7.0449
v 10.5602 -9.5819 -8.8674
v 11.8781 -9.8038 -8.2780
v 14.8991 -9.7054 -5.3878
v 14.4172 -9.0699 -5.0897
v 11.6917 -6.5334 -6.1646
v 12.8101 -5.2579 -4.0414
v 11.8599 -4.3836 -3.5103
v 11.8599 -4.3836 -3.5103
v 14.2341 -2.5443 -3.9832
v 13.7437 -3.7378 -3.5998
v 12.7701 -4.2390 -3.8787
v 13.4007 -2.2722 -5.2576
v 13.4007 -2.2722 -5.2576
v 13.7437 -3.7378 -3.5998
v 14.0081 2.4302 1.3368
v 7.1902 11.3684 -2.0813
v 8.9366 8.1011 -2.9017
v 8.7808 9.4940 -3.1409
v 7.5285 9.1594 -1.9898
v 5.8984 11.0251 -0.5933
v 6.6602 12.7355 -1.9071
v 4.6624 11.7789 1.0073
v 3.8715 12.4602 1.1928
v 1.8481 12.0689 -1.2532
v 3.8715 12.4602 1.1928
v 0.2156 11.7072 -2.3809
v -1.9848 11.2768 -4.9896
v -1.9848 11.2768 -4.9896
v -5.8098 10.4293 -8.3566
v -6.9207 10.2974 -10.3258
v -10.4046 10.6103 -7.0492
v -9.2323 9.2713 -8.1476
v -10.4504 9.2298 -9.0738
v -8.4127 9.5100 -5.7412
v -8.8437 9.0148 -7.6330
v -9.4119 9.3457 -7.0218
v -7.3553 9.0020 -6.3313
v -8.4127 9.5100 -5.7412
v -9.0550 9.1393 -4.7343
v -8.0477 8.1634 -5.0113
v -4.7627 9.0626 -1.3612
v -8.0477 8.1634 -5.0113
v -8.3521 8.6099 -3.4748
v -2.1939 9.9743 2.3355
v -6.1339 9.6152 -0.4405
v -2.4955 9.3936 0.6152
v -1.4094 9.3488 1.6329
v -1.4779 9.2765 2.4543
v -1.4094 9.3488 1.6329
v -2.1939 9.9743 2.3355
v 1.8682 10.7031 6.9320
v 2.7352 9.9245 8.5107
v 3.1781 11.1646 8.0948
v 2.0547 10.0021 7.4817
v 2.0547 10.0021 7.4817
v 0.7516 9.7705 4.5784
v 3.7340 10.3742 7.6076
v 3.1657 9.6773 8.4668
v -0.4131 8.8844 5.4754
v -2.4432 7.9778 3.7444
v -1.3786 8.3850 4.4577
v -0.2631 9.3173 3.6760
v -1.4779 9.2765 2.4543
v -0.2631 9.3173 3.6760
v -1.9191 8.0368 2.7225
v -1.2559 8.6405 1.9284
v -1.4779 9.2765 2.4543
v -1.9191 8.0368 2.7225
v -1.2559 8.6405 1.9284
v -2.3395 8.6859 0.6891
v -0.6444 9.1186 -1.6968
v -2.3395 8.6859 0.6891
v 2.5652 6.1184 -4.3921
v 2.2753 5.5403 -3.9375
v 8.1292 7.1228 -1.9335
v 7.3429 7.4054 -1.0004
v 6.9433 9.0298 -0.8114
v 6.8584 7.1838 -0.2740
v -0.1893 11.3320 -2.3607
v 0.8639 9.8525 -3.4415
v 0.2156 11.7072 -2.3809
v -1.8734 10.6734 -3.0688
v -0.1893 11.3320 -2.3607
v -5.6520 9.2081 -5.0972
v -1.8734 10.6734 -3.0688
v -7.0302 9.2454 -6.6707
v -6.5573 11.0630 -7.7691
v -7.0302 9.2454 -6.6707
v -5.8098 10.4293 -8.3566
v -7.1472 10.8181 -7.2142
v -7.0302 9.2454 -6.6707
v -7.1472 10.8181 -7.2142
v -8.5409 10.0526 -8.2856
v -9.2323 9.2713 -8.1476
v -8.8437 9.0148 -7.6330
v -7.3553 9.0020 -6.3313
v -8.8437 9.0148 -7.6330
v -7.3553 9.0020 -6.3313
v -8.0477 8.1634 -5.0113
v -4.3707 9.2065 -2.3329
v -4.7627 9.0626 -1.3612
v -2.4955 9.3936 0.6152
v -4.3707 9.2065 -2.3329
v -4.7627 9.0626 -1.3612
v -1.3105 10.5697 -1.1031
v -1.3105 10.5697 -1.1031
v -2.4955 9.3936 0.6152
v -1.4094 9.3488 1.6329
v -2.3395 8.6859 0.6891
v -2.4955 9.3936 0.6152
v -1.2559 8.6405 1.9284
v -1.2559 8.6405 1.9284
v 2.7785 6.5083 -4.3534
v 2.7127 -9.3222 -0.3204
v 1.4120 -9.9530 0.9547
v 1.2951 -10.3215 1.9001
v 1.2951 -10.3215 1.9001
v 1.4120 -9.9530 0.9547
v -3.0667 0.3028 3.5736
v 8.7903 18.0036 -11.2565
v 9.5962 16.2408 -11.4896
v 6.6258 15.4114 -14.4774
v 6.2758 14.9913 -15.0896
v 6.8656 16.3210 -13.7175
v 6.4908 17.4941 -13.5196
v 6.8656 16.3210 -13.7175
v 8.7903 18.0036 -11.2565
v 6.4908 17.4941 -13.5196
v 1.4531 -17.2523 -1.1728
v 1.3143 -17.2830 -1.1511
v 1.3746 -17.2126 -1.2338
v 2.0387 -16.7800 -2.0604
v 4.1655 -16.4229 -0.4260
v 2.8598 -16.0271 -3.1350
v 4.1655 -16.4229 -0.4260
v 2.0387 -16.7800 -2.0604
v 3.8137 -15.1877 -4.3750
v 6.6076 -14.2260 -3.6804
v 4.5381 -14.6846 -5.2843
v 5.2747 -13.8933 -6.2763
v -1.5951 -13.3599 4.8970
v -1.3777 -13.3117 4.6490
v -1.8091 -13.4073 4.2525
v -2.0264 -13.4554 4.5005
v -1.8124 -13.4080 5.1450
v -2.2468 -13.5043 4.8203
v -2.5671 -13.5752 6.6900
v -2.5217 -13.5652 6.4332
v -2.9954 -13.6701 6.2216
v -3.0197 -13.6755 6.7963
v 3.6841 -12.1902 9.6754
v 3.4094 -12.4795 9.9756
v 3.7595 -12.1735 9.5209
v 3.1319 -12.3126 9.6902
v 3.4969 -12.2317 10.0257
v 3.1319 -12.3126 9.6902
v 3.4214 -12.2484 10.1802
v 3.1319 -12.3126 9.6902
v 2.9870 -12.3447 9.8555
v 3.3098 -12.2731 10.3761
v 2.8391 -12.3774 10.0927
v 1.8125 -12.6049 13.1787
v 1.2241 -12.7352 13.2349
v 1.6223 -12.6470 13.6009
v 1.3808 -14.2992 12.6208
v 1.5408 -13.0648 13.4484
v 1.2241 -12.7352 13.2349
v 1.1877 -14.4562 12.8688
v 1.2241 -12.7352 13.2349
v 0.9373 -14.1120 12.7163
v -3.8410 -15.1707 8.3236
v -3.8199 -15.1089 8.3541
v -4.0702 -14.7647 8.2016
v -4.2331 -14.9721 8.0186
v -4.0100 -15.6649 8.0796
v -4.4323 -15.6443 7.7135
v -3.3950 -18.4406 8.0796
v -4.0100 -15.6649 8.0796
v -4.4323 -15.6443 7.7135
v -3.7932 -18.5289 7.7135
v -3.1297 -19.6380 8.0796
v -3.5279 -19.7262 7.7135
v -3.1056 -19.7468 8.0796
v -3.4918 -19.8895 7.7135
v -3.0122 -20.0116 8.1101
v -3.4315 -20.1616 7.7135
v -2.5720 -21.6841 8.1711
v -2.8917 -21.8121 7.8660
v -2.4514 -22.2284 8.1711
v -0.5829 -20.5582 5.8043
v -2.5268 -22.3593 8.0796
v -2.8917 -21.8121 7.8660
v -2.2582 -22.1855 7.6771
v -1.6078 -19.8718 2.6514
v -1.1193 -19.9919 3.6532
v -1.8251 -20.0912 2.9408
v -0.4969 -18.8834 1.2048
v 2.3391 -18.0266 2.2891
v 0.2275 -18.3803 0.2955
v -3.4908 -15.2644 7.4183
v -1.5961 -17.4711 5.8890
v -2.9745 -14.1794 6.6635
v -3.0592 -14.1410 7.5668
v -2.9745 -14.1794 6.6635
v -3.6599 -14.9593 8.0756
v -3.4908 -15.2644 7.4183
v -0.9172 -18.1200 5.2385
v 1.8683 -18.4164 2.6218
v 2.6589 -18.7551 1.9801
v 1.8683 -18.4164 2.6218
v 2.3391 -18.0266 2.2891
v 2.2700 -17.1284 1.8060
v 6.1079 -13.1948 -7.3509
v 6.6076 -14.2260 -3.6804
v 5.2747 -13.8933 -6.2763
v 8.9621 -12.3340 -6.6976
v 7.0134 -12.4803 -8.5082
v 7.1583 -12.2769 -8.7149
v 9.6594 -11.5515 -7.5764
v 7.6896 -11.7595 -9.4175
v 9.2920 -10.9477 -9.6469
v 8.2330 -11.2966 -10.1202
v 8.4986 -11.1235 -10.4508
v 8.1757 -11.1951 -10.1507
v 9.0686 -10.9972 -9.2552
v 10.5319 -10.6730 -8.8055
v 10.0491 -10.7800 -8.8016
v 9.7381 -10.8489 -7.9681
v 10.5319 -10.6730 -8.8055
v 10.0491 -10.7800 -8.8016
v 9.3761 -10.9291 -8.3755
v 8.3287 -11.1612 -6.4280
v 7.9305 -11.2494 -6.7940
v 7.6436 -11.3130 -5.7145
v 7.2816 -11.3932 -6.1219
v 7.6073 -11.3210 -5.6732
v 7.2091 -11.4092 -6.0392
v 6.0469 -11.6667 -3.8240
v 5.6156 -11.7623 -4.2206
v 5.1053 -11.8753 -2.7494
v 4.7071 -11.9636 -3.1155
v 3.8346 -12.1569 -1.2310
v 5.1053 -11.8753 -2.7494
v 4.7071 -11.9636 -3.1155
v 3.4032 -12.2524 -1.6275
v 2.2048 -12.5180 0.6290
v 1.7734 -12.6135 0.2324
v -1.1967 -13.2716 4.4424
v 2.2048 -12.5180 0.6290
v 1.7734 -12.6135 0.2324
v -1.6280 -13.3672 4.0458
v -1.3777 -13.3117 4.6490
v -1.8091 -13.4073 4.2525
v -1.9663 -13.4421 5.5258
v -1.8124 -13.4080 5.1450
v -2.2468 -13.5043 4.8203
v -2.4370 -13.5464 5.2425
v -2.5217 -13.5652 6.4332
v -2.9954 -13.6701 6.2216
v -1.9004 -13.4275 7.2283
v -2.5671 -13.5752 6.6900
v -3.0197 -13.6755 6.7963
v -2.0212 -13.4543 7.6396
v 0.6582 -12.8606 7.8639
v 0.7425 -12.8419 8.3146
v 1.0685 -12.7697 7.9426
v -1.2128 -13.5035 8.4131
v 0.7541 -13.3532 9.7926
v 1.9976 -12.5639 8.7967
v 0.7425 -12.8419 8.3146
v 1.8074 -12.6060 9.2189
v 3.3885 -12.2557 9.3290
v 3.1319 -12.3126 9.6902
v 3.7595 -12.1735 9.5209
v 3.4094 -12.4795 9.9756
v 0.0444 -14.4812 11.8621
v 1.1877 -14.4562 12.8688
v 0.9373 -14.1120 12.7163
v 0.0143 -14.0310 11.9232
v -0.3327 -14.5076 11.5266
v -0.3960 -14.0648 11.5571
v -0.5982 -14.5664 11.2826
v -0.6614 -14.1237 11.3131
v -1.3523 -14.6193 10.6115
v -1.4035 -14.2310 10.6420
v -3.8199 -15.1089 8.3541
v -4.0702 -14.7647 8.2016
v -3.8692 -22.4283 6.8899
v -2.2582 -22.1855 7.6771
v -2.5268 -22.3593 8.0796
v -2.8917 -21.8121 7.8660
v -3.9325 -21.9855 6.9204
v -4.4454 -22.4989 6.3713
v -4.5086 -22.0561 6.4018
v -4.1918 -22.2714 6.0407
v -4.0228 -22.1768 5.8340
v -3.8054 -21.9574 5.5447
v -0.5829 -20.5582 5.8043
v -2.9119 -21.0171 4.3461
v -1.1193 -19.9919 3.6532
v -2.2719 -20.4757 3.5194
v -1.8251 -20.0912 2.9408
v 2.2700 -17.1284 1.8060
v 2.3391 -18.0266 2.2891
v 4.1655 -16.4229 -0.4260
v 5.8079 -13.8894 -2.8232
v 2.2700 -17.1284 1.8060
v 4.1655 -16.4229 -0.4260
v 6.6076 -14.2260 -3.6804
v 8.9621 -12.3340 -6.6976
v 5.8079 -13.8894 -2.8232
v 6.6076 -14.2260 -3.6804
v 9.6594 -11.5515 -7.5764
v 7.9030 -11.6552 -5.7775
v 7.6073 -11.3210 -5.6732
v 5.2739 -13.3225 -2.5841
v 5.2739 -13.3225 -2.5841
v 1.0121 -15.0090 2.4584
v 1.0121 -15.0090 2.4584
v -1.5961 -17.4711 5.8890
v -2.9745 -14.1794 6.6635
v -3.0592 -14.1410 7.5668
v 0.0084 -14.1465 11.0001
v 1.3808 -14.2992 12.6208
v -3.6599 -14.9593 8.0756
v 1.5701 -16.3128 2.0973
v -0.9172 -18.1200 5.2385
v -0.5829 -20.5582 5.8043
v 1.3131 -17.9685 3.1178
v 1.8683 -18.4164 2.6218
v 1.8683 -18.4164 2.6218
v 2.6589 -18.7551 1.9801
v 2.2700 -17.1284 1.8060
v 1.5701 -16.3128 2.0973
v 2.5407 17.4753 -17.8801
v 0.5317 16.8588 -19.7602
v 0.4046 16.4310 -19.9547
v 2.6956 17.1099 -17.8153
v 2.7049 17.5687 -17.7181
v 2.9424 17.1646 -17.5884
v 7.0568 17.9620 -13.8283
v 6.7358 18.5761 -13.9904
v 6.3721 18.3813 -14.3469
v 6.6819 17.6506 -14.2173
v 7.0698 17.7365 -13.8607
v 7.3679 18.2593 -14.0204
v 7.2490 17.7762 -13.9199
v 6.6819 17.6506 -14.2173
v 6.8621 17.6905 -14.3502
v 9.2237 18.2138 -14.8657
v 9.1122 18.1891 -14.5205
v 8.7625 18.1116 -15.0659
v 9.3563 18.7570 -14.1963
v 9.2256 18.2142 -15.0132
v 8.7625 18.1116 -15.0659
v 8.7291 18.1042 -15.2458
v 9.2990 18.2305 -15.1696
v 8.8397 18.1287 -15.5173
v 9.7375 18.3276 -15.9606
v 9.2762 18.2254 -16.1608
v 9.6041 18.2980 -16.6802
v 9.1781 18.2037 -16.8480
v 9.6775 18.3143 -16.8367
v 10.3896 19.3286 -16.9113
v 11.4569 18.7086 -19.2307
v 11.1800 19.2182 -18.1804
v 11.2624 18.6655 -17.9916
v 10.9117 18.5878 -18.4632
v 10.9594 18.5984 -19.3895
v 11.3969 18.6953 -20.1067
v 10.9681 18.6003 -20.0532
v 6.7900 17.6745 -22.5507
v 8.3275 18.8717 -22.9859
v 8.7238 18.1030 -23.0864
v 8.8229 18.1250 -22.4730
v 7.0330 17.7284 -22.0288
v 4.4579 17.1578 -21.5603
v 4.4522 17.1565 -21.1178
v 3.1533 16.8687 -22.7596
v 4.4579 17.1578 -21.5603
v 4.4522 17.1565 -21.1178
v 2.8997 16.8125 -22.4703
v 3.0475 16.8453 -22.8568
v 2.6176 16.7500 -22.7296
v 3.0484 16.8455 -22.9306
v 3.0475 16.8453 -22.8568
v 2.6176 16.7500 -22.7296
v 2.5147 16.7272 -23.0481
v 2.9798 16.8303 -23.1429
v 2.5147 16.7272 -23.0481
v 2.9465 16.8229 -23.3228
v 2.4499 16.7129 -23.5554
v 3.8157 17.0155 -24.3148
v 2.9465 16.8229 -23.3228
v 2.4499 16.7129 -23.5554
v 3.3563 16.9137 -24.6624
v 5.0138 17.2810 -25.9000
v 3.8157 17.0155 -24.3148
v 3.3563 16.9137 -24.6624
v 4.5906 17.1872 -26.2890
v 5.9554 17.4896 -26.9746
v 5.7124 17.4358 -27.4965
v 1.3451 17.4387 -20.2035
v 3.2758 17.8665 -17.7570
v 9.0568 19.1475 -15.0546
v 9.6550 18.7090 -16.1081
v 11.0137 19.4097 -20.0800
v 4.3215 18.0982 -21.3479
v 3.0233 16.9541 -22.8568
v 4.3215 18.0982 -21.3479
v 3.0233 16.9541 -22.8568
v 4.4455 17.7831 -25.3303
v 7.5025 17.8324 -14.2092
v 7.2490 17.7762 -13.9199
v 6.8621 17.6905 -14.3502
v 7.1508 17.7545 -14.6071
v 8.0048 17.9437 -14.4191
v 7.7608 17.8896 -14.8673
v 9.1122 18.1891 -14.5205
v 8.7625 18.1116 -15.0659
v 9.1781 18.2037 -16.8480
v 9.5717 18.2909 -16.9339
v 9.6775 18.3143 -16.8367
v 9.5726 18.2911 -17.0076
v 9.5693 18.8613 -17.7954
v 9.1781 18.2037 -16.8480
v 8.4443 18.0411 -18.0449
v 9.1781 18.2037 -16.8480
v 7.9811 17.9384 -18.0976
v 8.9857 18.1610 -18.5174
v 8.4443 18.0411 -18.0449
v 7.9811 17.9384 -18.0976
v 8.7064 18.0992 -18.9980
v 9.9825 18.3819 -18.3473
v 10.1293 18.4144 -18.6601
v 10.0511 18.3971 -18.1349
v 10.0149 18.3891 -18.0936
v 10.1579 18.4208 -18.1114
v 10.0149 18.3891 -18.0936
v 10.0511 18.3971 -18.1349
v 10.1293 18.4144 -18.6601
v 10.1293 18.4144 -18.6601
v 11.2624 18.6655 -17.9916
v 10.9117 18.5878 -18.4632
v 11.2624 18.6655 -17.9916
v 10.4497 18.4854 -21.3506
v 11.3969 18.6953 -20.1067
v 10.9681 18.6003 -20.0532
v 10.0894 18.4056 -21.0848
v 9.0411 18.1733 -22.7947
v 8.8229 18.1250 -22.4730
v 8.7238 18.1030 -23.0864
v 9.9913 18.5551 -21.8134
v 8.3275 18.8717 -22.9859
v 6.7741 17.6710 -26.8191
v 5.9554 17.4896 -26.9746
v 5.7124 17.4358 -27.4965
v 6.8865 17.6959 -27.2381
v 7.4145 17.8129 -26.6781
v 9.3563 18.7570 -14.1963
v 7.3679 18.2593 -14.0204
v 11.0137 19.4097 -20.0800
v 9.5693 18.8613 -17.7954
v -10.6651 13.8070 -2.5524
v -10.3480 13.8772 -1.2907
v -10.7448 13.7893 -1.1331
v -11.1682 13.6955 -2.7163
v -10.6647 13.8071 -2.6267
v -11.0583 13.7198 -3.0631
v -6.8409 14.6543 -4.1861
v -7.0959 15.2830 -3.7651
v -6.8771 14.6463 -4.1447
v -7.2707 14.5591 -4.5812
v -7.1983 14.5751 -4.6638
v -6.6598 14.6944 -4.3927
v -5.2110 15.3580 -6.1287
v -5.7166 14.9034 -5.7644
v -7.1983 14.5751 -4.6638
v -6.4349 14.7443 -6.0516
v -8.7050 14.2413 -12.2429
v -9.8306 13.9919 -10.4418
v -10.3340 13.8803 -10.5315
v -9.1710 14.1380 -12.5967
v -8.5601 14.2734 -12.4083
v -8.9537 14.1862 -12.8447
v -2.8465 15.5393 -17.3051
v -3.3886 15.4192 -16.9079
v -3.7464 15.3400 -17.3114
v -3.2763 15.4441 -17.7002
v -1.8333 15.7639 -18.3138
v -2.1186 15.7006 -18.8000
v -1.2216 15.8994 -18.2739
v -1.4349 15.8521 -18.7685
v -0.4272 16.0754 -18.7377
v -0.4606 16.0680 -19.2162
v 0.6481 16.3137 -17.8985
v -0.4272 16.0754 -18.7377
v -0.4606 16.0680 -19.2162
v 0.8662 16.3620 -18.2950
v 0.7917 16.3455 -17.8410
v 1.0095 16.3937 -18.1633
v 0.8272 16.3533 -17.7338
v 1.1527 16.4255 -18.0316
v 1.2207 16.4405 -17.2974
v 1.5821 16.5206 -17.5622
v 5.5327 17.5102 -13.7590
v 4.8025 18.0906 -14.2116
v 4.1894 17.0983 -13.8221
v 4.9090 17.2578 -13.7576
v 4.1572 17.0912 -14.5233
v 4.9834 17.2743 -14.2116
v 5.3400 17.3533 -13.5853
v 5.5218 17.3936 -13.9405
v 8.5992 18.0754 -10.5891
v 8.5634 18.0675 -10.6220
v 8.5996 18.0755 -10.6634
v 8.6716 18.0915 -10.6718
v 11.1755 18.6463 -7.7730
v 11.1429 18.6390 -8.4000
v 11.7908 18.7826 -8.4014
v 11.1755 18.6463 -7.7730
v 11.1429 18.6390 -8.4000
v 11.6822 19.1011 -8.3600
v 11.8270 18.7906 -8.4427
v 11.1429 18.6390 -8.4000
v 8.5996 18.0755 -10.6634
v 9.5702 18.2906 -10.4427
v 9.4242 18.2582 -10.0546
v 8.5634 18.0675 -10.6220
v 6.4555 17.6004 -13.5300
v 6.0241 17.5048 -13.6280
v 5.5214 17.3935 -13.8662
v 6.2422 17.5532 -14.0245
v 6.5275 17.6164 -13.5384
v 6.4555 17.6004 -13.5300
v 6.2422 17.5532 -14.0245
v 6.7209 18.6299 -13.9930
v 7.0567 17.9620 -13.8284
v 6.7078 17.6563 -13.5965
v 6.2422 17.5532 -14.0245
v 6.6752 17.6491 -14.2235
v 7.0692 17.7364 -13.8613
v 6.6752 17.6491 -14.2235
v 6.6752 17.6491 -14.2235
v 6.3510 18.4337 -14.3552
v 2.5429 17.4758 -17.8782
v 2.7099 17.5699 -17.7135
v 2.9496 17.1662 -17.5818
v 2.6631 17.1027 -17.8452
v 0.5375 16.8601 -19.7549
v 0.4071 16.4316 -19.9524
v -2.1618 15.6911 15.7869
v -2.2101 15.9088 15.7869
v -2.6399 15.8135 15.3918
v -2.5916 15.5958 15.3918
v -2.0170 15.7232 15.6216
v -1.5820 15.8195 15.0513
v -2.5916 15.5958 15.3918
v -1.9759 15.7323 14.6891
v -0.7127 16.0121 14.0593
v -1.1067 15.9249 13.6972
v 0.2994 16.2364 13.2733
v -0.0214 16.1653 12.6800
v 0.4458 16.2689 12.8110
v 0.4223 17.0630 12.5714
v 0.9171 16.3733 12.1994
v -0.0214 16.1653 12.6800
v 0.4873 16.2780 11.8043
v 1.8945 16.5898 11.1577
v 1.5368 16.5106 10.7542
v 1.8945 16.5898 11.1577
v 1.6450 16.5346 10.7045
v 2.0744 16.6297 11.1738
v 1.8970 16.5904 10.7122
v 2.4708 16.7175 11.0904
v 1.8970 16.5904 10.7122
v 2.4708 16.7175 11.0904
v 1.9332 16.5984 10.6708
v 2.7243 16.7737 10.8011
v 1.9332 16.5984 10.6708
v 2.1513 16.6467 10.2743
v 2.7243 16.7737 10.8011
v 1.9332 16.5984 10.6708
v 1.6853 16.5435 9.9206
v 1.2173 16.4398 9.9381
v 1.8680 16.5840 9.4169
v 1.6853 16.5435 9.9206
v 1.2173 16.4398 9.9381
v 1.4016 16.4806 9.1374
v 1.9042 16.5920 9.3755
v 1.4382 16.4887 9.0218
v 1.9408 16.6001 9.2599
v 1.6547 16.5367 8.9223
v 2.0499 16.6243 9.0617
v 2.2676 16.6725 8.7394
v 2.1594 16.9911 8.7065
v 1.6547 16.5367 8.9223
v 2.3404 16.6886 8.5825
v 1.6547 16.5367 8.9223
v 1.9807 16.6089 8.5503
v 2.1594 16.9911 8.7065
v 2.3404 16.6886 8.5825
v 1.6547 16.5367 8.9223
v 0.2897 16.2343 8.4137
v 1.6547 16.5367 8.9223
v 0.3951 16.2576 8.8838
v 0.2176 16.2183 8.4221
v 0.2510 16.2257 8.9006
v 0.1818 16.2104 8.3892
v 0.1074 16.1939 8.8431
v -10.3243 13.9396 -1.2578
v -10.7251 13.9079 -2.5853
v -8.7201 14.9802 -11.8142
v -1.5696 16.1078 -18.3146
v 0.4051 16.7737 -19.6638
v 0.8280 16.3535 -17.8823
v 0.4051 16.7737 -19.6638
v 2.6197 17.2644 -16.5086
v 8.5634 18.0675 -10.6220
v 11.6822 19.1011 -8.3600
v 2.6499 17.4995 -17.7051
v 1.8825 16.6443 11.1577
v -10.2406 13.9010 -1.1920
v -8.5592 14.2736 0.7268
v -10.4941 13.8449 -0.9026
v -10.3480 13.8772 -1.2907
v -10.7448 13.7893 -1.1331
v -10.2683 13.8949 -2.7100
v -10.6647 13.8071 -2.6267
v -11.0583 13.7198 -3.0631
v -10.5178 13.8396 -3.1633
v -9.1878 14.1343 -2.8361
v -9.1850 14.1349 -3.3559
v -8.7194 14.2381 -2.9279
v -9.1850 14.1349 -3.3559
v -8.7194 14.2381 -2.9279
v -9.0047 14.1749 -3.4141
v -8.6832 14.2461 -2.9692
v -8.0686 14.8962 -3.5731
v -7.7798 14.4463 -3.6312
v -9.0047 14.1749 -3.4141
v -8.1375 14.3670 -4.0348
v -6.9492 14.6303 -4.1363
v -7.7798 14.4463 -3.6312
v -8.1375 14.3670 -4.0348
v -7.2707 14.5591 -4.5812
v -6.8771 14.6463 -4.1447
v -8.0686 14.8962 -3.5731
v -7.0959 15.2830 -3.7651
v -6.1818 14.8004 -6.2667
v -5.7166 14.9034 -5.7644
v -6.4349 14.7443 -6.0516
v -5.2110 15.3580 -6.1287
v -7.6486 14.4753 -7.9136
v -6.4349 14.7443 -6.0516
v -7.9742 14.4032 -7.6159
v -8.3999 14.3089 -8.7536
v -8.7251 14.2368 -8.5301
v -9.8306 13.9919 -10.4418
v -10.3340 13.8803 -10.5315
v -4.6554 15.1386 -15.6098
v -8.5601 14.2734 -12.4083
v -8.9537 14.1862 -12.8447
v -4.9770 15.0673 -16.0546
v -4.5110 15.1706 -15.7008
v -4.9770 15.0673 -16.0546
v -3.3886 15.4192 -16.9079
v -3.7464 15.3400 -17.3114
v 3.7250 16.9954 -14.4729
v 1.2207 16.4405 -17.2974
v 1.5821 16.5206 -17.5622
v 4.1572 17.0912 -14.5233
v 4.1894 17.0983 -13.8221
v 4.8025 18.0906 -14.2116
v 5.6623 17.4247 -13.2890
v 5.3400 17.3533 -13.5853
v 5.5218 17.3936 -13.9405
v 5.9158 17.4809 -13.5783
v 8.5634 18.0675 -10.6220
v 8.5638 18.0676 -10.6963
v 8.5634 18.0675 -10.6220
v 8.5996 18.0755 -10.6634
v 9.5702 18.2906 -10.4427
v 11.6822 19.1011 -8.3600
v 11.8270 18.7906 -8.4427
v 11.1429 18.6390 -8.4000
v 9.4242 18.2582 -10.0546
v 7.0619 17.7348 -12.5247
v 8.5996 18.0755 -10.6634
v 8.5634 18.0675 -10.6220
v 6.7726 17.6707 -12.2683
v 6.0241 17.5048 -13.6280
v 5.5214 17.3935 -13.8662
v 2.9496 17.1662 -17.5818
v 2.7099 17.5699 -17.7135
v 3.7244 17.9089 -16.7587
v 0.1460 16.2024 8.3563
v 0.1818 16.2104 8.3892
v 0.1074 16.1939 8.8431
v -0.0721 16.1541 8.7528
v -2.2923 15.6622 6.6372
v -2.5458 15.6060 6.9265
v -3.0082 15.5035 5.9044
v -3.2617 15.4474 6.1937
v -3.5454 15.3845 5.4105
v -3.9422 15.2966 5.5682
v -3.6163 15.3688 5.1962
v -4.0122 15.2811 5.2053
v -3.6146 15.3692 4.8992
v -4.0241 16.1920 4.9986
v -6.1600 14.8052 3.0070
v -4.0122 15.2811 5.2053
v -6.4135 14.7490 3.2963
v -6.5181 14.7258 2.6778
v -6.8779 14.6461 2.6456
v -6.4803 14.7342 2.3394
v -6.7944 15.4640 2.5790
v -6.8027 14.6628 2.0431
v -6.8779 14.6461 2.6456
v -7.1990 14.5750 2.1265
v -6.7660 14.6709 1.9275
v -7.7276 15.5998 2.0116
v -7.1990 14.5750 2.1265
v -7.6248 14.4806 0.9888
v -7.9504 14.4085 1.2865
v -8.2695 14.3378 0.3961
v -10.3243 13.9396 -1.2578
v -10.7251 13.9079 -2.5853
v -4.9075 15.7108 -6.8390
v -8.7201 14.9802 -11.8142
v 2.6197 17.2644 -16.5086
v 5.5327 17.5102 -13.7590
v 8.5634 18.0675 -10.6220
v -21.0839 -17.6780 20.2645
v -21.4457 -17.7581 19.9318
v -21.5936 -17.7909 19.4228
v -20.8599 -17.6284 19.8734
v -19.1331 -17.2457 21.8340
v -18.8433 -17.1815 21.5033
v -18.0508 -17.0060 22.9035
v -17.7644 -16.9425 22.6444
v -16.4423 -16.6496 24.4568
v -16.1525 -16.5854 24.1262
v -15.6594 -16.4761 25.3258
v -15.5342 -16.4483 24.8439
v -7.2827 -14.2775 22.1228
v -8.5120 -14.6070 23.7428
v -8.4122 -14.8703 23.6299
v -7.9380 -14.7653 23.0211
v -9.0471 -15.0110 23.2701
v -8.3690 -14.8608 22.6995
v -7.3386 -14.6325 21.9303
v -7.7300 -14.7192 21.4959
v -7.2661 -14.6164 21.8476
v -7.3386 -14.6325 21.9303
v -7.7300 -14.7192 21.4959
v -7.3482 -14.6346 21.3991
v -7.1708 -14.5953 22.0099
v -6.9139 -14.5384 21.6490
v -5.8845 -14.3103 23.1178
v -5.5948 -14.2461 22.7871
v -5.6543 -14.2593 23.3294
v -5.3678 -14.1958 23.0704
v -4.3813 -13.9772 24.7235
v -4.3119 -13.9619 23.9665
v 0.1210 -12.9797 16.3998
v -1.1207 -13.2548 18.7658
v -1.6208 -13.3656 18.4553
v -0.3462 -13.0832 16.1196
v 1.0992 -12.7629 14.5379
v 0.6682 -12.8584 14.2164
v 1.5504 -12.6630 13.6841
v 1.1195 -12.7585 13.3625
v 1.6229 -12.6469 13.6014
v 1.1952 -12.7417 13.2083
v 2.0298 -10.9010 14.2969
v 1.6197 -10.7634 13.9643
v 2.3862 -9.3946 14.9018
v 1.9553 -9.3187 14.5389
v 2.8973 -7.3400 15.7485
v 2.3973 -7.1082 15.3554
v -1.9237 -1.1569 12.7244
v -1.7713 -1.0660 12.8756
v -2.1562 -1.6652 12.4220
v -2.3750 -1.5994 13.6609
v -2.4259 -1.3823 12.2406
v -2.1562 -1.6652 12.4220
v -2.7399 -1.6803 12.6539
v -4.0365 -2.3102 12.5894
v -2.9402 -1.5534 11.7567
v -2.1562 -1.6652 12.4220
v -2.8229 -1.9271 11.7870
v -4.6267 -2.0412 10.1842
v -4.5302 -2.4766 10.1842
v -6.3789 -2.5437 8.5512
v -6.2824 -2.9791 8.5512
v -6.7945 -2.6928 8.1581
v -6.8746 -3.1103 8.0069
v -6.8307 -2.5296 8.1581
v -6.8065 -2.6384 8.1581
v -7.1651 -2.8892 7.7952
v -7.2583 -2.6243 7.7650
v -7.0773 -1.7278 8.0976
v -7.4721 -1.8152 7.7347
v -7.3667 -0.4216 8.0976
v -7.7944 -0.5163 7.7045
v -8.0968 3.1851 8.1581
v -8.5245 3.0903 7.7650
v -8.2624 3.7765 8.1279
v -8.6812 3.7979 7.7650
v -8.2086 3.8455 8.1884
v -8.2624 3.7765 8.1279
v -8.6812 3.7979 7.7650
v -8.5650 4.0520 7.9162
v -8.0474 4.0525 8.3698
v -8.2634 4.4043 8.2488
v -2.6570 4.7329 15.7627
v -3.0715 4.2985 15.1660
v -2.0122 5.1613 13.8736
v -1.9256 5.2376 13.9643
v -2.4377 5.5238 13.5712
v -1.5286 5.7823 14.4179
v -2.4377 5.5238 13.5712
v -2.7011 5.6367 14.0339
v -2.6570 4.7329 15.7627
v -1.5286 5.7823 14.4179
v -1.9267 5.8654 14.0853
v -2.4377 5.5238 13.5712
v -2.4234 5.9267 13.6619
v -2.4377 5.5238 13.5712
v -3.3115 7.4428 13.1780
v -3.0407 6.5321 13.2385
v -3.4113 6.3358 12.8756
v -3.6942 7.3009 12.8152
v -3.8355 9.4964 13.1176
v -4.2303 9.4089 12.7547
v -3.8837 9.7141 13.1176
v -4.2818 9.7972 12.7849
v -0.8398 10.6169 15.9602
v -0.8277 10.5625 15.9602
v -1.1962 10.8234 15.6880
v -0.9968 10.4679 16.1668
v -1.4593 12.3068 15.8201
v -1.4231 12.3148 15.7787
v -1.1962 10.8234 15.6880
v -1.8386 12.1656 15.3856
v -1.4231 12.3148 15.7787
v -1.8507 12.2200 15.3856
v -1.4713 12.5325 15.7787
v -1.8869 12.3833 15.3856
v -2.1707 15.6891 15.7787
v -2.5983 15.5944 15.3856
v -2.9313 15.5206 16.6467
v -3.3622 15.4251 16.3251
v -3.2739 15.4447 17.3765
v -3.9583 15.2931 17.3443
v -3.4978 15.3951 17.7677
v -2.9910 14.3083 17.4784
v -3.8238 15.3229 18.1397
v -3.9583 15.2931 17.3443
v -2.7620 12.9317 17.5610
v -3.8962 15.3068 18.2223
v -3.9583 15.2931 17.3443
v -5.7567 13.5814 15.5107
v -2.7620 12.9317 17.5610
v -3.8962 15.3068 18.2223
v -4.3534 15.2055 17.7274
v -3.9583 15.2931 17.3443
v -6.2251 14.7908 15.9321
v -3.9583 15.2931 17.3443
v -5.9683 14.8477 15.5712
v -6.5278 14.7237 15.8031
v -6.4388 14.7435 15.3626
v -6.7581 14.6727 15.5914
v -6.3512 13.8493 15.4150
v -7.9028 14.4191 14.3898
v -6.4388 14.7435 15.3626
v -7.5802 14.4906 14.0894
v -9.2449 14.1217 13.0068
v -8.9222 14.1932 12.7064
v -12.5936 13.3798 9.7791
v -12.4387 13.4141 9.3991
v -17.1504 12.3701 14.8438
v -17.0218 12.3986 14.2904
v -17.4528 12.3032 13.9688
v -17.6571 12.2579 14.6765
v -17.1736 12.3650 15.3448
v -17.6475 12.2600 15.2077
v -17.1178 12.3774 15.6200
v -17.6312 12.2636 15.5958
v -17.1245 12.3759 15.7631
v -17.5425 12.2833 15.9013
v -16.5357 12.5063 16.3790
v -17.1245 12.3759 15.7631
v -17.5425 12.2833 15.9013
v -16.7892 12.4502 16.6684
v -14.8218 12.8861 17.8800
v -15.1115 12.8219 18.2106
v -14.2297 13.0173 18.4243
v -14.4503 12.9684 18.7439
v -13.8316 13.1055 18.7156
v -13.9206 13.0858 19.1562
v -13.5322 13.1718 18.9162
v -12.9048 10.5131 18.1289
v -9.9384 11.4558 20.1651
v -11.0780 13.7156 20.7246
v -13.9206 13.0858 19.1562
v -11.4797 13.6266 21.2508
v -11.0026 13.7323 21.3163
v -11.0780 13.7156 20.7246
v -11.4797 13.6266 21.2508
v -9.9384 11.4558 20.1651
v -10.9830 13.7366 21.6328
v -11.4797 13.6266 21.2508
v -9.5197 10.5779 20.7346
v -11.0192 13.7286 21.6742
v -11.4797 13.6266 21.2508
v -9.2456 9.6680 20.7235
v -11.2365 13.6805 21.9222
v -11.4797 13.6266 21.2508
v -12.5792 13.3830 22.0311
v -12.4048 13.4216 21.9676
v -12.6218 13.3735 21.4696
v -12.9015 13.3115 21.5855
v -13.2969 13.2239 22.7146
v -13.7246 13.1292 22.3214
v -14.6008 12.9351 24.2025
v -14.9955 12.8476 23.8396
v -16.7376 12.4616 26.6411
v -17.1686 12.3661 26.3195
v -17.3205 12.3325 27.3740
v -17.7514 12.2370 27.0524
v -17.5049 12.2916 27.6522
v -17.9358 12.1961 27.3306
v -17.6763 12.2536 28.3901
v -17.5049 12.2916 27.6522
v -17.9358 12.1961 27.3306
v -18.1797 12.1421 28.1512
v -17.6830 12.2521 28.5332
v -18.1930 12.1391 28.4375
v -17.6896 12.2507 28.6764
v -17.5744 11.9336 28.4919
v -17.6996 12.2485 28.8911
v -18.1930 12.1391 28.4375
v -18.1734 12.1435 28.7540
v -17.6733 12.2543 29.0645
v -16.4993 9.7166 27.5856
v -16.0444 8.8468 28.1139
v -17.7129 12.2455 29.1774
v -18.1734 12.1435 28.7540
v -17.1766 9.6237 28.6159
v -16.0444 8.8468 28.1139
v -17.7129 12.2455 29.1774
v -17.7820 12.2302 29.1885
v -18.1734 12.1435 28.7540
v -18.0958 11.2471 29.0212
v -17.9202 12.1996 29.2107
v -18.1734 12.1435 28.7540
v -21.5631 -17.5558 19.9429
v -19.1846 -17.0288 21.9055
v -16.0626 -13.7677 24.9760
v -7.7949 -13.4775 22.3517
v -5.9121 -13.3458 23.7286
v -7.7949 -13.4775 22.3517
v -7.2827 -14.2775 22.1228
v -4.3233 -13.5076 25.0895
v -6.6450 -11.3956 24.7337
v -4.1379 -13.0669 25.1882
v 0.1201 -9.7253 19.3443
v 1.7367 -11.1372 14.7405
v -4.8134 -3.4529 15.2689
v -4.7175 -3.5459 16.6782
v -6.2429 -3.7126 13.2942
v -7.7422 -4.0448 10.1249
v -8.5018 -1.8150 9.6682
v -10.0894 -4.7361 11.9637
v -8.6038 3.4153 8.6541
v -8.6038 3.4153 8.6541
v -8.0508 4.0517 8.4414
v -3.6347 3.8312 16.2980
v -3.2740 4.3679 16.7930
v -3.3598 4.9769 15.0450
v -3.2740 4.3679 16.7930
v -4.5876 8.0736 14.3464
v -4.1582 5.7136 14.7869
v -4.4303 9.5930 13.8091
v -1.4710 10.1916 16.8170
v -4.2453 11.4040 15.0692
v -1.4710 10.1916 16.8170
v -5.5515 12.3136 14.8474
v -7.0918 10.7162 12.3667
v -11.3059 11.6667 9.6047
v -16.6207 10.0894 14.3428
v -16.5926 10.2099 15.4355
v -16.9918 11.7772 15.7631
v -16.9918 11.7772 15.7631
v -16.5926 10.2099 15.4355
v -13.4551 8.2786 16.6905
v -10.2386 7.5638 18.1762
v -10.3736 9.7607 19.0815
v -8.7218 8.9276 19.2477
v -8.7218 8.9276 19.2477
v -7.8063 7.3034 19.6600
v -7.4455 6.4697 19.7396
v -10.4162 8.6093 20.7609
v -10.5070 10.0166 20.6560
v -11.2552 11.1641 21.1934
v -12.9954 12.2059 22.6319
v -12.1964 12.8397 21.8133
v -15.7032 10.6924 26.0100
v -17.2119 11.8426 27.3740
v -17.2119 11.8426 27.3740
v -16.4993 9.7166 27.5856
v -15.6348 7.9669 26.6602
v -15.6348 7.9669 26.6602
v -15.0342 6.6725 27.6068
v -16.2870 7.8224 28.1502
v -15.0342 6.6725 27.6068
v -10.2954 2.1270 28.5633
v -9.8139 2.8046 28.8929
v -11.3112 1.3309 30.8768
v -12.4698 0.2178 30.9142
v -11.0163 1.2821 28.7377
v -12.1496 -1.1958 30.7710
v -11.0163 1.2821 28.7377
v -12.4698 0.2178 30.9142
v -19.0682 -16.0894 21.8914
v -15.0357 -10.6853 23.1160
v -16.3857 -11.3841 22.2451
v -15.9107 -12.3637 24.3368
v -11.5237 -10.4210 21.4687
v -11.2026 -9.0366 22.6159
v -7.9413 -10.6550 24.3386
v -10.3025 -8.2092 24.0130
v -7.2981 -5.7735 19.9544
v -7.3390 -5.5542 18.3194
v -8.9289 -5.9635 16.6229
v -9.2851 -4.6721 11.4122
v -13.2272 -0.6923 14.4022
v -11.7591 -6.3051 14.2258
v -10.0894 -4.7361 11.9637
v -10.3118 1.7237 10.7842
v -13.2272 -0.6923 14.4022
v -9.2737 2.8672 10.1249
v -10.3118 1.7237 10.7842
v -10.6302 1.7102 11.4727
v -4.1355 3.5489 17.5208
v -5.2540 2.3304 18.6922
v -5.0927 3.8507 16.5914
v -4.1355 3.5489 17.5208
v -4.6467 4.6918 15.4291
v -6.1521 6.0141 16.6801
v -4.6467 4.6918 15.4291
v -6.1671 7.6095 16.3797
v -4.4303 9.5930 13.8091
v -4.3191 9.1037 15.2295
v -4.5876 8.0736 14.3464
v -4.0116 10.2567 14.7526
v -4.3191 9.1037 15.2295
v -3.6508 9.7657 14.7496
v -4.0116 10.2567 14.7526
v -3.6508 9.7657 14.7496
v -4.9844 10.9547 14.5581
v -6.9318 9.4955 12.4191
v -4.9844 10.9547 14.5581
v -7.0918 10.7162 12.3667
v -10.7685 9.9586 9.2962
v -9.3189 9.5376 10.2609
v -15.7710 8.1080 14.7772
v -15.7710 8.1080 14.7772
v -14.4987 6.7912 14.5917
v -8.0433 7.5363 17.5572
v -9.5965 6.6783 17.1490
v -10.2386 7.5638 18.1762
v -9.0551 8.4541 18.6399
v -9.0551 8.4541 18.6399
v -7.9562 7.3272 18.9362
v -7.6498 7.7377 18.1651
v -6.7713 7.5898 18.5330
v -7.9562 7.3272 18.9362
v -7.8063 7.3034 19.6600
v -9.7251 7.0495 20.3173
v -8.3558 5.9826 19.2205
v -9.2895 7.5457 20.1984
v -10.4162 8.6093 20.7609
v -10.5070 10.0166 20.6560
v -12.0948 5.8964 23.2408
v -9.7251 7.0495 20.3173
v -10.4162 8.6093 20.7609
v -12.4568 6.6726 23.4475
v -12.0948 5.8964 23.2408
v -10.4162 8.6093 20.7609
v -14.4903 6.6218 25.5362
v -12.4568 6.6726 23.4475
v -13.0476 9.6821 23.3648
v -14.4903 6.6218 25.5362
v -14.4903 6.6218 25.5362
v -14.2903 5.2957 26.7227
v -14.5000 5.4777 27.2459
v -15.4862 5.6588 27.4617
v -14.5000 5.4777 27.2459
v -10.0298 2.4713 28.1913
v -8.8750 -0.8699 27.8082
v -10.0298 2.4713 28.1913
v -10.2954 2.1270 28.5633
v -10.1795 -0.0170 28.5472
v -10.6784 0.9573 28.4484
v -10.7139 -0.0212 29.1974
v -9.0821 0.5116 30.2084
v -10.7139 -0.0212 29.1974
v -12.1496 -1.1958 30.7710
v -10.6793 -0.8700 32.3466
v -12.1135 -1.8730 30.8950
v -10.6793 -0.8700 32.3466
v -12.1496 -1.1958 30.7710
v -10.5280 -2.0355 32.3274
v -11.6736 -2.3465 30.6662
v -10.5280 -2.0355 32.3274
v -12.1135 -1.8730 30.8950
v -10.0593 -2.2743 28.9605
v -9.9624 -0.9967 28.5472
v -11.6736 -2.3465 30.6662
v -11.0394 -3.1195 30.0271
v -9.4368 -5.3338 29.3597
v -10.6985 -4.9853 30.0382
v -10.2976 -6.7806 30.7126
v -8.8420 -5.6017 28.7095
v -11.3089 -8.2608 30.1360
v -8.8420 -5.6017 28.7095
v -10.2976 -6.7806 30.7126
v -9.6658 -6.3552 28.3638
v -9.4253 -6.6445 27.6974
v -10.7356 -7.6200 28.7479
v -24.7404 -15.8617 16.8906
v -24.9646 -17.1104 17.5711
v -23.7220 -17.5773 17.8231
v -23.5526 -16.2837 17.3271
v -23.8570 -14.4098 16.5287
v -21.6552 -14.5500 18.5054
v -23.8570 -14.4098 16.5287
v -23.5526 -16.2837 17.3271
v -21.6951 -12.0466 17.5387
v -20.4575 -13.2569 19.0598
v -17.1713 -10.5304 20.4538
v -15.5019 -9.4183 21.0132
v -14.5688 -9.4399 21.9013
v -12.4822 -9.1489 21.3236
v -11.0525 -6.2056 14.0433
v -16.2941 -3.3131 18.3701
v -13.6120 -8.2002 16.5626
v -14.3655 -1.9152 16.0031
v -5.0324 2.6079 18.7910
v -5.9970 3.1936 17.4624
v -5.0324 2.6079 18.7910
v -6.9835 3.7173 18.3415
v -5.9970 3.1936 17.4624
v -5.0927 3.8507 16.5914
v -9.5655 4.4584 20.7004
v -7.0046 7.3668 17.6882
v -5.5090 8.2691 16.8605
v -6.0314 8.5531 17.4281
v -5.1462 9.7198 15.3706
v -6.0314 8.5531 17.4281
v -4.0116 10.2567 14.7526
v -4.9844 10.9547 14.5581
v -5.1462 9.7198 15.3706
v -4.0116 10.2567 14.7526
v -5.1462 9.7198 15.3706
v -12.0239 7.5679 9.7469
v -11.1703 8.4993 9.4072
v -11.8721 8.9719 9.1078
v -12.6842 7.8213 9.5907
v -6.0314 8.5531 17.4281
v -7.6498 7.7377 18.1651
v -6.7713 7.5898 18.5330
v -11.8080 2.5912 23.5221
v -9.5655 4.4584 20.7004
v -14.5337 4.7279 26.1753
v -14.5337 4.7279 26.1753
v -14.0357 3.3538 25.8971
v -11.9216 1.1386 24.3346
v -12.7940 1.2879 25.3154
v -8.8528 -0.2369 27.4282
v -7.9183 -2.0854 26.9927
v -9.4122 -3.3870 28.8637
v -8.3701 -0.4726 29.6711
v -9.9624 -0.9967 28.5472
v -10.1795 -0.0170 28.5472
v -9.0821 0.5116 30.2084
v -10.7139 -0.0212 29.1974
v -9.0821 0.5116 30.2084
v -10.1795 -0.0170 28.5472
v -10.2968 -3.3546 29.8859
v -9.3970 -4.2972 28.9988
v -9.6457 -5.8368 27.8103
v -9.3970 -4.2972 28.9988
v -8.8420 -5.6017 28.7095
v -9.6457 -5.8368 27.8103
v -10.3990 -6.0037 27.0432
v -9.4253 -6.6445 27.6974
v -16.1089 -8.0111 24.8590
v -16.2996 -8.6814 26.6513
v -19.5441 -9.2861 23.6162
v -18.9753 -8.5320 22.5446
v -21.0874 -9.3426 20.8350
v -18.9753 -8.5320 22.5446
v -19.5441 -9.2861 23.6162
v -18.2418 -7.9127 20.9196
v -20.1169 -8.4995 19.2372
v -24.9948 -10.6651 18.4228
v -22.9992 -9.6520 17.9056
v -23.4505 -10.6655 16.2686
v -22.9992 -9.6520 17.9056
v -24.9948 -10.6651 18.4228
v -25.0833 -11.1986 17.4954
v -25.3782 -12.5772 16.5217
v -24.3952 -12.2452 16.2535
v -22.8406 -10.8159 16.2514
v -20.5803 -9.8012 17.6828
v -22.8406 -10.8159 16.2514
v -18.3553 -9.7650 19.1172
v -17.1713 -10.5304 20.4538
v -16.7745 -8.1586 19.2471
v -16.6672 -8.7058 19.5334
v -16.6672 -8.7058 19.5334
v -15.3807 -6.5937 18.2350
v -15.4307 -8.6602 19.0586
v -16.6117 -5.1535 19.2269
v -17.1912 -5.1106 19.8469
v -16.4790 -4.0392 19.5596
v -17.1912 -5.1106 19.8469
v -16.2941 -3.3131 18.3701
v -15.3226 -2.0701 17.1493
v -7.5843 1.6428 19.4272
v -7.8885 0.8903 22.4473
v -6.9413 1.3856 21.4332
v -5.7381 2.3945 19.4745
v -6.2918 2.3860 19.0622
v -6.2918 2.3860 19.0622
v -5.7381 2.3945 19.4745
v -6.2918 2.3860 19.0622
v -6.7284 3.0315 19.1782
v -7.9943 3.3220 19.4685
v -8.4170 2.6574 20.0885
v -11.8080 2.5912 23.5221
v -9.2520 4.2424 21.1571
v -9.5655 4.4584 20.7004
v -11.3759 2.5728 23.5987
v -12.7940 1.2879 25.3154
v -11.8387 0.8715 25.3255
v -11.9216 1.1386 24.3346
v -11.2804 0.5955 25.4626
v -10.2551 0.8798 23.8043
v -10.7764 1.7349 24.7075
v -11.2804 0.5955 25.4626
v -9.7967 -0.3319 23.5976
v -11.1828 -1.3242 24.8023
v -8.2965 -1.3127 26.8113
v -12.3333 -4.0342 26.0292
v -9.4122 -3.3870 28.8637
v -11.8980 -4.9084 26.2409
v -13.7567 -6.5193 24.4486
v -14.1277 -7.0583 24.9143
v -13.7567 -6.5193 24.4486
v -10.3990 -6.0037 27.0432
v -11.5511 -6.7729 27.6007
v -14.1638 -7.5231 27.0313
v -15.3360 -7.6686 25.9013
v -18.2418 -7.9127 20.9196
v -16.1702 -7.1683 22.2824
v -19.0167 -7.6847 19.5385
v -16.1702 -7.1683 22.2824
v -22.0487 -9.4985 16.9026
v -23.4505 -10.6655 16.2686
v -25.3782 -12.5772 16.5217
v -22.0487 -9.4985 16.9026
v -19.0537 -8.7778 18.6222
v -18.2836 -7.9220 18.8661
v -17.5836 -7.1388 18.6615
v -16.5156 -6.9593 19.5576
v -15.4482 -7.1796 19.3308
v -15.8813 -6.0194 19.2511
v -15.7796 -5.8256 19.9749
v -15.8813 -6.0194 19.2511
v -16.6117 -5.1535 19.2269
v -17.1912 -5.1106 19.8469
v -17.3503 -5.5455 19.9215
v -15.7796 -5.8256 19.9749
v -17.1912 -5.1106 19.8469
v -17.6719 -5.0458 20.5576
v -17.3503 -5.5455 19.9215
v -8.6799 0.4865 23.5411
v -9.7967 -0.3319 23.5976
v -8.8820 -0.4718 23.9242
v -10.2551 0.8798 23.8043
v -8.9743 1.0494 24.8103
v -10.2551 0.8798 23.8043
v -8.6799 0.4865 23.5411
v -8.5292 1.6048 20.5321
v -8.5292 1.6048 20.5321
v -7.5843 1.6428 19.4272
v -7.3186 3.9285 22.0441
v -6.8130 2.7844 22.0410
v -8.3624 2.6124 20.6500
v -9.2520 4.2424 21.1571
v -7.6938 4.7018 22.5370
v -9.2481 3.5010 24.4494
v -7.6938 4.7018 22.5370
v -9.2520 4.2424 21.1571
v -11.3759 2.5728 23.5987
v -9.8552 2.7955 25.3476
v -10.7764 1.7349 24.7075
v -9.8552 2.7955 25.3476
v -11.3759 2.5728 23.5987
v -9.9167 1.8112 25.1772
v -9.9167 1.8112 25.1772
v -10.7764 1.7349 24.7075
v -9.8552 2.7955 25.3476
v -9.9167 1.8112 25.1772
v -8.9743 1.0494 24.8103
v -9.2481 3.5010 24.4494
v -7.6938 4.7018 22.5370
v -6.8130 2.7844 22.0410
v -7.3186 3.9285 22.0441
v -10.4838 -1.2835 24.3033
v -9.6847 -1.1064 25.5603
v -10.4838 -1.2835 24.3033
v -11.1828 -1.3242 24.8023
v -9.4199 -0.8194 24.7286
v -15.4650 -4.8994 23.3408
v -16.1702 -7.1683 22.2824
v -17.3503 -5.5455 19.9215
v -18.9537 -5.4440 19.1333
v -17.5836 -7.1388 18.6615
v -16.5156 -6.9593 19.5576
v -16.5156 -6.9593 19.5576
v -15.7796 -5.8256 19.9749
v -16.5156 -6.9593 19.5576
v -17.6719 -5.0458 20.5576
v -15.4862 5.6588 27.4617
v -15.7124 4.9806 27.8034
v -14.5000 5.4777 27.2459
v -17.7537 4.7568 24.9265
v -18.5107 4.2465 25.0596
v -17.9278 3.9188 26.4023
v -15.7124 4.9806 27.8034
v -18.3897 5.2439 24.6876
v -18.5107 4.2465 25.0596
v -17.7537 4.7568 24.9265
v -21.5244 4.7207 21.2422
v -21.6833 5.1422 21.1101
v -22.9537 7.0875 22.0910
v -23.2630 4.6209 21.1918
v -25.2632 7.2610 20.6979
v -23.2630 4.6209 21.1918
v -22.9537 7.0875 22.0910
v -26.0651 7.3117 20.6768
v -25.2632 7.2610 20.6979
v -24.9684 8.6395 21.6717
v -23.1063 3.7421 21.2331
v -21.6661 4.0041 21.5012
v -21.5244 4.7207 21.2422
v -23.1063 3.7421 21.2331
v -24.3071 3.6473 20.4610
v -23.1063 3.7421 21.2331
v -26.3237 4.5708 19.2464
v -26.3237 4.5708 19.2464
v -26.7152 5.3405 19.3512
v -15.4521 -16.4302 25.2925
v -15.6594 -16.4761 25.3258
v -15.5342 -16.4483 24.8439
v -14.6168 -14.0754 24.7652
v -10.7389 -14.5294 24.0453
v -14.0994 -16.1304 24.9688
v -15.5342 -16.4483 24.8439
v -14.3164 -16.1785 24.4709
v -10.6271 -15.3611 24.0564
v -10.8441 -15.4092 23.5585
v -9.0737 -15.0169 23.8427
v -9.0471 -15.0110 23.2701
v -8.4122 -14.8703 23.6299
v -8.5120 -14.6070 23.7428
v -4.3484 -13.9700 24.7538
v -4.3813 -13.9772 24.7235
v -4.3119 -13.9619 23.9665
v -4.3233 -13.5076 25.0895
v -3.8414 -13.8576 24.1751
v -4.3119 -13.9619 23.9665
v -3.6813 -13.1941 24.5189
v -3.6965 -13.8255 24.0098
v -4.3119 -13.9619 23.9665
v -3.6536 -13.8160 23.8253
v -4.3119 -13.9619 23.9665
v -4.1208 -13.9195 23.5451
v -3.3340 -13.7452 22.8505
v -3.8341 -13.8560 22.5401
v -2.3591 -13.5292 21.0602
v -2.8230 -13.6320 20.7084
v -1.1207 -13.2548 18.7658
v -1.6208 -13.3656 18.4553
v 2.7559 -6.8575 15.7183
v 2.8973 -7.3400 15.7485
v 2.3973 -7.1082 15.3554
v 2.5627 -6.8432 15.9249
v 2.7197 -6.6942 15.7183
v 2.3973 -7.1082 15.3554
v 2.3490 -6.8905 15.3554
v 0.1924 -3.5429 14.1155
v -0.1333 -3.7863 13.7829
v -0.1464 -3.1040 13.9038
v -0.4721 -3.3475 13.5712
v -0.9589 -2.0850 13.3897
v -1.2845 -2.3285 13.0571
v -1.7713 -1.0660 12.8756
v -2.1562 -1.6652 12.4220
v -6.8065 -2.6384 8.1581
v -6.7945 -2.6928 8.1581
v -6.8746 -3.1103 8.0069
v -7.1651 -2.8892 7.7952
v -7.8501 4.0962 8.5512
v -8.0474 4.0525 8.3698
v -8.2634 4.4043 8.2488
v -7.9465 4.5316 8.5512
v -6.4235 4.3552 9.8516
v -6.3226 4.8343 10.0330
v -5.9959 4.4499 10.2447
v -8.0177 2.8029 12.7055
v -5.8987 3.7863 13.4846
v -5.6790 4.5773 10.5471
v -6.3226 4.8343 10.0330
v -5.8292 4.9437 10.4866
v -4.7732 5.0063 11.4241
v -4.8577 5.3873 11.4241
v -2.3861 5.1355 13.5409
v -2.4377 5.5238 13.5712
v -2.0122 5.1613 13.8736
v -3.0715 4.2985 15.1660
v -2.5911 6.0608 13.5409
v -2.7011 5.6367 14.0339
v -2.4234 5.9267 13.6619
v -2.4377 5.5238 13.5712
v -2.9048 5.7629 13.2083
v -3.0407 6.5321 13.2385
v -3.4113 6.3358 12.8756
v -3.6929 10.0989 13.3595
v -3.8837 9.7141 13.1176
v -4.2818 9.7972 12.7849
v -3.9418 10.4435 13.2083
v -2.1019 10.3944 14.8110
v -3.6929 10.0989 13.3595
v -3.9418 10.4435 13.2083
v -2.1534 10.7826 14.8413
v -0.8277 10.5625 15.9602
v -1.1962 10.8234 15.6880
v -12.7647 13.3419 9.7711
v -12.5936 13.3798 9.7791
v -12.4387 13.4141 9.3991
v -12.8105 13.3317 9.2812
v -13.0740 13.2733 9.7852
v -13.2581 13.2325 9.3175
v -13.3143 13.2201 9.7882
v -13.6004 13.1567 9.3014
v -13.4229 13.1960 9.9122
v -13.3143 13.2201 9.7882
v -13.6004 13.1567 9.3014
v -13.8506 13.1013 9.5191
v -13.7884 13.1150 10.3971
v -14.2161 13.0203 10.0040
v -17.0218 12.3986 14.2904
v -17.4528 12.3032 13.9688
v -11.2552 11.1641 21.1934
v -9.2456 9.6680 20.7235
v -11.2365 13.6805 21.9222
v -11.2365 13.6805 21.9222
v -11.4797 13.6266 21.2508
v -12.1964 12.8397 21.8133
v -11.2727 13.6724 21.9635
v -11.4797 13.6266 21.2508
v -12.4048 13.4216 21.9676
v -11.4797 13.6266 21.2508
v -12.6218 13.3735 21.4696
v -16.0626 -13.7677 24.9760
v -15.9107 -12.3637 24.3368
v -10.3161 -13.3509 23.3014
v -7.7949 -13.4775 22.3517
v -4.1379 -13.0669 25.1882
v -3.3726 -12.3263 23.8384
v -3.2574 -12.6434 23.6539
v 0.1201 -9.7253 19.3443
v 0.1201 -9.7253 19.3443
v -1.1683 -10.0679 20.7607
v -3.2361 -7.2144 19.2043
v -1.0593 -5.1905 16.2809
v -1.4082 -3.2694 14.7063
v -2.3750 -1.5994 13.6609
v -4.7175 -3.5459 16.6782
v -10.0894 -4.7361 11.9637
v -7.7422 -4.0448 10.1249
v -8.0508 4.0517 8.4414
v -9.2737 2.8672 10.1249
v -10.6302 1.7102 11.4727
v -8.6518 1.7489 15.0049
v -8.5247 1.2632 17.5593
v -3.6347 3.8312 16.2980
v -4.1582 5.7136 14.7869
v -3.3598 4.9769 15.0450
v -4.4303 9.5930 13.8091
v -0.9968 10.4679 16.1668
v -4.4303 9.5930 13.8091
v -3.6508 9.7657 14.7496
v -1.4710 10.1916 16.8170
v -12.1407 10.3398 9.1380
v -11.3059 11.6667 9.6047
v -13.2419 13.0648 9.7469
v -13.2419 13.0648 9.7469
v -16.6207 10.0894 14.3428
v -9.2895 7.5457 20.1984
v -7.4455 6.4697 19.7396
v -10.5070 10.0166 20.6560
v -17.8439 7.5916 26.4426
v -16.2870 7.8224 28.1502
v -17.1766 9.6237 28.6159
v -19.0578 8.5217 25.7087
v -18.0958 11.2471 29.0212
v -20.6527 11.1374 26.6100
v -9.8139 2.8046 28.8929
v -10.4927 3.7962 28.7145
v -11.3112 1.3309 30.8768
v -23.5526 -16.2837 17.3271
v -23.7220 -17.5773 17.8231
v -21.5631 -17.5558 19.9429
v -21.6552 -14.5500 18.5054
v -19.0682 -16.0894 21.8914
v -18.8343 -14.6673 21.7009
v -16.0626 -13.7677 24.9760
v -15.9107 -12.3637 24.3368
v -17.7534 -12.4865 21.3551
v -16.3857 -11.3841 22.2451
v -15.0357 -10.6853 23.1160
v -11.7779 -11.8477 22.8347
v -11.5237 -10.4210 21.4687
v -9.3513 -8.1697 23.5110
v -10.3025 -8.2092 24.0130
v -6.6450 -11.3956 24.7337
v -6.3726 -10.5358 24.0945
v -4.1379 -13.0669 25.1882
v -3.3726 -12.3263 23.8384
v -9.3145 -7.4764 22.5583
v -5.2700 -8.8070 21.6651
v -1.1683 -10.0679 20.7607
v 0.1201 -9.7253 19.3443
v -7.2981 -5.7735 19.9544
v -7.2981 -5.7735 19.9544
v -9.2851 -4.6721 11.4122
v -11.0525 -6.2056 14.0433
v -9.2851 -4.6721 11.4122
v -10.0894 -4.7361 11.9637
v -11.7591 -6.3051 14.2258
v -12.2086 0.6182 13.3851
v -10.3118 1.7237 10.7842
v -10.6302 1.7102 11.4727
v -12.2086 0.6182 13.3851
v -11.5060 -0.2538 16.9657
v -12.2086 0.6182 13.3851
v -8.6518 1.7489 15.0049
v -10.2705 -0.0372 18.6874
v -8.5247 1.2632 17.5593
v -9.4268 0.8920 18.5623
v -6.3465 1.2890 20.7417
v -5.2540 2.3304 18.6922
v -5.2540 2.3304 18.6922
v -4.6467 4.6918 15.4291
v -4.3191 9.1037 15.2295
v -6.1671 7.6095 16.3797
v -4.5876 8.0736 14.3464
v -4.3191 9.1037 15.2295
v -9.3189 9.5376 10.2609
v -6.9318 9.4955 12.4191
v -7.0918 10.7162 12.3667
v -10.7685 9.9586 9.2962
v -11.8721 8.9719 9.1078
v -12.6842 7.8213 9.5907
v -11.8721 8.9719 9.1078
v -12.1407 10.3398 9.1380
v -13.1915 8.0515 10.8326
v -14.4236 9.7769 12.0282
v -14.6406 6.0175 12.8992
v -14.5706 5.9188 13.3891
v -15.7710 8.1080 14.7772
v -11.4248 6.5016 16.3336
v -14.4987 6.7912 14.5917
v -10.2386 7.5638 18.1762
v -9.5965 6.6783 17.1490
v -7.6498 7.7377 18.1651
v -9.0551 8.4541 18.6399
v -8.7218 8.9276 19.2477
v -7.4455 6.4697 19.7396
v -6.7713 7.5898 18.5330
v -7.8063 7.3034 19.6600
v -7.0046 7.3668 17.6882
v -6.7713 7.5898 18.5330
v -7.4455 6.4697 19.7396
v -8.3558 5.9826 19.2205
v -8.3558 5.9826 19.2205
v -16.6516 6.0287 26.0645
v -15.4862 5.6588 27.4617
v -19.0402 7.3837 25.3539
v -20.0121 9.6806 25.9930
v -22.7359 9.7623 23.9206
v -21.1310 11.4882 26.7068
v -12.4418 6.0479 28.9363
v -14.5000 5.4777 27.2459
v -15.2720 4.3931 28.8215
v -14.2903 5.2957 26.7227
v -14.5000 5.4777 27.2459
v -12.4418 6.0479 28.9363
v -11.3766 5.1991 28.6601
v -14.0357 3.3538 25.8971
v -14.2903 5.2957 26.7227
v -11.3766 5.1991 28.6601
v -10.4927 3.7962 28.7145
v -11.3775 2.5724 27.3285
v -10.0298 2.4713 28.1913
v -9.8139 2.8046 28.8929
v -10.0451 -1.9856 31.7901
v -10.5280 -2.0355 32.3274
v -11.6736 -2.3465 30.6662
v -9.9624 -0.9967 28.5472
v -20.4575 -13.2569 19.0598
v -17.1713 -10.5304 20.4538
v -14.5688 -9.4399 21.9013
v -13.0769 -9.9087 21.4758
v -12.4822 -9.1489 21.3236
v -11.4294 -8.4017 22.1673
v -12.4822 -9.1489 21.3236
v -11.2026 -9.0366 22.6159
v -10.3025 -8.2092 24.0130
v -9.3145 -7.4764 22.5583
v -11.4294 -8.4017 22.1673
v -10.3025 -8.2092 24.0130
v -9.4017 -7.4386 21.2207
v -7.2981 -5.7735 19.9544
v -7.3390 -5.5542 18.3194
v -10.3891 -7.3719 19.0251
v -8.9289 -5.9635 16.6229
v -12.2755 -7.9041 15.8508
v -11.0525 -6.2056 14.0433
v -12.2755 -7.9041 15.8508
v -13.6120 -8.2002 16.5626
v -13.5193 -0.6999 15.2641
v -14.3655 -1.9152 16.0031
v -13.2272 -0.6923 14.4022
v -13.5193 -0.6999 15.2641
v -14.0760 -1.5084 16.3357
v -11.8862 -0.9090 18.1471
v -12.2441 -1.7306 21.1068
v -11.0286 -0.8903 21.1410
v -9.0121 0.1845 20.6541
v -7.6439 0.1451 22.2931
v -6.9413 1.3856 21.4332
v -7.6439 0.1451 22.2931
v -6.3465 1.2890 20.7417
v -5.7381 2.3945 19.4745
v -5.0324 2.6079 18.7910
v -5.0324 2.6079 18.7910
v -5.5090 8.2691 16.8605
v -6.1671 7.6095 16.3797
v -5.5090 8.2691 16.8605
v -7.8404 7.9810 15.0602
v -5.1462 9.7198 15.3706
v -6.9318 9.4955 12.4191
v -8.9580 8.2472 12.4161
v -12.0239 7.5679 9.7469
v -11.1703 8.4993 9.4072
v -12.0239 7.5679 9.7469
v -6.9318 9.4955 12.4191
v -9.3189 9.5376 10.2609
v -10.7685 9.9586 9.2962
v -11.1703 8.4993 9.4072
v -9.3189 9.5376 10.2609
v -11.8721 8.9719 9.1078
v -12.7222 6.7280 10.9123
v -12.0239 7.5679 9.7469
v -12.6842 7.8213 9.5907
v -12.7222 6.7280 10.9123
v -13.5894 6.1362 12.2016
v -14.2831 5.6970 12.9264
v -14.2831 5.6970 12.9264
v -14.5706 5.9188 13.3891
v -15.7710 8.1080 14.7772
v -13.5894 6.1362 12.2016
v -14.2831 5.6970 12.9264
v -9.5965 6.6783 17.1490
v -9.2064 7.3357 15.7528
v -8.0433 7.5363 17.5572
v -6.0314 8.5531 17.4281
v -7.6498 7.7377 18.1651
v -8.0433 7.5363 17.5572
v -12.7222 6.7280 10.9123
v -14.5337 4.7279 26.1753
v -12.7940 1.2879 25.3154
v -11.2804 0.5955 25.4626
v -10.6885 1.2405 26.6289
v -9.5141 0.6443 27.3929
v -8.8528 -0.2369 27.4282
v -10.6793 -0.8700 32.3466
v -8.3701 -0.4726 29.6711
v -9.0821 0.5116 30.2084
v -10.0451 -1.9856 31.7901
v -10.5280 -2.0355 32.3274
v -8.3701 -0.4726 29.6711
v -11.5511 -6.7729 27.6007
v -10.3990 -6.0037 27.0432
v -9.4253 -6.6445 27.6974
v -10.7356 -7.6200 28.7479
v -15.4307 -8.6602 19.0586
v -16.6672 -8.7058 19.5334
v -15.5019 -9.4183 21.0132
v -14.2148 -8.6763 17.8075
v -13.0983 -8.8286 20.6966
v -14.2148 -8.6763 17.8075
v -15.5019 -9.4183 21.0132
v -14.5688 -9.4399 21.9013
v -13.0983 -8.8286 20.6966
v -13.0983 -8.8286 20.6966
v -13.6120 -8.2002 16.5626
v -13.6120 -8.2002 16.5626
v -14.4648 -2.3939 19.4799
v -16.4790 -4.0392 19.5596
v -16.2941 -3.3131 18.3701
v -15.3226 -2.0701 17.1493
v -14.0760 -1.5084 16.3357
v -15.3226 -2.0701 17.1493
v -15.3226 -2.0701 17.1493
v -12.2441 -1.7306 21.1068
v -12.7759 -2.9333 22.7207
v -12.0799 -1.3516 21.9213
v -12.0799 -1.3516 21.9213
v -8.8172 -0.6858 23.5663
v -8.8820 -0.4718 23.9242
v -8.8172 -0.6858 23.5663
v -7.6439 0.1451 22.2931
v -8.6799 0.4865 23.5411
v -7.8885 0.8903 22.4473
v -7.8885 0.8903 22.4473
v -8.3624 2.6124 20.6500
v -8.4170 2.6574 20.0885
v -9.5655 4.4584 20.7004
v -9.2520 4.2424 21.1571
v -11.9216 1.1386 24.3346
v -11.3759 2.5728 23.5987
v -11.8080 2.5912 23.5221
v -10.7764 1.7349 24.7075
v -11.8387 0.8715 25.3255
v -11.2804 0.5955 25.4626
v -11.1828 -1.3242 24.8023
v -9.6847 -1.1064 25.5603
v -8.2965 -1.3127 26.8113
v -9.2702 -2.0423 25.7418
v -7.9183 -2.0854 26.9927
v -10.9296 -2.6384 24.8436
v -9.2702 -2.0423 25.7418
v -7.9183 -2.0854 26.9927
v -9.4122 -3.3870 28.8637
v -11.2706 -3.4562 26.6995
v -12.3333 -4.0342 26.0292
v -18.2836 -7.9220 18.8661
v -19.0167 -7.6847 19.5385
v -20.1169 -8.4995 19.2372
v -19.0537 -8.7778 18.6222
v -22.0487 -9.4985 16.9026
v -19.0537 -8.7778 18.6222
v -20.1169 -8.4995 19.2372
v -22.9992 -9.6520 17.9056
v -22.8406 -10.8159 16.2514
v -22.0487 -9.4985 16.9026
v -23.4505 -10.6655 16.2686
v -15.4307 -8.6602 19.0586
v -16.5156 -6.9593 19.5576
v -16.7745 -8.1586 19.2471
v -16.6672 -8.7058 19.5334
v -15.4482 -7.1796 19.3308
v -15.1489 -4.3155 23.0595
v -17.6719 -5.0458 20.5576
v -9.8927 -1.5522 24.4706
v -9.8927 -1.5522 24.4706
v -9.4199 -0.8194 24.7286
v -9.8927 -1.5522 24.4706
v -9.7967 -0.3319 23.5976
v -9.4199 -0.8194 24.7286
v -8.8820 -0.4718 23.9242
v -7.8928 1.5174 22.6399
v -8.9743 1.0494 24.8103
v -8.5292 1.6048 20.5321
v -7.8928 1.5174 22.6399
v -7.8885 0.8903 22.4473
v -8.3624 2.6124 20.6500
v -8.4170 2.6574 20.0885
v -6.8130 2.7844 22.0410
v -7.8928 1.5174 22.6399
v -8.3624 2.6124 20.6500
v -6.8130 2.7844 22.0410
v -10.4838 -1.2835 24.3033
v -9.6847 -1.1064 25.5603
v -9.8927 -1.5522 24.4706
v -15.4650 -4.8994 23.3408
v -17.6129 -5.5466 20.8852
v -15.4650 -4.8994 23.3408
v -16.1702 -7.1683 22.2824
v -19.0167 -7.6847 19.5385
v -17.6719 -5.0458 20.5576
v -18.9537 -5.4440 19.1333
v -18.2836 -7.9220 18.8661
v -18.9537 -5.4440 19.1333
v -19.0167 -7.6847 19.5385
v -17.5836 -7.1388 18.6615
v -16.6516 6.0287 26.0645
v -15.7124 4.9806 27.8034
v -15.4862 5.6588 27.4617
v -17.7537 4.7568 24.9265
v -17.8534 5.7053 24.8741
v -17.8534 5.7053 24.8741
v -18.3897 5.2439 24.6876
v -19.1672 6.2136 24.4184
v -21.4437 6.9082 22.9316
v -22.9537 7.0875 22.0910
v -24.9684 8.6395 21.6717
v -21.4633 11.4146 26.4759
v -20.8446 11.5516 26.4477
v -20.4532 11.6384 26.8821
v -21.2064 11.4715 26.1150
v -18.3897 5.2439 24.6876
v -21.5244 4.7207 21.2422
v -18.5107 4.2465 25.0596
v -18.3897 5.2439 24.6876
v -21.6833 5.1422 21.1101
v -21.6833 5.1422 21.1101
v -25.2632 7.2610 20.6979
v -27.3768 3.9949 19.1073
v -26.7152 5.3405 19.3512
v -28.2838 4.3649 19.0559
v -26.3237 4.5708 19.2464
v -26.6348 2.3893 20.0428
v -26.3237 4.5708 19.2464
v -27.3768 3.9949 19.1073
v -24.3071 3.6473 20.4610
v -21.6661 4.0041 21.5012
v -21.9244 3.2046 22.3137
v -18.5107 4.2465 25.0596
v -21.6661 4.0041 21.5012
v -23.3613 2.7720 22.0154
v -23.1063 3.7421 21.2331
v -24.3071 3.6473 20.4610
v -13.3153 13.2198 9.7873
v -13.8275 13.1063 9.5403
v -13.5919 13.1585 9.3092
v -13.0782 13.2724 9.7814
v -13.3153 13.2198 9.7873
v -13.5919 13.1585 9.3092
v -13.2636 13.2313 9.3125
v -12.7499 13.3451 9.7847
v -12.8261 13.3282 9.2669
v -12.5857 13.3815 9.7864
v -12.4423 13.4133 9.3959
v -15.5483 12.7251 17.2121
v -15.8257 13.6342 17.2948
v -16.0672 13.5236 17.5841
v -15.8380 12.6609 17.5427
v -16.5385 12.5057 16.3764
v -16.7920 12.4495 16.6657
v -17.1261 12.3755 15.7617
v -17.5264 12.2868 15.9161
v -13.8040 13.1115 10.3828
v -17.0259 12.3977 14.2865
v -17.4658 12.3002 13.9568
v -14.2076 13.0221 10.0118
v -13.4239 13.1958 9.9113
v -12.8218 13.6718 9.8598
v -10.6589 13.8084 11.6323
v -12.5857 13.3815 9.7864
v -12.4423 13.4133 9.3959
v -10.4054 13.8646 11.3430
v -10.7313 13.9637 11.6736
v -10.5019 14.1287 11.3843
v -10.8520 14.1653 11.7563
v -10.6346 14.3848 11.4670
v -17.1270 12.3753 15.6115
v -17.1261 12.3755 15.7617
v -17.5264 12.2868 15.9161
v -17.6379 12.2621 15.5897
v -17.1651 12.3668 15.3526
v -17.6402 12.2615 15.2144
v -17.1501 12.3701 14.8440
v -17.6802 12.2527 14.6552
v -17.0259 12.3977 14.2865
v -17.4658 12.3002 13.9568
v -12.8218 13.6718 9.8598
v -9.2288 14.1253 13.0216
v -10.7277 13.9644 11.6770
v -10.6553 13.8092 11.6356
v -10.3655 13.8734 11.3050
v -8.9162 14.1945 12.7120
v -7.9071 14.4181 14.3859
v -7.5945 14.4874 14.0763
v -6.7453 14.6755 15.6031
v -6.4461 14.7418 15.3558
v -6.5397 14.7211 15.7922
v -6.4461 14.7418 15.3558
v -6.2158 14.7929 15.9407
v -5.9718 14.8469 15.5680
v -4.3551 15.2051 17.7258
v -4.0330 15.2765 17.4995
v -3.8885 15.3085 18.2294
v -4.0333 15.6190 18.3121
v -3.8161 15.3246 18.1467
v -4.0333 15.6190 18.3121
v -3.8885 15.3085 18.2294
v -4.0330 15.2765 17.4995
v -4.0330 15.2765 17.4995
v -3.4901 15.3968 17.7747
v -4.0330 15.2765 17.4995
v -3.2918 15.4407 17.3601
v -3.7394 15.3416 17.0232
v -2.9219 15.5227 16.6553
v -3.3695 15.4235 16.3185
v -2.1841 15.6862 15.7664
v -2.5955 15.5950 15.3882
v -2.2324 15.9039 15.7664
v -2.6438 15.8127 15.3882
v -12.4048 13.4215 21.9675
v -12.5820 13.3823 22.0285
v -12.9210 13.3072 21.5676
v -12.6256 13.3726 21.4660
v -11.2807 13.6706 21.9561
v -11.4843 13.6255 21.2466
v -11.2445 13.6786 21.9148
v -11.2216 13.6837 21.9358
v -11.2216 13.6837 21.9358
v -11.4843 13.6255 21.2466
v -11.4843 13.6255 21.2466
v -11.0272 13.7268 21.6668
v -11.4843 13.6255 21.2466
v -10.9910 13.7348 21.6255
v -11.4843 13.6255 21.2466
v -11.0061 13.7315 21.3131
v -10.9910 13.7348 21.6255
v -11.0725 13.7167 20.7296
v -11.3500 14.2833 20.8950
v -11.4843 13.6255 21.2466
v -13.9137 13.3727 18.7702
v -11.3500 14.2833 20.8950
v -11.0725 13.7167 20.7296
v -13.5296 13.1723 18.9186
v -11.4843 13.6255 21.2466
v -13.9107 13.0879 19.1652
v -13.8172 13.1086 18.7288
v -14.2191 13.0195 18.4340
v -13.9107 13.0879 19.1652
v -14.4498 12.9684 18.7443
v -14.8362 12.8828 17.8667
v -15.1031 12.8237 18.2184
v -15.5447 12.7258 17.2154
v -15.8344 12.6616 17.5461
v -15.8221 13.6350 17.2981
v -8.7025 14.6986 13.8179
v -10.8483 14.1661 11.7596
v -21.2014 11.4725 26.1196
v -21.4683 11.4133 26.4713
v -22.6908 11.1424 24.8997
v -21.1121 11.4922 26.7241
v -20.8357 11.5535 26.4558
v -17.7827 12.2300 29.1878
v -17.9237 12.1987 29.2075
v -18.1807 12.1418 28.7473
v -17.8576 12.6130 29.2712
v -17.7008 12.2481 29.1885
v -18.1807 12.1418 28.7473
v -17.6740 12.2540 29.0638
v -18.1807 12.1418 28.7473
v -17.7159 12.2448 28.8761
v -18.1807 12.1418 28.7473
v -18.1807 12.1418 28.7473
v -17.6986 12.2486 28.6681
v -18.1958 12.1384 28.4349
v -17.6948 12.2494 28.5224
v -18.1958 12.1384 28.4349
v -17.6909 12.2503 28.3767
v -18.1652 12.1452 28.1645
v -17.5077 12.2909 27.6496
v -17.9324 12.1968 27.3338
v -17.3132 12.3340 27.3806
v -17.7608 12.2348 27.0437
v -16.7204 12.4653 26.6569
v -17.1680 12.3662 26.3201
v -14.5835 12.9388 24.2184
v -14.9949 12.8476 23.8402
v -13.3025 13.2226 22.7094
v -13.7139 13.1315 22.3312
v -12.5820 13.3823 22.0285
v -12.9210 13.3072 21.5676
v -18.0171 13.0916 28.1049
vt 0.0039138943 0.30919766
vt 0.031311154 0.2857143
vt 0.031311154 0.2857143
vt 0.0039138943 0.30919766
vt 0.8356164 0.2035225
vt 0.84931505 0.18786693
vt 0.84931505 0.18786693
vt 0.8356164 0.2035225
vt 0.81996083 0.22309197
vt 0.81996083 0.22309197
vt 0.79843444 0.2485323
vt 0.79843444 0.2485323
vt 0.7729941 0.2778865
vt 0.7729941 0.2778865
vt 0.73189825 0.32681018
vt 0.73189825 0.32681018
vt 0.6731898 0.39726028
vt 0.6731898 0.39726028
vt 0.46183953 0.19765167
vt 0.4598826 0.19569471
vt 0.4598826 0.19569471
vt 0.4598826 0.25048923
vt 0.5068493 0.23287672
vt 0.46183953 0.19765167
vt 0.5068493 0.23287672
vt 0.2485323 0.5753425
vt 0.2407045 0.57338554
vt 0.2407045 0.57338554
vt 0.2485323 0.5753425
vt 0.2661448 0.5753425
vt 0.2661448 0.5753425
vt 0.27592954 0.5753425
vt 0.2857143 0.6046967
vt 0.2935421 0.57338554
vt 0.27592954 0.5753425
vt 0.5714286 0.2857143
vt 0.5714286 0.2857143
vt 0.5714286 0.2857143
vt 0.5714286 0.2857143
vt 0.58317024 0.29549903
vt 0.5596869 0.29158512
vt 0.5440313 0.42074364
vt 0.6516634 0.3522505
vt 0.58317024 0.29549903
vt 0.6516634 0.3522505
vt 0.6555773 0.35420743
vt 0.6555773 0.35420743
vt 0.667319 0.36399218
vt 0.667319 0.36399218
vt 0.6712329 0.99804306
vt 0.6594912 0.99804306
vt 0.6594912 0.99804306
vt 0.6712329 0.99804306
vt 0.83953035 0.18982388
vt 0.78669274 0.16046967
vt 0.8414873 0.12133072
vt 0.0019569471 0.32093933
vt 0.06849315 0.31702545
vt 0.7964775 0.21526419
vt 0.7729941 0.2661448
vt 0.6731898 0.34246576
vt 0.6947162 0.28767124
vt 0.49119374 0.27984345
vt 0.4403131 0.3072407
vt 0.4598826 0.25048923
vt 0.26418787 0.62818
vt 0.21722114 0.62035227
vt 0.49315068 0.33463797
vt 0.42465752 0.38356164
vt 0.42270058 0.5068493
vt 0.49119374 0.47162426
vt 0.62035227 0.3776908
vt 0.667319 0.9921722
vt 0.7103718 0.21135029
vt 0.7123288 0.09001957
vt 0.78277886 0.19373778
vt 0.7475538 0.24266145
vt 0.6712329 0.26418787
vt 0.46183953 0.32876712
vt 0.46183953 0.32876712
vt 0.3111546 0.4774951
vt 0.3365949 0.46183953
vt 0.3111546 0.45009786
vt 0.6183953 0.7005871
vt 0.6829746 0.7162427
vt 0.6497065 0.64187866
vt 0.34050882 0.48336595
vt 0.20156556 0.54990214
vt 0.15655577 0.5714286
vt 0.16634052 0.54598826
vt 0.19178082 0.54011744
vt 0.16634052 0.54598826
vt 0.19178082 0.54011744
vt 0.20156556 0.53816044
vt 0.20156556 0.53816044
vt 0.3189824 0.22504893
vt 0.29549903 0.23091976
vt 0.29549903 0.23091976
vt 0.3189824 0.22504893
vt 0.33463797 0.22113504
vt 0.33268103 0.23679061
vt 0.89432484 0.37181997
vt 0.84540117 0.40117416
vt 0.8551859 0.38356164
vt 0.8551859 0.38356164
vt 0.89432484 0.37181997
vt 0.8982387 0.37181997
vt 0.8630137 0.4187867
vt 0.8982387 0.369863
vt 0.8982387 0.37181997
vt 0.8982387 0.369863
vt 0.8982387 0.369863
vt 0.8982387 0.369863
vt 0.9197652 0.36399218
vt 0.9197652 0.36399218
vt 0.9197652 0.36399218
vt 0.9197652 0.36399218
vt 0.9197652 0.36399218
vt 0.9197652 0.36399218
vt 0.9197652 0.36399218
vt 0.9197652 0.36399218
vt 0.14285715 0.46183953
vt 0.13502936 0.45009786
vt 0.14285715 0.45009786
vt 0.6888454 0.51272017
vt 0.6771037 0.51272017
vt 0.6771037 0.51272017
vt 0.6888454 0.51272017
vt 0.7240704 0.51272017
vt 0.7240704 0.51272017
vt 0.3776908 0.6516634
vt 0.3776908 0.6438356
vt 0.3776908 0.6438356
vt 0.32093933 0.64579254
vt 0.3776908 0.65753424
vt 0.3776908 0.6516634
vt 0.24266145 0.6516634
vt 0.37181997 0.7573385
vt 0.3776908 0.7514677
vt 0.3776908 0.65753424
vt 0.3776908 0.7514677
vt 0.17612524 0.64579254
vt 0.14285715 0.5968689
vt 0.20156556 0.6223092
vt 0.32289627 0.42465752
vt 0.2935421 0.42270058
vt 0.27984345 0.3561644
vt 0.33072406 0.37964776
vt 0.33072406 0.32681018
vt 0.31702545 0.30332682
vt 0.28375733 0.27592954
vt 0.8297456 0.47358122
vt 0.87279844 0.48336595
vt 0.9080235 0.5029354
vt 0.95694715 0.4403131
vt 0.1409002 0.5440313
vt 0.021526419 0.5322896
vt 0.7240704 0.64579254
vt 0.70254403 0.6516634
vt 0.7221135 0.5694716
vt 0.7240704 0.7221135
vt 0.21917808 0.7514677
vt 0.16438356 0.6497065
vt 0.37964776 0.30136988
vt 0.36399218 0.33855185
vt 0.3365949 0.2994129
vt 0.369863 0.22700587
vt 0.34050882 0.22504893
vt 0.1780822 0.36594912
vt 0.14872798 0.3776908
vt 0.15264188 0.2994129
vt 0.1780822 0.29745597
vt 0.15068494 0.25048923
vt 0.8649706 0.50489235
vt 0.8630137 0.60273975
vt 0.8356164 0.555773
vt 0.83365947 0.49902153
vt 0.8923679 0.5851272
vt 0.95303327 0.57338554
vt 0.9667319 0.5303327
vt 0.07632094 0.57338554
vt 0.021526419 0.6223092
vt 0.1369863 0.6183953
vt 0.6086106 0.40313113
vt 0.5890411 0.39334637
vt 0.592955 0.3189824
vt 0.6183953 0.33463797
vt 0.6379648 0.39921722
vt 0.6947162 0.72798437
vt 0.14285715 0.6614481
vt 0.14677104 0.63013697
vt 0.18786693 0.41291586
vt 0.14481409 0.41682974
vt 0.22700587 0.40117416
vt 0.22309197 0.34246576
vt 0.2074364 0.27984345
vt 0.26810175 0.34637964
vt 0.26810175 0.26810175
vt 0.078277886 0.70841485
vt 0.019569471 0.74168295
vt 0.019569471 0.66340506
vt 0.09393346 0.6555773
vt 0.60273975 0.43639922
vt 0.09393346 0.7729941
vt 0.2661448 0.39138943
vt 0.0704501 0.9960861
vt 0.1369863 0.99804306
vt 0.1369863 0.99804306
vt 0.0704501 0.9960861
vt 0.04892368 0.9941292
vt 0.04892368 0.9941292
vt 0.043052837 0.9941292
vt 0.043052837 0.9941292
vt 0.0332681 0.9941292
vt 0.0332681 0.9941292
vt 0.0019569471 0.9921722
vt 0.0019569471 0.9921722
vt 0.83953035 0.9960861
vt 0.8414873 0.99804306
vt 0.8414873 0.99804306
vt 0.83953035 0.9960861
vt 0.8082192 0.98630136
vt 0.8082192 0.98630136
vt 0.7906067 0.9765166
vt 0.7906067 0.9765166
vt 0.9589041 0.58317024
vt 0.97455966 0.57925636
vt 0.97455966 0.57925636
vt 0.9589041 0.58317024
vt 0.9549902 0.5851272
vt 0.9549902 0.5851272
vt 0.13502936 0.9510763
vt 0.08219178 0.8923679
vt 0.037181996 0.86692756
vt 0.0019569471 0.9373777
vt 0.9041096 0.9295499
vt 0.8767123 0.9315069
vt 0.79452056 0.97455966
vt 0.9549902 0.5772994
vt 0.97455966 0.49902153
vt 0.1409002 0.8923679
vt 0.14677104 0.851272
vt 0.099804305 0.8258317
vt 0.064579256 0.80430526
vt 0.0039138943 0.7514677
vt 0.0039138943 0.8414873
vt 0.04696673 0.72015655
vt 0.007827789 0.71428573
vt 0.039138943 0.6947162
vt 0.0019569471 0.6966732
vt 0.09784736 0.69863015
vt 0.93933463 0.88454014
vt 0.86692756 0.888454
vt 0.7906067 0.8767123
vt 0.8473581 0.80626225
vt 0.7906067 0.7808219
vt 0.9589041 0.407045
vt 0.9726027 0.36594912
vt 0.960861 0.46575344
vt 0.1409002 0.7925636
vt 0.1409002 0.7240704
vt 0.14872798 0.704501
vt 0.6105675 0.8864971
vt 0.6144814 0.93933463
vt 0.61252445 0.99021524
vt 0.54598826 0.93933463
vt 0.5264188 0.9941292
vt 0.90215266 0.851272
vt 0.89041096 0.8121331
vt 0.9589041 0.86692756
vt 0.8238748 0.78277886
vt 0.4324853 0.95303327
vt 0.45401174 0.9960861
vt 0.42270058 0.99804306
vt 0.8434442 0.5303327
vt 0.8864971 0.5362035
vt 0.8806262 0.5812133
vt 0.81996083 0.58317024
vt 0.80430526 0.5029354
vt 0.87279844 0.41095892
vt 0.81604695 0.41291586
vt 0.7592955 0.42270058
vt 0.82778865 0.3620352
vt 0.7847358 0.36399218
vt 0.7573385 0.37964776
vt 0.7455969 0.41682974
vt 0.09001957 0.46183953
vt 0.08219178 0.49510762
vt 0.08219178 0.44618395
vt 0.18199609 0.7123288
vt 0.18003914 0.7338552
vt 0.15264188 0.7455969
vt 0.15264188 0.7064579
vt 0.8923679 0.95303327
vt 0.9197652 0.99804306
vt 0.851272 0.99804306
vt 0.89041096 0.49510762
vt 0.9510763 0.4598826
vt 0.9001957 0.45596868
vt 0.9510763 0.5029354
vt 0.9412916 0.553816
vt 0.8982387 0.56751466
vt 0.92759293 0.5772994
vt 0.5772994 0.8806262
vt 0.5264188 0.8630137
vt 0.49119374 0.9706458
vt 0.4520548 0.96868885
vt 0.42270058 0.8297456
vt 0.46771038 0.8551859
vt 0.43444228 0.7808219
vt 0.8590998 0.3561644
vt 0.8864971 0.3620352
vt 0.5596869 0.6927593
vt 0.52250487 0.69080234
vt 0.52837574 0.7221135
vt 0.5264188 0.7632094
vt 0.5636008 0.7475538
vt 0.5518591 0.7749511
vt 0.26810175 0.83953035
vt 0.25244617 0.8649706
vt 0.23874755 0.83953035
vt 0.6105675 0.35420743
vt 0.5479452 0.36007828
vt 0.6516634 0.36007828
vt 0.4853229 0.57338554
vt 0.46183953 0.57925636
vt 0.4774951 0.59099805
vt 0.50097847 0.5636008
vt 0.93933463 0.28962818
vt 0.89041096 0.30136988
vt 0.99021524 0.32093933
vt 0.9921722 0.27592954
vt 0.93542075 0.2446184
vt 0.9823875 0.22700587
vt 0.88258314 0.22504893
vt 0.97455966 0.19960861
vt 0.94716245 0.58317024
vt 0.56164384 0.8649706
vt 0.56751466 0.7808219
vt 0.5107632 0.7886497
vt 0.4774951 0.7808219
vt 0.21917808 0.9823875
vt 0.2661448 0.9784736
vt 0.22309197 0.96868885
vt 0.16242662 0.8003914
vt 0.16242662 0.8297456
vt 0.14872798 0.8258317
vt 0.5205479 0.65753424
vt 0.58317024 0.6771037
vt 0.50097847 0.555773
vt 0.48336595 0.5479452
vt 0.5029354 0.5303327
vt 0.54990214 0.5596869
vt 0.95303327 0.40508807
vt 0.9295499 0.39530334
vt 0.92367905 0.43835616
vt 0.95303327 0.45596868
vt 0.4598826 0.69863015
vt 0.47945204 0.66536206
vt 0.50097847 0.6966732
vt 0.52250487 0.7573385
vt 0.45401174 0.7632094
vt 0.51272017 0.78277886
vt 0.8864971 0.2818004
vt 0.88258314 0.30136988
vt 0.19960861 0.3894325
vt 0.28375733 0.3894325
vt 0.21330725 0.41291586
vt 0.18786693 0.40313113
vt 0.8864971 0.19960861
vt 0.2994129 0.9765166
vt 0.35029355 0.9882583
vt 0.3522505 0.96868885
vt 0.2857143 0.99804306
vt 0.6046967 0.6086106
vt 0.47358122 0.60078275
vt 0.5851272 0.63013697
vt 0.47358122 0.56164384
vt 0.44227007 0.5303327
vt 0.4324853 0.555773
vt 0.6183953 0.6399217
vt 0.60665363 0.6497065
vt 0.60665363 0.5890411
vt 0.6320939 0.6164383
vt 0.3189824 0.7064579
vt 0.29745597 0.7221135
vt 0.29158512 0.7064579
vt 0.73189825 0.7181996
vt 0.7221135 0.72798437
vt 0.6947162 0.72798437
vt 0.71428573 0.69863015
vt 0.67514676 0.7123288
vt 0.43444228 0.6731898
vt 0.45596868 0.6320939
vt 0.42857143 0.69863015
vt 0.4148728 0.739726
vt 0.36790606 0.78277886
vt 0.3894325 0.7005871
vt 0.3365949 0.7240704
vt 0.41095892 0.6731898
vt 0.32876712 0.59491193
vt 0.37964776 0.6144814
vt 0.36790606 0.59099805
vt 0.28962818 0.74951077
vt 0.25636008 0.739726
vt 0.2446184 0.7221135
vt 0.4187867 0.54011744
vt 0.407045 0.6105675
vt 0.9001957 0.79843444
vt 0.9001957 0.79843444
vt 0.90215266 0.8023483
vt 0.86888456 0.8023483
vt 0.8630137 0.82191783
vt 0.90606654 0.81604695
vt 0.90215266 0.8023483
vt 0.9099804 0.86692756
vt 0.9197652 0.86105675
vt 0.90606654 0.81604695
vt 0.9197652 0.86105675
vt 0.92367905 0.86692756
vt 0.92367905 0.86692756
vt 0.92367905 0.8708415
vt 0.92367905 0.8708415
vt 0.93542075 0.90215266
vt 0.93542075 0.90215266
vt 0.9589041 0.97455966
vt 0.9589041 0.97455966
vt 0.9784736 0.34050882
vt 0.9941292 0.34246576
vt 0.9941292 0.34246576
vt 0.9784736 0.34050882
vt 0.9765166 0.33855185
vt 0.9765166 0.33855185
vt 0.0058708414 0.43835616
vt 0.0019569471 0.40117416
vt 0.0019569471 0.40117416
vt 0.0058708414 0.43835616
vt 0.0058708414 0.45009786
vt 0.009784736 0.45009786
vt 0.0058708414 0.45009786
vt 0.009784736 0.45009786
vt 0.03522505 0.45009786
vt 0.03522505 0.45009786
vt 0.09001957 0.4481409
vt 0.09001957 0.4481409
vt 0.16046967 0.4481409
vt 0.16046967 0.4481409
vt 0.091976516 0.45401174
vt 0.023483366 0.45401174
vt 0.023483366 0.45401174
vt 0.091976516 0.45401174
vt 0.14481409 0.45401174
vt 0.14481409 0.45401174
vt 0.17025441 0.45401174
vt 0.17025441 0.45401174
vt 0.17612524 0.4520548
vt 0.119373776 0.5851272
vt 0.17612524 0.5068493
vt 0.18199609 0.45401174
vt 0.17612524 0.4520548
vt 0.18199609 0.45401174
vt 0.20156556 0.45596868
vt 0.20156556 0.45596868
vt 0.20156556 0.45596868
vt 0.15264188 0.57338554
vt 0.5029354 0.46379647
vt 0.5440313 0.3620352
vt 0.5362035 0.48336595
vt 0.5362035 0.48336595
vt 0.5029354 0.46379647
vt 0.49902153 0.46183953
vt 0.49902153 0.46183953
vt 0.46771038 0.444227
vt 0.46771038 0.444227
vt 0.46575344 0.444227
vt 0.46575344 0.444227
vt 0.47553816 0.46379647
vt 0.4853229 0.4774951
vt 0.4853229 0.4774951
vt 0.4324853 0.444227
vt 0.45009786 0.43444228
vt 0.47553816 0.46379647
vt 0.45009786 0.43444228
vt 0.39530334 0.3620352
vt 0.39530334 0.3620352
vt 0.37181997 0.33268103
vt 0.37181997 0.33268103
vt 0.369863 0.32876712
vt 0.36007828 0.33463797
vt 0.23874755 0.74951077
vt 0.21330725 0.7455969
vt 0.21526419 0.7553816
vt 0.21526419 0.7553816
vt 0.23874755 0.74951077
vt 0.28375733 0.739726
vt 0.28375733 0.739726
vt 0.31506848 0.7338552
vt 0.31506848 0.7338552
vt 0.36594912 0.72602737
vt 0.36594912 0.72602737
vt 0.37573385 0.7240704
vt 0.37573385 0.7240704
vt 0.45009786 0.5205479
vt 0.45009786 0.5205479
vt 0.45009786 0.5205479
vt 0.4853229 0.53816044
vt 0.444227 0.54598826
vt 0.45009786 0.5205479
vt 0.444227 0.54598826
vt 0.43835616 0.57925636
vt 0.43835616 0.57925636
vt 0.43444228 0.60273975
vt 0.43444228 0.60273975
vt 0.0039138943 0.98043054
vt 0.0058708414 0.99804306
vt 0.0058708414 0.99804306
vt 0.0039138943 0.98043054
vt 0.0019569471 0.925636
vt 0.0019569471 0.925636
vt 0.0019569471 0.89432484
vt 0.0019569471 0.89432484
vt 0.0019569471 0.85714287
vt 0.0019569471 0.85714287
vt 0.0039138943 0.81996083
vt 0.0039138943 0.81996083
vt 0.03522505 0.81604695
vt 0.04109589 0.91780823
vt 0.09784736 0.888454
vt 0.14677104 0.81409
vt 0.7573385 0.8003914
vt 0.69863015 0.8238748
vt 0.73189825 0.84540117
vt 0.739726 0.9080235
vt 0.8630137 0.9784736
vt 0.9941292 0.4266145
vt 0.97455966 0.37964776
vt 0.050880626 0.3816047
vt 0.16634052 0.4187867
vt 0.029354207 0.48336595
vt 0.11741683 0.5322896
vt 0.11545988 0.6144814
vt 0.1330724 0.6183953
vt 0.51663405 0.30332682
vt 0.5518591 0.31311154
vt 0.5146771 0.3561644
vt 0.46966732 0.35420743
vt 0.48336595 0.48336595
vt 0.38747555 0.481409
vt 0.32681018 0.37964776
vt 0.2407045 0.74168295
vt 0.2035225 0.6888454
vt 0.3111546 0.7064579
vt 0.369863 0.6966732
vt 0.518591 0.5890411
vt 0.01369863 0.99804306
vt 0.08219178 0.9921722
vt 0.13111547 0.9960861
vt 0.1409002 0.91780823
vt 0.20156556 0.8864971
vt 0.23091976 0.8121331
vt 0.6712329 0.79843444
vt 0.67514676 0.8747554
vt 0.7064579 0.962818
vt 0.8180039 0.99804306
vt 0.85714287 0.9882583
vt 0.9823875 0.43052837
vt 0.13894325 0.3444227
vt 0.08414873 0.592955
vt 0.0019569471 0.56164384
vt 0.46966732 0.2994129
vt 0.46575344 0.2739726
vt 0.30332682 0.42270058
vt 0.2935421 0.48336595
vt 0.27984345 0.64187866
vt 0.19569471 0.64187866
vt 0.36790606 0.6712329
vt 0.27984345 0.9843444
vt 0.28962818 0.99804306
vt 0.26418787 0.99804306
vt 0.19373778 0.99021524
vt 0.21722114 0.9158513
vt 0.22309197 0.8806262
vt 0.22896282 0.8356164
vt 0.25048923 0.369863
vt 0.31702545 0.3483366
vt 0.32485324 0.37181997
vt 0.25831702 0.33268103
vt 0.21722114 0.34050882
vt 0.15459883 0.37181997
vt 0.6712329 0.9726027
vt 0.69080234 0.9784736
vt 0.7592955 0.98630136
vt 0.4520548 0.407045
vt 0.42465752 0.39334637
vt 0.41291586 0.35812134
vt 0.46183953 0.35812134
vt 0.24266145 0.9295499
vt 0.23679061 0.9960861
vt 0.853229 0.21526419
vt 0.90606654 0.23483366
vt 0.88454014 0.19765167
vt 0.851272 0.2818004
vt 0.30919766 0.30528376
vt 0.15068494 0.3189824
vt 0.20547946 0.31702545
vt 0.19373778 0.2778865
vt 0.22309197 0.27201566
vt 0.119373776 0.31311154
vt 0.49315068 0.25636008
vt 0.55772996 0.27592954
vt 0.47358122 0.27201566
vt 0.5870842 0.21917808
vt 0.7162427 0.3561644
vt 0.7103718 0.32876712
vt 0.7749511 0.31506848
vt 0.77690804 0.36007828
vt 0.42857143 0.96868885
vt 0.43052837 0.9960861
vt 0.39138943 0.99804306
vt 0.3894325 0.96868885
vt 0.94716245 0.2818004
vt 0.94716245 0.22700587
vt 0.1409002 0.27592954
vt 0.11154599 0.27201566
vt 0.07632094 0.31506848
vt 0.5988258 0.27592954
vt 0.63013697 0.25440314
vt 0.45792565 0.23287672
vt 0.4853229 0.23287672
vt 0.45401174 0.27984345
vt 0.49315068 0.2035225
vt 0.8356164 0.6555773
vt 0.8473581 0.6086106
vt 0.86105675 0.6614481
vt 0.8082192 0.62426615
vt 0.8180039 0.6594912
vt 0.21917808 0.7749511
vt 0.21526419 0.7592955
vt 0.26027396 0.7592955
vt 0.0665362 0.2739726
vt 0.01369863 0.2857143
vt 0.78277886 0.2778865
vt 0.7749511 0.29745597
vt 0.7749511 0.29745597
vt 0.78277886 0.2778865
vt 0.7847358 0.27592954
vt 0.7847358 0.27592954
vt 0.81409 0.19178082
vt 0.81409 0.19178082
vt 0.82778865 0.16046967
vt 0.82778865 0.16046967
vt 0.82778865 0.16046967
vt 0.82778865 0.16046967
vt 0.83170253 0.14481409
vt 0.83170253 0.14481409
vt 0.83953035 0.12720157
vt 0.83953035 0.12720157
vt 0.0332681 0.9589041
vt 0.009784736 0.9491194
vt 0.009784736 0.9491194
vt 0.04892368 0.9295499
vt 0.043052837 0.960861
vt 0.0332681 0.9589041
vt 0.06066536 0.96868885
vt 0.043052837 0.960861
vt 0.06066536 0.96868885
vt 0.0704501 0.9726027
vt 0.0704501 0.9726027
vt 0.12915851 0.9941292
vt 0.12915851 0.9941292
vt 0.1330724 0.9960861
vt 0.1330724 0.9960861
vt 0.13502936 0.9960861
vt 0.1369863 0.9921722
vt 0.13502936 0.9960861
vt 0.1369863 0.9921722
vt 0.13894325 0.9882583
vt 0.0665362 0.9491194
vt 0.1409002 0.9843444
vt 0.13894325 0.9882583
vt 0.1409002 0.9843444
vt 0.1409002 0.9823875
vt 0.1409002 0.9823875
vt 0.15655577 0.94520545
vt 0.15655577 0.94520545
vt 0.16242662 0.925636
vt 0.16438356 0.9197652
vt 0.16438356 0.9217221
vt 0.16242662 0.925636
vt 0.16438356 0.9217221
vt 0.16634052 0.9197652
vt 0.16634052 0.9197652
vt 0.16829745 0.91193736
vt 0.19960861 0.8297456
vt 0.16829745 0.91193736
vt 0.19960861 0.8297456
vt 0.2035225 0.81996083
vt 0.2035225 0.81996083
vt 0.9765166 0.57925636
vt 0.99021524 0.6046967
vt 0.99021524 0.6046967
vt 0.9765166 0.57925636
vt 0.97455966 0.57925636
vt 0.93933463 0.6046967
vt 0.88258314 0.57925636
vt 0.97455966 0.57925636
vt 0.97455966 0.57925636
vt 0.97455966 0.57925636
vt 0.71428573 0.99804306
vt 0.65753424 0.99804306
vt 0.65753424 0.99804306
vt 0.71428573 0.99804306
vt 0.76125246 0.99804306
vt 0.76125246 0.99804306
vt 0.83170253 0.99804306
vt 0.83170253 0.99804306
vt 0.89041096 0.99804306
vt 0.89041096 0.99804306
vt 0.77103716 0.5068493
vt 0.77103716 0.5851272
vt 0.77103716 0.5851272
vt 0.77103716 0.5068493
vt 0.77103716 0.4892368
vt 0.8551859 0.4970646
vt 0.77103716 0.4598826
vt 0.77103716 0.4892368
vt 0.77103716 0.4598826
vt 0.77103716 0.4148728
vt 0.77103716 0.4148728
vt 0.77103716 0.3483366
vt 0.77103716 0.3483366
vt 0.77103716 0.33268103
vt 0.78669274 0.33463797
vt 0.77103716 0.32289627
vt 0.77103716 0.33268103
vt 0.77103716 0.32289627
vt 0.77103716 0.30332682
vt 0.80430526 0.30528376
vt 0.77103716 0.30332682
vt 0.80430526 0.30528376
vt 0.84931505 0.30528376
vt 0.84931505 0.30528376
vt 0.92759293 0.30528376
vt 0.92759293 0.30528376
vt 0.95303327 0.30332682
vt 0.95303327 0.30332682
vt 0.64579254 0.09589041
vt 0.6477495 0.08806262
vt 0.6477495 0.08806262
vt 0.64579254 0.09589041
vt 0.64187866 0.11741683
vt 0.64187866 0.11741683
vt 0.9941292 0.8375734
vt 0.99021524 0.7964775
vt 0.99021524 0.7964775
vt 0.9941292 0.8375734
vt 0.14481409 0.4266145
vt 0.19765167 0.4853229
vt 0.13502936 0.45596868
vt 0.19765167 0.41682974
vt 0.7064579 0.27201566
vt 0.7455969 0.30528376
vt 0.68101764 0.15655577
vt 0.7690802 0.15655577
vt 0.8082192 0.13111547
vt 0.0058708414 0.9197652
vt 0.009784736 0.87279844
vt 0.043052837 0.84931505
vt 0.08219178 0.87279844
vt 0.1330724 0.86692756
vt 0.16634052 0.7632094
vt 0.19178082 0.7671233
vt 0.21330725 0.70841485
vt 0.1741683 0.5694716
vt 0.21722114 0.5753425
vt 0.6320939 0.95694715
vt 0.72602737 0.8806262
vt 0.79843444 0.94716245
vt 0.8982387 0.9138943
vt 0.83953035 0.54990214
vt 0.9510763 0.56164384
vt 0.9549902 0.39334637
vt 0.8375734 0.39921722
vt 0.85714287 0.34050882
vt 0.73776907 0.08806262
vt 0.68101764 0.11741683
vt 0.9843444 0.7964775
vt 0.9941292 0.8375734
vt 0.9412916 0.8434442
vt 0.87279844 0.8708415
vt 0.87279844 0.81996083
vt 0.9158513 0.8297456
vt 0.9080235 0.87279844
vt 0.5303327 0.08414873
vt 0.5596869 0.03522505
vt 0.52837574 0.037181996
vt 0.52250487 0.04892368
vt 0.48727983 0.07632094
vt 0.6477495 0.12720157
vt 0.60078275 0.28962818
vt 0.51663405 0.19178082
vt 0.47945204 0.14872798
vt 0.5205479 0.14872798
vt 0.87866926 0.072407044
vt 0.80430526 0.029354207
vt 0.7925636 0.072407044
vt 0.8708415 0.029354207
vt 0.91780823 0.045009784
vt 0.0039138943 0.80430526
vt 0.029354207 0.7906067
vt 0.072407044 0.7847358
vt 0.11741683 0.7358121
vt 0.12524462 0.6614481
vt 0.12524462 0.58317024
vt 0.68101764 0.81409
vt 0.73189825 0.8082192
vt 0.6399217 0.7964775
vt 0.83170253 0.8180039
vt 0.9315069 0.09001957
vt 0.99021524 0.07632094
vt 0.90215266 0.07632094
vt 0.9217221 0.11741683
vt 0.2661448 0.22504893
vt 0.23679061 0.25440314
vt 0.24657534 0.19960861
vt 0.3111546 0.18786693
vt 0.5870842 0.064579256
vt 0.6223092 0.050880626
vt 0.7005871 0.06066536
vt 0.67514676 0.08414873
vt 0.5264188 0.14481409
vt 0.54011744 0.2778865
vt 0.57925636 0.15459883
vt 0.58317024 0.09589041
vt 0.086105675 0.6888454
vt 0.04109589 0.6966732
vt 0.009784736 0.76125246
vt 0.050880626 0.7553816
vt 0.48727983 0.19765167
vt 0.444227 0.16829745
vt 0.072407044 0.6438356
vt 0.83953035 0.80430526
vt 0.9843444 0.099804305
vt 0.33268103 0.23287672
vt 0.40508807 0.21722114
vt 0.39334637 0.18003914
vt 0.4266145 0.18590999
vt 0.55772996 0.11545988
vt 0.4598826 0.113502935
vt 0.021526419 0.6712329
vt 0.021526419 0.57338554
vt 0.22896282 0.05479452
vt 0.2857143 0.043052837
vt 0.3111546 0.099804305
vt 0.19373778 0.099804305
vt 0.3776908 0.66340506
vt 0.35812134 0.6223092
vt 0.3776908 0.57338554
vt 0.17221135 0.32681018
vt 0.1741683 0.32681018
vt 0.1741683 0.32681018
vt 0.17221135 0.32681018
vt 0.17025441 0.32485324
vt 0.12524462 0.3365949
vt 0.15264188 0.30919766
vt 0.15459883 0.30919766
vt 0.17025441 0.32485324
vt 0.15459883 0.30919766
vt 0.15459883 0.30919766
vt 0.15459883 0.30919766
vt 0.15264188 0.3072407
vt 0.15264188 0.3072407
vt 0.15068494 0.30528376
vt 0.10763209 0.29549903
vt 0.11154599 0.26810175
vt 0.15068494 0.30528376
vt 0.11154599 0.26810175
vt 0.21917808 0.99804306
vt 0.2074364 0.9960861
vt 0.2074364 0.9960861
vt 0.19765167 0.96868885
vt 0.22896282 0.96868885
vt 0.24657534 0.9941292
vt 0.21917808 0.99804306
vt 0.24657534 0.9941292
vt 0.7299413 0.16634052
vt 0.72798437 0.16046967
vt 0.72798437 0.16046967
vt 0.7299413 0.16634052
vt 0.739726 0.3444227
vt 0.739726 0.3444227
vt 0.7553816 0.3444227
vt 0.7906067 0.26810175
vt 0.7964775 0.3444227
vt 0.7553816 0.3444227
vt 0.7964775 0.3444227
vt 0.8356164 0.3444227
vt 0.8356164 0.3444227
vt 0.8473581 0.3444227
vt 0.84540117 0.3189824
vt 0.91193736 0.3444227
vt 0.8473581 0.3444227
vt 0.91193736 0.3444227
vt 0.9706458 0.3444227
vt 0.9706458 0.3444227
vt 0.9726027 0.89432484
vt 0.9726027 0.9373777
vt 0.9726027 0.9373777
vt 0.9726027 0.89432484
vt 0.9726027 0.89041096
vt 0.9726027 0.89041096
vt 0.9726027 0.81017613
vt 0.9726027 0.81017613
vt 0.9726027 0.76125246
vt 0.9726027 0.76125246
vt 0.70254403 0.9667319
vt 0.69080234 0.99804306
vt 0.69080234 0.99804306
vt 0.70254403 0.9667319
vt 0.72015655 0.9197652
vt 0.72015655 0.9197652
vt 0.26027396 0.7123288
vt 0.26027396 0.7123288
vt 0.26027396 0.7123288
vt 0.26027396 0.7123288
vt 0.47553816 0.27005872
vt 0.5146771 0.33268103
vt 0.45792565 0.33268103
vt 0.42074364 0.30919766
vt 0.13502936 0.70841485
vt 0.16634052 0.7592955
vt 0.086105675 0.74951077
vt 0.853229 0.15459883
vt 0.95303327 0.14677104
vt 0.8180039 0.14285715
vt 0.9001957 0.22700587
vt 0.9432485 0.30332682
vt 0.888454 0.9295499
vt 0.8982387 0.81409
vt 0.90606654 0.72602737
vt 0.6497065 0.9960861
vt 0.7123288 0.9197652
vt 0.51663405 0.2857143
vt 0.52837574 0.28962818
vt 0.9960861 0.25831702
vt 0.9960861 0.33463797
vt 0.9549902 0.3111546
vt 0.06849315 0.555773
vt 0.06066536 0.50097847
vt 0.0019569471 0.43835616
vt 0.01369863 0.5362035
vt 0.22309197 0.70254403
vt 0.22700587 0.7592955
vt 0.62818 0.6105675
vt 0.5440313 0.6086106
vt 0.555773 0.65753424
vt 0.60665363 0.6555773
vt 0.6379648 0.6712329
vt 0.54990214 0.7005871
vt 0.64187866 0.7064579
vt 0.9941292 0.16242662
vt 0.7886497 0.82778865
vt 0.7925636 0.9960861
vt 0.7964775 0.73776907
vt 0.52837574 0.90215266
vt 0.39726028 0.9843444
vt 0.5988258 0.9334638
vt 0.9921722 0.38551858
vt 0.9158513 0.47162426
vt 0.9315069 0.36594912
vt 0.9941292 0.44227007
vt 0.5694716 0.89041096
vt 0.46379647 0.8962818
vt 0.53816044 0.853229
vt 0.6144814 0.84931505
vt 0.007827789 0.59491193
vt 0.043052837 0.6379648
vt 0.25636008 0.7162427
vt 0.56751466 0.5518591
vt 0.48336595 0.555773
vt 0.592955 0.57338554
vt 0.6731898 0.5714286
vt 0.7299413 0.6555773
vt 0.739726 0.66927594
vt 0.74951077 0.70254403
vt 0.778865 0.9882583
vt 0.10958904 0.667319
vt 0.0704501 0.7690802
vt 0.06849315 0.60273975
vt 0.091976516 0.5968689
vt 0.1741683 0.60273975
vt 0.10176125 0.5303327
vt 0.18786693 0.5088063
vt 0.18199609 0.39726028
vt 0.9941292 0.56751466
vt 0.9412916 0.64579254
vt 0.9373777 0.54011744
vt 0.96477497 0.50097847
vt 0.86105675 0.9549902
vt 0.8551859 0.99804306
vt 0.9217221 0.9882583
vt 0.105675146 0.14872798
vt 0.1780822 0.13111547
vt 0.17221135 0.17221135
vt 0.113502935 0.18003914
vt 0.0019569471 0.15264188
vt 0.019569471 0.13111547
vt 0.07436399 0.555773
vt 0.07436399 0.5088063
vt 0.10176125 0.51663405
vt 0.60078275 0.92759293
vt 0.67514676 0.888454
vt 0.70841485 0.853229
vt 0.037181996 0.6927593
vt 0.06066536 0.66340506
vt 0.015655577 0.6497065
vt 0.0019569471 0.6947162
vt 0.5772994 0.48336595
vt 0.57925636 0.34637964
vt 0.47358122 0.33855185
vt 0.48727983 0.47358122
vt 0.553816 0.50489235
vt 0.6594912 0.4853229
vt 0.69863015 0.5205479
vt 0.7573385 0.52837574
vt 0.7671233 0.5772994
vt 0.7964775 0.54011744
vt 0.851272 0.66340506
vt 0.8414873 0.5753425
vt 0.19569471 0.6771037
vt 0.22113504 0.55772996
vt 0.9921722 0.6927593
vt 0.9295499 0.73189825
vt 0.9823875 0.6497065
vt 0.24657534 0.6399217
vt 0.2739726 0.6771037
vt 0.83953035 0.49510762
vt 0.7847358 0.4853229
vt 0.8630137 0.40313113
vt 0.91193736 0.37964776
vt 0.91193736 0.43639922
vt 0.68101764 0.3444227
vt 0.0039138943 0.7906067
vt 0.05479452 0.77690804
vt 0.87866926 0.3483366
vt 0.9960861 0.68688846
vt 0.9315069 0.6849315
vt 0.9960861 0.59491193
vt 0.9960861 0.69080234
vt 0.9491194 0.7005871
vt 0.9960861 0.69863015
vt 0.4598826 0.48336595
vt 0.40900195 0.45596868
vt 0.45401174 0.4481409
vt 0.46183953 0.49510762
vt 0.37964776 0.47945204
vt 0.853229 0.65753424
vt 0.8434442 0.6927593
vt 0.30919766 0.48336595
vt 0.30332682 0.46575344
vt 0.9706458 0.25440314
vt 0.9334638 0.21722114
vt 0.94520545 0.16046967
vt 0.9765166 0.18199609
vt 0.99804306 0.25244617
vt 0.99804306 0.17612524
vt 0.667319 0.2407045
vt 0.5890411 0.25636008
vt 0.5714286 0.23483366
vt 0.7162427 0.25831702
vt 0.57338554 0.5088063
vt 0.53816044 0.49119374
vt 0.42857143 0.5694716
vt 0.47358122 0.57338554
vt 0.42857143 0.59491193
vt 0.4774951 0.6164383
vt 0.4892368 0.6046967
vt 0.5596869 0.5440313
vt 0.56164384 0.60665363
vt 0.37573385 0.31311154
vt 0.4187867 0.33072406
vt 0.36790606 0.3522505
vt 0.36399218 0.28962818
vt 0.18199609 0.6849315
vt 0.19765167 0.7103718
vt 0.19765167 0.7103718
vt 0.18199609 0.6849315
vt 0.6262231 0.045009784
vt 0.6399217 0.064579256
vt 0.6399217 0.064579256
vt 0.6262231 0.045009784
vt 0.60273975 0.017612524
vt 0.60273975 0.017612524
vt 0.56164384 0.91780823
vt 0.5812133 0.92759293
vt 0.5812133 0.92759293
vt 0.56164384 0.91780823
vt 0.38356164 0.81604695
vt 0.3483366 0.8023483
vt 0.3483366 0.8023483
vt 0.38356164 0.81604695
vt 0.38551858 0.81604695
vt 0.38747555 0.8121331
vt 0.38747555 0.8180039
vt 0.38551858 0.81604695
vt 0.26223093 0.7455969
vt 0.26223093 0.7455969
vt 0.26223093 0.7455969
vt 0.26223093 0.7455969
vt 0.26223093 0.74363995
vt 0.26223093 0.74363995
vt 0.23679061 0.38747555
vt 0.2485323 0.3894325
vt 0.2485323 0.3894325
vt 0.23679061 0.38747555
vt 0.20156556 0.3737769
vt 0.20156556 0.3737769
vt 0.14481409 0.36007828
vt 0.14481409 0.36007828
vt 0.10763209 0.3444227
vt 0.10763209 0.3444227
vt 0.06262231 0.31311154
vt 0.06262231 0.31311154
vt 0.0019569471 0.22504893
vt 0.0019569471 0.18786693
vt 0.0019569471 0.18786693
vt 0.0019569471 0.22504893
vt 0.0019569471 0.27005872
vt 0.0019569471 0.27005872
vt 0.0019569471 0.27201566
vt 0.0019569471 0.27201566
vt 0.8708415 0.07632094
vt 0.8708415 0.07436399
vt 0.8708415 0.07436399
vt 0.8708415 0.07632094
vt 0.6262231 0.8023483
vt 0.62426615 0.80430526
vt 0.62426615 0.80430526
vt 0.6262231 0.8023483
vt 0.6555773 0.7925636
vt 0.6555773 0.7925636
vt 0.70841485 0.7749511
vt 0.70841485 0.7749511
vt 0.7123288 0.7729941
vt 0.7123288 0.7729941
vt 0.7221135 0.7690802
vt 0.7123288 0.7808219
vt 0.7847358 0.74951077
vt 0.7221135 0.7690802
vt 0.7847358 0.74951077
vt 0.80626225 0.74168295
vt 0.7906067 0.81017613
vt 0.80626225 0.74168295
vt 0.80626225 0.74168295
vt 0.80626225 0.8473581
vt 0.5107632 0.5812133
vt 0.5655577 0.57925636
vt 0.51663405 0.54011744
vt 0.60273975 0.017612524
vt 0.60273975 0.08806262
vt 0.6320939 0.07436399
vt 0.19765167 0.67906064
vt 0.5596869 0.90606654
vt 0.5890411 0.90606654
vt 0.34246576 0.79452056
vt 0.3561644 0.7847358
vt 0.40117416 0.7847358
vt 0.24266145 0.7299413
vt 0.24266145 0.6947162
vt 0.27201566 0.70254403
vt 0.23483366 0.43052837
vt 0.1409002 0.3776908
vt 0.052837573 0.3561644
vt 0.0332681 0.4148728
vt 0.04892368 0.35029355
vt 0.72015655 0.25440314
vt 0.73189825 0.2407045
vt 0.7455969 0.1741683
vt 0.045009784 0.25636008
vt 0.007827789 0.18786693
vt 0.0019569471 0.27201566
vt 0.8121331 0.07436399
vt 0.8003914 0.04696673
vt 0.83953035 0.04696673
vt 0.67906064 0.851272
vt 0.6183953 0.8708415
vt 0.7221135 0.8121331
vt 0.7808219 0.9197652
vt 0.7964775 0.9882583
vt 0.80626225 0.9882583
vt 0.3111546 0.93933463
vt 0.32681018 0.90606654
vt 0.32681018 0.960861
vt 0.3111546 0.89041096
vt 0.24657534 0.2935421
vt 0.23483366 0.2935421
vt 0.21722114 0.27201566
vt 0.23091976 0.2446184
vt 0.24657534 0.25048923
vt 0.31311154 0.46183953
vt 0.32681018 0.481409
vt 0.28767124 0.49902153
vt 0.2778865 0.46183953
vt 0.21330725 0.5264188
vt 0.25048923 0.54598826
vt 0.21330725 0.54990214
vt 0.8806262 0.72602737
vt 0.9197652 0.72602737
vt 0.92759293 0.704501
vt 0.9001957 0.6947162
vt 0.27005872 0.6829746
vt 0.21917808 0.46379647
vt 0.23874755 0.45009786
vt 0.119373776 0.43835616
vt 0.10958904 0.48336595
vt 0.052837573 0.46575344
vt 0.74951077 0.29158512
vt 0.68688846 0.25440314
vt 0.0019569471 0.6164383
vt 0.017612524 0.60665363
vt 0.017612524 0.6379648
vt 0.6614481 0.3776908
vt 0.6497065 0.29549903
vt 0.5812133 0.3620352
vt 0.86888456 0.94520545
vt 0.82778865 0.89041096
vt 0.81017613 0.9726027
vt 0.9295499 0.9882583
vt 0.8375734 0.99804306
vt 0.47162426 0.38356164
vt 0.39530334 0.38356164
vt 0.39921722 0.36007828
vt 0.88258314 0.65362036
vt 0.8551859 0.62426615
vt 0.8982387 0.62426615
vt 0.8923679 0.6516634
vt 0.7240704 0.9843444
vt 0.6086106 0.99021524
vt 0.61252445 0.9823875
vt 0.6712329 0.96868885
vt 0.6594912 0.92367905
vt 0.592955 0.9099804
vt 0.7749511 0.07632094
vt 0.7358121 0.9334638
vt 0.7005871 0.9921722
vt 0.7906067 0.99804306
vt 0.6927593 0.47162426
vt 0.69080234 0.4266145
vt 0.67514676 0.43639922
vt 0.029354207 0.08806262
vt 0.0332681 0.052837573
vt 0.045009784 0.10176125
vt 0.0019569471 0.058708414
vt 0.0019569471 0.10958904
vt 0.4520548 0.45401174
vt 0.4148728 0.42465752
vt 0.44618395 0.46379647
vt 0.4187867 0.40117416
vt 0.47358122 0.38747555
vt 0.47358122 0.4403131
vt 0.26418787 0.52250487
vt 0.27984345 0.54990214
vt 0.9882583 0.90215266
vt 0.9960861 0.96868885
vt 0.9510763 0.93933463
vt 0.94716245 0.90606654
vt 0.9960861 0.87279844
vt 0.2857143 0.5205479
vt 0.27201566 0.46379647
vt 0.16438356 0.49510762
vt 0.078277886 0.5440313
vt 0.7749511 0.36790606
vt 0.853229 0.853229
vt 0.81604695 0.7749511
vt 0.88454014 0.88258314
vt 0.9158513 0.9138943
vt 0.98043054 0.9726027
vt 0.113502935 0.5596869
vt 0.18003914 0.5264188
vt 0.119373776 0.5303327
vt 0.091976516 0.5518591
vt 0.058708414 0.59099805
vt 0.0019569471 0.5322896
vt 0.04109589 0.67514676
vt 0.68688846 0.39921722
vt 0.7103718 0.42270058
vt 0.667319 0.42270058
vt 0.26223093 0.17221135
vt 0.31311154 0.2407045
vt 0.23091976 0.23483366
vt 0.23874755 0.18395303
vt 0.61252445 0.119373776
vt 0.6731898 0.09589041
vt 0.6888454 0.119373776
vt 0.64187866 0.0704501
vt 0.8356164 0.7005871
vt 0.8258317 0.7299413
vt 0.84540117 0.78277886
vt 0.8767123 0.7514677
vt 0.86888456 0.68101764
vt 0.7455969 0.4774951
vt 0.75342464 0.4266145
vt 0.9099804 0.72798437
vt 0.9510763 0.7671233
vt 0.9041096 0.77690804
vt 0.8923679 0.73189825
vt 0.88258314 0.7553816
vt 0.28375733 0.16046967
vt 0.22309197 0.14677104
vt 0.21526419 0.18003914
vt 0.27201566 0.08219178
vt 0.3072407 0.13502936
vt 0.2857143 0.086105675
vt 0.58317024 0.5205479
vt 0.6731898 0.45401174
vt 0.704501 0.49510762
vt 0.66340506 0.42465752
vt 0.60078275 0.45596868
vt 0.53424656 0.41291586
vt 0.4970646 0.47162426
vt 0.4774951 0.42270058
vt 0.8630137 0.7964775
vt 0.91780823 0.82191783
vt 0.9412916 0.84931505
vt 0.9706458 0.87866926
vt 0.12133072 0.6086106
vt 0.18982388 0.6183953
vt 0.24657534 0.58317024
vt 0.09001957 0.6379648
vt 0.06262231 0.7553816
vt 0.01369863 0.73189825
vt 0.49119374 0.7592955
vt 0.5440313 0.74951077
vt 0.5322896 0.7808219
vt 0.5088063 0.74951077
vt 0.73189825 0.40508807
vt 0.7455969 0.41682974
vt 0.7064579 0.38551858
vt 0.62035227 0.5264188
vt 0.6516634 0.553816
vt 0.65753424 0.5264188
vt 0.12720157 0.99804306
vt 0.1369863 0.98630136
vt 0.14872798 0.99804306
vt 0.33072406 0.18199609
vt 0.36594912 0.2485323
vt 0.2818004 0.18199609
vt 0.22113504 0.5518591
vt 0.25831702 0.5772994
vt 0.2661448 0.5518591
vt 0.1780822 0.3483366
vt 0.19960861 0.2857143
vt 0.25636008 0.30919766
vt 0.2818004 0.3365949
vt 0.22700587 0.3776908
vt 0.77690804 0.7221135
vt 0.79452056 0.68101764
vt 0.8180039 0.65753424
vt 0.87279844 0.65753424
vt 0.8767123 0.6594912
vt 0.7671233 0.7475538
vt 0.76516634 0.6927593
vt 0.7338552 0.7123288
vt 0.7338552 0.75342464
vt 0.7749511 0.45401174
vt 0.95303327 0.7358121
vt 0.9843444 0.77690804
vt 0.21526419 0.099804305
vt 0.21526419 0.05479452
vt 0.26027396 0.03522505
vt 0.2857143 0.05479452
vt 0.26027396 0.029354207
vt 0.40117416 0.1330724
vt 0.3776908 0.12915851
vt 0.3561644 0.16242662
vt 0.43639922 0.16046967
vt 0.44227007 0.17221135
vt 0.5812133 0.3816047
vt 0.5636008 0.32876712
vt 0.48727983 0.34246576
vt 0.9412916 0.78669274
vt 0.96477497 0.77690804
vt 0.9921722 0.81409
vt 0.105675146 0.6829746
vt 0.16829745 0.68101764
vt 0.19569471 0.7162427
vt 0.6144814 0.5420744
vt 0.07632094 0.26810175
vt 0.031311154 0.27201566
vt 0.08219178 0.23874755
vt 0.119373776 0.24266145
vt 0.3816047 0.17221135
vt 0.40508807 0.22504893
vt 0.04892368 0.9960861
vt 0.007827789 0.9726027
vt 0.04892368 0.96868885
vt 0.0019569471 0.99804306
vt 0.42074364 0.18199609
vt 0.43052837 0.21330725
vt 0.5636008 0.10958904
vt 0.555773 0.078277886
vt 0.5968689 0.06849315
vt 0.09393346 0.29745597
vt 0.37181997 0.9843444
vt 0.39921722 0.99021524
vt 0.39530334 0.9726027
vt 0.19569471 0.21917808
vt 0.22700587 0.22896282
vt 0.22700587 0.19178082
vt 0.20547946 0.18590999
vt 0.6731898 0.38551858
vt 0.6712329 0.40508807
vt 0.6379648 0.407045
vt 0.6320939 0.38551858
vt 0.12133072 0.3072407
vt 0.15068494 0.33855185
vt 0.79843444 0.57925636
vt 0.81017613 0.5714286
vt 0.8414873 0.6379648
vt 0.79843444 0.6516634
vt 0.8590998 0.63600785
vt 0.46771038 0.12915851
vt 0.4970646 0.3189824
vt 0.553816 0.29158512
vt 0.9510763 0.072407044
vt 0.9960861 0.04892368
vt 0.9960861 0.12915851
vt 0.9589041 0.099804305
vt 0.94716245 0.12720157
vt 0.9706458 0.16438356
vt 0.18786693 0.10176125
vt 0.21526419 0.13894325
vt 0.16829745 0.13894325
vt 0.5812133 0.6966732
vt 0.54011744 0.7181996
vt 0.5420744 0.68688846
vt 0.5772994 0.6712329
vt 0.5812133 0.6046967
vt 0.52446187 0.65362036
vt 0.553816 0.6183953
vt 0.5714286 0.7475538
vt 0.078277886 0.8434442
vt 0.04696673 0.81604695
vt 0.086105675 0.78277886
vt 0.9921722 0.6223092
vt 0.94716245 0.66536206
vt 0.94520545 0.6262231
vt 0.9882583 0.592955
vt 0.9941292 0.74168295
vt 0.04696673 0.8434442
vt 0.086105675 0.8747554
vt 0.9921722 0.69080234
vt 0.69863015 0.9432485
vt 0.9197652 0.6262231
vt 0.9412916 0.6379648
vt 0.9197652 0.667319
vt 0.6849315 0.76125246
vt 0.6712329 0.7671233
vt 0.6712329 0.7671233
vt 0.68101764 0.78277886
vt 0.7181996 0.78277886
vt 0.704501 0.75342464
vt 0.6849315 0.76125246
vt 0.704501 0.75342464
vt 0.27005872 0.89041096
vt 0.27592954 0.84540117
vt 0.27592954 0.84540117
vt 0.27005872 0.89041096
vt 0.26027396 0.9491194
vt 0.26027396 0.9491194
vt 0.25440314 0.9882583
vt 0.25440314 0.9882583
vt 0.25440314 0.9921722
vt 0.25440314 0.9921722
vt 0.25440314 0.9941292
vt 0.23874755 0.9823875
vt 0.25440314 0.9960861
vt 0.25440314 0.9941292
vt 0.25440314 0.9960861
vt 0.94520545 0.17025441
vt 0.94520545 0.16634052
vt 0.94520545 0.16634052
vt 0.94520545 0.17025441
vt 0.94520545 0.20939335
vt 0.94520545 0.20939335
vt 0.82191783 0.5362035
vt 0.82191783 0.4598826
vt 0.82191783 0.4598826
vt 0.82191783 0.5362035
vt 0.82191783 0.59491193
vt 0.82191783 0.59491193
vt 0.39334637 0.7455969
vt 0.40313113 0.74363995
vt 0.40313113 0.74363995
vt 0.40313113 0.74168295
vt 0.30528376 0.7514677
vt 0.34637964 0.7573385
vt 0.39334637 0.7455969
vt 0.34637964 0.7573385
vt 0.9882583 0.5655577
vt 0.9882583 0.5655577
vt 0.9882583 0.5655577
vt 0.9882583 0.5655577
vt 0.9960861 0.5362035
vt 0.9882583 0.5655577
vt 0.9960861 0.5362035
vt 0.9960861 0.5322896
vt 0.9491194 0.5420744
vt 0.9921722 0.5322896
vt 0.9960861 0.5322896
vt 0.99804306 0.50489235
vt 0.9921722 0.5322896
vt 0.99804306 0.50489235
vt 0.031311154 0.99804306
vt 0.03522505 0.9941292
vt 0.037181996 0.99804306
vt 0.037181996 0.99804306
vt 0.3522505 0.30528376
vt 0.3737769 0.33855185
vt 0.369863 0.34050882
vt 0.3522505 0.3365949
vt 0.369863 0.34050882
vt 0.091976516 0.16046967
vt 0.0665362 0.1330724
vt 0.06066536 0.16046967
vt 0.086105675 0.16242662
vt 0.06066536 0.16046967
vt 0.086105675 0.16242662
vt 0.091976516 0.16438356
vt 0.091976516 0.16438356
vt 0.09393346 0.16438356
vt 0.09393346 0.16438356
vt 0.1037182 0.16634052
vt 0.10763209 0.14872798
vt 0.1330724 0.16438356
vt 0.1037182 0.16634052
vt 0.1330724 0.16438356
vt 0.15068494 0.16438356
vt 0.15068494 0.16438356
vt 0.15851273 0.16634052
vt 0.15851273 0.16634052
vt 0.16242662 0.16634052
vt 0.16829745 0.15459883
vt 0.16634052 0.16634052
vt 0.16242662 0.16634052
vt 0.16634052 0.16634052
vt 0.17025441 0.12524462
vt 0.16829745 0.15459883
vt 0.17025441 0.12524462
vt 0.75342464 0.96477497
vt 0.7573385 0.9921722
vt 0.7573385 0.9921722
vt 0.75342464 0.96477497
vt 0.74951077 0.9432485
vt 0.74951077 0.9432485
vt 0.74951077 0.9412916
vt 0.74951077 0.9412916
vt 0.5753425 0.73189825
vt 0.58317024 0.7455969
vt 0.58317024 0.7455969
vt 0.5714286 0.7103718
vt 0.5694716 0.7181996
vt 0.5753425 0.73189825
vt 0.5655577 0.7103718
vt 0.5694716 0.7181996
vt 0.5655577 0.7103718
vt 0.9041096 0.444227
vt 0.9041096 0.44227007
vt 0.9041096 0.44227007
vt 0.9041096 0.444227
vt 0.9099804 0.46575344
vt 0.9099804 0.46575344
vt 0.6379648 0.25636008
vt 0.6438356 0.25636008
vt 0.6438356 0.25636008
vt 0.6164383 0.2739726
vt 0.61252445 0.25636008
vt 0.6379648 0.25636008
vt 0.61252445 0.25636008
vt 0.60665363 0.25636008
vt 0.45792565 0.32681018
vt 0.50097847 0.25636008
vt 0.60665363 0.25636008
vt 0.50097847 0.25636008
vt 0.43444228 0.25636008
vt 0.43444228 0.25636008
vt 0.050880626 0.81017613
vt 0.037181996 0.80626225
vt 0.037181996 0.80626225
vt 0.03522505 0.739726
vt 0.050880626 0.81017613
vt 0.26223093 0.60273975
vt 0.26223093 0.6046967
vt 0.26223093 0.60273975
vt 0.26223093 0.60273975
vt 0.26223093 0.60273975
vt 0.26027396 0.60273975
vt 0.1780822 0.67906064
vt 0.16046967 0.60273975
vt 0.26027396 0.60273975
vt 0.16046967 0.60273975
vt 0.1409002 0.60273975
vt 0.1409002 0.60273975
vt 0.13111547 0.60273975
vt 0.13111547 0.60273975
vt 0.11741683 0.60273975
vt 0.08023483 0.6966732
vt 0.078277886 0.6438356
vt 0.058708414 0.60273975
vt 0.11741683 0.60273975
vt 0.058708414 0.60273975
vt 0.045009784 0.60273975
vt 0.043052837 0.6340509
vt 0.87279844 0.99804306
vt 0.83170253 0.99804306
vt 0.851272 0.97455966
vt 0.851272 0.97455966
vt 0.87279844 0.99804306
vt 0.7221135 0.7886497
vt 0.6183953 0.7886497
vt 0.7221135 0.78669274
vt 0.7221135 0.78669274
vt 0.67514676 0.86692756
vt 0.72015655 0.83170253
vt 0.7221135 0.7886497
vt 0.72015655 0.83170253
vt 0.7181996 0.8630137
vt 0.7181996 0.8630137
vt 0.72015655 0.8864971
vt 0.72015655 0.8864971
vt 0.72015655 0.9491194
vt 0.72015655 0.9491194
vt 0.72015655 0.9765166
vt 0.72015655 0.9765166
vt 0.43835616 0.7592955
vt 0.45401174 0.76125246
vt 0.45401174 0.76125246
vt 0.43835616 0.7592955
vt 0.30332682 0.7592955
vt 0.30332682 0.7592955
vt 0.29549903 0.7592955
vt 0.29549903 0.7592955
vt 0.0058708414 0.86692756
vt 0.0058708414 0.86692756
vt 0.0058708414 0.86692756
vt 0.0058708414 0.86692756
vt 0.023483366 0.86888456
vt 0.023483366 0.86888456
vt 0.32681018 0.15459883
vt 0.3072407 0.15264188
vt 0.3072407 0.15264188
vt 0.32681018 0.15459883
vt 0.3444227 0.15851273
vt 0.3444227 0.15851273
vt 0.35420743 0.15851273
vt 0.33463797 0.1780822
vt 0.32093933 0.27201566
vt 0.35812134 0.16046967
vt 0.35420743 0.15851273
vt 0.35812134 0.16046967
vt 0.3620352 0.16046967
vt 0.3620352 0.16046967
vt 0.3483366 0.24266145
vt 0.3483366 0.24266145
vt 0.34050882 0.2994129
vt 0.34050882 0.2994129
vt 0.33463797 0.33463797
vt 0.33463797 0.33463797
vt 0.33072406 0.36594912
vt 0.33072406 0.36594912
vt 0.60273975 0.6927593
vt 0.5812133 0.6947162
vt 0.5812133 0.6947162
vt 0.60273975 0.6927593
vt 0.62035227 0.6888454
vt 0.62035227 0.6888454
vt 0.65362036 0.6849315
vt 0.65362036 0.6849315
vt 0.15655577 0.8356164
vt 0.24657534 0.8551859
vt 0.11545988 0.9549902
vt 0.2074364 0.9921722
vt 0.9001957 0.16046967
vt 0.9080235 0.20156556
vt 0.8551859 0.4598826
vt 0.8238748 0.59491193
vt 0.8923679 0.5264188
vt 0.84540117 0.58317024
vt 0.30528376 0.72015655
vt 0.39334637 0.7181996
vt 0.92367905 0.5518591
vt 0.92759293 0.5264188
vt 0.9843444 0.4892368
vt 0.38356164 0.30919766
vt 0.3522505 0.26027396
vt 0.08806262 0.09001957
vt 0.11741683 0.09001957
vt 0.1369863 0.12328767
vt 0.72602737 0.99804306
vt 0.72602737 0.9412916
vt 0.58317024 0.7064579
vt 0.9041096 0.44227007
vt 0.95694715 0.46575344
vt 0.65753424 0.2994129
vt 0.5088063 0.3620352
vt 0.45792565 0.36399218
vt 0.050880626 0.7358121
vt 0.043052837 0.7064579
vt 0.28375733 0.6829746
vt 0.091976516 0.7553816
vt 0.11545988 0.21917808
vt 0.12720157 0.2407045
vt 0.18786693 0.2485323
vt 0.19178082 0.21917808
vt 0.21722114 0.2485323
vt 0.0665362 0.6712329
vt 0.5420744 0.851272
vt 0.47945204 0.7964775
vt 0.592955 0.81996083
vt 0.6086106 0.89432484
vt 0.6927593 0.8962818
vt 0.6771037 0.9667319
vt 0.40900195 0.79843444
vt 0.46379647 0.80430526
vt 0.29549903 0.82191783
vt 0.0019569471 0.8121331
vt 0.021526419 0.8023483
vt 0.27005872 0.22113504
vt 0.27201566 0.29549903
vt 0.32093933 0.36790606
vt 0.58317024 0.6849315
vt 0.6438356 0.65753424
vt 0.04892368 0.84540117
vt 0.023483366 0.8767123
vt 0.07436399 0.9667319
vt 0.9941292 0.96477497
vt 0.9941292 0.99804306
vt 0.9823875 0.9667319
vt 0.80430526 0.16634052
vt 0.8003914 0.16046967
vt 0.86105675 0.21330725
vt 0.91780823 0.50097847
vt 0.90215266 0.46771038
vt 0.34050882 0.667319
vt 0.38551858 0.6046967
vt 0.38747555 0.64187866
vt 0.9589041 0.481409
vt 0.92367905 0.47162426
vt 0.39138943 0.2778865
vt 0.4148728 0.29745597
vt 0.407045 0.22700587
vt 0.60078275 0.15264188
vt 0.5870842 0.15851273
vt 0.6497065 0.18590999
vt 0.67514676 0.16438356
vt 0.61252445 0.12720157
vt 0.64187866 0.11741683
vt 0.7064579 0.18590999
vt 0.704501 0.12524462
vt 0.6731898 0.1037182
vt 0.9510763 0.4403131
vt 0.5988258 0.33463797
vt 0.6497065 0.31506848
vt 0.47358122 0.37573385
vt 0.16634052 0.7514677
vt 0.22700587 0.75342464
vt 0.30332682 0.7103718
vt 0.12328767 0.7729941
vt 0.119373776 0.7886497
vt 0.65362036 0.34050882
vt 0.57925636 0.36399218
vt 0.5772994 0.3483366
vt 0.49315068 0.84931505
vt 0.481409 0.8708415
vt 0.4892368 0.91780823
vt 0.518591 0.92367905
vt 0.553816 0.962818
vt 0.62035227 0.9706458
vt 0.46183953 0.86105675
vt 0.37181997 0.89041096
vt 0.2935421 0.8864971
vt 0.007827789 0.75342464
vt 0.031311154 0.73189825
vt 0.24266145 0.2994129
vt 0.23091976 0.3816047
vt 0.65362036 0.60078275
vt 0.5968689 0.5968689
vt 0.63013697 0.57338554
vt 0.7690802 0.9510763
vt 0.82191783 0.9197652
vt 0.74363995 0.9197652
vt 0.7906067 0.99804306
vt 0.011741683 0.99804306
vt 0.0019569471 0.92367905
vt 0.91780823 0.10763209
vt 0.95694715 0.09001957
vt 0.95694715 0.15851273
vt 0.9315069 0.16046967
vt 0.91193736 0.8434442
vt 0.94716245 0.81604695
vt 0.9510763 0.8434442
vt 0.9217221 0.8180039
vt 0.7906067 0.18786693
vt 0.53816044 0.5068493
vt 0.5029354 0.5205479
vt 0.57338554 0.54011744
vt 0.57925636 0.5029354
vt 0.56751466 0.49119374
vt 0.3444227 0.6144814
vt 0.41095892 0.24266145
vt 0.10176125 0.9726027
vt 0.08219178 0.99804306
vt 0.06849315 0.9882583
vt 0.07436399 0.97455966
vt 0.12915851 0.9726027
vt 0.17612524 0.77103716
vt 0.6771037 0.39530334
vt 0.75342464 0.4853229
vt 0.6086106 0.4481409
vt 0.6614481 0.3620352
vt 0.69863015 0.3365949
vt 0.67514676 0.54990214
vt 0.6947162 0.5440313
vt 0.67514676 0.5029354
vt 0.4970646 0.45401174
vt 0.47358122 0.49315068
vt 0.45596868 0.47945204
vt 0.4598826 0.45401174
vt 0.42857143 0.4892368
vt 0.49510762 0.94716245
vt 0.4324853 0.9667319
vt 0.4853229 0.9823875
vt 0.46771038 0.925636
vt 0.41291586 0.92367905
vt 0.28962818 0.9373777
vt 0.0019569471 0.70841485
vt 0.019569471 0.66340506
vt 0.19178082 0.3620352
vt 0.6105675 0.5420744
vt 0.5753425 0.555773
vt 0.6164383 0.4892368
vt 0.25831702 0.78669274
vt 0.28962818 0.7906067
vt 0.2739726 0.8414873
vt 0.2485323 0.81604695
vt 0.9373777 0.87279844
vt 0.8982387 0.86692756
vt 0.94520545 0.9099804
vt 0.9197652 0.9373777
vt 0.8630137 0.960861
vt 0.76125246 0.1780822
vt 0.78669274 0.25244617
vt 0.78669274 0.16829745
vt 0.14677104 0.29549903
vt 0.16438356 0.3620352
vt 0.1037182 0.33268103
vt 0.099804305 0.2778865
vt 0.13894325 0.25636008
vt 0.09589041 0.25244617
vt 0.5029354 0.47553816
vt 0.5303327 0.39921722
vt 0.56164384 0.42857143
vt 0.25831702 0.22113504
vt 0.22309197 0.23679061
vt 0.22700587 0.25636008
vt 0.2485323 0.25244617
vt 0.13111547 0.99804306
vt 0.79452056 0.43444228
vt 0.81017613 0.4598826
vt 0.7690802 0.31506848
vt 0.72798437 0.32093933
vt 0.51272017 0.99804306
vt 0.4892368 0.98630136
vt 0.49510762 0.94716245
vt 0.35812134 0.99804306
vt 0.444227 0.99021524
vt 0.28375733 0.99804306
vt 0.0039138943 0.65362036
vt 0.5851272 0.52446187
vt 0.5968689 0.4403131
vt 0.9510763 0.851272
vt 0.97455966 0.8414873
vt 0.5655577 0.43444228
vt 0.59099805 0.46379647
vt 0.59099805 0.4187867
vt 0.56751466 0.4148728
vt 0.9491194 0.8923679
vt 0.8121331 0.6183953
vt 0.81604695 0.65362036
vt 0.83365947 0.66340506
vt 0.83365947 0.6046967
vt 0.80626225 0.26223093
vt 0.79452056 0.22504893
vt 0.86105675 0.22504893
vt 0.8414873 0.26810175
vt 0.74363995 0.2935421
vt 0.78277886 0.31702545
vt 0.73776907 0.25244617
vt 0.73776907 0.21526419
vt 0.72602737 0.17221135
vt 0.69863015 0.21135029
vt 0.9960861 0.2074364
vt 0.96868885 0.13894325
vt 0.9960861 0.1330724
vt 0.22896282 0.2661448
vt 0.22700587 0.30332682
vt 0.20547946 0.25244617
vt 0.5107632 0.407045
vt 0.9706458 0.47945204
vt 0.9960861 0.47553816
vt 0.9941292 0.45009786
vt 0.960861 0.45009786
vt 0.19569471 0.20156556
vt 0.22309197 0.18395303
vt 0.26418787 0.1741683
vt 0.8473581 0.28962818
vt 0.7906067 0.26223093
vt 0.8297456 0.39334637
vt 0.87866926 0.39334637
vt 0.8747554 0.4481409
vt 0.81996083 0.43639922
vt 0.80430526 0.44227007
vt 0.19765167 0.42074364
vt 0.16634052 0.39138943
vt 0.18199609 0.39530334
vt 0.22309197 0.54011744
vt 0.15459883 0.49510762
vt 0.14481409 0.57338554
vt 0.22896282 0.5518591
vt 0.119373776 0.5518591
vt 0.07436399 0.5988258
vt 0.064579256 0.5870842
vt 0.06262231 0.51272017
vt 0.050880626 0.5518591
vt 0.07436399 0.38356164
vt 0.12524462 0.35029355
vt 0.16046967 0.369863
vt 0.06262231 0.6771037
vt 0.03522505 0.6947162
vt 0.06262231 0.7181996
vt 0.34637964 0.12720157
vt 0.34637964 0.08023483
vt 0.38747555 0.11741683
vt 0.04696673 0.65362036
vt 0.93933463 0.99804306
vt 0.9726027 0.9510763
vt 0.98043054 0.99021524
vt 0.23679061 0.407045
vt 0.27201566 0.39921722
vt 0.21917808 0.39921722
vt 0.55772996 0.96868885
vt 0.51272017 0.9726027
vt 0.518591 0.99804306
vt 0.5655577 0.99804306
vt 0.20547946 0.11154599
vt 0.21526419 0.12720157
vt 0.18395303 0.14285715
vt 0.16634052 0.11154599
vt 0.25440314 0.42074364
vt 0.04892368 0.43052837
vt 0.0058708414 0.42270058
vt 0.0019569471 0.39530334
vt 0.050880626 0.37964776
vt 0.99804306 0.38356164
vt 0.9334638 0.42465752
vt 0.98043054 0.4403131
vt 0.94716245 0.3522505
vt 0.9843444 0.34637964
vt 0.9491194 0.31311154
vt 0.98630136 0.3189824
vt 0.70841485 0.28962818
vt 0.7162427 0.31506848
vt 0.6731898 0.26223093
vt 0.6497065 0.22896282
vt 0.56164384 0.39530334
vt 0.4892368 0.39530334
vt 0.5303327 0.36007828
vt 0.94716245 0.24266145
vt 0.960861 0.21526419
vt 0.9882583 0.25244617
vt 0.96477497 0.2739726
vt 0.93542075 0.3111546
vt 0.90606654 0.2818004
vt 0.87279844 0.2818004
vt 0.50097847 0.105675146
vt 0.51663405 0.13894325
vt 0.5518591 0.105675146
vt 0.06849315 0.32681018
vt 0.09393346 0.36399218
vt 0.06262231 0.35029355
vt 0.8649706 0.27592954
vt 0.85714287 0.25244617
vt 0.8962818 0.3365949
vt 0.11154599 0.40117416
vt 0.9217221 0.3189824
vt 0.6516634 0.24266145
vt 0.9315069 0.21526419
vt 0.87866926 0.21917808
vt 0.09393346 0.30136988
vt 0.08023483 0.26223093
vt 0.8864971 0.29549903
vt 0.962818 0.19960861
vt 0.9784736 0.22896282
vt 0.36790606 0.19765167
vt 0.39921722 0.22504893
vt 0.407045 0.19765167
vt 0.35812134 0.22309197
vt 0.17221135 0.16438356
vt 0.23679061 0.12524462
vt 0.26418787 0.12915851
vt 0.32093933 0.119373776
vt 0.33855185 0.14285715
vt 0.30136988 0.14872798
vt 0.6262231 0.9784736
vt 0.64579254 0.99804306
vt 0.6712329 0.9726027
vt 0.8434442 0.72602737
vt 0.9041096 0.7455969
vt 0.9041096 0.7455969
vt 0.8434442 0.72602737
vt 0.739726 0.6927593
vt 0.739726 0.6927593
vt 0.7338552 0.69080234
vt 0.72798437 0.7925636
vt 0.7064579 0.79452056
vt 0.73189825 0.69080234
vt 0.7338552 0.69080234
vt 0.73189825 0.69080234
vt 0.71428573 0.6849315
vt 0.71428573 0.6849315
vt 0.70841485 0.6829746
vt 0.70841485 0.6888454
vt 0.7064579 0.9549902
vt 0.7064579 0.9549902
vt 0.7064579 0.9549902
vt 0.7064579 0.9549902
vt 0.7064579 0.9706458
vt 0.7064579 0.9706458
vt 0.7064579 0.9726027
vt 0.7123288 0.96868885
vt 0.7221135 0.9941292
vt 0.7064579 0.99804306
vt 0.7064579 0.9726027
vt 0.7064579 0.99804306
vt 0.0019569471 0.99804306
vt 0.0058708414 0.9921722
vt 0.0058708414 0.9921722
vt 0.0019569471 0.99804306
vt 0.29549903 0.74168295
vt 0.28375733 0.7358121
vt 0.28375733 0.7358121
vt 0.29549903 0.74168295
vt 0.15655577 0.056751467
vt 0.14872798 0.058708414
vt 0.14872798 0.058708414
vt 0.15655577 0.056751467
vt 0.62035227 0.1409002
vt 0.62035227 0.18982388
vt 0.62035227 0.18982388
vt 0.62035227 0.1409002
vt 0.6223092 0.11545988
vt 0.6223092 0.11545988
vt 0.62035227 0.0665362
vt 0.62035227 0.0665362
vt 0.62035227 0.050880626
vt 0.6829746 0.05479452
vt 0.29745597 0.96477497
vt 0.29745597 0.9667319
vt 0.29745597 0.9667319
vt 0.29745597 0.9667319
vt 0.29745597 0.96477497
vt 0.29745597 0.95303327
vt 0.29745597 0.925636
vt 0.29745597 0.95303327
vt 0.29745597 0.925636
vt 0.29745597 0.9158513
vt 0.29745597 0.9158513
vt 0.46183953 0.29745597
vt 0.46379647 0.29745597
vt 0.46379647 0.29745597
vt 0.46183953 0.29745597
vt 0.42857143 0.30528376
vt 0.42857143 0.30528376
vt 0.6379648 0.6614481
vt 0.56751466 0.66536206
vt 0.56751466 0.66536206
vt 0.6379648 0.6614481
vt 0.64187866 0.66536206
vt 0.64579254 0.6477495
vt 0.64579254 0.66536206
vt 0.64187866 0.66536206
vt 0.64579254 0.66536206
vt 0.6614481 0.66536206
vt 0.6614481 0.66536206
vt 0.6849315 0.66536206
vt 0.6849315 0.66536206
vt 0.7514677 0.6614481
vt 0.7514677 0.6614481
vt 0.75342464 0.6614481
vt 0.75342464 0.6614481
vt 0.64579254 0.27005872
vt 0.6888454 0.27201566
vt 0.66340506 0.2035225
vt 0.6594912 0.2035225
vt 0.66340506 0.2035225
vt 0.6477495 0.2035225
vt 0.6594912 0.2035225
vt 0.6399217 0.20939335
vt 0.6399217 0.2035225
vt 0.6477495 0.2035225
vt 0.6379648 0.2035225
vt 0.6399217 0.2035225
vt 0.6379648 0.2035225
vt 0.63600785 0.2035225
vt 0.63600785 0.2035225
vt 0.62035227 0.2035225
vt 0.62035227 0.2035225
vt 0.2407045 0.17612524
vt 0.16438356 0.21330725
vt 0.2407045 0.21526419
vt 0.2407045 0.21526419
vt 0.2407045 0.17612524
vt 0.2407045 0.12915851
vt 0.2407045 0.12915851
vt 0.9217221 0.49510762
vt 0.9158513 0.47553816
vt 0.9158513 0.47553816
vt 0.9217221 0.49510762
vt 0.92367905 0.5029354
vt 0.92367905 0.5029354
vt 0.9334638 0.7475538
vt 0.9491194 0.74951077
vt 0.9491194 0.74951077
vt 0.9334638 0.7475538
vt 0.9217221 0.7455969
vt 0.9217221 0.7592955
vt 0.0019569471 0.5772994
vt 0.019569471 0.555773
vt 0.007827789 0.555773
vt 0.007827789 0.555773
vt 0.01369863 0.58317024
vt 0.0019569471 0.5812133
vt 0.0019569471 0.5772994
vt 0.0039138943 0.40313113
vt 0.0019569471 0.39138943
vt 0.0019569471 0.39138943
vt 0.0039138943 0.40313113
vt 0.0039138943 0.45792565
vt 0.0039138943 0.45792565
vt 0.0039138943 0.5107632
vt 0.0039138943 0.5107632
vt 0.0039138943 0.5264188
vt 0.0039138943 0.5264188
vt 0.0058708414 0.5420744
vt 0.09393346 0.52837574
vt 0.0058708414 0.5479452
vt 0.0058708414 0.5420744
vt 0.099804305 0.5479452
vt 0.18395303 0.32681018
vt 0.21917808 0.21917808
vt 0.21722114 0.31506848
vt 0.21722114 0.31506848
vt 0.18395303 0.32681018
vt 0.14677104 0.33855185
vt 0.14677104 0.33855185
vt 0.13111547 0.3444227
vt 0.13111547 0.3444227
vt 0.019569471 0.37964776
vt 0.019569471 0.37964776
vt 0.015655577 0.3816047
vt 0.015655577 0.23287672
vt 0.0039138943 0.3620352
vt 0.0039138943 0.38747555
vt 0.015655577 0.3816047
vt 0.0332681 0.63013697
vt 0.07632094 0.57338554
vt 0.052837573 0.5714286
vt 0.052837573 0.5714286
vt 0.0332681 0.63013697
vt 0.019569471 0.6712329
vt 0.019569471 0.6712329
vt 0.0019569471 0.72015655
vt 0.0019569471 0.72015655
vt 0.01369863 0.72602737
vt 0.037181996 0.6712329
vt 0.09784736 0.76125246
vt 0.01369863 0.72602737
vt 0.09784736 0.76125246
vt 0.1037182 0.7632094
vt 0.1037182 0.7632094
vt 0.10763209 0.76516634
vt 0.10763209 0.76516634
vt 0.119373776 0.7690802
vt 0.16046967 0.6731898
vt 0.2818004 0.7553816
vt 0.12328767 0.77103716
vt 0.119373776 0.7690802
vt 0.25440314 0.7729941
vt 0.27592954 0.17612524
vt 0.27005872 0.30919766
vt 0.26810175 0.1780822
vt 0.26810175 0.1780822
vt 0.2994129 0.21135029
vt 0.30919766 0.16046967
vt 0.27592954 0.17612524
vt 0.30919766 0.16046967
vt 0.3365949 0.16046967
vt 0.3365949 0.16046967
vt 0.3444227 0.15459883
vt 0.33855185 0.16634052
vt 0.39921722 0.12133072
vt 0.3444227 0.15459883
vt 0.39921722 0.12133072
vt 0.41682974 0.119373776
vt 0.41682974 0.119373776
vt 0.42074364 0.12524462
vt 0.42074364 0.12524462
vt 0.88454014 0.050880626
vt 0.88454014 0.043052837
vt 0.88454014 0.043052837
vt 0.88454014 0.050880626
vt 0.88454014 0.19569471
vt 0.88454014 0.19569471
vt 0.88454014 0.2661448
vt 0.88454014 0.2661448
vt 0.86105675 0.14872798
vt 0.82778865 0.15459883
vt 0.82778865 0.15459883
vt 0.86105675 0.14872798
vt 0.42270058 0.49119374
vt 0.43052837 0.32681018
vt 0.43052837 0.32681018
vt 0.42270058 0.49119374
vt 0.42074364 0.49510762
vt 0.42074364 0.49510762
vt 0.42074364 0.49510762
vt 0.42074364 0.49510762
vt 0.4187867 0.49510762
vt 0.4187867 0.49510762
vt 0.40508807 0.51272017
vt 0.4187867 0.49510762
vt 0.40508807 0.51272017
vt 0.2485323 0.5107632
vt 0.25048923 0.52250487
vt 0.25048923 0.52250487
vt 0.2485323 0.5107632
vt 0.2485323 0.5107632
vt 0.2485323 0.5107632
vt 0.2485323 0.50489235
vt 0.2485323 0.50489235
vt 0.2485323 0.37573385
vt 0.2485323 0.37573385
vt 0.8864971 0.32876712
vt 0.9099804 0.32876712
vt 0.9099804 0.32876712
vt 0.8864971 0.32876712
vt 0.8708415 0.33072406
vt 0.8708415 0.33072406
vt 0.81409 0.33072406
vt 0.81409 0.33072406
vt 0.7906067 0.32876712
vt 0.7906067 0.32876712
vt 0.7847358 0.33072406
vt 0.77690804 0.30528376
vt 0.7729941 0.33072406
vt 0.7847358 0.33072406
vt 0.7729941 0.33072406
vt 0.704501 0.32681018
vt 0.704501 0.32681018
vt 0.70254403 0.32681018
vt 0.6966732 0.27005872
vt 0.6947162 0.32681018
vt 0.7005871 0.32681018
vt 0.70254403 0.32681018
vt 0.6947162 0.32876712
vt 0.7005871 0.32681018
vt 0.9080235 0.7162427
vt 0.9080235 0.71428573
vt 0.9080235 0.71428573
vt 0.9080235 0.7162427
vt 0.90606654 0.7162427
vt 0.9080235 0.7103718
vt 0.8630137 0.7103718
vt 0.87866926 0.73189825
vt 0.90606654 0.7162427
vt 0.87866926 0.73189825
vt 0.9041096 0.81409
vt 0.91780823 0.8180039
vt 0.9158513 0.74951077
vt 0.9158513 0.74951077
vt 0.9158513 0.74951077
vt 0.9158513 0.74951077
vt 0.76516634 0.7906067
vt 0.5264188 0.9921722
vt 0.49902153 0.960861
vt 0.5440313 0.98630136
vt 0.47358122 0.99804306
vt 0.0019569471 0.59491193
vt 0.0019569471 0.65753424
vt 0.0332681 0.6105675
vt 0.32093933 0.7240704
vt 0.27984345 0.7240704
vt 0.19569471 0.11154599
vt 0.08806262 0.09393346
vt 0.15655577 0.06066536
vt 0.26810175 0.0704501
vt 0.15655577 0.06066536
vt 0.64579254 0.18590999
vt 0.68101764 0.11154599
vt 0.72602737 0.1037182
vt 0.72015655 0.037181996
vt 0.33463797 0.9882583
vt 0.32093933 0.99804306
vt 0.30332682 0.9510763
vt 0.33463797 0.92759293
vt 0.46966732 0.26418787
vt 0.43835616 0.2661448
vt 0.6379648 0.65362036
vt 0.5694716 0.592955
vt 0.555773 0.6614481
vt 0.6438356 0.5812133
vt 0.667319 0.58317024
vt 0.7553816 0.6144814
vt 0.6829746 0.6594912
vt 0.75342464 0.6614481
vt 0.62035227 0.2857143
vt 0.667319 0.29745597
vt 0.0039138943 0.21526419
vt 0.02739726 0.18395303
vt 0.0019569471 0.18199609
vt 0.08219178 0.19178082
vt 0.05479452 0.21135029
vt 0.13111547 0.12133072
vt 0.18590999 0.12133072
vt 0.23091976 0.13111547
vt 0.8864971 0.4774951
vt 0.8806262 0.5029354
vt 0.94716245 0.7964775
vt 0.9217221 0.8121331
vt 0.0665362 0.56164384
vt 0.007827789 0.39138943
vt 0.0665362 0.3894325
vt 0.11741683 0.4774951
vt 0.21135029 0.518591
vt 0.26810175 0.54990214
vt 0.12524462 0.9373777
vt 0.18982388 0.9960861
vt 0.015655577 0.99804306
vt 0.015655577 0.86692756
vt 0.08806262 0.21917808
vt 0.20547946 0.79452056
vt 0.0019569471 0.79452056
vt 0.01369863 0.7808219
vt 0.0019569471 0.22113504
vt 0.21526419 0.5753425
vt 0.34050882 0.8258317
vt 0.34246576 0.99804306
vt 0.5205479 0.9295499
vt 0.43835616 0.83365947
vt 0.54011744 0.81604695
vt 0.54011744 0.9589041
vt 0.30528376 0.33855185
vt 0.36007828 0.25831702
vt 0.42270058 0.17221135
vt 0.4187867 0.13111547
vt 0.89041096 0.045009784
vt 0.9158513 0.23091976
vt 0.9921722 0.33855185
vt 0.82778865 0.16242662
vt 0.4148728 0.2935421
vt 0.3620352 0.2818004
vt 0.32876712 0.33463797
vt 0.33463797 0.43639922
vt 0.25048923 0.5107632
vt 0.32289627 0.5146771
vt 0.37964776 0.51272017
vt 0.27592954 0.52250487
vt 0.27201566 0.3620352
vt 0.8962818 0.30528376
vt 0.86692756 0.2485323
vt 0.81409 0.21526419
vt 0.77103716 0.24657534
vt 0.6966732 0.18982388
vt 0.7455969 0.42074364
vt 0.7553816 0.45596868
vt 0.7181996 0.45596868
vt 0.9041096 0.8434442
vt 0.9158513 0.86888456
vt 0.76125246 0.82778865
vt 0.33463797 0.9001957
vt 0.30919766 0.88258314
vt 0.30919766 0.9138943
vt 0.32289627 0.86692756
vt 0.9921722 0.45596868
vt 0.9921722 0.37573385
vt 0.9823875 0.33855185
vt 0.9138943 0.33463797
vt 0.9001957 0.46379647
vt 0.8023483 0.41095892
vt 0.86692756 0.33855185
vt 0.45596868 0.960861
vt 0.4324853 0.9784736
vt 0.70254403 0.39138943
vt 0.70254403 0.45401174
vt 0.72798437 0.4324853
vt 0.7925636 0.33463797
vt 0.7573385 0.3365949
vt 0.76125246 0.444227
vt 0.7064579 0.9138943
vt 0.74363995 0.87866926
vt 0.74168295 0.9295499
vt 0.7064579 0.8590998
vt 0.2446184 0.12524462
vt 0.29549903 0.11154599
vt 0.92367905 0.12133072
vt 0.9882583 0.12915851
vt 0.9941292 0.08219178
vt 0.9432485 0.09589041
vt 0.70841485 0.16046967
vt 0.7221135 0.13502936
vt 0.31506848 0.08806262
vt 0.3111546 0.12720157
vt 0.34246576 0.12720157
vt 0.3894325 0.11741683
vt 0.04109589 0.7749511
vt 0.037181996 0.74168295
vt 0.0019569471 0.7749511
vt 0.06849315 0.7749511
vt 0.33463797 0.94716245
vt 0.39530334 0.09784736
vt 0.33463797 0.064579256
vt 0.8121331 0.15068494
vt 0.7925636 0.10176125
vt 0.8473581 0.13894325
vt 0.45401174 0.22896282
vt 0.42465752 0.18982388
vt 0.6223092 0.52446187
vt 0.67906064 0.5303327
vt 0.7553816 0.5772994
vt 0.7690802 0.5440313
vt 0.7573385 0.5146771
vt 0.7690802 0.52250487
vt 0.6497065 0.31506848
vt 0.037181996 0.12133072
vt 0.105675146 0.12133072
vt 0.83365947 0.4892368
vt 0.9510763 0.8982387
vt 0.962818 0.84540117
vt 0.9217221 0.8434442
vt 0.12133072 0.39138943
vt 0.16829745 0.43052837
vt 0.18982388 0.39530334
vt 0.2446184 0.3894325
vt 0.54598826 0.79452056
vt 0.54598826 0.70254403
vt 0.6712329 0.66927594
vt 0.6477495 0.8121331
vt 0.6771037 0.79452056
vt 0.70254403 0.72798437
vt 0.70254403 0.8375734
vt 0.27592954 0.9589041
vt 0.30136988 0.9941292
vt 0.33463797 0.7925636
vt 0.18786693 0.7808219
vt 0.29745597 0.778865
vt 0.3444227 0.7181996
vt 0.481409 0.6731898
vt 0.6320939 0.3189824
vt 0.5479452 0.3816047
vt 0.69080234 0.32289627
vt 0.37573385 0.5968689
vt 0.37181997 0.52250487
vt 0.3111546 0.52250487
vt 0.30919766 0.66927594
vt 0.2446184 0.5753425
vt 0.4148728 0.28962818
vt 0.92367905 0.14285715
vt 0.962818 0.18395303
vt 0.97455966 0.23874755
vt 0.9941292 0.2857143
vt 0.5890411 0.3816047
vt 0.5772994 0.40900195
vt 0.5636008 0.41095892
vt 0.6086106 0.41095892
vt 0.8082192 0.18786693
vt 0.79452056 0.1780822
vt 0.82778865 0.16242662
vt 0.7592955 0.19765167
vt 0.70254403 0.16829745
vt 0.91193736 0.99804306
vt 0.76516634 0.9334638
vt 0.7573385 0.88258314
vt 0.5146771 0.74363995
vt 0.51663405 0.69863015
vt 0.5420744 0.7103718
vt 0.54011744 0.75342464
vt 0.5420744 0.7886497
vt 0.9784736 0.7005871
vt 0.99804306 0.7475538
vt 0.9589041 0.7475538
vt 0.9080235 0.7240704
vt 0.3737769 0.6888454
vt 0.31311154 0.7221135
vt 0.26418787 0.6888454
vt 0.78669274 0.4598826
vt 0.7005871 0.41682974
vt 0.67906064 0.3776908
vt 0.7005871 0.35029355
vt 0.26810175 0.13894325
vt 0.3072407 0.15655577
vt 0.9941292 0.1741683
vt 0.93542075 0.14677104
vt 0.30136988 0.11154599
vt 0.7553816 0.099804305
vt 0.7358121 0.15068494
vt 0.4324853 0.14677104
vt 0.46966732 0.15459883
vt 0.66927594 0.4774951
vt 0.60273975 0.4853229
vt 0.7690802 0.4892368
vt 0.92367905 0.98630136
vt 0.960861 0.9667319
vt 0.92759293 0.9138943
vt 0.9217221 0.8864971
vt 0.98043054 0.85714287
vt 0.96868885 0.9315069
vt 0.9726027 0.9589041
vt 0.9921722 0.853229
vt 0.9941292 0.9099804
vt 0.9823875 0.9549902
vt 0.5968689 0.8414873
vt 0.54598826 0.82778865
vt 0.6438356 0.88454014
vt 0.68101764 0.94520545
vt 0.70254403 0.95303327
vt 0.80430526 0.66536206
vt 0.77690804 0.63013697
vt 0.77690804 0.5146771
vt 0.81409 0.48727983
vt 0.9823875 0.5479452
vt 0.9823875 0.66340506
vt 0.9960861 0.5088063
vt 0.9941292 0.6594912
vt 0.44227007 0.518591
vt 0.592955 0.51663405
vt 0.43444228 0.30919766
vt 0.4853229 0.32093933
vt 0.4481409 0.6262231
vt 0.518591 0.52250487
vt 0.4266145 0.66927594
vt 0.37964776 0.66927594
vt 0.6183953 0.99804306
vt 0.66927594 0.99804306
vt 0.6555773 0.9823875
vt 0.5479452 0.9843444
vt 0.5694716 0.99804306
vt 0.5420744 0.62035227
vt 0.5303327 0.66536206
vt 0.5518591 0.6731898
vt 0.5322896 0.555773
vt 0.555773 0.54598826
vt 0.5714286 0.5264188
vt 0.9882583 0.6849315
vt 0.8003914 0.7064579
vt 0.7221135 0.9765166
vt 0.7123288 0.93542075
vt 0.9941292 0.79452056
vt 0.9549902 0.7632094
vt 0.95694715 0.8003914
vt 0.32876712 0.7299413
vt 0.33855185 0.7690802
vt 0.30528376 0.7690802
vt 0.2857143 0.75342464
vt 0.35420743 0.70841485
vt 0.92759293 0.481409
vt 0.9823875 0.5146771
vt 0.9334638 0.5264188
vt 0.9823875 0.481409
vt 0.6614481 0.39530334
vt 0.6262231 0.36399218
vt 0.68101764 0.45596868
vt 0.6497065 0.41291586
vt 0.6516634 0.44227007
vt 0.5694716 0.57925636
vt 0.54598826 0.5596869
vt 0.54598826 0.6164383
vt 0.56164384 0.55772996
vt 0.7553816 0.8434442
vt 0.7123288 0.81017613
vt 0.7064579 0.8434442
vt 0.74951077 0.80430526
vt 0.7299413 0.10763209
vt 0.46771038 0.119373776
vt 0.61252445 0.4598826
vt 0.6516634 0.45596868
vt 0.6829746 0.4598826
vt 0.77690804 0.4598826
vt 0.962818 0.82191783
vt 0.9941292 0.81604695
vt 0.9667319 0.80430526
vt 0.9510763 0.99804306
vt 0.555773 0.8708415
vt 0.54598826 0.9491194
vt 0.6046967 0.9373777
vt 0.6144814 0.96868885
vt 0.67906064 0.96868885
vt 0.70254403 0.99804306
vt 0.7749511 0.6771037
vt 0.60273975 0.41682974
vt 0.5772994 0.45401174
vt 0.6144814 0.45401174
vt 0.9941292 0.75342464
vt 0.6086106 0.23679061
vt 0.6164383 0.3111546
vt 0.6164383 0.15851273
vt 0.6086106 0.13111547
vt 0.5303327 0.27592954
vt 0.5440313 0.15068494
vt 0.5362035 0.1330724
vt 0.49119374 0.13111547
vt 0.47945204 0.19373778
vt 0.6183953 0.38551858
vt 0.54990214 0.31311154
vt 0.4853229 0.3072407
vt 0.47945204 0.31506848
vt 0.54598826 0.9706458
vt 0.6771037 0.9941292
vt 0.5714286 0.4266145
vt 0.47358122 0.5870842
vt 0.481409 0.667319
vt 0.25831702 0.6712329
vt 0.70841485 0.9549902
vt 0.007827789 0.99804306
vt 0.9706458 0.9667319
vt 0.99021524 0.99804306
vt 0.96868885 0.9960861
vt 0.39530334 0.6947162
vt 0.37573385 0.6849315
vt 0.39530334 0.6731898
vt 0.3816047 0.99804306
vt 0.4148728 0.9765166
vt 0.42270058 0.99804306
vt 0.99021524 0.9589041
vt 0.24266145 0.518591
vt 0.22504893 0.481409
vt 0.2446184 0.49119374
vt 0.0019569471 0.7632094
vt 0.015655577 0.7553816
vt 0.0019569471 0.7338552
vt 0.3776908 0.69863015
vt 0.22504893 0.5205479
vt 0.7221135 0.20156556
vt 0.7358121 0.19569471
vt 0.7358121 0.19960861
vt 0.7358121 0.19960861
vt 0.7103718 0.113502935
vt 0.7103718 0.20156556
vt 0.7221135 0.20156556
vt 0.7103718 0.20156556
vt 0.8551859 0.49315068
vt 0.8551859 0.49315068
vt 0.8551859 0.49315068
vt 0.8551859 0.49315068
vt 0.8551859 0.49119374
vt 0.8551859 0.49119374
vt 0.853229 0.4853229
vt 0.853229 0.4853229
vt 0.84931505 0.46771038
vt 0.84931505 0.46771038
vt 0.83170253 0.39921722
vt 0.83170253 0.39921722
vt 0.8258317 0.37181997
vt 0.8414873 0.36007828
vt 0.82778865 0.3561644
vt 0.5655577 0.23091976
vt 0.5420744 0.21135029
vt 0.5440313 0.22896282
vt 0.5440313 0.22896282
vt 0.61252445 0.2446184
vt 0.5655577 0.23091976
vt 0.61252445 0.2446184
vt 0.67906064 0.23679061
vt 0.67906064 0.23679061
vt 0.704501 0.23679061
vt 0.704501 0.23679061
vt 0.7240704 0.23679061
vt 0.7240704 0.23679061
vt 0.7358121 0.23483366
vt 0.7358121 0.23483366
vt 0.7358121 0.23287672
vt 0.7358121 0.23287672
vt 0.5205479 0.7162427
vt 0.5205479 0.74168295
vt 0.5205479 0.74168295
vt 0.5205479 0.7162427
vt 0.5205479 0.7064579
vt 0.49902153 0.7123288
vt 0.5068493 0.70841485
vt 0.5205479 0.7064579
vt 0.49902153 0.70841485
vt 0.5068493 0.70841485
vt 0.49902153 0.70841485
vt 0.2778865 0.7925636
vt 0.2778865 0.7592955
vt 0.2778865 0.7592955
vt 0.2778865 0.7925636
vt 0.27005872 0.8434442
vt 0.27005872 0.8434442
vt 0.2857143 0.86105675
vt 0.2857143 0.86105675
vt 0.54011744 0.16242662
vt 0.6046967 0.15851273
vt 0.6046967 0.15851273
vt 0.54011744 0.16242662
vt 0.8356164 0.3111546
vt 0.83365947 0.3111546
vt 0.83365947 0.3111546
vt 0.89432484 0.30919766
vt 0.86105675 0.30528376
vt 0.8356164 0.3111546
vt 0.2661448 0.6888454
vt 0.22504893 0.60665363
vt 0.25636008 0.60665363
vt 0.25636008 0.60665363
vt 0.2661448 0.6888454
vt 0.2661448 0.69080234
vt 0.2661448 0.69080234
vt 0.2661448 0.69080234
vt 0.2661448 0.69080234
vt 0.2661448 0.7749511
vt 0.2661448 0.7749511
vt 0.2661448 0.7847358
vt 0.2661448 0.7847358
vt 0.26223093 0.7925636
vt 0.26223093 0.7925636
vt 0.9510763 0.73189825
vt 0.96477497 0.72015655
vt 0.96477497 0.72015655
vt 0.9510763 0.73189825
vt 0.93542075 0.72798437
vt 0.9491194 0.73776907
vt 0.8551859 0.7162427
vt 0.93542075 0.72798437
vt 0.8551859 0.7162427
vt 0.8414873 0.7162427
vt 0.8414873 0.7162427
vt 0.83953035 0.7162427
vt 0.83953035 0.7162427
vt 0.8356164 0.7162427
vt 0.8356164 0.7162427
vt 0.8082192 0.7181996
vt 0.8082192 0.7181996
vt 0.42465752 0.99804306
vt 0.407045 0.99804306
vt 0.407045 0.99804306
vt 0.42465752 0.99804306
vt 0.5851272 0.13894325
vt 0.6262231 0.12915851
vt 0.6262231 0.12915851
vt 0.5851272 0.13894325
vt 0.56751466 0.14285715
vt 0.56751466 0.14285715
vt 0.5205479 0.15655577
vt 0.5205479 0.15655577
vt 0.51663405 0.15655577
vt 0.518591 0.15264188
vt 0.36790606 0.19373778
vt 0.3737769 0.19569471
vt 0.51663405 0.15655577
vt 0.3737769 0.19569471
vt 0.029354207 0.7064579
vt 0.0058708414 0.6555773
vt 0.0058708414 0.6555773
vt 0.029354207 0.7064579
vt 0.3072407 0.42074364
vt 0.32289627 0.44618395
vt 0.25831702 0.444227
vt 0.2994129 0.42270058
vt 0.25831702 0.444227
vt 0.2994129 0.42270058
vt 0.3072407 0.4187867
vt 0.96868885 0.7358121
vt 0.9706458 0.7358121
vt 0.96868885 0.7358121
vt 0.96868885 0.7358121
vt 0.96868885 0.73776907
vt 0.96868885 0.7358121
vt 0.96868885 0.73776907
vt 0.96868885 0.7671233
vt 0.96868885 0.7671233
vt 0.96868885 0.8003914
vt 0.96868885 0.8003914
vt 0.96868885 0.8003914
vt 0.96868885 0.8003914
vt 0.25244617 0.39334637
vt 0.25244617 0.39530334
vt 0.25244617 0.39530334
vt 0.25244617 0.39334637
vt 0.25440314 0.3365949
vt 0.25440314 0.3365949
vt 0.25440314 0.31702545
vt 0.25440314 0.31702545
vt 0.25244617 0.28767124
vt 0.25244617 0.28767124
vt 0.25244617 0.28767124
vt 0.27984345 0.2778865
vt 0.25244617 0.27592954
vt 0.25244617 0.28767124
vt 0.25244617 0.27592954
vt 0.2485323 0.27201566
vt 0.25244617 0.27201566
vt 0.25048923 0.26027396
vt 0.2485323 0.27201566
vt 0.25048923 0.26027396
vt 0.7906067 0.2485323
vt 0.7906067 0.2485323
vt 0.7906067 0.2485323
vt 0.7906067 0.2485323
vt 0.7886497 0.2485323
vt 0.7886497 0.2485323
vt 0.74951077 0.23483366
vt 0.74951077 0.23483366
vt 0.739726 0.23287672
vt 0.74168295 0.15851273
vt 0.66536206 0.5518591
vt 0.66536206 0.53816044
vt 0.66536206 0.53816044
vt 0.66536206 0.5518591
vt 0.66536206 0.5694716
vt 0.6712329 0.5694716
vt 0.518591 0.19373778
vt 0.5107632 0.18395303
vt 0.51663405 0.18395303
vt 0.5205479 0.19373778
vt 0.51663405 0.18395303
vt 0.5205479 0.19373778
vt 0.5205479 0.19373778
vt 0.5205479 0.19373778
vt 0.52446187 0.2035225
vt 0.52446187 0.2074364
vt 0.52446187 0.2035225
vt 0.52446187 0.2074364
vt 0.52446187 0.2074364
vt 0.52446187 0.2074364
vt 0.53816044 0.24657534
vt 0.53816044 0.24657534
vt 0.54598826 0.2661448
vt 0.54598826 0.2661448
vt 0.54990214 0.2778865
vt 0.5440313 0.28962818
vt 0.5596869 0.36007828
vt 0.56164384 0.31311154
vt 0.54990214 0.2778865
vt 0.56164384 0.31311154
vt 0.5753425 0.35029355
vt 0.5753425 0.35029355
vt 0.5812133 0.369863
vt 0.5812133 0.369863
vt 0.58317024 0.37573385
vt 0.49315068 0.40508807
vt 0.58317024 0.37573385
vt 0.49315068 0.40508807
vt 0.4892368 0.407045
vt 0.4892368 0.407045
vt 0.48727983 0.407045
vt 0.48727983 0.407045
vt 0.43835616 0.42270058
vt 0.43835616 0.42270058
vt 0.43835616 0.42270058
vt 0.46183953 0.2994129
vt 0.44227007 0.34637964
vt 0.015655577 0.5714286
vt 0.0058708414 0.56751466
vt 0.0058708414 0.56751466
vt 0.015655577 0.5714286
vt 0.021526419 0.57338554
vt 0.021526419 0.57338554
vt 0.08219178 0.59491193
vt 0.08219178 0.59491193
vt 0.10763209 0.6046967
vt 0.10763209 0.6046967
vt 0.47358122 0.6829746
vt 0.4853229 0.6966732
vt 0.4853229 0.6829746
vt 0.4853229 0.6829746
vt 0.47358122 0.6829746
vt 0.40508807 0.68688846
vt 0.40508807 0.68688846
vt 0.37573385 0.6849315
vt 0.37573385 0.6849315
vt 0.36399218 0.6849315
vt 0.36594912 0.704501
vt 0.3522505 0.6849315
vt 0.36399218 0.6849315
vt 0.3522505 0.6849315
vt 0.30919766 0.6849315
vt 0.30919766 0.6849315
vt 0.30332682 0.6849315
vt 0.30332682 0.6849315
vt 0.29549903 0.6829746
vt 0.29549903 0.6829746
vt 0.29549903 0.68101764
vt 0.29549903 0.68101764
vt 0.5753425 0.62035227
vt 0.5812133 0.6046967
vt 0.5812133 0.6046967
vt 0.5753425 0.62035227
vt 0.53424656 0.7181996
vt 0.53424656 0.7181996
vt 0.518591 0.7553816
vt 0.518591 0.7553816
vt 0.5107632 0.77690804
vt 0.5107632 0.77690804
vt 0.5088063 0.778865
vt 0.5088063 0.778865
vt 0.5088063 0.7808219
vt 0.5088063 0.7808219
vt 0.9784736 0.9706458
vt 0.99021524 0.99804306
vt 0.99021524 0.99804306
vt 0.9784736 0.9706458
vt 0.9726027 0.9589041
vt 0.9726027 0.9589041
vt 0.96868885 0.9510763
vt 0.96868885 0.9510763
vt 0.9667319 0.9432485
vt 0.9667319 0.9432485
vt 0.54011744 0.45401174
vt 0.54011744 0.39726028
vt 0.54011744 0.39726028
vt 0.54011744 0.45401174
vt 0.54011744 0.49510762
vt 0.54011744 0.49510762
vt 0.5420744 0.5655577
vt 0.5420744 0.5655577
vt 0.5420744 0.56751466
vt 0.5420744 0.56751466
vt 0.5420744 0.59491193
vt 0.5420744 0.59491193
vt 0.5420744 0.6555773
vt 0.5420744 0.6555773
vt 0.5420744 0.6888454
vt 0.5420744 0.6888454
vt 0.15655577 0.5205479
vt 0.15459883 0.52837574
vt 0.15459883 0.52837574
vt 0.15655577 0.5205479
vt 0.1741683 0.45792565
vt 0.1741683 0.45792565
vt 0.17612524 0.45401174
vt 0.1369863 0.4520548
vt 0.13894325 0.407045
vt 0.17612524 0.4520548
vt 0.17612524 0.45401174
vt 0.17612524 0.4520548
vt 0.17612524 0.4520548
vt 0.17612524 0.4520548
vt 0.17612524 0.4481409
vt 0.1741683 0.39334637
vt 0.1780822 0.444227
vt 0.17612524 0.4481409
vt 0.1780822 0.444227
vt 0.18003914 0.43444228
vt 0.18395303 0.39530334
vt 0.18786693 0.40313113
vt 0.18786693 0.407045
vt 0.18003914 0.43444228
vt 0.18786693 0.407045
vt 0.18982388 0.40508807
vt 0.18982388 0.40508807
vt 0.18982388 0.40313113
vt 0.18982388 0.39921722
vt 0.18982388 0.40313113
vt 0.18982388 0.39921722
vt 0.19178082 0.39530334
vt 0.19178082 0.39530334
vt 0.18786693 0.39530334
vt 0.18786693 0.39530334
vt 0.18395303 0.39530334
vt 0.15655577 0.3894325
vt 0.1741683 0.39334637
vt 0.15655577 0.3894325
vt 0.1369863 0.38356164
vt 0.1369863 0.38356164
vt 0.8238748 0.704501
vt 0.82778865 0.70841485
vt 0.8258317 0.70841485
vt 0.8258317 0.70841485
vt 0.86105675 0.68688846
vt 0.8082192 0.66536206
vt 0.8238748 0.704501
vt 0.8082192 0.66536206
vt 0.8003914 0.6477495
vt 0.8003914 0.6477495
vt 0.79843444 0.64187866
vt 0.85714287 0.5812133
vt 0.77690804 0.5870842
vt 0.79843444 0.64187866
vt 0.77690804 0.5870842
vt 0.76125246 0.5518591
vt 0.76125246 0.5518591
vt 0.7592955 0.54598826
vt 0.7592955 0.54598826
vt 0.56751466 0.80626225
vt 0.5714286 0.7925636
vt 0.5714286 0.7925636
vt 0.59491193 0.8023483
vt 0.57338554 0.9001957
vt 0.5479452 0.8590998
vt 0.56751466 0.80626225
vt 0.5479452 0.8590998
vt 0.50489235 0.9843444
vt 0.50489235 0.9843444
vt 0.50489235 0.9882583
vt 0.57338554 0.9882583
vt 0.9960861 0.26027396
vt 0.9726027 0.2446184
vt 0.9706458 0.27592954
vt 0.9960861 0.32093933
vt 0.7338552 0.08806262
vt 0.9882583 0.45401174
vt 0.9432485 0.50489235
vt 0.96868885 0.40508807
vt 0.87279844 0.40117416
vt 0.8767123 0.35812134
vt 0.9158513 0.3444227
vt 0.9882583 0.3189824
vt 0.1780822 0.6105675
vt 0.12915851 0.6086106
vt 0.21135029 0.6947162
vt 0.20547946 0.7181996
vt 0.2074364 0.7925636
vt 0.96477497 0.7749511
vt 0.9589041 0.9041096
vt 0.91193736 0.83953035
vt 0.90215266 0.76516634
vt 0.8414873 0.7573385
vt 0.80626225 0.74168295
vt 0.4187867 0.98630136
vt 0.60273975 0.11154599
vt 0.5694716 0.1409002
vt 0.54990214 0.11545988
vt 0.5088063 0.099804305
vt 0.31702545 0.68101764
vt 0.27201566 0.66536206
vt 0.26810175 0.61252445
vt 0.34637964 0.65753424
vt 0.35029355 0.61252445
vt 0.43639922 0.16046967
vt 0.029354207 0.73189825
vt 0.0019569471 0.7592955
vt 0.0019569471 0.6555773
vt 0.3483366 0.4187867
vt 0.3620352 0.43052837
vt 0.9726027 0.76516634
vt 0.9941292 0.7690802
vt 0.30528376 0.32681018
vt 0.29549903 0.40900195
vt 0.32289627 0.25831702
vt 0.7906067 0.2485323
vt 0.7906067 0.20156556
vt 0.7906067 0.16634052
vt 0.7886497 0.13502936
vt 0.8434442 0.99804306
vt 0.86692756 0.9823875
vt 0.81409 0.9823875
vt 0.74168295 0.5694716
vt 0.7358121 0.5362035
vt 0.45596868 0.20156556
vt 0.43835616 0.18395303
vt 0.48336595 0.23287672
vt 0.518591 0.28767124
vt 0.43835616 0.23679061
vt 0.0058708414 0.55772996
vt 0.017612524 0.5636008
vt 0.11154599 0.5714286
vt 0.49119374 0.7671233
vt 0.5029354 0.7553816
vt 0.41682974 0.7455969
vt 0.40313113 0.6966732
vt 0.40313113 0.739726
vt 0.2994129 0.7338552
vt 0.29158512 0.7906067
vt 0.6888454 0.61252445
vt 0.6516634 0.70841485
vt 0.57338554 0.7847358
vt 0.5146771 0.7808219
vt 0.8356164 0.23287672
vt 0.79843444 0.34637964
vt 0.8003914 0.2035225
vt 0.9765166 0.9510763
vt 0.9921722 0.9921722
vt 0.9706458 0.93933463
vt 0.43444228 0.46966732
vt 0.45009786 0.5988258
vt 0.50097847 0.6829746
vt 0.53816044 0.6947162
vt 0.14481409 0.50489235
vt 0.96477497 0.7123288
vt 0.88454014 0.7123288
vt 0.98043054 0.68688846
vt 0.9334638 0.64187866
vt 0.8767123 0.65753424
vt 0.853229 0.6183953
vt 0.9138943 0.55772996
vt 0.81409 0.5362035
vt 0.7632094 0.54598826
vt 0.7847358 0.5088063
vt 0.66927594 0.5714286
vt 0.62035227 0.6046967
vt 0.61252445 0.5714286
vt 0.69863015 0.81017613
vt 0.65362036 0.80430526
vt 0.64579254 0.9001957
vt 0.62426615 0.99021524
vt 0.9823875 0.3561644
vt 0.078277886 0.6712329
vt 0.021526419 0.6086106
vt 0.13111547 0.6947162
vt 0.09001957 0.7553816
vt 0.08023483 0.79843444
vt 0.0019569471 0.79843444
vt 0.91780823 0.99804306
vt 0.960861 0.98043054
vt 0.8375734 0.88454014
vt 0.79843444 0.8747554
vt 0.7749511 0.778865
vt 0.8023483 0.9217221
vt 0.8356164 0.962818
vt 0.32485324 0.22700587
vt 0.31311154 0.24657534
vt 0.36007828 0.22309197
vt 0.3483366 0.19765167
vt 0.36399218 0.1780822
vt 0.25048923 0.1780822
vt 0.29549903 0.22700587
vt 0.23874755 0.21526419
vt 0.19960861 0.18395303
vt 0.35812134 0.4187867
vt 0.4266145 0.4187867
vt 0.38551858 0.45009786
vt 0.3561644 0.32681018
vt 0.37964776 0.4148728
vt 0.38356164 0.27201566
vt 0.3894325 0.20547946
vt 0.88454014 0.9941292
vt 0.27005872 0.7455969
vt 0.28767124 0.7299413
vt 0.28767124 0.7632094
vt 0.98630136 0.14481409
vt 0.9432485 0.17612524
vt 0.9315069 0.1369863
vt 0.9941292 0.119373776
vt 0.007827789 0.5107632
vt 0.009784736 0.42857143
vt 0.0019569471 0.45596868
vt 0.12524462 0.5146771
vt 0.40117416 0.99804306
vt 0.3620352 0.99804306
vt 0.33463797 0.9882583
vt 0.40508807 0.9882583
vt 0.49902153 0.8375734
vt 0.4148728 0.8551859
vt 0.40900195 0.79452056
vt 0.37181997 0.8356164
vt 0.29745597 0.8414873
vt 0.778865 0.6320939
vt 0.739726 0.6105675
vt 0.7592955 0.7103718
vt 0.7553816 0.7906067
vt 0.63013697 0.78669274
vt 0.851272 0.27984345
vt 0.9041096 0.2407045
vt 0.8747554 0.18786693
vt 0.888454 0.15068494
vt 0.9412916 0.18199609
vt 0.9823875 0.8375734
vt 0.9667319 0.8375734
vt 0.41291586 0.481409
vt 0.4324853 0.41682974
vt 0.39530334 0.54011744
vt 0.36399218 0.64579254
vt 0.4481409 0.66340506
vt 0.5068493 0.93542075
vt 0.5303327 0.8708415
vt 0.5205479 0.92367905
vt 0.98630136 0.7064579
vt 0.99021524 0.6829746
vt 0.9843444 0.56164384
vt 0.9726027 0.53424656
vt 0.8806262 0.5303327
vt 0.84540117 0.5107632
vt 0.67906064 0.60273975
vt 0.71428573 0.5714286
vt 0.7358121 0.6046967
vt 0.75342464 0.5714286
vt 0.7240704 0.89041096
vt 0.739726 0.8082192
vt 0.7553816 0.99804306
vt 0.18003914 0.81604695
vt 0.21917808 0.80430526
vt 0.16634052 0.8003914
vt 0.25636008 0.82191783
vt 0.27005872 0.8003914
vt 0.5890411 0.37181997
vt 0.60665363 0.25440314
vt 0.57925636 0.2407045
vt 0.29158512 0.518591
vt 0.3737769 0.45401174
vt 0.37181997 0.58317024
vt 0.2661448 0.60665363
vt 0.043052837 0.7123288
vt 0.26027396 0.52446187
vt 0.1780822 0.5655577
vt 0.18786693 0.518591
vt 0.6086106 0.40900195
vt 0.6105675 0.38747555
vt 0.5636008 0.39726028
vt 0.5812133 0.4403131
vt 0.6399217 0.43835616
vt 0.6086106 0.4892368
vt 0.54598826 0.52250487
vt 0.60665363 0.53816044
vt 0.9706458 0.7299413
vt 0.99804306 0.7553816
vt 0.99804306 0.7005871
vt 0.2818004 0.26223093
vt 0.23287672 0.25244617
vt 0.20547946 0.22309197
vt 0.1741683 0.19569471
vt 0.8258317 0.19373778
vt 0.853229 0.16634052
vt 0.853229 0.19569471
vt 0.28962818 0.6927593
vt 0.27201566 0.7162427
vt 0.28962818 0.72602737
vt 0.853229 0.12133072
vt 0.8082192 0.12915851
vt 0.7964775 0.15655577
vt 0.79452056 0.19373778
vt 0.407045 0.33072406
vt 0.42857143 0.4148728
vt 0.42857143 0.22504893
vt 0.6086106 0.60273975
vt 0.5870842 0.5772994
vt 0.592955 0.60078275
vt 0.6086106 0.5753425
vt 0.9941292 0.22504893
vt 0.95303327 0.22113504
vt 0.962818 0.19178082
vt 0.0019569471 0.35812134
vt 0.11545988 0.34246576
vt 0.02739726 0.3444227
vt 0.1330724 0.39138943
vt 0.11741683 0.4598826
vt 0.1330724 0.4598826
vt 0.4403131 0.8747554
vt 0.50097847 0.88454014
vt 0.40900195 0.8923679
vt 0.40117416 0.8747554
vt 0.33463797 0.88258314
vt 0.28962818 0.88454014
vt 0.32876712 0.95303327
vt 0.28962818 0.9706458
vt 0.15264188 0.91193736
vt 0.17612524 0.8258317
vt 0.26223093 0.8297456
vt 0.27984345 0.9080235
vt 0.2857143 0.9882583
vt 0.19178082 0.99021524
vt 0.15851273 0.99804306
vt 0.38747555 0.52250487
vt 0.021526419 0.2446184
vt 0.0019569471 0.2485323
vt 0.0039138943 0.19569471
vt 0.0665362 0.2035225
vt 0.5068493 0.84540117
vt 0.5264188 0.7886497
vt 0.16829745 0.25244617
vt 0.16242662 0.19569471
vt 0.18199609 0.22113504
vt 0.19569471 0.3111546
vt 0.17221135 0.3111546
vt 0.08023483 0.26223093
vt 0.04696673 0.31506848
vt 0.0058708414 0.31311154
vt 0.9960861 0.52446187
vt 0.8180039 0.9510763
vt 0.81017613 0.9843444
vt 0.7847358 0.99804306
vt 0.7847358 0.9315069
vt 0.90606654 0.50489235
vt 0.7729941 0.78669274
vt 0.7808219 0.9941292
vt 0.6731898 0.27005872
vt 0.78277886 0.25831702
vt 0.7455969 0.2407045
vt 0.7358121 0.28962818
vt 0.6614481 0.32681018
vt 0.63013697 0.26810175
vt 0.62035227 0.37181997
vt 0.592955 0.3816047
vt 0.29745597 0.45596868
vt 0.36594912 0.44227007
vt 0.25440314 0.4481409
vt 0.18003914 0.46183953
vt 0.66927594 0.39726028
vt 0.6731898 0.5068493
vt 0.6516634 0.5518591
vt 0.8180039 0.43835616
vt 0.84931505 0.49315068
vt 0.8180039 0.50489235
vt 0.8082192 0.35420743
vt 0.7749511 0.39138943
vt 0.7749511 0.36399218
vt 0.55772996 0.62426615
vt 0.58317024 0.5988258
vt 0.58317024 0.5596869
vt 0.54598826 0.5753425
vt 0.10176125 0.1409002
vt 0.0019569471 0.13111547
vt 0.021526419 0.17025441
vt 0.19373778 0.16829745
vt 0.09784736 0.19373778
vt 0.16242662 0.13502936
vt 0.19178082 0.13111547
vt 0.39334637 0.6829746
vt 0.40117416 0.6594912
vt 0.37181997 0.66927594
vt 0.12720157 0.34637964
vt 0.1741683 0.36399218
vt 0.16242662 0.32876712
vt 0.14481409 0.36399218
vt 0.1330724 0.36007828
vt 0.407045 0.9823875
vt 0.5029354 0.9765166
vt 0.5029354 0.9412916
vt 0.39921722 0.9334638
vt 0.3365949 0.92367905
vt 0.36594912 0.9315069
vt 0.37573385 0.9784736
vt 0.14872798 0.5420744
vt 0.1741683 0.5694716
vt 0.1741683 0.5146771
vt 0.6086106 0.5714286
vt 0.62035227 0.5518591
vt 0.57925636 0.5518591
vt 0.32876712 0.9882583
vt 0.2935421 0.99804306
vt 0.0704501 0.853229
vt 0.14872798 0.82191783
vt 0.01369863 0.99021524
vt 0.03522505 0.99804306
vt 0.79452056 0.30332682
vt 0.7749511 0.33268103
vt 0.72602737 0.32485324
vt 0.77103716 0.35812134
vt 0.017612524 0.81017613
vt 0.0019569471 0.86888456
vt 0.0058708414 0.8082192
vt 0.2074364 0.4148728
vt 0.24657534 0.43639922
vt 0.75342464 0.46183953
vt 0.7162427 0.369863
vt 0.74363995 0.50489235
vt 0.80626225 0.6849315
vt 0.7749511 0.73776907
vt 0.7749511 0.6712329
vt 0.8121331 0.7064579
vt 0.12524462 0.555773
vt 0.113502935 0.60273975
vt 0.15459883 0.60273975
vt 0.17612524 0.5851272
vt 0.16829745 0.5714286
vt 0.7573385 0.5068493
vt 0.75342464 0.5479452
vt 0.81604695 0.39138943
vt 0.80626225 0.50097847
vt 0.7906067 0.40313113
vt 0.8180039 0.39530334
vt 0.24657534 0.31702545
vt 0.1741683 0.34246576
vt 0.18199609 0.31506848
vt 0.2446184 0.38551858
vt 0.0704501 0.80430526
vt 0.1409002 0.8023483
vt 0.5322896 0.8023483
vt 0.555773 0.82778865
vt 0.53424656 0.83170253
vt 0.555773 0.7925636
vt 0.41291586 0.6829746
vt 0.0058708414 0.9823875
vt 0.94716245 0.2935421
vt 0.95303327 0.23679061
vt 0.9412916 0.21135029
vt 0.9921722 0.81017613
vt 0.9882583 0.7847358
vt 0.7005871 0.79452056
vt 0.62818 0.16046967
vt 0.62818 0.21917808
vt 0.72015655 0.22309197
vt 0.7358121 0.23287672
vt 0.7005871 0.19569471
vt 0.69863015 0.15851273
vt 0.5068493 0.7455969
vt 0.2857143 0.8375734
vt 0.2857143 0.7690802
vt 0.66927594 0.23287672
vt 0.667319 0.23483366
vt 0.667319 0.23091976
vt 0.667319 0.19178082
vt 0.7358121 0.18590999
vt 0.9941292 0.26418787
vt 0.92367905 0.21722114
vt 0.9941292 0.21135029
vt 0.9941292 0.32681018
vt 0.925636 0.37573385
vt 0.9941292 0.369863
vt 0.9941292 0.42074364
vt 0.60665363 0.6731898
vt 0.6164383 0.6712329
vt 0.6164383 0.6712329
vt 0.60665363 0.6731898
vt 0.59491193 0.6771037
vt 0.59491193 0.6771037
vt 0.9706458 0.90215266
vt 0.96477497 0.8962818
vt 0.96477497 0.8962818
vt 0.9706458 0.90215266
vt 0.9197652 0.8434442
vt 0.90215266 0.8414873
vt 0.92367905 0.8414873
vt 0.92367905 0.8414873
vt 0.90606654 0.84931505
vt 0.9197652 0.8434442
vt 0.90215266 0.851272
vt 0.90606654 0.84931505
vt 0.90215266 0.851272
vt 0.89432484 0.8551859
vt 0.89432484 0.8551859
vt 0.8003914 0.9001957
vt 0.8003914 0.9001957
vt 0.78669274 0.90606654
vt 0.7808219 0.8414873
vt 0.78277886 0.8923679
vt 0.78669274 0.90606654
vt 0.7671233 0.8414873
vt 0.78277886 0.8923679
vt 0.7671233 0.8414873
vt 0.9784736 0.9882583
vt 0.98043054 0.98630136
vt 0.98043054 0.98630136
vt 0.9784736 0.9882583
vt 0.962818 0.9960861
vt 0.962818 0.9960861
vt 0.4187867 0.5636008
vt 0.44618395 0.65753424
vt 0.44618395 0.65753424
vt 0.4187867 0.5636008
vt 0.407045 0.5205479
vt 0.407045 0.5205479
vt 0.407045 0.51663405
vt 0.407045 0.51663405
vt 0.40313113 0.5068493
vt 0.40313113 0.5068493
vt 0.38747555 0.4520548
vt 0.38747555 0.4520548
vt 0.3816047 0.4324853
vt 0.5029354 0.44227007
vt 0.3816047 0.42857143
vt 0.3816047 0.4324853
vt 0.39921722 0.42857143
vt 0.667319 0.42270058
vt 0.6927593 0.4403131
vt 0.667319 0.43835616
vt 0.667319 0.35029355
vt 0.74168295 0.30919766
vt 0.667319 0.3072407
vt 0.47945204 0.65753424
vt 0.52250487 0.5518591
vt 0.52250487 0.67906064
vt 0.98043054 0.9373777
vt 0.95694715 0.9197652
vt 0.9765166 0.9765166
vt 0.95303327 0.9667319
vt 0.5440313 0.518591
vt 0.73776907 0.33463797
vt 0.5322896 0.851272
vt 0.54598826 0.81409
vt 0.55772996 0.83953035
vt 0.5870842 0.851272
vt 0.76125246 0.35812134
vt 0.85714287 0.28962818
vt 0.81409 0.35812134
vt 0.70841485 0.28962818
vt 0.704501 0.35812134
vt 0.6927593 0.35812134
vt 0.6614481 0.28962818
vt 0.65753424 0.35812134
vt 0.6086106 0.32876712
vt 0.6223092 0.35812134
vt 0.60665363 0.35812134
vt 0.60665363 0.35812134
vt 0.6086106 0.32876712
vt 0.60078275 0.29158512
vt 0.60078275 0.29158512
vt 0.8082192 0.39530334
vt 0.8180039 0.35812134
vt 0.8180039 0.35812134
vt 0.8082192 0.39530334
vt 0.7886497 0.46575344
vt 0.7886497 0.46575344
vt 0.778865 0.49902153
vt 0.778865 0.49902153
vt 0.77690804 0.50097847
vt 0.77690804 0.50097847
vt 0.75342464 0.5812133
vt 0.75342464 0.5812133
vt 0.739726 0.63013697
vt 0.739726 0.63013697
vt 0.60665363 0.7338552
vt 0.5870842 0.8003914
vt 0.5870842 0.8003914
vt 0.60665363 0.7338552
vt 0.6320939 0.65362036
vt 0.6320939 0.65362036
vt 0.49510762 0.87279844
vt 0.44618395 0.7005871
vt 0.44618395 0.7005871
vt 0.49510762 0.87279844
vt 0.4970646 0.88258314
vt 0.4970646 0.88258314
vt 0.5068493 0.91780823
vt 0.5029354 0.9041096
vt 0.5029354 0.9041096
vt 0.5068493 0.91780823
vt 0.51663405 0.95303327
vt 0.51663405 0.95303327
vt 0.17221135 0.5088063
vt 0.17612524 0.48727983
vt 0.17612524 0.48727983
vt 0.17221135 0.5088063
vt 0.19765167 0.57925636
vt 0.19765167 0.57925636
vt 0.2035225 0.5890411
vt 0.14677104 0.5362035
vt 0.1369863 0.5968689
vt 0.19373778 0.62035227
vt 0.2035225 0.5890411
vt 0.19373778 0.62035227
vt 0.20156556 0.6594912
vt 0.20156556 0.6594912
vt 0.2035225 0.6712329
vt 0.18199609 0.66536206
vt 0.052837573 0.592955
vt 0.039138943 0.63013697
vt 0.039138943 0.63013697
vt 0.052837573 0.592955
vt 0.056751467 0.5812133
vt 0.056751467 0.5812133
vt 0.058708414 0.57338554
vt 0.058708414 0.57338554
vt 0.0665362 0.5479452
vt 0.0665362 0.5479452
vt 0.09001957 0.46575344
vt 0.09001957 0.46575344
vt 0.2407045 0.2935421
vt 0.25440314 0.24657534
vt 0.23874755 0.24657534
vt 0.23874755 0.24657534
vt 0.2407045 0.2935421
vt 0.2407045 0.31311154
vt 0.2407045 0.31311154
vt 0.25831702 0.31311154
vt 0.2661448 0.31311154
vt 0.2818004 0.31311154
vt 0.35812134 0.24266145
vt 0.34050882 0.31506848
vt 0.407045 0.28767124
vt 0.38356164 0.31506848
vt 0.40900195 0.31506848
vt 0.30919766 0.79452056
vt 0.28375733 0.81604695
vt 0.28962818 0.6927593
vt 0.51272017 0.7886497
vt 0.49119374 0.5596869
vt 0.47162426 0.6614481
vt 0.4853229 0.82191783
vt 0.8356164 0.46379647
vt 0.81409 0.64187866
vt 0.8414873 0.6105675
vt 0.8258317 0.41682974
vt 0.7925636 0.4970646
vt 0.778865 0.50097847
vt 0.78669274 0.6516634
vt 0.5420744 0.7808219
vt 0.5812133 0.54990214
vt 0.39726028 0.80430526
vt 0.3776908 0.9765166
vt 0.5068493 0.9765166
vt 0.1369863 0.481409
vt 0.08023483 0.5851272
vt 0.052837573 0.6340509
vt 0.099804305 0.46771038
vt 0.34637964 0.80430526
vt 0.3444227 0.95694715
vt 0.26810175 0.99804306
vt 0.30528376 0.85714287
vt 0.27984345 0.83953035
vt 0.51272017 0.24266145
vt 0.25440314 0.81409
vt 0.30919766 0.79452056
vt 0.5303327 0.54990214
vt 0.49315068 0.40313113
vt 0.43444228 0.40117416
vt 0.43444228 0.40117416
vt 0.49315068 0.40313113
vt 0.4970646 0.40313113
vt 0.4970646 0.40313113
vt 0.22113504 0.71428573
vt 0.21526419 0.6966732
vt 0.21526419 0.6966732
vt 0.22113504 0.71428573
vt 0.22309197 0.72015655
vt 0.20939335 0.7123288
vt 0.21917808 0.7221135
vt 0.22309197 0.72015655
vt 0.21917808 0.7221135
vt 0.8121331 0.27984345
vt 0.8023483 0.27592954
vt 0.8023483 0.27592954
vt 0.80626225 0.26027396
vt 0.81409 0.2818004
vt 0.8121331 0.27984345
vt 0.81409 0.2818004
vt 0.8180039 0.28375733
vt 0.8180039 0.28375733
vt 0.8414873 0.28962818
vt 0.8414873 0.28962818
vt 0.853229 0.2994129
vt 0.853229 0.2994129
vt 0.85714287 0.30136988
vt 0.8806262 0.2818004
vt 0.79452056 0.2778865
vt 0.80626225 0.30528376
vt 0.8180039 0.29745597
vt 0.8180039 0.29745597
vt 0.79452056 0.2778865
vt 0.778865 0.2661448
vt 0.778865 0.2661448
vt 0.7123288 0.3894325
vt 0.7299413 0.34246576
vt 0.7475538 0.3522505
vt 0.7475538 0.3522505
vt 0.7123288 0.3894325
vt 0.66536206 0.43444228
vt 0.66536206 0.43444228
vt 0.2035225 0.56751466
vt 0.20156556 0.53424656
vt 0.20156556 0.53424656
vt 0.2035225 0.56751466
vt 0.2035225 0.5694716
vt 0.2035225 0.5694716
vt 0.62426615 0.77103716
vt 0.62426615 0.7690802
vt 0.62426615 0.7690802
vt 0.62426615 0.77103716
vt 0.62426615 0.77690804
vt 0.62426615 0.77690804
vt 0.6262231 0.7808219
vt 0.6262231 0.7808219
vt 0.5479452 0.74363995
vt 0.51272017 0.739726
vt 0.51272017 0.739726
vt 0.5479452 0.74363995
vt 0.407045 0.9412916
vt 0.41095892 0.9941292
vt 0.41095892 0.9941292
vt 0.407045 0.9412916
vt 0.40313113 0.9041096
vt 0.40313113 0.9041096
vt 0.444227 0.37573385
vt 0.5068493 0.39138943
vt 0.8238748 0.26027396
vt 0.8473581 0.2818004
vt 0.7671233 0.28375733
vt 0.6497065 0.41682974
vt 0.19960861 0.5694716
vt 0.1780822 0.5303327
vt 0.6223092 0.7690802
vt 0.39138943 0.962818
vt 0.05479452 0.5479452
vt 0.050880626 0.54011744
vt 0.050880626 0.54011744
vt 0.05479452 0.5479452
vt 0.056751467 0.5636008
vt 0.056751467 0.5636008
vt 0.056751467 0.5890411
vt 0.056751467 0.5890411
vt 0.82191783 0.6731898
vt 0.81996083 0.67514676
vt 0.82191783 0.6731898
vt 0.8180039 0.67514676
vt 0.8003914 0.6594912
vt 0.81996083 0.67514676
vt 0.7925636 0.6888454
vt 0.8180039 0.67514676
vt 0.7925636 0.6888454
vt 0.5714286 0.553816
vt 0.58317024 0.5362035
vt 0.58317024 0.5362035
vt 0.5714286 0.553816
vt 0.5714286 0.57925636
vt 0.5714286 0.57925636
vt 0.5753425 0.57925636
vt 0.5772994 0.57925636
vt 0.7162427 0.4970646
vt 0.71428573 0.49510762
vt 0.71428573 0.49510762
vt 0.71428573 0.49510762
vt 0.7162427 0.4970646
vt 0.73776907 0.5107632
vt 0.73776907 0.5107632
vt 0.73776907 0.5107632
vt 0.74168295 0.7514677
vt 0.74168295 0.7221135
vt 0.74168295 0.7221135
vt 0.74168295 0.7514677
vt 0.739726 0.7906067
vt 0.739726 0.7906067
vt 0.73776907 0.8003914
vt 0.73776907 0.7632094
vt 0.71428573 0.79843444
vt 0.70254403 0.5479452
vt 0.6966732 0.52837574
vt 0.6966732 0.52837574
vt 0.70254403 0.5479452
vt 0.7064579 0.56164384
vt 0.043052837 0.59491193
vt 0.043052837 0.54598826
vt 0.7221135 0.7240704
vt 0.5968689 0.56751466
vt 0.9765166 0.27005872
vt 0.96868885 0.30528376
vt 0.96868885 0.30528376
vt 0.9765166 0.27005872
vt 0.9784736 0.26810175
vt 0.9784736 0.26810175
vt 0.056751467 0.6516634
vt 0.08023483 0.6594912
vt 0.058708414 0.6516634
vt 0.058708414 0.6516634
vt 0.056751467 0.6516634
vt 0.050880626 0.65753424
vt 0.0019569471 0.7123288
vt 0.011741683 0.69080234
vt 0.050880626 0.65753424
vt 0.011741683 0.69080234
vt 0.9667319 0.74363995
vt 0.99804306 0.79452056
vt 0.99804306 0.79452056
vt 0.9667319 0.74363995
vt 0.962818 0.73776907
vt 0.962818 0.73776907
vt 0.88454014 0.31311154
vt 0.89432484 0.29549903
vt 0.89432484 0.29549903
vt 0.88454014 0.31311154
vt 0.8630137 0.3522505
vt 0.8630137 0.3522505
vt 0.85714287 0.36399218
vt 0.85714287 0.36399218
vt 0.8434442 0.3894325
vt 0.8434442 0.3894325
vt 0.9373777 0.12133072
vt 0.9080235 0.119373776
vt 0.9080235 0.119373776
vt 0.9373777 0.12133072
vt 0.93933463 0.12133072
vt 0.93933463 0.12133072
vt 0.9412916 0.12133072
vt 0.9412916 0.12133072
vt 0.9549902 0.119373776
vt 0.9549902 0.119373776
vt 0.41095892 0.40313113
vt 0.4148728 0.4324853
vt 0.37964776 0.42270058
vt 0.39530334 0.41095892
vt 0.37964776 0.42270058
vt 0.39530334 0.41095892
vt 0.40313113 0.40313113
vt 0.40313113 0.40313113
vt 0.18982388 0.6399217
vt 0.18982388 0.64187866
vt 0.18982388 0.64187866
vt 0.18982388 0.6399217
vt 0.18982388 0.54990214
vt 0.18982388 0.54990214
vt 0.44227007 0.9941292
vt 0.44227007 0.96477497
vt 0.44227007 0.96477497
vt 0.45009786 0.9941292
vt 0.44227007 0.99804306
vt 0.44227007 0.9941292
vt 0.19178082 0.6438356
vt 0.20939335 0.62426615
vt 0.20939335 0.62426615
vt 0.19178082 0.6438356
vt 0.42857143 0.38747555
vt 0.4187867 0.39334637
vt 0.4187867 0.39334637
vt 0.42857143 0.38747555
vt 0.7475538 0.091976516
vt 0.7475538 0.09393346
vt 0.7475538 0.09393346
vt 0.72015655 0.07436399
vt 0.74168295 0.072407044
vt 0.7475538 0.086105675
vt 0.7475538 0.091976516
vt 0.7475538 0.086105675
vt 0.7475538 0.072407044
vt 0.7475538 0.072407044
vt 0.74168295 0.072407044
vt 0.72015655 0.07436399
vt 0.9726027 0.17025441
vt 0.9784736 0.17025441
vt 0.9784736 0.17025441
vt 0.9726027 0.17025441
vt 0.91193736 0.17025441
vt 0.91193736 0.17025441
vt 0.90606654 0.7181996
vt 0.8982387 0.7162427
vt 0.8982387 0.7162427
vt 0.90606654 0.7181996
vt 0.9080235 0.7123288
vt 0.9158513 0.6927593
vt 0.9080235 0.7123288
vt 0.9158513 0.6927593
vt 0.9295499 0.65362036
vt 0.9295499 0.65362036
vt 0.9412916 0.6164383
vt 0.9412916 0.6164383
vt 0.94716245 0.60273975
vt 0.92759293 0.5870842
vt 0.9549902 0.5812133
vt 0.94716245 0.60273975
vt 0.9549902 0.5812133
vt 0.9706458 0.54011744
vt 0.9706458 0.54011744
vt 0.9706458 0.54011744
vt 0.9706458 0.54011744
vt 0.9706458 0.5362035
vt 0.9706458 0.5362035
vt 0.97455966 0.5264188
vt 0.97455966 0.5264188
vt 0.97455966 0.5264188
vt 0.97455966 0.5264188
vt 0.9784736 0.5146771
vt 0.0019569471 0.42465752
vt 0.0019569471 0.44618395
vt 0.0019569471 0.42465752
vt 0.0019569471 0.44618395
vt 0.0019569471 0.46183953
vt 0.0019569471 0.46183953
vt 0.6340509 0.052837573
vt 0.6477495 0.058708414
vt 0.6477495 0.058708414
vt 0.6340509 0.052837573
vt 0.6320939 0.052837573
vt 0.6320939 0.052837573
vt 0.63013697 0.052837573
vt 0.63013697 0.052837573
vt 0.62426615 0.04892368
vt 0.61252445 0.045009784
vt 0.6086106 0.052837573
vt 0.62426615 0.04892368
vt 0.6086106 0.043052837
vt 0.61252445 0.045009784
vt 0.01369863 0.12133072
vt 0.0039138943 0.12915851
vt 0.0039138943 0.119373776
vt 0.0039138943 0.119373776
vt 0.056751467 0.13111547
vt 0.01369863 0.12133072
vt 0.056751467 0.13111547
vt 0.058708414 0.1330724
vt 0.058708414 0.1330724
vt 0.06066536 0.1330724
vt 0.06066536 0.1330724
vt 0.9667319 0.30528376
vt 0.97455966 0.27005872
vt 0.9960861 0.74168295
vt 0.86692756 0.3620352
vt 0.8375734 0.4324853
vt 0.93933463 0.12328767
vt 0.91193736 0.16438356
vt 0.9921722 0.13502936
vt 0.18982388 0.64187866
vt 0.21722114 0.553816
vt 0.9765166 0.16829745
vt 0.96868885 0.54011744
vt 0.27201566 0.9765166
vt 0.2739726 0.91780823
vt 0.27201566 0.9765166
vt 0.27201566 0.9784736
vt 0.27201566 0.9784736
vt 0.7729941 0.039138943
vt 0.7729941 0.029354207
vt 0.7729941 0.029354207
vt 0.7729941 0.039138943
vt 0.7729941 0.072407044
vt 0.7729941 0.072407044
vt 0.7729941 0.086105675
vt 0.7729941 0.086105675
vt 0.7729941 0.086105675
vt 0.7729941 0.086105675
vt 0.7729941 0.08806262
vt 0.7553816 0.11741683
vt 0.7690802 0.12328767
vt 0.7729941 0.08806262
vt 0.7690802 0.12328767
vt 0.6262231 0.62426615
vt 0.5988258 0.61252445
vt 0.5988258 0.61252445
vt 0.6262231 0.62426615
vt 0.62818 0.62426615
vt 0.5988258 0.5968689
vt 0.62818 0.60078275
vt 0.25440314 0.6144814
vt 0.25440314 0.63013697
vt 0.25440314 0.63013697
vt 0.23091976 0.6320939
vt 0.25244617 0.5636008
vt 0.25440314 0.6144814
vt 0.25244617 0.5636008
vt 0.25048923 0.53816044
vt 0.25048923 0.53816044
vt 0.2485323 0.48727983
vt 0.2485323 0.48727983
vt 0.66927594 0.14481409
vt 0.74363995 0.2778865
vt 0.74363995 0.2778865
vt 0.66927594 0.14481409
vt 0.66536206 0.1409002
vt 0.66536206 0.1409002
vt 0.6399217 0.09589041
vt 0.6399217 0.09589041
vt 0.79843444 0.0665362
vt 0.88454014 0.06849315
vt 0.88454014 0.06849315
vt 0.79843444 0.0665362
vt 0.7808219 0.06849315
vt 0.77690804 0.031311154
vt 0.6164383 0.85714287
vt 0.6164383 0.8473581
vt 0.6164383 0.8473581
vt 0.6164383 0.85714287
vt 0.6164383 0.94520545
vt 0.6164383 0.94520545
vt 0.6164383 0.94520545
vt 0.6164383 0.94520545
vt 0.8434442 0.72798437
vt 0.778865 0.72798437
vt 0.7808219 0.7162427
vt 0.7808219 0.7162427
vt 0.8434442 0.72798437
vt 0.63013697 0.8923679
vt 0.6183953 0.94520545
vt 0.6183953 0.94520545
vt 0.63013697 0.8923679
vt 0.6340509 0.85714287
vt 0.6340509 0.85714287
vt 0.518591 0.025440313
vt 0.518591 0.025440313
vt 0.54011744 0.039138943
vt 0.26810175 0.6477495
vt 0.26810175 0.6477495
vt 0.26810175 0.6477495
vt 0.26810175 0.6477495
vt 0.26418787 0.7181996
vt 0.26418787 0.7181996
vt 0.2661448 0.74168295
vt 0.2661448 0.74168295
vt 0.2661448 0.7573385
vt 0.2661448 0.7573385
vt 0.26810175 0.7632094
vt 0.26810175 0.7632094
vt 0.27005872 0.7671233
vt 0.2407045 0.7690802
vt 0.2661448 0.83953035
vt 0.27005872 0.7671233
vt 0.2661448 0.83953035
vt 0.2661448 0.851272
vt 0.2661448 0.851272
vt 0.27005872 0.8551859
vt 0.24266145 0.8551859
vt 0.27005872 0.86692756
vt 0.27005872 0.8551859
vt 0.27005872 0.86692756
vt 0.27201566 0.86692756
vt 0.23287672 0.87866926
vt 0.27201566 0.86692756
vt 0.27201566 0.8982387
vt 0.27201566 0.8982387
vt 0.2739726 0.91780823
vt 0.27005872 0.9784736
vt 0.77103716 0.02739726
vt 0.2074364 0.6262231
vt 0.18590999 0.48336595
vt 0.84931505 0.045009784
vt 0.6262231 0.84931505
vt 0.6183953 0.94520545
vt 0.7553816 0.14677104
vt 0.7455969 0.14285715
vt 0.7455969 0.14285715
vt 0.7553816 0.14677104
vt 0.8023483 0.16634052
vt 0.8023483 0.16634052
vt 0.8297456 0.1780822
vt 0.8297456 0.1780822
vt 0.8708415 0.19569471
vt 0.8708415 0.19569471
vt 0.8923679 0.20547946
vt 0.8923679 0.20547946
vt 0.95694715 0.46379647
vt 0.95694715 0.52250487
vt 0.96477497 0.5205479
vt 0.96477497 0.4970646
vt 0.96477497 0.5205479
vt 0.96477497 0.4970646
vt 0.96477497 0.46379647
vt 0.96477497 0.46379647
vt 0.69863015 0.2485323
vt 0.69863015 0.2485323
vt 0.69863015 0.2485323
vt 0.69863015 0.2485323
vt 0.7005871 0.25048923
vt 0.7005871 0.25048923
vt 0.7162427 0.2818004
vt 0.7162427 0.2818004
vt 0.72015655 0.28767124
vt 0.72015655 0.28767124
vt 0.7358121 0.32289627
vt 0.7358121 0.32289627
vt 0.22113504 0.25048923
vt 0.15459883 0.2739726
vt 0.15459883 0.2739726
vt 0.22113504 0.25048923
vt 0.2739726 0.23091976
vt 0.2739726 0.23091976
vt 0.2994129 0.22113504
vt 0.2994129 0.22113504
vt 0.30136988 0.22113504
vt 0.30136988 0.22113504
vt 0.31506848 0.26810175
vt 0.31506848 0.26810175
vt 0.32681018 0.30528376
vt 0.32681018 0.30528376
vt 0.34246576 0.3620352
vt 0.34246576 0.3620352
vt 0.93933463 0.7808219
vt 0.93933463 0.7847358
vt 0.93933463 0.7847358
vt 0.9080235 0.7847358
vt 0.9373777 0.76516634
vt 0.93933463 0.7808219
vt 0.9217221 0.76516634
vt 0.8962818 0.74363995
vt 0.9373777 0.7514677
vt 0.9373777 0.76516634
vt 0.9373777 0.7514677
vt 0.9373777 0.704501
vt 0.9373777 0.704501
vt 0.93542075 0.6555773
vt 0.93542075 0.6555773
vt 0.93542075 0.6438356
vt 0.93542075 0.6438356
vt 0.6340509 0.56164384
vt 0.6379648 0.56164384
vt 0.6379648 0.56164384
vt 0.6340509 0.56164384
vt 0.6144814 0.553816
vt 0.6144814 0.553816
vt 0.57925636 0.5420744
vt 0.57925636 0.5420744
vt 0.48336595 0.5107632
vt 0.48336595 0.5107632
vt 0.46966732 0.50489235
vt 0.46966732 0.50489235
vt 0.35420743 0.39334637
vt 0.35812134 0.39138943
vt 0.35812134 0.39138943
vt 0.35420743 0.39334637
vt 0.34637964 0.39334637
vt 0.34637964 0.39334637
vt 0.739726 0.11154599
vt 0.73776907 0.1330724
vt 0.6947162 0.13111547
vt 0.6947162 0.12720157
vt 0.6947162 0.13111547
vt 0.69080234 0.10763209
vt 0.6947162 0.12720157
vt 0.9706458 0.481409
vt 0.9921722 0.52446187
vt 0.9941292 0.46966732
vt 0.9843444 0.46771038
vt 0.9941292 0.46966732
vt 0.9706458 0.46575344
vt 0.9843444 0.46771038
vt 0.6829746 0.5851272
vt 0.68101764 0.5596869
vt 0.68101764 0.5596869
vt 0.6829746 0.5851272
vt 0.68688846 0.64187866
vt 0.68688846 0.64187866
vt 0.68688846 0.6477495
vt 0.68688846 0.6477495
vt 0.15264188 0.18590999
vt 0.15068494 0.18590999
vt 0.15068494 0.18590999
vt 0.15068494 0.19373778
vt 0.19569471 0.17221135
vt 0.19569471 0.17025441
vt 0.15264188 0.18590999
vt 0.19569471 0.17025441
vt 0.19569471 0.17025441
vt 0.19569471 0.17025441
vt 0.19960861 0.16829745
vt 0.19960861 0.16829745
vt 0.27984345 0.13894325
vt 0.27984345 0.13894325
vt 0.28962818 0.16829745
vt 0.28962818 0.16829745
vt 0.29745597 0.18982388
vt 0.29745597 0.18982388
vt 0.30136988 0.20156556
vt 0.26810175 0.20156556
vt 0.30528376 0.21330725
vt 0.30136988 0.20156556
vt 0.23483366 0.21722114
vt 0.30528376 0.21722114
vt 0.30528376 0.21330725
vt 0.04109589 0.72015655
vt 0.07436399 0.7906067
vt 0.0019569471 0.7886497
vt 0.0019569471 0.7749511
vt 0.0019569471 0.7886497
vt 0.0039138943 0.7240704
vt 0.0019569471 0.7749511
vt 0.0039138943 0.7240704
vt 0.0039138943 0.7162427
vt 0.0039138943 0.7162427
vt 0.0039138943 0.7103718
vt 0.029354207 0.7123288
vt 0.0058708414 0.67514676
vt 0.0039138943 0.7103718
vt 0.0058708414 0.67514676
vt 0.007827789 0.6379648
vt 0.007827789 0.6379648
vt 0.009784736 0.5420744
vt 0.009784736 0.5420744
vt 0.017612524 0.41095892
vt 0.0019569471 0.40900195
vt 0.0019569471 0.40900195
vt 0.017612524 0.41095892
vt 0.029354207 0.41095892
vt 0.029354207 0.41095892
vt 0.037181996 0.41095892
vt 0.037181996 0.41095892
vt 0.039138943 0.41095892
vt 0.039138943 0.41095892
vt 0.26418787 0.54598826
vt 0.2661448 0.5636008
vt 0.2661448 0.5636008
vt 0.26418787 0.54598826
vt 0.26418787 0.49902153
vt 0.26418787 0.49902153
vt 0.26418787 0.48336595
vt 0.26418787 0.48336595
vt 0.26418787 0.47358122
vt 0.26418787 0.47358122
vt 0.26418787 0.46575344
vt 0.33855185 0.47358122
vt 0.33268103 0.39726028
vt 0.26418787 0.40117416
vt 0.26418787 0.46575344
vt 0.26418787 0.40117416
vt 0.4970646 0.18003914
vt 0.49510762 0.19178082
vt 0.49510762 0.19178082
vt 0.42857143 0.18786693
vt 0.49902153 0.17221135
vt 0.4970646 0.18003914
vt 0.40900195 0.16634052
vt 0.50097847 0.17025441
vt 0.49902153 0.17221135
vt 0.38747555 0.15851273
vt 0.5029354 0.16046967
vt 0.50097847 0.17025441
vt 0.52250487 0.9412916
vt 0.52250487 0.94520545
vt 0.52250487 0.94520545
vt 0.52250487 0.9412916
vt 0.52446187 0.9138943
vt 0.52446187 0.9138943
vt 0.52837574 0.86105675
vt 0.52837574 0.86105675
vt 0.53424656 0.7729941
vt 0.53424656 0.7729941
vt 0.5362035 0.7475538
vt 0.5362035 0.7475538
vt 0.5362035 0.739726
vt 0.5362035 0.739726
vt 0.62426615 0.25636008
vt 0.6046967 0.25048923
vt 0.6046967 0.25048923
vt 0.62426615 0.25636008
vt 0.62818 0.25831702
vt 0.62818 0.25831702
vt 0.6320939 0.25831702
vt 0.63013697 0.2485323
vt 0.63600785 0.26027396
vt 0.6320939 0.25831702
vt 0.63600785 0.26027396
vt 0.64187866 0.26223093
vt 0.62426615 0.18395303
vt 0.64187866 0.16242662
vt 0.6438356 0.26223093
vt 0.64187866 0.26223093
vt 0.97455966 0.1330724
vt 0.9921722 0.10176125
vt 0.9960861 0.19765167
vt 0.9941292 0.19960861
vt 0.9960861 0.19765167
vt 0.97455966 0.18003914
vt 0.99021524 0.19960861
vt 0.9941292 0.19960861
vt 0.7475538 0.1369863
vt 0.80430526 0.16046967
vt 0.9197652 0.1369863
vt 0.9315069 0.47553816
vt 0.6966732 0.30332682
vt 0.667319 0.2661448
vt 0.6927593 0.25636008
vt 0.72798437 0.33463797
vt 0.64579254 0.34050882
vt 0.7221135 0.3444227
vt 0.2035225 0.35812134
vt 0.2994129 0.26810175
vt 0.81996083 0.76516634
vt 0.79452056 0.7847358
vt 0.83365947 0.7162427
vt 0.86692756 0.6516634
vt 0.5890411 0.60665363
vt 0.6262231 0.70841485
vt 0.46966732 0.52446187
vt 0.3561644 0.3776908
vt 0.34637964 0.39334637
vt 0.7690802 0.12720157
vt 0.7671233 0.10763209
vt 0.9726027 0.51663405
vt 0.9941292 0.55772996
vt 0.72798437 0.60665363
vt 0.7338552 0.5420744
vt 0.7103718 0.64579254
vt 0.15459883 0.21722114
vt 0.11154599 0.73189825
vt 0.15851273 0.7925636
vt 0.078277886 0.7123288
vt 0.113502935 0.6516634
vt 0.0665362 0.553816
vt 0.0019569471 0.46771038
vt 0.029354207 0.46575344
vt 0.039138943 0.4266145
vt 0.2818004 0.5636008
vt 0.32485324 0.56751466
vt 0.39334637 0.5068493
vt 0.43444228 0.4403131
vt 0.37573385 0.42465752
vt 0.41095892 0.39726028
vt 0.3561644 0.18982388
vt 0.31311154 0.16634052
vt 0.2935421 0.15851273
vt 0.6594912 0.9941292
vt 0.6223092 0.99804306
vt 0.5890411 0.9765166
vt 0.553816 0.91780823
vt 0.54011744 0.9510763
vt 0.5851272 0.8003914
vt 0.54990214 0.74951077
vt 0.60078275 0.23679061
vt 0.6105675 0.75342464
vt 0.6594912 0.7847358
vt 0.61252445 0.12720157
vt 0.64579254 0.09784736
vt 0.9706458 0.08219178
vt 0.98630136 0.04109589
vt 0.74363995 0.6223092
vt 0.7338552 0.64187866
vt 0.81017613 0.6379648
vt 0.8414873 0.6144814
vt 0.7671233 0.60665363
vt 0.12915851 0.95303327
vt 0.21526419 0.98043054
vt 0.1409002 0.99021524
vt 0.81996083 0.13894325
vt 0.68688846 0.21526419
vt 0.6516634 0.2074364
vt 0.6477495 0.26223093
vt 0.5440313 0.2661448
vt 0.52250487 0.30332682
vt 0.6105675 0.33463797
vt 0.5205479 0.3444227
vt 0.667319 0.78277886
vt 0.7005871 0.76125246
vt 0.70254403 0.71428573
vt 0.81409 0.6438356
vt 0.29745597 0.99021524
vt 0.34050882 0.8375734
vt 0.25440314 0.8414873
vt 0.4774951 0.6105675
vt 0.4774951 0.75342464
vt 0.3444227 0.34246576
vt 0.3620352 0.30919766
vt 0.35029355 0.29549903
vt 0.79843444 0.11545988
vt 0.8434442 0.12720157
vt 0.962818 0.5851272
vt 0.99021524 0.592955
vt 0.9549902 0.5479452
vt 0.80626225 0.555773
vt 0.7573385 0.5146771
vt 0.7964775 0.5988258
vt 0.39530334 0.82778865
vt 0.3737769 0.79843444
vt 0.35420743 0.82778865
vt 0.3444227 0.10763209
vt 0.369863 0.086105675
vt 0.3444227 0.09001957
vt 0.14285715 0.72798437
vt 0.15851273 0.73189825
vt 0.11741683 0.7123288
vt 0.12524462 0.7103718
vt 0.16438356 0.6555773
vt 0.15851273 0.7123288
vt 0.113502935 0.553816
vt 0.1330724 0.5870842
vt 0.007827789 0.5205479
vt 0.38551858 0.5694716
vt 0.4324853 0.553816
vt 0.81996083 0.2778865
vt 0.82778865 0.31702545
vt 0.86888456 0.3111546
vt 0.86888456 0.2778865
vt 0.42270058 0.41095892
vt 0.3111546 0.18395303
vt 0.3111546 0.20939335
vt 0.8806262 0.5988258
vt 0.851272 0.6105675
vt 0.83953035 0.5988258
vt 0.93933463 0.59491193
vt 0.8962818 0.56164384
vt 0.9295499 0.6086106
vt 0.95694715 0.6399217
vt 0.95303327 0.6771037
vt 0.78277886 0.38551858
vt 0.8864971 0.3620352
vt 0.86888456 0.3189824
vt 0.7064579 0.9001957
vt 0.72798437 0.9080235
vt 0.6594912 0.9941292
vt 0.6966732 0.35812134
vt 0.7729941 0.36399218
vt 0.6223092 0.8982387
vt 0.7005871 0.8238748
vt 0.59099805 0.078277886
vt 0.6320939 0.05479452
vt 0.64579254 0.064579256
vt 0.962818 0.025440313
vt 0.9843444 0.007827789
vt 0.72798437 0.62426615
vt 0.23679061 0.9001957
vt 0.25440314 0.9941292
vt 0.2407045 0.9921722
vt 0.21526419 0.9412916
vt 0.22309197 0.96868885
vt 0.19373778 0.9510763
vt 0.9667319 0.1780822
vt 0.925636 0.16634052
vt 0.9217221 0.105675146
vt 0.9667319 0.099804305
vt 0.16438356 0.6399217
vt 0.1330724 0.6046967
vt 0.14481409 0.64579254
vt 0.16438356 0.5968689
vt 0.19960861 0.8297456
vt 0.23091976 0.84931505
vt 0.19373778 0.84931505
vt 0.1780822 0.888454
vt 0.20547946 0.9158513
vt 0.12328767 0.9197652
vt 0.1330724 0.89041096
vt 0.1409002 0.81409
vt 0.113502935 0.8414873
vt 0.08414873 0.8003914
vt 0.15851273 0.7964775
vt 0.9491194 0.80430526
vt 0.9921722 0.70841485
vt 0.9921722 0.78277886
vt 0.9667319 0.7240704
vt 0.95303327 0.7103718
vt 0.9432485 0.76125246
vt 0.66927594 0.62818
vt 0.6731898 0.592955
vt 0.6438356 0.58317024
vt 0.64187866 0.6183953
vt 0.65362036 0.66927594
vt 0.9960861 0.3894325
vt 0.94520545 0.42270058
vt 0.9921722 0.45009786
vt 0.9373777 0.34637964
vt 0.9921722 0.3483366
vt 0.6477495 0.15851273
vt 0.6927593 0.15655577
vt 0.7123288 0.17612524
vt 0.5029354 0.27201566
vt 0.7181996 0.6497065
vt 0.45009786 0.98630136
vt 0.43639922 0.82778865
vt 0.36007828 0.9823875
vt 0.83953035 0.119373776
vt 0.9589041 0.62426615
vt 0.9921722 0.6438356
vt 0.8590998 0.4970646
vt 0.8258317 0.47945204
vt 0.7906067 0.49315068
vt 0.9491194 0.5264188
vt 0.8375734 0.59491193
vt 0.4266145 0.09001957
vt 0.4403131 0.10763209
vt 0.4520548 0.46575344
vt 0.43639922 0.4148728
vt 0.43639922 0.49510762
vt 0.70254403 0.99804306
vt 0.70254403 0.960861
vt 0.6731898 0.9843444
vt 0.12524462 0.64187866
vt 0.2778865 0.960861
vt 0.2818004 0.9941292
vt 0.26027396 0.99804306
vt 0.26027396 0.960861
vt 0.92367905 0.6086106
vt 0.87279844 0.62035227
vt 0.481409 0.099804305
vt 0.7749511 0.47358122
vt 0.8767123 0.4324853
vt 0.6771037 0.40900195
vt 0.62818 0.04109589
vt 0.6888454 0.4481409
vt 0.75342464 0.51272017
vt 0.7181996 0.5068493
vt 0.25244617 0.91193736
vt 0.25048923 0.853229
vt 0.17612524 0.8551859
vt 0.7338552 0.88454014
vt 0.7221135 0.8434442
vt 0.69863015 0.851272
vt 0.69863015 0.8962818
vt 0.0058708414 0.53424656
vt 0.029354207 0.5029354
vt 0.029354207 0.54011744
vt 0.14481409 0.8747554
vt 0.16046967 0.8356164
vt 0.9726027 0.9726027
vt 0.9315069 0.9960861
vt 0.96868885 0.9960861
vt 0.96868885 0.704501
vt 0.9726027 0.9510763
vt 0.9941292 0.9706458
vt 0.19569471 0.4481409
vt 0.14872798 0.46575344
vt 0.15264188 0.3776908
vt 0.19178082 0.3737769
vt 0.07436399 0.29745597
vt 0.08414873 0.2407045
vt 0.045009784 0.23874755
vt 0.1330724 0.2485323
vt 0.13111547 0.30136988
vt 0.04892368 0.39138943
vt 0.099804305 0.36594912
vt 0.0332681 0.4774951
vt 0.07632094 0.46183953
vt 0.09393346 0.51663405
vt 0.06849315 0.5205479
vt 0.6966732 0.71428573
vt 0.6731898 0.72602737
vt 0.64187866 0.76516634
vt 0.9099804 0.28767124
vt 0.8864971 0.34246576
vt 0.95303327 0.25440314
vt 0.9960861 0.2485323
vt 0.9412916 0.20156556
vt 0.95694715 0.20939335
vt 0.68101764 0.11545988
vt 0.47358122 0.8962818
vt 0.51663405 0.8551859
vt 0.49315068 0.9510763
vt 0.51272017 0.96477497
vt 0.87279844 0.27005872
vt 0.89041096 0.2407045
vt 0.8747554 0.30136988
vt 0.39726028 0.99804306
vt 0.29549903 0.099804305
vt 0.3620352 0.1409002
vt 0.32485324 0.1409002
vt 0.26223093 0.13111547
vt 0.26223093 0.11545988
vt 0.9726027 0.667319
vt 0.98630136 0.667319
vt 0.8630137 0.45596868
vt 0.87279844 0.47553816
vt 0.9001957 0.4892368
vt 0.9217221 0.47358122
vt 0.33855185 0.39530334
vt 0.25831702 0.37964776
vt 0.25440314 0.39530334
vt 0.33463797 0.38356164
vt 0.67906064 0.7886497
vt 0.70254403 0.7906067
vt 0.7005871 0.81604695
vt 0.7162427 0.7886497
vt 0.08023483 0.099804305
vt 0.06066536 0.0704501
vt 0.031311154 0.091976516
vt 0.08219178 0.1369863
vt 0.031311154 0.14872798
vt 0.25831702 0.8767123
vt 0.9080235 0.9158513
vt 0.9080235 0.99804306
vt 0.9334638 0.92367905
vt 0.96477497 0.86692756
vt 0.23483366 0.481409
vt 0.25636008 0.48336595
vt 0.26027396 0.56751466
vt 0.22309197 0.555773
vt 0.18590999 0.5068493
vt 0.18982388 0.47358122
vt 0.2407045 0.36594912
vt 0.25440314 0.41682974
vt 0.15068494 0.2778865
vt 0.14481409 0.19765167
vt 0.04696673 0.43639922
vt 0.65753424 0.7690802
vt 0.0332681 0.5440313
vt 0.8767123 0.30528376
vt 0.9197652 0.24657534
vt 0.9158513 0.21917808
vt 0.90606654 0.19569471
vt 0.92759293 0.1741683
vt 0.5029354 0.89041096
vt 0.49315068 0.92367905
vt 0.09784736 0.52837574
vt 0.10176125 0.54598826
vt 0.07632094 0.54990214
vt 0.064579256 0.52837574
vt 0.5968689 0.7221135
vt 0.62035227 0.7514677
vt 0.5890411 0.73189825
vt 0.87279844 0.22504893
vt 0.8982387 0.23287672
vt 0.9041096 0.79452056
vt 0.92367905 0.8238748
vt 0.9041096 0.8238748
vt 0.9432485 0.79452056
vt 0.19178082 0.25440314
vt 0.18199609 0.22113504
vt 0.21917808 0.23287672
vt 0.33072406 0.099804305
vt 0.93542075 0.44618395
vt 0.8962818 0.444227
vt 0.67906064 0.099804305
vt 0.6497065 0.1037182
vt 0.6516634 0.06066536
vt 0.7005871 0.058708414
vt 0.70254403 0.1037182
vt 0.16438356 0.14872798
vt 0.23483366 0.14872798
vt 0.23091976 0.1037182
vt 0.1369863 0.10176125
vt 0.13111547 0.14872798
vt 0.70254403 0.5107632
vt 0.68101764 0.53816044
vt 0.72798437 0.53816044
vt 0.6849315 0.51272017
vt 0.16046967 0.25440314
vt 0.15264188 0.23483366
vt 0.40117416 0.81996083
vt 0.39334637 0.79452056
vt 0.40313113 0.76125246
vt 0.43639922 0.8238748
vt 0.5088063 0.82191783
vt 0.5088063 0.76125246
vt 0.51272017 0.79452056
vt 0.052837573 0.15459883
vt 0.98043054 0.7005871
vt 0.9589041 0.67906064
vt 0.9432485 0.6947162
vt 0.98630136 0.67906064
vt 0.91193736 0.83365947
vt 0.9667319 0.8023483
vt 0.12133072 0.11545988
vt 0.08806262 0.1330724
vt 0.09784736 0.072407044
vt 0.12524462 0.06849315
vt 0.6379648 0.7221135
vt 0.5029354 0.9315069
vt 0.5205479 0.9099804
vt 0.12524462 0.13894325
vt 0.0019569471 0.0332681
vt 0.007827789 0.050880626
vt 0.021526419 0.017612524
vt 0.5088063 0.99804306
vt 0.50489235 0.97455966
vt 0.53424656 0.960861
vt 0.5772994 0.99804306
vt 0.5205479 0.9373777
vt 0.5205479 0.960861
vt 0.50097847 0.94716245
vt 0.555773 0.064579256
vt 0.54598826 0.064579256
vt 0.4853229 0.1037182
vt 0.553816 0.10958904
vt 0.0704501 0.23679061
vt 0.12133072 0.16634052
vt 0.12720157 0.23287672
vt 0.74951077 0.26223093
vt 0.7299413 0.26418787
vt 0.7299413 0.22113504
vt 0.481409 0.83170253
vt 0.5088063 0.84540117
vt 0.5205479 0.83170253
vt 0.5772994 0.10958904
vt 0.09784736 0.1409002
vt 0.12720157 0.14481409
vt 0.04696673 0.16242662
vt 0.7455969 0.34050882
vt 0.7573385 0.32093933
vt 0.4187867 0.81604695
vt 0.4148728 0.81996083
vt 0.4148728 0.81996083
vt 0.407045 0.7514677
vt 0.49902153 0.7103718
vt 0.44618395 0.7925636
vt 0.4187867 0.81604695
vt 0.44618395 0.7925636
vt 0.51272017 0.72798437
vt 0.51272017 0.72798437
vt 0.5420744 0.7005871
vt 0.5420744 0.7005871
vt 0.555773 0.6888454
vt 0.5479452 0.68688846
vt 0.9706458 0.8649706
vt 0.9706458 0.8649706
vt 0.9706458 0.8649706
vt 0.9843444 0.8649706
vt 0.96477497 0.84540117
vt 0.9706458 0.8649706
vt 0.9823875 0.8414873
vt 0.962818 0.83953035
vt 0.96477497 0.84540117
vt 0.960861 0.8356164
vt 0.962818 0.83953035
vt 0.960861 0.8356164
vt 0.9510763 0.8121331
vt 0.9510763 0.8121331
vt 0.9315069 0.7592955
vt 0.9315069 0.7592955
vt 0.9080235 0.6947162
vt 0.9080235 0.6947162
vt 0.72015655 0.8082192
vt 0.7240704 0.79843444
vt 0.7240704 0.79843444
vt 0.72798437 0.8121331
vt 0.7181996 0.8121331
vt 0.72015655 0.8082192
vt 0.7181996 0.8121331
vt 0.68688846 0.9158513
vt 0.68688846 0.9158513
vt 0.6829746 0.9315069
vt 0.6829746 0.9315069
vt 0.6712329 0.96477497
vt 0.6712329 0.96477497
vt 0.6614481 0.99804306
vt 0.6614481 0.99804306
vt 0.2994129 0.20156556
vt 0.30136988 0.20156556
vt 0.30136988 0.20156556
vt 0.2994129 0.20156556
vt 0.14481409 0.79843444
vt 0.13894325 0.79843444
vt 0.13894325 0.79843444
vt 0.14481409 0.79843444
vt 0.18395303 0.79843444
vt 0.18395303 0.79843444
vt 0.19569471 0.8003914
vt 0.19569471 0.70254403
vt 0.23874755 0.73189825
vt 0.2035225 0.8003914
vt 0.19569471 0.8003914
vt 0.2035225 0.8003914
vt 0.23091976 0.8023483
vt 0.23091976 0.8023483
vt 0.2935421 0.8003914
vt 0.2935421 0.8003914
vt 0.30528376 0.8003914
vt 0.30528376 0.74951077
vt 0.20547946 0.39530334
vt 0.19178082 0.3894325
vt 0.2035225 0.38747555
vt 0.2035225 0.38747555
vt 0.20547946 0.39530334
vt 0.21135029 0.41291586
vt 0.21135029 0.41291586
vt 0.22896282 0.99804306
vt 0.2407045 0.9921722
vt 0.2407045 0.9921722
vt 0.22896282 0.99804306
vt 0.88258314 0.6399217
vt 0.88258314 0.68101764
vt 0.88258314 0.68101764
vt 0.88258314 0.6399217
vt 0.88258314 0.60665363
vt 0.88258314 0.60665363
vt 0.015655577 0.16438356
vt 0.019569471 0.16438356
vt 0.019569471 0.16438356
vt 0.015655577 0.16438356
vt 0.007827789 0.16634052
vt 0.007827789 0.16634052
vt 0.0019569471 0.16634052
vt 0.0019569471 0.16634052
vt 0.555773 0.47945204
vt 0.5518591 0.47945204
vt 0.5518591 0.47945204
vt 0.555773 0.47945204
vt 0.57338554 0.47945204
vt 0.57338554 0.47945204
vt 0.71428573 0.4853229
vt 0.71428573 0.4853229
vt 0.23287672 0.39726028
vt 0.25636008 0.45596868
vt 0.26027396 0.33463797
vt 0.26027396 0.33463797
vt 0.26027396 0.33463797
vt 0.23091976 0.3444227
vt 0.26027396 0.33463797
vt 0.26027396 0.33463797
vt 0.23287672 0.32681018
vt 0.26027396 0.33463797
vt 0.23287672 0.32681018
vt 0.37181997 0.76125246
vt 0.35812134 0.72015655
vt 0.49510762 0.6712329
vt 0.553816 0.6340509
vt 0.9941292 0.86105675
vt 0.9941292 0.81409
vt 0.9843444 0.8121331
vt 0.99021524 0.64579254
vt 0.8630137 0.7964775
vt 0.9138943 0.81017613
vt 0.87866926 0.9001957
vt 0.7671233 0.90606654
vt 0.7181996 0.9491194
vt 0.6927593 0.9960861
vt 0.8082192 0.99804306
vt 0.28375733 0.072407044
vt 0.31311154 0.1409002
vt 0.13894325 0.7964775
vt 0.14285715 0.73189825
vt 0.13894325 0.6731898
vt 0.21526419 0.63600785
vt 0.25048923 0.58317024
vt 0.3111546 0.71428573
vt 0.16046967 0.4187867
vt 0.15851273 0.38747555
vt 0.22896282 0.9706458
vt 0.89041096 0.60665363
vt 0.9099804 0.6849315
vt 0.9138943 0.66340506
vt 0.9138943 0.6046967
vt 0.007827789 0.09001957
vt 0.03522505 0.113502935
vt 0.0019569471 0.16242662
vt 0.54990214 0.48336595
vt 0.71428573 0.5479452
vt 0.23287672 0.50489235
vt 0.26027396 0.553816
vt 0.23679061 0.43444228
vt 0.04892368 0.93542075
vt 0.0019569471 0.9334638
vt 0.0058708414 0.8767123
vt 0.07632094 0.90606654
vt 0.011741683 0.8258317
vt 0.08414873 0.8180039
vt 0.9667319 0.22504893
vt 0.93542075 0.21917808
vt 0.9706458 0.30136988
vt 0.2074364 0.29158512
vt 0.23287672 0.32093933
vt 0.19569471 0.36790606
vt 0.14481409 0.29549903
vt 0.12720157 0.39334637
vt 0.09784736 0.369863
vt 0.0332681 0.4266145
vt 0.0058708414 0.39530334
vt 0.043052837 0.33463797
vt 0.0019569471 0.34050882
vt 0.36007828 0.6594912
vt 0.44618395 0.6477495
vt 0.43835616 0.5968689
vt 0.74168295 0.6086106
vt 0.7181996 0.592955
vt 0.72015655 0.7162427
vt 0.7455969 0.704501
vt 0.72602737 0.7925636
vt 0.7729941 0.7886497
vt 0.7690802 0.59491193
vt 0.8297456 0.6888454
vt 0.89041096 0.78277886
vt 0.93933463 0.79452056
vt 0.86888456 0.59491193
vt 0.93542075 0.9960861
vt 0.2994129 0.091976516
vt 0.2778865 0.12524462
vt 0.2778865 0.04109589
vt 0.26223093 0.06066536
vt 0.2661448 0.13894325
vt 0.84931505 0.13111547
vt 0.76516634 0.14481409
vt 0.78277886 0.13502936
vt 0.13894325 0.5988258
vt 0.6105675 0.89432484
vt 0.667319 0.960861
vt 0.59099805 0.99804306
vt 0.56751466 0.88258314
vt 0.555773 0.94520545
vt 0.555773 0.9080235
vt 0.47945204 0.9197652
vt 0.4892368 0.9882583
vt 0.31702545 0.6262231
vt 0.13111547 0.407045
vt 0.19178082 0.9412916
vt 0.22504893 0.99804306
vt 0.22504893 0.9334638
vt 0.9412916 0.667319
vt 0.0019569471 0.5322896
vt 0.03522505 0.47945204
vt 0.0019569471 0.46966732
vt 0.03522505 0.0704501
vt 0.0019569471 0.056751467
vt 0.5518591 0.62426615
vt 0.52446187 0.5988258
vt 0.5264188 0.5596869
vt 0.5851272 0.6164383
vt 0.62818 0.5655577
vt 0.6614481 0.66536206
vt 0.6712329 0.66927594
vt 0.71428573 0.6046967
vt 0.46966732 0.5440313
vt 0.39530334 0.54598826
vt 0.5029354 0.5851272
vt 0.51272017 0.54598826
vt 0.5988258 0.78669274
vt 0.6379648 0.7729941
vt 0.6477495 0.78669274
vt 0.43444228 0.49119374
vt 0.39334637 0.49119374
vt 0.4266145 0.46575344
vt 0.46771038 0.8590998
vt 0.45009786 0.84931505
vt 0.45401174 0.8023483
vt 0.4774951 0.7925636
vt 0.23679061 0.5596869
vt 0.039138943 0.9882583
vt 0.0039138943 0.99804306
vt 0.08219178 0.93542075
vt 0.08414873 0.8649706
vt 0.15459883 0.84931505
vt 0.08806262 0.8023483
vt 0.2994129 0.22700587
vt 0.2935421 0.2818004
vt 0.23874755 0.27592954
vt 0.9941292 0.89432484
vt 0.9941292 0.87866926
vt 0.94520545 0.86105675
vt 0.92759293 0.89432484
vt 0.40508807 0.16438356
vt 0.3894325 0.11154599
vt 0.32093933 0.13502936
vt 0.31506848 0.1780822
vt 0.35029355 0.20547946
vt 0.32093933 0.21917808
vt 0.30528376 0.20939335
vt 0.98043054 0.98043054
vt 0.98043054 0.99804306
vt 0.93933463 0.9882583
vt 0.93933463 0.9080235
vt 0.1037182 0.29158512
vt 0.0019569471 0.29158512
vt 0.35812134 0.61252445
vt 0.39921722 0.60078275
vt 0.40117416 0.5753425
vt 0.25440314 0.8434442
vt 0.2818004 0.8590998
vt 0.24657534 0.86105675
vt 0.21330725 0.8434442
vt 0.54598826 0.47162426
vt 0.5812133 0.43444228
vt 0.59491193 0.47553816
vt 0.5205479 0.45401174
vt 0.44618395 0.47358122
vt 0.41291586 0.45009786
vt 0.49315068 0.41095892
vt 0.41095892 0.40313113
vt 0.46771038 0.33855185
vt 0.39530334 0.33855185
vt 0.29158512 0.18982388
vt 0.27201566 0.22309197
vt 0.9158513 0.12915851
vt 0.9549902 0.14481409
vt 0.8982387 0.14285715
vt 0.66340506 0.888454
vt 0.6594912 0.84931505
vt 0.60078275 0.85714287
vt 0.56751466 0.7847358
vt 0.5479452 0.81409
vt 0.52250487 0.86692756
vt 0.47945204 0.8551859
vt 0.3189824 0.3072407
vt 0.30136988 0.3483366
vt 0.30136988 0.28767124
vt 0.3111546 0.24266145
vt 0.30332682 0.21917808
vt 0.48336595 0.9921722
vt 0.45596868 0.90606654
vt 0.4774951 0.9001957
vt 0.20156556 0.9960861
vt 0.704501 0.35420743
vt 0.6399217 0.38551858
vt 0.6888454 0.43639922
vt 0.7358121 0.407045
vt 0.8121331 0.43639922
vt 0.064579256 0.14285715
vt 0.039138943 0.16438356
vt 0.039138943 0.045009784
vt 0.072407044 0.09784736
vt 0.66927594 0.8356164
vt 0.69863015 0.86105675
vt 0.69863015 0.8121331
vt 0.67906064 0.86888456
vt 0.2739726 0.87279844
vt 0.2407045 0.8923679
vt 0.23679061 0.87279844
vt 0.58317024 0.65362036
vt 0.62818 0.66536206
vt 0.65753424 0.67514676
vt 0.39138943 0.49510762
vt 0.38747555 0.5107632
vt 0.36594912 0.5851272
vt 0.8414873 0.35420743
vt 0.853229 0.32681018
vt 0.7358121 0.27984345
vt 0.7299413 0.32093933
vt 0.69863015 0.29158512
vt 0.65362036 0.32093933
vt 0.68688846 0.2818004
vt 0.592955 0.7729941
vt 0.8258317 0.39530334
vt 0.40313113 0.12524462
vt 0.40508807 0.23091976
vt 0.38551858 0.26418787
vt 0.35812134 0.2485323
vt 0.33268103 0.27201566
vt 0.32681018 0.2994129
vt 0.12524462 0.61252445
vt 0.08806262 0.6966732
vt 0.12524462 0.6888454
vt 0.086105675 0.6183953
vt 0.09393346 0.60078275
vt 0.98043054 0.8982387
vt 0.44227007 0.16634052
vt 0.407045 0.17612524
vt 0.41291586 0.2074364
vt 0.46183953 0.20156556
vt 0.4892368 0.51272017
vt 0.51663405 0.53424656
vt 0.54011744 0.49315068
vt 0.44618395 0.49315068
vt 0.58317024 0.38747555
vt 0.5420744 0.33268103
vt 0.6320939 0.3561644
vt 0.6340509 0.3816047
vt 0.38747555 0.5655577
vt 0.29745597 0.8473581
vt 0.50489235 0.32681018
vt 0.407045 0.49510762
vt 0.28767124 0.39530334
vt 0.3483366 0.3776908
vt 0.3189824 0.35812134
vt 0.26418787 0.34637964
vt 0.9510763 0.13111547
vt 0.99021524 0.13111547
vt 0.667319 0.8082192
vt 0.26418787 0.44618395
vt 0.31506848 0.46966732
vt 0.2661448 0.46183953
vt 0.553816 0.77690804
vt 0.481409 0.80430526
vt 0.77690804 0.15851273
vt 0.77103716 0.17025441
vt 0.7221135 0.17221135
vt 0.75342464 0.14285715
vt 0.7181996 0.15068494
vt 0.32485324 0.3444227
vt 0.18003914 0.5988258
vt 0.1780822 0.6144814
vt 0.22504893 0.6144814
vt 0.22113504 0.5988258
vt 0.57925636 0.6927593
vt 0.62035227 0.6829746
vt 0.62035227 0.6927593
vt 0.59099805 0.66340506
vt 0.5596869 0.68688846
vt 0.555773 0.6731898
vt 0.40117416 0.31506848
vt 0.36790606 0.32289627
vt 0.33268103 0.3365949
vt 0.36399218 0.3483366
vt 0.32681018 0.35812134
vt 0.3072407 0.5264188
vt 0.28375733 0.5596869
vt 0.27984345 0.59491193
vt 0.3522505 0.61252445
vt 0.3522505 0.555773
vt 0.37181997 0.5322896
vt 0.043052837 0.4403131
vt 0.01369863 0.43835616
vt 0.0019569471 0.46771038
vt 0.037181996 0.46771038
vt 0.6614481 0.44227007
vt 0.592955 0.4481409
vt 0.6086106 0.4774951
vt 0.6771037 0.4774951
vt 0.007827789 0.7221135
vt 0.043052837 0.7358121
vt 0.0019569471 0.7358121
vt 0.03522505 0.739726
vt 0.009784736 0.7886497
vt 0.0039138943 0.7573385
vt 0.0019569471 0.74363995
vt 0.03522505 0.7808219
vt 0.3816047 0.4520548
vt 0.40117416 0.38356164
vt 0.26810175 0.5303327
vt 0.48727983 0.7592955
vt 0.8023483 0.15459883
vt 0.81409 0.17221135
vt 0.8962818 0.7455969
vt 0.9197652 0.76516634
vt 0.91780823 0.739726
vt 0.71428573 0.1330724
vt 0.7729941 0.11154599
vt 0.5518591 0.97455966
vt 0.5146771 0.99804306
vt 0.5088063 0.98043054
vt 0.5636008 0.99804306
vt 0.57338554 0.9941292
vt 0.59491193 0.41682974
vt 0.63013697 0.38551858
vt 0.63013697 0.4403131
vt 0.6712329 0.11741683
vt 0.8962818 0.778865
vt 0.8238748 0.14872798
vt 0.3894325 0.3365949
vt 0.40117416 0.45401174
vt 0.7064579 0.23287672
vt 0.70254403 0.16829745
vt 0.7573385 0.19765167
vt 0.7573385 0.27592954
vt 0.69080234 0.23874755
vt 0.6966732 0.27592954
vt 0.08219178 0.6262231
vt 0.019569471 0.5988258
vt 0.08023483 0.5988258
vt 0.06066536 0.64187866
vt 0.18982388 0.45596868
vt 0.23091976 0.42074364
vt 0.22700587 0.44227007
vt 0.15851273 0.42074364
vt 0.15459883 0.4481409
vt 0.07436399 0.9921722
vt 0.086105675 0.99804306
vt 0.099804305 0.96868885
vt 0.15264188 0.93933463
vt 0.18786693 0.925636
vt 0.22113504 0.86888456
vt 0.09589041 0.8023483
vt 0.08806262 0.8023483
vt 0.078277886 0.8023483
vt 0.09589041 0.8023483
vt 0.14677104 0.43444228
vt 0.21526419 0.82778865
vt 0.3072407 0.81017613
vt 0.30136988 0.83953035
vt 0.21135029 0.83953035
vt 0.18395303 0.9941292
vt 0.2407045 0.90606654
vt 0.9843444 0.18199609
vt 0.9706458 0.21722114
vt 0.962818 0.1741683
vt 0.9921722 0.2074364
vt 0.011741683 0.6594912
vt 0.058708414 0.70254403
vt 0.06262231 0.67514676
vt 0.0019569471 0.7162427
vt 0.6771037 0.2739726
vt 0.6477495 0.26418787
vt 0.6183953 0.3483366
vt 0.21917808 0.80626225
vt 0.6438356 0.23091976
vt 0.67514676 0.24266145
vt 0.68688846 0.21526419
vt 0.39921722 0.29158512
vt 0.39334637 0.29158512
vt 0.39921722 0.29158512
vt 0.23287672 0.62035227
vt 0.22700587 0.6223092
vt 0.22700587 0.6223092
vt 0.23287672 0.62035227
vt 0.2446184 0.6164383
vt 0.2446184 0.6164383
vt 0.25048923 0.6164383
vt 0.25048923 0.6164383
vt 0.1330724 0.43052837
vt 0.10176125 0.43052837
vt 0.10176125 0.43052837
vt 0.1330724 0.43052837
vt 0.13502936 0.39921722
vt 0.13502936 0.39921722
vt 0.13502936 0.3776908
vt 0.13502936 0.3776908
vt 0.37181997 0.29549903
vt 0.19569471 0.32289627
vt 0.19569471 0.32289627
vt 0.37181997 0.29549903
vt 0.39334637 0.29158512
vt 0.2485323 0.6262231
vt 0.01369863 0.5264188
vt 0.08219178 0.52250487
vt 0.08219178 0.52250487
vt 0.01369863 0.5264188
vt 0.01369863 0.52250487
vt 0.01369863 0.52250487
vt 0.01369863 0.51272017
vt 0.01369863 0.51272017
vt 0.49119374 0.34246576
vt 0.48727983 0.34050882
vt 0.48727983 0.34050882
vt 0.49119374 0.34246576
vt 0.49902153 0.34246576
vt 0.49902153 0.34246576
vt 0.5146771 0.34246576
vt 0.5146771 0.34246576
vt 0.53424656 0.3444227
vt 0.53424656 0.3444227
vt 0.08414873 0.5107632
vt 0.5440313 0.9412916
vt 0.53816044 0.99804306
vt 0.5440313 0.99804306
vt 0.5440313 0.99804306
vt 0.5440313 0.9412916
vt 0.5440313 0.888454
vt 0.5440313 0.888454
vt 0.5420744 0.83953035
vt 0.5420744 0.83953035
vt 0.5420744 0.83170253
vt 0.5420744 0.83170253
vt 0.5440313 0.82191783
vt 0.5440313 0.82191783
vt 0.5440313 0.74951077
vt 0.5440313 0.74951077
vt 0.5440313 0.7299413
vt 0.5303327 0.7299413
vt 0.69863015 0.47358122
vt 0.704501 0.4598826
vt 0.70254403 0.47358122
vt 0.70254403 0.47358122
vt 0.69863015 0.47358122
vt 0.68101764 0.4774951
vt 0.68101764 0.4774951
vt 0.66340506 0.481409
vt 0.66340506 0.481409
vt 0.6340509 0.48727983
vt 0.6340509 0.48727983
vt 0.5890411 0.49510762
vt 0.5890411 0.49510762
vt 0.5870842 0.4853229
vt 0.5870842 0.4853229
vt 0.10176125 0.55772996
vt 0.10763209 0.555773
vt 0.10763209 0.555773
vt 0.10176125 0.55772996
vt 0.06262231 0.5655577
vt 0.06262231 0.5655577
vt 0.06262231 0.5655577
vt 0.06262231 0.5655577
vt 0.06262231 0.56751466
vt 0.06262231 0.5655577
vt 0.06262231 0.56751466
vt 0.050880626 0.5714286
vt 0.050880626 0.5714286
vt 0.04892368 0.5714286
vt 0.031311154 0.9941292
vt 0.04109589 0.9960861
vt 0.031311154 0.9941292
vt 0.06066536 0.99804306
vt 0.056751467 0.97455966
vt 0.04109589 0.9960861
vt 0.5205479 0.2739726
vt 0.5088063 0.1780822
vt 0.5303327 0.1780822
vt 0.5303327 0.2661448
vt 0.5303327 0.1780822
vt 0.5303327 0.2661448
vt 0.5303327 0.27592954
vt 0.5303327 0.28962818
vt 0.5303327 0.27592954
vt 0.5303327 0.28962818
vt 0.5303327 0.31311154
vt 0.5303327 0.31311154
vt 0.5303327 0.34050882
vt 0.5303327 0.34050882
vt 0.49510762 0.34050882
vt 0.52446187 0.9138943
vt 0.5264188 0.99804306
vt 0.011741683 0.7240704
vt 0.011741683 0.7240704
vt 0.050880626 0.7240704
vt 0.0019569471 0.7240704
vt 0.0019569471 0.7240704
vt 0.0019569471 0.96868885
vt 0.0019569471 0.9726027
vt 0.0019569471 0.9726027
vt 0.015655577 0.9706458
vt 0.0019569471 0.96477497
vt 0.0019569471 0.96868885
vt 0.0019569471 0.962818
vt 0.0019569471 0.96477497
vt 0.0019569471 0.95694715
vt 0.0019569471 0.962818
vt 0.0019569471 0.95694715
vt 0.0019569471 0.9510763
vt 0.0019569471 0.9510763
vt 0.0019569471 0.94520545
vt 0.0019569471 0.94520545
vt 0.0019569471 0.9412916
vt 0.0019569471 0.9412916
vt 0.0019569471 0.9138943
vt 0.0019569471 0.9138943
vt 0.0019569471 0.9041096
vt 0.0019569471 0.9041096
vt 0.0019569471 0.86692756
vt 0.0019569471 0.86692756
vt 0.0019569471 0.74168295
vt 0.0019569471 0.74168295
vt 0.0019569471 0.66536206
vt 0.0019569471 0.66536206
vt 0.0019569471 0.6262231
vt 0.0019569471 0.6262231
vt 0.037181996 0.93542075
usemtl mtl_26_0
f 1/1 2/2 3/3
f 4/4 1/1 3/3
f 5/5 6/6 7/7
f 8/8 5/5 7/7
f 9/9 5/5 8/8
f 10/10 9/9 8/8
f 11/11 9/9 10/10
f 12/12 11/11 10/10
f 13/13 11/11 12/12
f 14/14 13/13 12/12
f 15/15 13/13 14/14
f 16/16 15/15 14/14
f 17/17 15/15 16/16
f 18/18 17/17 16/16
f 19/19 20/20 21/21
f 22/22 20/20 19/19
f 23/23 22/22 19/19
f 24/24 23/23 19/19
f 25/25 23/23 24/24
f 26/26 27/27 28/28
f 29/29 26/26 28/28
f 30/30 26/26 29/29
f 31/31 30/30 29/29
f 32/32 30/30 31/31
f 33/33 30/30 32/32
f 34/34 33/33 32/32
f 35/35 34/34 32/32
f 36/36 37/37 38/38
f 39/39 36/36 38/38
f 40/40 36/36 39/39
f 41/41 36/36 40/40
f 42/42 41/41 40/40
f 43/43 42/42 40/40
f 44/44 43/43 40/40
f 45/45 43/43 44/44
f 46/46 43/43 45/45
f 47/47 46/46 45/45
f 48/48 46/46 47/47
f 49/49 48/48 47/47
f 50/50 51/51 52/52
f 53/53 50/50 52/52
f 54/54 55/55 56/56
f 2/2 57/57 58/58
f 1/1 57/57 2/2
f 5/5 54/54 6/6
f 59/59 54/54 5/5
f 9/9 59/59 5/5
f 60/60 59/59 9/9
f 11/11 60/60 9/9
f 13/13 60/60 11/11
f 61/61 60/60 13/13
f 15/15 61/61 13/13
f 17/17 61/61 15/15
f 62/62 60/60 61/61
f 63/63 64/64 65/65
f 30/30 66/66 67/67
f 26/26 30/30 67/67
f 27/27 26/26 67/67
f 33/33 66/66 30/30
f 42/42 68/68 41/41
f 69/69 68/68 42/42
f 70/70 69/69 42/42
f 71/71 70/70 42/42
f 43/43 72/72 42/42
f 46/46 72/72 43/43
f 48/48 72/72 46/46
f 51/51 50/50 73/73
f 74/74 75/75 55/55
f 76/76 74/74 55/55
f 54/54 76/76 55/55
f 59/59 76/76 54/54
f 77/77 76/76 59/59
f 60/60 77/77 59/59
f 62/62 77/77 60/60
f 78/78 77/77 62/62
f 63/63 79/79 64/64
f 74/74 77/77 78/78
f 68/68 69/69 80/80
f 76/76 77/77 74/74
f 81/81 82/82 83/83
f 84/84 85/85 86/86
f 87/87 82/82 81/81
f 37/37 36/36 41/41
usemtl mtl_26_1
f 88/88 89/89 90/90
f 91/91 88/88 90/90
f 92/92 91/91 90/90
f 93/93 91/91 92/92
f 94/94 91/91 93/93
f 95/95 94/94 93/93
f 96/96 97/97 98/98
f 99/99 96/96 98/98
f 100/100 96/96 99/99
f 101/101 96/96 100/100
f 102/102 103/103 104/104
f 105/105 102/102 104/104
f 106/106 102/102 105/105
f 107/107 102/102 106/106
f 103/103 102/102 107/107
f 108/108 103/103 107/107
f 109/109 108/108 107/107
f 110/110 109/109 107/107
f 111/111 109/109 110/110
f 112/112 109/109 111/111
f 113/113 112/112 111/111
f 114/114 112/112 113/113
f 115/115 114/114 113/113
f 116/116 114/114 115/115
f 117/117 114/114 116/116
f 118/118 117/117 116/116
f 119/119 118/118 116/116
f 120/120 118/118 119/119
f 121/121 118/118 120/120
f 117/117 118/118 121/121
f 122/122 123/123 124/124
f 125/125 126/126 127/127
f 128/128 129/129 125/125
f 130/130 129/129 128/128
f 131/131 132/132 133/133
f 134/134 132/132 131/131
f 135/135 134/134 131/131
f 136/136 135/135 131/131
f 137/137 134/134 135/135
f 138/138 137/137 135/135
f 139/139 138/138 135/135
f 140/140 139/139 135/135
f 141/141 139/139 140/140
f 142/142 143/143 89/89
f 144/144 142/142 89/89
f 88/88 144/144 89/89
f 145/145 146/146 147/147
f 148/148 145/145 147/147
f 149/149 148/148 147/147
f 150/150 149/149 147/147
f 151/151 150/150 147/147
f 96/96 151/151 97/97
f 101/101 151/151 96/96
f 150/150 151/151 101/101
f 108/108 152/152 103/103
f 153/153 152/152 108/108
f 154/154 153/153 108/108
f 109/109 154/154 108/108
f 155/155 154/154 109/109
f 112/112 155/155 109/109
f 117/117 155/155 112/112
f 114/114 117/117 112/112
f 156/156 157/157 122/122
f 158/158 159/159 160/160
f 161/161 159/159 158/158
f 162/162 163/163 137/137
f 164/164 165/165 166/166
f 167/167 164/164 166/166
f 168/168 167/167 166/166
f 169/169 170/170 171/171
f 172/172 169/169 171/171
f 173/173 172/172 171/171
f 174/174 175/175 176/176
f 177/177 174/174 176/176
f 152/152 174/174 177/177
f 153/153 174/174 152/152
f 154/154 174/174 153/153
f 178/178 174/174 154/154
f 179/179 178/178 154/154
f 155/155 179/179 154/154
f 180/180 179/179 155/155
f 181/181 182/182 157/157
f 156/156 181/181 157/157
f 183/183 181/181 156/156
f 184/184 185/185 186/186
f 187/187 184/184 186/186
f 188/188 184/184 187/187
f 161/161 189/189 159/159
f 190/190 191/191 163/163
f 162/162 190/190 163/163
f 170/170 192/192 193/193
f 169/169 192/192 170/170
f 194/194 192/192 169/169
f 195/195 194/194 169/169
f 172/172 195/195 169/169
f 196/196 195/195 172/172
f 174/174 178/178 175/175
f 197/197 195/195 196/196
f 198/198 197/197 196/196
f 199/199 200/200 201/201
f 202/202 199/199 201/201
f 182/182 202/202 201/201
f 183/183 202/202 182/182
f 181/181 183/183 182/182
f 190/190 202/202 183/183
f 184/184 203/203 185/185
f 199/199 202/202 190/190
f 204/204 199/199 190/190
f 195/195 205/205 194/194
f 197/197 205/205 195/195
f 91/91 94/94 88/88
usemtl mtl_27_0
f 409/409 410/410 411/411
f 412/412 409/409 411/411
f 413/413 412/412 411/411
f 414/414 413/413 411/411
f 415/415 414/414 411/411
f 416/416 413/413 414/414
f 417/417 416/416 414/414
f 418/418 417/417 414/414
f 419/419 417/417 418/418
f 420/420 417/417 419/419
f 421/421 420/420 419/419
f 422/422 420/420 421/421
f 423/423 422/422 421/421
f 424/424 422/422 423/423
f 425/425 424/424 423/423
f 426/426 424/424 425/425
f 427/427 426/426 425/425
f 428/428 429/429 430/430
f 431/431 428/428 430/430
f 432/432 428/428 431/431
f 433/433 432/432 431/431
f 434/434 435/435 436/436
f 437/437 434/434 436/436
f 438/438 434/434 437/437
f 439/439 434/434 438/438
f 440/440 439/439 438/438
f 441/441 439/439 440/440
f 442/442 439/439 441/441
f 443/443 442/442 441/441
f 444/444 442/442 443/443
f 445/445 444/444 443/443
f 446/446 444/444 445/445
f 447/447 446/446 445/445
f 448/448 449/449 450/450
f 451/451 448/448 450/450
f 452/452 448/448 451/451
f 453/453 452/452 451/451
f 454/454 452/452 453/453
f 455/455 454/454 453/453
f 456/456 454/454 455/455
f 457/457 454/454 456/456
f 458/458 457/457 456/456
f 459/459 458/458 456/456
f 460/460 459/459 456/456
f 461/461 459/459 460/460
f 462/462 459/459 461/461
f 458/458 459/459 462/462
f 463/463 458/458 462/462
f 464/464 463/463 462/462
f 465/465 458/458 463/463
f 466/466 467/467 468/468
f 469/469 466/466 468/468
f 470/470 466/466 469/469
f 471/471 466/466 470/470
f 472/472 471/471 470/470
f 473/473 471/471 472/472
f 474/474 473/473 472/472
f 475/475 473/473 474/474
f 476/476 475/475 474/474
f 477/477 478/478 479/479
f 480/480 478/478 477/477
f 481/481 480/480 477/477
f 482/482 481/481 477/477
f 483/483 481/481 482/482
f 484/484 481/481 483/483
f 485/485 484/484 483/483
f 486/486 484/484 485/485
f 487/487 486/486 485/485
f 488/488 486/486 487/487
f 489/489 486/486 488/488
f 490/490 491/491 492/492
f 493/493 490/490 492/492
f 494/494 490/490 493/493
f 495/495 490/490 494/494
f 496/496 495/495 494/494
f 497/497 495/495 496/496
f 498/498 497/497 496/496
f 499/499 497/497 498/498
f 500/500 499/499 498/498
f 501/501 499/499 500/500
f 502/502 501/501 500/500
f 503/503 504/504 505/505
f 506/506 504/504 503/503
f 507/507 506/506 503/503
f 508/508 507/507 503/503
f 509/509 507/507 508/508
f 510/510 507/507 509/509
f 511/511 510/510 509/509
f 512/512 510/510 511/511
f 513/513 512/512 511/511
f 514/514 515/515 516/516
f 517/517 514/514 516/516
f 518/518 514/514 517/517
f 519/519 518/518 517/517
f 520/520 518/518 519/519
f 521/521 520/520 519/519
f 522/522 520/520 521/521
f 523/523 522/522 521/521
f 524/524 522/522 523/523
f 525/525 524/524 523/523
f 526/526 522/522 524/524
f 520/520 522/522 526/526
f 527/527 520/520 526/526
f 528/528 527/527 526/526
f 529/529 528/528 526/526
f 413/413 530/530 412/412
f 531/531 530/530 413/413
f 532/532 531/531 413/413
f 416/416 532/532 413/413
f 533/533 532/532 416/416
f 534/534 533/533 416/416
f 424/424 534/534 416/416
f 422/422 424/424 416/416
f 420/420 422/422 416/416
f 417/417 420/420 416/416
f 426/426 534/534 424/424
f 428/428 535/535 429/429
f 536/536 535/535 428/428
f 432/432 536/536 428/428
f 439/439 537/537 435/435
f 434/434 439/439 435/435
f 442/442 537/537 439/439
f 444/444 537/537 442/442
f 538/538 537/537 444/444
f 446/446 538/538 444/444
f 448/448 539/539 449/449
f 540/540 539/539 448/448
f 452/452 540/540 448/448
f 454/454 540/540 452/452
f 457/457 540/540 454/454
f 541/541 540/540 457/457
f 542/542 541/541 457/457
f 465/465 542/542 457/457
f 458/458 465/465 457/457
f 543/543 544/544 467/467
f 545/545 543/543 467/467
f 466/466 545/545 467/467
f 471/471 545/545 466/466
f 473/473 545/545 471/471
f 546/546 545/545 473/473
f 475/475 546/546 473/473
f 480/480 547/547 478/478
f 548/548 547/547 480/480
f 549/549 548/548 480/480
f 489/489 549/549 480/480
f 481/481 489/489 480/480
f 484/484 489/489 481/481
f 486/486 489/489 484/484
f 550/550 551/551 491/491
f 490/490 550/550 491/491
f 495/495 550/550 490/490
f 497/497 550/550 495/495
f 552/552 550/550 497/497
f 499/499 552/552 497/497
f 501/501 552/552 499/499
f 553/553 552/552 501/501
f 510/510 554/554 506/506
f 507/507 510/510 506/506
f 512/512 554/554 510/510
f 514/514 555/555 515/515
f 527/527 555/555 514/514
f 518/518 527/527 514/514
f 520/520 527/527 518/518
f 556/556 555/555 527/527
f 528/528 556/556 527/527
f 557/557 556/556 528/528
f 558/558 557/557 528/528
f 529/529 558/558 528/528
f 559/559 558/558 529/529
f 560/560 559/559 529/529
f 531/531 561/561 530/530
f 562/562 561/561 531/531
f 533/533 562/562 531/531
f 532/532 533/533 531/531
f 563/563 562/562 533/533
f 564/564 563/563 533/533
f 534/534 564/564 533/533
f 565/565 564/564 534/534
f 536/536 566/566 535/535
f 538/538 567/567 537/537
f 568/568 569/569 539/539
f 540/540 568/568 539/539
f 541/541 568/568 540/540
f 570/570 571/571 543/543
f 545/545 570/570 543/543
f 546/546 570/570 545/545
f 572/572 573/573 548/548
f 549/549 572/572 548/548
f 574/574 575/575 551/551
f 552/552 574/574 551/551
f 550/550 552/552 551/551
f 576/576 574/574 552/552
f 553/553 576/576 552/552
f 577/577 578/578 579/579
f 556/556 557/557 555/555
f 558/558 580/580 557/557
f 559/559 580/580 558/558
f 581/581 580/580 559/559
f 582/582 581/581 559/559
f 583/583 582/582 559/559
f 560/560 583/583 559/559
f 584/584 585/585 586/586
f 587/587 585/585 584/584
f 588/588 587/587 584/584
f 589/589 588/588 584/584
f 563/563 590/590 562/562
f 591/591 590/590 563/563
f 592/592 591/591 563/563
f 564/564 592/592 563/563
f 593/593 594/594 595/595
f 596/596 593/593 595/595
f 581/581 597/597 598/598
f 580/580 581/581 598/598
f 599/599 600/600 601/601
f 602/602 600/600 599/599
f 585/585 587/587 603/603
f 589/589 604/604 588/588
f 605/605 606/606 607/607
f 608/608 606/606 605/605
f 609/609 610/610 611/611
f 612/612 610/610 609/609
f 613/613 614/614 615/615
f 616/616 613/613 615/615
f 617/617 618/618 619/619
f 620/620 617/617 619/619
f 621/621 622/622 600/600
f 602/602 621/621 600/600
f 608/608 623/623 606/606
f 624/624 623/623 608/608
f 625/625 624/624 608/608
f 612/612 626/626 610/610
f 627/627 626/626 612/612
f 628/628 629/629 630/630
f 631/631 629/629 628/628
f 632/632 633/633 634/634
f 635/635 633/633 632/632
f 636/636 635/635 632/632
f 637/637 638/638 639/639
f 625/625 640/640 624/624
f 641/641 640/640 625/625
usemtl mtl_27_1
f 206/206 207/207 208/208
f 209/209 206/206 208/208
f 210/210 206/206 209/209
f 211/211 210/210 209/209
f 212/212 210/210 211/211
f 213/213 212/212 211/211
f 214/214 212/212 213/213
f 215/215 214/214 213/213
f 216/216 214/214 215/215
f 217/217 216/216 215/215
f 218/218 219/219 220/220
f 221/221 218/218 220/220
f 222/222 218/218 221/221
f 223/223 222/222 221/221
f 224/224 222/222 223/223
f 225/225 224/224 223/223
f 226/226 227/227 228/228
f 229/229 226/226 228/228
f 230/230 226/226 229/229
f 231/231 230/230 229/229
f 206/206 232/232 207/207
f 233/233 232/232 206/206
f 210/210 233/233 206/206
f 234/234 233/233 210/210
f 212/212 234/234 210/210
f 235/235 234/234 212/212
f 214/214 235/235 212/212
f 216/216 235/235 214/214
f 218/218 236/236 219/219
f 237/237 236/236 218/218
f 222/222 237/237 218/218
f 238/238 237/237 222/222
f 224/224 238/238 222/222
f 239/239 240/240 227/227
f 226/226 239/239 227/227
f 230/230 239/239 226/226
f 233/233 241/241 232/232
f 234/234 241/241 233/233
f 242/242 241/241 234/234
f 243/243 242/242 234/234
f 244/244 243/243 234/234
f 245/245 244/244 234/234
f 246/246 245/245 234/234
f 235/235 246/246 234/234
f 247/247 245/245 248/248
f 249/249 247/247 248/248
f 250/250 249/249 248/248
f 251/251 247/247 249/249
f 237/237 252/252 236/236
f 253/253 252/252 237/237
f 238/238 253/253 237/237
f 254/254 253/253 238/238
f 255/255 253/253 254/254
f 256/256 255/255 254/254
f 257/257 258/258 240/240
f 259/259 257/257 240/240
f 239/239 259/259 240/240
f 243/243 260/260 242/242
f 244/244 260/260 243/243
f 261/261 260/260 244/244
f 245/245 261/261 244/244
f 247/247 261/261 245/245
f 262/262 261/261 247/247
f 251/251 262/262 247/247
f 263/263 264/264 265/265
f 266/266 263/263 265/265
f 267/267 266/266 265/265
f 268/268 269/269 270/270
f 252/252 268/268 270/270
f 253/253 268/268 252/252
f 255/255 268/268 253/253
f 269/269 268/268 255/255
f 271/271 269/269 255/255
f 256/256 271/271 255/255
f 272/272 273/273 274/274
f 275/275 276/276 277/277
f 278/278 275/275 277/277
f 279/279 275/275 278/278
f 280/280 275/275 279/279
f 281/281 280/280 279/279
f 282/282 281/281 279/279
f 283/283 281/281 282/282
f 284/284 283/283 282/282
f 285/285 284/284 282/282
f 286/286 285/285 282/282
f 287/287 288/288 289/289
f 290/290 291/291 292/292
f 293/293 290/290 292/292
f 294/294 295/295 296/296
f 297/297 298/298 299/299
f 300/300 298/298 297/297
f 301/301 300/300 297/297
f 302/302 301/301 297/297
f 303/303 301/301 302/302
f 266/266 304/304 263/263
f 305/305 304/304 266/266
f 306/306 305/305 266/266
f 267/267 306/306 266/266
f 273/273 306/306 267/267
f 307/307 306/306 273/273
f 272/272 307/307 273/273
f 308/308 307/307 272/272
f 275/275 280/280 276/276
f 309/309 307/307 308/308
f 310/310 309/309 308/308
f 311/311 312/312 280/280
f 281/281 311/311 280/280
f 283/283 311/311 281/281
f 313/313 314/314 315/315
f 316/316 313/313 315/315
f 317/317 313/313 316/316
f 318/318 317/317 316/316
f 319/319 320/320 321/321
f 322/322 323/323 324/324
f 325/325 326/326 327/327
f 328/328 325/325 327/327
f 329/329 330/330 331/331
f 332/332 329/329 331/331
f 333/333 329/329 332/332
f 334/334 333/333 332/332
f 335/335 333/333 334/334
f 336/336 335/335 334/334
f 303/303 337/337 301/301
f 305/305 338/338 304/304
f 339/339 338/338 305/305
f 340/340 339/339 305/305
f 309/309 340/340 305/305
f 306/306 309/309 305/305
f 307/307 309/309 306/306
f 341/341 340/340 309/309
f 310/310 341/341 309/309
f 342/342 343/343 344/344
f 345/345 346/346 347/347
f 313/313 348/348 314/314
f 349/349 348/348 313/313
f 350/350 351/351 352/352
f 353/353 350/350 352/352
f 354/354 355/355 356/356
f 357/357 354/354 356/356
f 358/358 359/359 360/360
f 361/361 358/358 360/360
f 362/362 358/358 361/361
f 363/363 362/362 361/361
f 364/364 365/365 330/330
f 329/329 364/364 330/330
f 333/333 364/364 329/329
f 335/335 364/364 333/333
f 365/365 364/364 335/335
f 366/366 367/367 368/368
f 369/369 366/366 368/368
f 336/336 370/370 335/335
f 371/371 372/372 373/373
f 374/374 372/372 371/371
f 343/343 374/374 371/371
f 342/342 374/374 343/343
f 375/375 376/376 348/348
f 377/377 375/375 348/348
f 349/349 377/377 348/348
f 378/378 379/379 351/351
f 350/350 378/378 351/351
f 380/380 379/379 378/378
f 381/381 382/382 383/383
f 384/384 381/381 383/383
f 385/385 386/386 387/387
f 388/388 389/389 390/390
f 391/391 388/388 390/390
f 392/392 391/391 390/390
f 393/393 394/394 359/359
f 358/358 393/393 359/359
f 395/395 393/393 358/358
f 362/362 395/395 358/358
f 396/396 395/395 362/362
f 397/397 396/396 362/362
f 398/398 396/396 397/397
f 399/399 398/398 397/397
f 400/400 398/398 399/399
f 401/401 400/400 399/399
f 402/402 400/400 401/401
f 403/403 402/402 401/401
f 386/386 404/404 405/405
f 406/406 386/386 405/405
f 379/379 380/380 407/407
f 393/393 408/408 394/394
f 402/402 408/408 393/393
f 400/400 402/402 393/393
f 395/395 400/400 393/393
f 398/398 400/400 395/395
f 396/396 398/398 395/395
usemtl mtl_29_0
f 642/642 643/643 644/644
f 645/645 642/642 644/644
f 646/646 642/642 645/645
f 647/647 646/646 645/645
f 648/648 646/646 647/647
f 649/649 648/648 647/647
f 650/650 648/648 649/649
f 651/651 650/650 649/649
f 652/652 650/650 651/651
f 653/653 652/652 651/651
f 654/654 652/652 653/653
f 655/655 654/654 653/653
f 656/656 654/654 655/655
f 657/657 656/656 655/655
f 658/658 659/659 660/660
f 661/661 659/659 658/658
f 662/662 661/661 658/658
f 663/663 662/662 658/658
f 664/664 661/661 662/662
f 665/665 664/664 662/662
f 666/666 664/664 665/665
f 667/667 664/664 666/666
f 668/668 667/667 666/666
f 669/669 667/667 668/668
f 670/670 669/669 668/668
f 671/671 669/669 670/670
f 672/672 671/671 670/670
f 673/673 671/671 672/672
f 674/674 671/671 673/673
f 675/675 674/674 673/673
f 676/676 674/674 675/675
f 677/677 674/674 676/676
f 669/669 674/674 677/677
f 667/667 669/669 677/677
f 678/678 667/667 677/677
f 679/679 678/678 677/677
f 680/680 679/679 677/677
f 681/681 679/679 680/680
f 682/682 679/679 681/681
f 683/683 682/682 681/681
f 684/684 682/682 683/683
f 685/685 684/684 683/683
f 686/686 684/684 685/685
f 687/687 684/684 686/686
f 688/688 687/687 686/686
f 689/689 688/688 686/686
f 690/690 688/688 689/689
f 691/691 688/688 690/690
f 692/692 691/691 690/690
f 693/693 691/691 692/692
f 687/687 691/691 693/693
f 694/694 687/687 693/693
f 695/695 694/694 693/693
f 696/696 694/694 695/695
f 697/697 694/694 696/696
f 698/698 697/697 696/696
f 699/699 700/700 701/701
f 702/702 699/699 701/701
f 703/703 699/699 702/702
f 704/704 699/699 703/703
f 705/705 704/704 703/703
f 706/706 705/705 703/703
f 707/707 706/706 703/703
f 708/708 706/706 707/707
f 709/709 710/710 711/711
f 712/712 709/709 711/711
f 713/713 709/709 712/712
f 714/714 713/713 712/712
f 715/715 713/713 714/714
f 716/716 715/715 714/714
f 717/717 715/715 716/716
f 718/718 717/717 716/716
f 719/719 720/720 721/721
f 722/722 719/719 721/721
f 723/723 719/719 722/722
f 724/724 719/719 723/723
f 725/725 724/724 723/723
f 726/726 725/725 723/723
f 727/727 725/725 726/726
f 728/728 725/725 727/727
f 729/729 728/728 727/727
f 730/730 728/728 729/729
f 731/731 730/730 729/729
f 732/732 730/730 731/731
f 733/733 730/730 732/732
f 734/734 733/733 732/732
f 735/735 734/734 732/732
f 736/736 734/734 735/735
f 737/737 734/734 736/736
f 733/733 734/734 737/737
f 738/738 733/733 737/737
f 739/739 738/738 737/737
f 740/740 738/738 739/739
f 741/741 738/738 740/740
f 742/742 741/741 740/740
f 743/743 741/741 742/742
f 744/744 743/743 742/742
f 745/745 743/743 744/744
f 746/746 745/745 744/744
f 747/747 748/748 749/749
f 750/750 747/747 749/749
f 751/751 747/747 750/750
f 752/752 751/751 750/750
f 753/753 754/754 755/755
f 756/756 753/753 755/755
f 757/757 758/758 759/759
f 760/760 758/758 757/757
f 643/643 761/761 762/762
f 642/642 761/761 643/643
f 646/646 761/761 642/642
f 648/648 761/761 646/646
f 763/763 761/761 648/648
f 650/650 763/763 648/648
f 764/764 763/763 650/650
f 652/652 764/764 650/650
f 765/765 764/764 652/652
f 654/654 765/765 652/652
f 656/656 765/765 654/654
f 661/661 766/766 659/659
f 767/767 766/766 661/661
f 768/768 767/767 661/661
f 678/678 769/769 661/661
f 664/664 678/678 661/661
f 667/667 678/678 664/664
f 679/679 769/769 678/678
f 770/770 769/769 679/679
f 682/682 770/770 679/679
f 687/687 770/770 682/682
f 684/684 687/687 682/682
f 771/771 770/770 687/687
f 694/694 771/771 687/687
f 772/772 771/771 694/694
f 697/697 772/772 694/694
f 699/699 704/704 700/700
f 773/773 771/771 772/772
f 774/774 771/771 773/773
f 775/775 774/774 773/773
f 709/709 776/776 710/710
f 777/777 776/776 709/709
f 778/778 777/777 709/709
f 713/713 778/778 709/709
f 715/715 778/778 713/713
f 717/717 778/778 715/715
f 779/779 778/778 717/717
f 719/719 780/780 720/720
f 724/724 780/780 719/719
f 781/781 780/780 724/724
f 782/782 781/781 724/724
f 783/783 782/782 724/724
f 725/725 783/783 724/724
f 728/728 783/783 725/725
f 733/733 783/783 728/728
f 730/730 733/733 728/728
f 784/784 783/783 733/733
f 741/741 784/784 733/733
f 738/738 741/741 733/733
f 743/743 784/784 741/741
f 745/745 784/784 743/743
f 782/782 784/784 745/745
f 747/747 785/785 748/748
f 786/786 785/785 747/747
f 751/751 786/786 747/747
f 753/753 787/787 754/754
f 788/788 787/787 753/753
f 789/789 787/787 788/788
f 790/790 791/791 792/792
f 793/793 790/790 792/792
f 794/794 795/795 796/796
f 797/797 794/794 796/796
f 794/794 797/797 798/798
f 799/799 800/800 761/761
f 763/763 799/799 761/761
f 801/801 802/802 803/803
f 804/804 805/805 806/806
f 807/807 805/805 804/804
f 808/808 807/807 804/804
f 768/768 809/809 767/767
f 810/810 809/809 768/768
f 770/770 811/811 769/769
f 812/812 811/811 770/770
f 771/771 812/812 770/770
f 813/813 812/812 771/771
f 774/774 813/813 771/771
f 814/814 813/813 774/774
f 815/815 816/816 817/817
f 777/777 815/815 776/776
f 816/816 815/815 777/777
f 818/818 816/816 777/777
f 778/778 818/818 777/777
f 779/779 818/818 778/778
f 819/819 820/820 821/821
f 822/822 819/819 821/821
f 786/786 822/822 821/821
f 785/785 786/786 821/821
f 823/823 824/824 825/825
f 826/826 823/823 825/825
f 827/827 828/828 795/795
f 794/794 827/827 795/795
f 829/829 828/828 827/827
f 830/830 829/829 827/827
f 831/831 832/832 800/800
f 833/833 831/831 800/800
f 834/834 833/833 800/800
f 799/799 834/834 800/800
f 835/835 836/836 837/837
f 838/838 835/835 837/837
f 839/839 840/840 802/802
f 801/801 839/839 802/802
f 835/835 838/838 811/811
f 812/812 835/835 811/811
f 813/813 835/835 812/812
f 841/841 835/835 813/813
f 814/814 841/841 813/813
f 818/818 842/842 816/816
f 819/819 843/843 820/820
f 822/822 843/843 819/819
f 823/823 844/844 824/824
f 826/826 844/844 823/823
f 845/845 844/844 826/826
f 846/846 845/845 826/826
f 847/847 845/845 846/846
f 848/848 849/849 831/831
f 833/833 848/848 831/831
f 834/834 848/848 833/833
f 841/841 850/850 836/836
f 835/835 841/841 836/836
f 851/851 850/850 841/841
f 852/852 853/853 854/854
f 855/855 852/852 854/854
f 856/856 857/857 858/858
f 783/783 784/784 782/782
f 688/688 691/691 687/687
f 671/671 674/674 669/669
usemtl mtl_29_1
f 859/859 860/860 861/861
f 862/862 859/859 861/861
f 863/863 859/859 862/862
f 864/864 859/859 863/863
f 865/865 864/864 863/863
f 866/866 865/865 863/863
f 867/867 866/866 863/863
f 868/868 866/866 867/867
f 869/869 866/866 868/868
f 870/870 869/869 868/868
f 871/871 869/869 870/870
f 872/872 871/871 870/870
f 873/873 871/871 872/872
f 865/865 871/871 873/873
f 874/874 865/865 873/873
f 875/875 874/874 873/873
f 876/876 875/875 873/873
f 877/877 875/875 876/876
f 878/878 879/879 880/880
f 881/881 879/879 878/878
f 882/882 881/881 878/878
f 883/883 882/882 878/878
f 884/884 883/883 878/878
f 885/885 883/883 884/884
f 886/886 887/887 888/888
f 889/889 886/886 888/888
f 890/890 886/886 889/889
f 891/891 890/890 889/889
f 892/892 890/890 891/891
f 893/893 890/890 892/892
f 894/894 893/893 892/892
f 895/895 894/894 892/892
f 896/896 894/894 895/895
f 897/897 894/894 896/896
f 898/898 897/897 896/896
f 899/899 897/897 898/898
f 900/900 897/897 899/899
f 901/901 900/900 899/899
f 902/902 901/901 899/899
f 903/903 901/901 902/902
f 904/904 901/901 903/903
f 905/905 904/904 903/903
f 906/906 907/907 908/908
f 909/909 906/906 908/908
f 910/910 906/906 909/909
f 911/911 910/910 909/909
f 912/912 910/910 911/911
f 913/913 912/912 911/911
f 914/914 912/912 913/913
f 915/915 914/914 913/913
f 916/916 917/917 918/918
f 919/919 916/916 918/918
f 920/920 916/916 919/919
f 921/921 920/920 919/919
f 922/922 923/923 924/924
f 925/925 923/923 922/922
f 859/859 864/864 860/860
f 926/926 927/927 928/928
f 929/929 926/926 928/928
f 865/865 874/874 864/864
f 930/930 931/931 932/932
f 933/933 934/934 935/935
f 887/887 933/933 935/935
f 893/893 933/933 887/887
f 886/886 893/893 887/887
f 890/890 893/893 886/886
f 900/900 933/933 893/893
f 894/894 900/900 893/893
f 897/897 900/900 894/894
f 936/936 933/933 900/900
f 937/937 936/936 900/900
f 901/901 937/937 900/900
f 904/904 937/937 901/901
f 906/906 938/938 907/907
f 910/910 938/938 906/906
f 939/939 938/938 910/910
f 912/912 939/939 910/910
f 914/914 939/939 912/912
f 940/940 939/939 914/914
f 916/916 941/941 917/917
f 920/920 941/941 916/916
f 942/942 941/941 920/920
f 927/927 943/943 944/944
f 926/926 943/943 927/927
f 945/945 946/946 947/947
f 948/948 949/949 950/950
f 951/951 948/948 950/950
f 952/952 953/953 931/931
f 930/930 952/952 931/931
f 954/954 955/955 956/956
f 957/957 954/954 956/956
f 958/958 957/957 956/956
f 959/959 958/958 956/956
f 960/960 958/958 959/959
f 936/936 961/961 934/934
f 933/933 936/936 934/934
f 937/937 961/961 936/936
f 962/962 963/963 938/938
f 939/939 962/962 938/938
f 964/964 962/962 939/939
f 940/940 964/964 939/939
f 965/965 966/966 941/941
f 967/967 965/965 941/941
f 942/942 967/967 941/941
f 968/968 969/969 970/970
f 971/971 969/969 968/968
f 972/972 973/973 974/974
f 975/975 972/972 974/974
f 976/976 977/977 948/948
f 951/951 976/976 948/948
f 952/952 978/978 953/953
f 979/979 980/980 955/955
f 981/981 979/979 955/955
f 954/954 981/981 955/955
f 982/982 981/981 954/954
f 983/983 982/982 954/954
f 957/957 983/983 954/954
f 958/958 983/983 957/957
f 984/984 983/983 958/958
f 960/960 984/984 958/958
f 985/985 984/984 960/960
f 962/962 986/986 963/963
f 987/987 988/988 989/989
f 990/990 987/987 989/989
f 991/991 990/990 992/992
f 993/993 991/991 992/992
f 994/994 993/993 992/992
f 995/995 996/996 997/997
f 998/998 995/995 997/997
f 969/969 998/998 997/997
f 971/971 998/998 969/969
f 999/999 1000/1000 1001/1001
f 1002/1002 1003/1003 1004/1004
f 1005/1005 1002/1002 1004/1004
f 1006/1006 1002/1002 1005/1005
f 1007/1007 1002/1002 1006/1006
f 1008/1008 1009/1009 1010/1010
f 975/975 1011/1011 972/972
f 1012/1012 1011/1011 975/975
f 1013/1013 1012/1012 975/975
f 977/977 1014/1014 1015/1015
f 1016/1016 1014/1014 977/977
f 976/976 1016/1016 977/977
f 1017/1017 1016/1016 976/976
f 1018/1018 1019/1019 1020/1020
f 1021/1021 1018/1018 1020/1020
f 1022/1022 1018/1018 1021/1021
f 979/979 1022/1022 980/980
f 1018/1018 1022/1022 979/979
f 981/981 1018/1018 979/979
f 982/982 1018/1018 981/981
f 1023/1023 1018/1018 982/982
f 1024/1024 1023/1023 982/982
f 1025/1025 1024/1024 982/982
f 1026/1026 1025/1025 982/982
f 983/983 1026/1026 982/982
f 1027/1027 1026/1026 983/983
f 1028/1028 1027/1027 983/983
f 984/984 1028/1028 983/983
f 985/985 1028/1028 984/984
f 1029/1029 1027/1027 1028/1028
f 991/991 1030/1030 987/987
f 990/990 991/991 987/987
f 1031/1031 1030/1030 991/991
f 996/996 1032/1032 1033/1033
f 1034/1034 1032/1032 996/996
f 995/995 1034/1034 996/996
f 1035/1035 1030/1030 1031/1031
f 1036/1036 1030/1030 1035/1035
f 1027/1027 1029/1029 1037/1037
f 1038/1038 1027/1027 1037/1037
f 1039/1039 1040/1040 1041/1041
f 1042/1042 1023/1023 1038/1038
f 1043/1043 1044/1044 1014/1014
f 1017/1017 1043/1043 1014/1014
f 1016/1016 1017/1017 1014/1014
f 1023/1023 1042/1042 1019/1019
f 1018/1018 1023/1023 1019/1019
f 1045/1045 1040/1040 1039/1039
f 869/869 871/871 865/865
f 866/866 869/869 865/865
usemtl mtl_33_0
f 1046/1046 1047/1047 1048/1048
f 1049/1049 1047/1047 1046/1046
f 1050/1050 1047/1047 1049/1049
f 1051/1051 1050/1050 1049/1049
f 1052/1052 1053/1053 1054/1054
f 1055/1055 1053/1053 1052/1052
f 1056/1056 1053/1053 1055/1055
f 1050/1050 1057/1057 1047/1047
f 1058/1058 1057/1057 1050/1050
f 1059/1059 1060/1060 1053/1053
f 1056/1056 1059/1059 1053/1053
usemtl mtl_33_1
f 1061/1061 1062/1062 1063/1063
f 1064/1064 1061/1061 1063/1063
f 1065/1065 1061/1061 1064/1064
f 1066/1066 1065/1065 1064/1064
f 1067/1067 1068/1068 1069/1069
f 1070/1070 1068/1068 1067/1067
f 1071/1071 1072/1072 1073/1073
f 1074/1074 1071/1071 1073/1073
f 1075/1075 1074/1074 1073/1073
f 1076/1076 1074/1074 1075/1075
f 1077/1077 1074/1074 1076/1076
f 1074/1074 1078/1078 1071/1071
f 1077/1077 1078/1078 1074/1074
f 1079/1079 1078/1078 1077/1077
f 1080/1080 1081/1081 1082/1082
f 1083/1083 1080/1080 1082/1082
usemtl mtl_34_0
f 1084/1084 1085/1085 1086/1086
f 1087/1087 1084/1084 1086/1086
f 1088/1088 1089/1089 1090/1090
f 1091/1091 1088/1088 1090/1090
f 1092/1092 1088/1088 1091/1091
f 1093/1093 1092/1092 1091/1091
f 1094/1094 1095/1095 1096/1096
f 1097/1097 1094/1094 1096/1096
f 1098/1098 1099/1099 1100/1100
f 1101/1101 1098/1098 1100/1100
f 1102/1102 1098/1098 1101/1101
f 1103/1103 1098/1098 1102/1102
f 1104/1104 1103/1103 1102/1102
f 1105/1105 1104/1104 1102/1102
f 1106/1106 1107/1107 1108/1108
f 1109/1109 1106/1106 1108/1108
f 1110/1110 1106/1106 1109/1109
f 1111/1111 1110/1110 1109/1109
f 1112/1112 1113/1113 1114/1114
f 1115/1115 1112/1112 1114/1114
f 1116/1116 1112/1112 1115/1115
f 1117/1117 1116/1116 1115/1115
f 1118/1118 1116/1116 1117/1117
f 1119/1119 1118/1118 1117/1117
f 1120/1120 1118/1118 1119/1119
f 1121/1121 1120/1120 1119/1119
f 1122/1122 1120/1120 1121/1121
f 1123/1123 1122/1122 1121/1121
f 1124/1124 1125/1125 1126/1126
f 1127/1127 1124/1124 1126/1126
f 1128/1128 1124/1124 1127/1127
f 1129/1129 1128/1128 1127/1127
f 1130/1130 1128/1128 1129/1129
f 1131/1131 1130/1130 1129/1129
f 1132/1132 1133/1133 1134/1134
f 1135/1135 1132/1132 1134/1134
f 1136/1136 1137/1137 1138/1138
f 1139/1139 1136/1136 1138/1138
f 1140/1140 1136/1136 1139/1139
f 1141/1141 1140/1140 1139/1139
f 1142/1142 1140/1140 1141/1141
f 1143/1143 1142/1142 1141/1141
f 1144/1144 1142/1142 1143/1143
f 1145/1145 1144/1144 1143/1143
f 1146/1146 1144/1144 1145/1145
f 1147/1147 1144/1144 1146/1146
f 1148/1148 1147/1147 1146/1146
f 1149/1149 1148/1148 1146/1146
f 1150/1150 1148/1148 1149/1149
f 1151/1151 1148/1148 1150/1150
f 1152/1152 1148/1148 1151/1151
f 1153/1153 1152/1152 1151/1151
f 1154/1154 1153/1153 1151/1151
f 1155/1155 1152/1152 1153/1153
f 1156/1156 1157/1157 1158/1158
f 1159/1159 1160/1160 1161/1161
f 1088/1088 1159/1159 1161/1161
f 1089/1089 1088/1088 1161/1161
f 1085/1085 1084/1084 1162/1162
f 1092/1092 1159/1159 1088/1088
f 1163/1163 1164/1164 1095/1095
f 1094/1094 1163/1163 1095/1095
f 1103/1103 1165/1165 1099/1099
f 1098/1098 1103/1103 1099/1099
f 1166/1166 1165/1165 1103/1103
f 1167/1167 1166/1166 1103/1103
f 1106/1106 1168/1168 1107/1107
f 1169/1169 1168/1168 1106/1106
f 1110/1110 1169/1169 1106/1106
f 1170/1170 1169/1169 1110/1110
f 1112/1112 1171/1171 1113/1113
f 1172/1172 1171/1171 1112/1112
f 1116/1116 1172/1172 1112/1112
f 1118/1118 1172/1172 1116/1116
f 1173/1173 1172/1172 1118/1118
f 1120/1120 1173/1173 1118/1118
f 1122/1122 1173/1173 1120/1120
f 1174/1174 1173/1173 1175/1175
f 1176/1176 1177/1177 1178/1178
f 1125/1125 1179/1179 1180/1180
f 1124/1124 1179/1179 1125/1125
f 1181/1181 1179/1179 1124/1124
f 1128/1128 1181/1181 1124/1124
f 1130/1130 1181/1181 1128/1128
f 1182/1182 1183/1183 1184/1184
f 1132/1132 1182/1182 1184/1184
f 1133/1133 1132/1132 1184/1184
f 1185/1185 1186/1186 1137/1137
f 1136/1136 1185/1185 1137/1137
f 1147/1147 1185/1185 1136/1136
f 1140/1140 1147/1147 1136/1136
f 1142/1142 1147/1147 1140/1140
f 1144/1144 1147/1147 1142/1142
f 1187/1187 1185/1185 1147/1147
f 1152/1152 1187/1187 1147/1147
f 1148/1148 1152/1152 1147/1147
f 1185/1185 1187/1187 1152/1152
f 1188/1188 1185/1185 1152/1152
f 1155/1155 1188/1188 1152/1152
f 1189/1189 1188/1188 1155/1155
f 1190/1190 1189/1189 1155/1155
f 1191/1191 1192/1192 1193/1193
f 1194/1194 1192/1192 1191/1191
f 1195/1195 1196/1196 1197/1197
f 1198/1198 1195/1195 1197/1197
f 1199/1199 1195/1195 1198/1198
f 1200/1200 1201/1201 1202/1202
f 1203/1203 1200/1200 1202/1202
f 1204/1204 1205/1205 1206/1206
f 1207/1207 1208/1208 1209/1209
f 1210/1210 1207/1207 1209/1209
f 1170/1170 1211/1211 1169/1169
f 1212/1212 1213/1213 1171/1171
f 1214/1214 1212/1212 1171/1171
f 1172/1172 1214/1214 1171/1171
f 1173/1173 1214/1214 1172/1172
f 1174/1174 1214/1214 1173/1173
f 1215/1215 1214/1214 1174/1174
f 1216/1216 1215/1215 1174/1174
f 1176/1176 1217/1217 1177/1177
f 1218/1218 1217/1217 1176/1176
f 1219/1219 1220/1220 1221/1221
f 1222/1222 1223/1223 1224/1224
f 1225/1225 1226/1226 1227/1227
f 1228/1228 1225/1225 1227/1227
f 1229/1229 1228/1228 1227/1227
f 1230/1230 1231/1231 1232/1232
f 1233/1233 1234/1234 1235/1235
f 1236/1236 1233/1233 1235/1235
f 1237/1237 1238/1238 1239/1239
f 1240/1240 1237/1237 1239/1239
f 1241/1241 1240/1240 1239/1239
f 1242/1242 1241/1241 1239/1239
f 1185/1185 1241/1241 1242/1242
f 1186/1186 1185/1185 1242/1242
f 1183/1183 1182/1182 1243/1243
f 1188/1188 1241/1241 1185/1185
f 1244/1244 1241/1241 1188/1188
f 1237/1237 1244/1244 1188/1188
f 1189/1189 1237/1237 1188/1188
f 1245/1245 1237/1237 1189/1189
f 1246/1246 1245/1245 1189/1189
f 1190/1190 1246/1246 1189/1189
f 1247/1247 1248/1248 1249/1249
f 1250/1250 1251/1251 1252/1252
f 1253/1253 1251/1251 1250/1250
f 1254/1254 1253/1253 1250/1250
f 1255/1255 1256/1256 1257/1257
f 1258/1258 1256/1256 1255/1255
f 1259/1259 1258/1258 1255/1255
f 1260/1260 1259/1259 1255/1255
f 1205/1205 1261/1261 1262/1262
f 1204/1204 1261/1261 1205/1205
f 1263/1263 1264/1264 1265/1265
f 1266/1266 1263/1263 1265/1265
f 1267/1267 1263/1263 1266/1266
f 1212/1212 1268/1268 1269/1269
f 1213/1213 1212/1212 1269/1269
f 1270/1270 1268/1268 1212/1212
f 1214/1214 1270/1270 1212/1212
f 1215/1215 1270/1270 1214/1214
f 1271/1271 1270/1270 1215/1215
f 1216/1216 1271/1271 1215/1215
f 1222/1222 1272/1272 1217/1217
f 1218/1218 1222/1222 1217/1217
f 1223/1223 1222/1222 1218/1218
f 1273/1273 1274/1274 1226/1226
f 1275/1275 1273/1273 1226/1226
f 1225/1225 1275/1275 1226/1226
f 1276/1276 1275/1275 1225/1225
f 1228/1228 1276/1276 1225/1225
f 1277/1277 1276/1276 1228/1228
f 1278/1278 1279/1279 1280/1280
f 1281/1281 1278/1278 1280/1280
f 1282/1282 1278/1278 1281/1281
f 1283/1283 1282/1282 1281/1281
f 1237/1237 1245/1245 1238/1238
f 1284/1284 1282/1282 1283/1283
f 1285/1285 1286/1286 1287/1287
f 1288/1288 1289/1289 1290/1290
f 1291/1291 1288/1288 1290/1290
f 1292/1292 1293/1293 1294/1294
f 1295/1295 1293/1293 1292/1292
f 1296/1296 1297/1297 1298/1298
f 1299/1299 1296/1296 1298/1298
f 1300/1300 1296/1296 1299/1299
f 1301/1301 1302/1302 1248/1248
f 1247/1247 1301/1301 1248/1248
f 1303/1303 1304/1304 1305/1305
f 1306/1306 1303/1303 1305/1305
f 1307/1307 1306/1306 1305/1305
f 1308/1308 1309/1309 1310/1310
f 1311/1311 1309/1309 1308/1308
f 1312/1312 1311/1311 1308/1308
f 1313/1313 1311/1311 1312/1312
f 1314/1314 1315/1315 1316/1316
f 1317/1317 1315/1315 1314/1314
f 1318/1318 1317/1317 1314/1314
f 1319/1319 1318/1318 1314/1314
f 1320/1320 1319/1319 1314/1314
f 1321/1321 1319/1319 1320/1320
f 1273/1273 1322/1322 1274/1274
f 1275/1275 1322/1322 1273/1273
f 1323/1323 1322/1322 1275/1275
f 1324/1324 1323/1323 1275/1275
f 1276/1276 1324/1324 1275/1275
f 1325/1325 1324/1324 1276/1276
f 1326/1326 1327/1327 1328/1328
f 1279/1279 1326/1326 1328/1328
f 1278/1278 1326/1326 1279/1279
f 1329/1329 1326/1326 1278/1278
f 1282/1282 1329/1329 1278/1278
f 1284/1284 1329/1329 1282/1282
f 1330/1330 1329/1329 1284/1284
f 1331/1331 1330/1330 1284/1284
f 1332/1332 1333/1333 1334/1334
f 1335/1335 1333/1333 1332/1332
f 1286/1286 1336/1336 1337/1337
f 1285/1285 1336/1336 1286/1286
f 1338/1338 1336/1336 1285/1285
f 1339/1339 1340/1340 1341/1341
f 1342/1342 1343/1343 1344/1344
f 1345/1345 1346/1346 1289/1289
f 1347/1347 1345/1345 1289/1289
f 1288/1288 1347/1347 1289/1289
f 1348/1348 1349/1349 1350/1350
f 1351/1351 1352/1352 1353/1353
f 1354/1354 1351/1351 1353/1353
f 1355/1355 1351/1351 1354/1354
f 1296/1296 1356/1356 1297/1297
f 1357/1357 1356/1356 1296/1296
f 1358/1358 1357/1357 1296/1296
f 1359/1359 1358/1358 1296/1296
f 1300/1300 1359/1359 1296/1296
f 1360/1360 1359/1359 1300/1300
f 1361/1361 1362/1362 1363/1363
f 1364/1364 1361/1361 1363/1363
f 1301/1301 1365/1365 1302/1302
f 1366/1366 1367/1367 1304/1304
f 1303/1303 1366/1366 1304/1304
f 1311/1311 1368/1368 1309/1309
f 1369/1369 1368/1368 1311/1311
f 1370/1370 1369/1369 1311/1311
f 1371/1371 1370/1370 1311/1311
f 1313/1313 1371/1371 1311/1311
f 1372/1372 1370/1370 1371/1371
f 1373/1373 1374/1374 1375/1375
f 1376/1376 1373/1373 1375/1375
f 1377/1377 1376/1376 1375/1375
f 1318/1318 1378/1378 1317/1317
f 1319/1319 1378/1378 1318/1318
f 1379/1379 1378/1378 1319/1319
f 1380/1380 1379/1379 1319/1319
f 1321/1321 1380/1380 1319/1319
f 1323/1323 1381/1381 1322/1322
f 1324/1324 1381/1381 1323/1323
f 1382/1382 1381/1381 1324/1324
f 1325/1325 1382/1382 1324/1324
f 1383/1383 1382/1382 1325/1325
f 1384/1384 1385/1385 1327/1327
f 1326/1326 1384/1384 1327/1327
f 1329/1329 1384/1384 1326/1326
f 1330/1330 1384/1384 1329/1329
f 1386/1386 1384/1384 1330/1330
f 1340/1340 1339/1339 1387/1387
f 1388/1388 1389/1389 1390/1390
f 1391/1391 1388/1388 1390/1390
f 1392/1392 1393/1393 1346/1346
f 1345/1345 1392/1392 1346/1346
f 1394/1394 1395/1395 1396/1396
f 1397/1397 1395/1395 1394/1394
f 1398/1398 1399/1399 1393/1393
f 1392/1392 1398/1398 1393/1393
f 1400/1400 1401/1401 1402/1402
f 1403/1403 1388/1388 1391/1391
f 1404/1404 1405/1405 1406/1406
f 1407/1407 1408/1408 1409/1409
f 1410/1410 1407/1407 1409/1409
f 1411/1411 1412/1412 1413/1413
f 1414/1414 1411/1411 1413/1413
f 1415/1415 1403/1403 1352/1352
f 1416/1416 1415/1415 1352/1352
f 1351/1351 1416/1416 1352/1352
f 1417/1417 1418/1418 1419/1419
f 1420/1420 1417/1417 1419/1419
f 1359/1359 1421/1421 1358/1358
f 1376/1376 1422/1422 1373/1373
f 1377/1377 1422/1422 1376/1376
f 1423/1423 1424/1424 1379/1379
f 1380/1380 1423/1423 1379/1379
f 1425/1425 1426/1426 1427/1427
f 1428/1428 1425/1425 1427/1427
f 1429/1429 1428/1428 1427/1427
f 1430/1430 1429/1429 1427/1427
f 1431/1431 1432/1432 1433/1433
f 1434/1434 1435/1435 1436/1436
f 1437/1437 1434/1434 1436/1436
f 1438/1438 1437/1437 1436/1436
f 1439/1439 1438/1438 1436/1436
f 1440/1440 1438/1438 1439/1439
f 1434/1434 1441/1441 1435/1435
f 1385/1385 1384/1384 1386/1386
f 1442/1442 1443/1443 1444/1444
f 1445/1445 1446/1446 1447/1447
f 1448/1448 1445/1445 1447/1447
f 1366/1366 1449/1449 1367/1367
f 1442/1442 1450/1450 1443/1443
f 1451/1451 1450/1450 1442/1442
f 1445/1445 1452/1452 1446/1446
f 1453/1453 1244/1244 1237/1237
f 1240/1240 1453/1453 1237/1237
f 1241/1241 1453/1453 1240/1240
f 1244/1244 1453/1453 1241/1241
f 1454/1454 1455/1455 1456/1456
usemtl mtl_34_1
f 1457/1457 1458/1458 1459/1459
f 1460/1460 1458/1458 1457/1457
f 1461/1461 1460/1460 1457/1457
f 1462/1462 1461/1461 1457/1457
f 1463/1463 1462/1462 1457/1457
f 1464/1464 1462/1462 1463/1463
f 1465/1465 1466/1466 1467/1467
f 1468/1468 1465/1465 1467/1467
f 1469/1469 1465/1465 1468/1468
f 1470/1470 1469/1469 1468/1468
f 1471/1471 1469/1469 1470/1470
f 1472/1472 1471/1471 1470/1470
f 1473/1473 1471/1471 1472/1472
f 1474/1474 1473/1473 1472/1472
f 1475/1475 1473/1473 1474/1474
f 1476/1476 1473/1473 1475/1475
f 1477/1477 1476/1476 1475/1475
f 1478/1478 1477/1477 1475/1475
f 1479/1479 1477/1477 1478/1478
f 1480/1480 1481/1481 1482/1482
f 1483/1483 1480/1480 1482/1482
f 1484/1484 1480/1480 1483/1483
f 1485/1485 1484/1484 1483/1483
f 1486/1486 1487/1487 1488/1488
f 1489/1489 1486/1486 1488/1488
f 1490/1490 1486/1486 1489/1489
f 1491/1491 1490/1490 1489/1489
f 1492/1492 1493/1493 1494/1494
f 1495/1495 1493/1493 1492/1492
f 1496/1496 1495/1495 1492/1492
f 1497/1497 1496/1496 1492/1492
f 1498/1498 1497/1497 1492/1492
f 1499/1499 1497/1497 1498/1498
f 1500/1500 1501/1501 1502/1502
f 1503/1503 1501/1501 1500/1500
f 1504/1504 1503/1503 1500/1500
f 1505/1505 1504/1504 1500/1500
f 1506/1506 1504/1504 1505/1505
f 1507/1507 1504/1504 1506/1506
f 1503/1503 1504/1504 1507/1507
f 1508/1508 1503/1503 1507/1507
f 1509/1509 1508/1508 1507/1507
f 1510/1510 1509/1509 1507/1507
f 1511/1511 1508/1508 1509/1509
f 1512/1512 1511/1511 1509/1509
f 1513/1513 1511/1511 1512/1512
f 1514/1514 1515/1515 1516/1516
f 1517/1517 1514/1514 1516/1516
f 1518/1518 1519/1519 1520/1520
f 1521/1521 1518/1518 1520/1520
f 1522/1522 1521/1521 1520/1520
f 1523/1523 1524/1524 1525/1525
f 1526/1526 1523/1523 1525/1525
f 1527/1527 1526/1526 1525/1525
f 1528/1528 1526/1526 1527/1527
f 1529/1529 1526/1526 1528/1528
f 1530/1530 1529/1529 1528/1528
f 1531/1531 1529/1529 1530/1530
f 1532/1532 1531/1531 1530/1530
f 1533/1533 1531/1531 1532/1532
f 1534/1534 1531/1531 1533/1533
f 1535/1535 1534/1534 1533/1533
f 1536/1536 1535/1535 1533/1533
f 1537/1537 1535/1535 1536/1536
f 1538/1538 1535/1535 1537/1537
f 1539/1539 1538/1538 1537/1537
f 1540/1540 1538/1538 1539/1539
f 1541/1541 1540/1540 1539/1539
f 1542/1542 1540/1540 1541/1541
f 1543/1543 1540/1540 1542/1542
f 1544/1544 1543/1543 1542/1542
f 1545/1545 1544/1544 1542/1542
f 1546/1546 1544/1544 1545/1545
f 1543/1543 1544/1544 1546/1546
f 1547/1547 1540/1540 1543/1543
f 1548/1548 1547/1547 1543/1543
f 1549/1549 1547/1547 1548/1548
f 1550/1550 1551/1551 1552/1552
f 1553/1553 1550/1550 1552/1552
f 1554/1554 1550/1550 1553/1553
f 1555/1555 1554/1554 1553/1553
f 1556/1556 1554/1554 1555/1555
f 1557/1557 1556/1556 1555/1555
f 1558/1558 1559/1559 1560/1560
f 1561/1561 1559/1559 1558/1558
f 1562/1562 1561/1561 1558/1558
f 1563/1563 1562/1562 1558/1558
f 1564/1564 1561/1561 1562/1562
f 1565/1565 1564/1564 1562/1562
f 1566/1566 1564/1564 1565/1565
f 1567/1567 1568/1568 1569/1569
f 1570/1570 1567/1567 1569/1569
f 1571/1571 1567/1567 1570/1570
f 1572/1572 1571/1571 1570/1570
f 1573/1573 1574/1574 1575/1575
f 1576/1576 1574/1574 1573/1573
f 1577/1577 1576/1576 1573/1573
f 1578/1578 1577/1577 1573/1573
f 1579/1579 1577/1577 1578/1578
f 1580/1580 1577/1577 1579/1579
f 1576/1576 1577/1577 1580/1580
f 1581/1581 1576/1576 1580/1580
f 1582/1582 1581/1581 1580/1580
f 1583/1583 1582/1582 1580/1580
f 1584/1584 1582/1582 1583/1583
f 1585/1585 1582/1582 1584/1584
f 1586/1586 1585/1585 1584/1584
f 1587/1587 1588/1588 1589/1589
f 1590/1590 1588/1588 1587/1587
f 1591/1591 1590/1590 1587/1587
f 1592/1592 1593/1593 1594/1594
f 1595/1595 1592/1592 1594/1594
f 1596/1596 1592/1592 1595/1595
f 1597/1597 1592/1592 1596/1596
f 1593/1593 1592/1592 1597/1597
f 1598/1598 1593/1593 1597/1597
f 1599/1599 1598/1598 1597/1597
f 1600/1600 1599/1599 1597/1597
f 1601/1601 1599/1599 1600/1600
f 1602/1602 1599/1599 1601/1601
f 1603/1603 1602/1602 1601/1601
f 1604/1604 1602/1602 1603/1603
f 1605/1605 1604/1604 1603/1603
f 1606/1606 1604/1604 1605/1605
f 1607/1607 1604/1604 1606/1606
f 1608/1608 1607/1607 1606/1606
f 1609/1609 1608/1608 1606/1606
f 1610/1610 1609/1609 1606/1606
f 1611/1611 1609/1609 1610/1610
f 1612/1612 1609/1609 1611/1611
f 1608/1608 1609/1609 1612/1612
f 1613/1613 1608/1608 1612/1612
f 1614/1614 1615/1615 1616/1616
f 1617/1617 1614/1614 1616/1616
f 1618/1618 1614/1614 1617/1617
f 1619/1619 1620/1620 1621/1621
f 1622/1622 1619/1619 1621/1621
f 1623/1623 1620/1620 1619/1619
f 1624/1624 1623/1623 1619/1619
f 1625/1625 1624/1624 1619/1619
f 1626/1626 1624/1624 1625/1625
f 1627/1627 1624/1624 1626/1626
f 1628/1628 1627/1627 1626/1626
f 1629/1629 1627/1627 1628/1628
f 1630/1630 1629/1629 1628/1628
f 1631/1631 1629/1629 1630/1630
f 1632/1632 1631/1631 1630/1630
f 1633/1633 1631/1631 1632/1632
f 1634/1634 1633/1633 1632/1632
f 1635/1635 1636/1636 1637/1637
f 1638/1638 1635/1635 1637/1637
f 1639/1639 1635/1635 1638/1638
f 1640/1640 1639/1639 1638/1638
f 1641/1641 1639/1639 1640/1640
f 1642/1642 1641/1641 1640/1640
f 1643/1643 1644/1644 1645/1645
f 1646/1646 1643/1643 1645/1645
f 1647/1647 1643/1643 1646/1646
f 1648/1648 1647/1647 1646/1646
f 1649/1649 1650/1650 1651/1651
f 1652/1652 1649/1649 1651/1651
f 1653/1653 1649/1649 1652/1652
f 1654/1654 1653/1653 1652/1652
f 1655/1655 1653/1653 1654/1654
f 1656/1656 1653/1653 1655/1655
f 1657/1657 1656/1656 1655/1655
f 1658/1658 1657/1657 1655/1655
f 1659/1659 1658/1658 1655/1655
f 1660/1660 1658/1658 1659/1659
f 1661/1661 1658/1658 1660/1660
f 1662/1662 1661/1661 1660/1660
f 1663/1663 1661/1661 1662/1662
f 1664/1664 1663/1663 1662/1662
f 1665/1665 1663/1663 1664/1664
f 1666/1666 1665/1665 1664/1664
f 1667/1667 1665/1665 1666/1666
f 1668/1668 1667/1667 1666/1666
f 1669/1669 1667/1667 1668/1668
f 1670/1670 1669/1669 1668/1668
f 1671/1671 1672/1672 1673/1673
f 1674/1674 1671/1671 1673/1673
f 1675/1675 1671/1671 1674/1674
f 1676/1676 1675/1675 1674/1674
f 1677/1677 1675/1675 1676/1676
f 1678/1678 1677/1677 1676/1676
f 1476/1476 1679/1679 1680/1680
f 1465/1465 1476/1476 1680/1680
f 1466/1466 1465/1465 1680/1680
f 1469/1469 1476/1476 1465/1465
f 1471/1471 1476/1476 1469/1469
f 1473/1473 1476/1476 1471/1471
f 1681/1681 1679/1679 1476/1476
f 1682/1682 1681/1681 1476/1476
f 1477/1477 1682/1682 1476/1476
f 1480/1480 1683/1683 1481/1481
f 1684/1684 1683/1683 1480/1480
f 1484/1484 1684/1684 1480/1480
f 1486/1486 1685/1685 1487/1487
f 1686/1686 1685/1685 1486/1486
f 1490/1490 1686/1686 1486/1486
f 1687/1687 1685/1685 1686/1686
f 1688/1688 1687/1687 1686/1686
f 1689/1689 1690/1690 1495/1495
f 1496/1496 1689/1689 1495/1495
f 1508/1508 1691/1691 1503/1503
f 1692/1692 1691/1691 1508/1508
f 1693/1693 1692/1692 1508/1508
f 1511/1511 1693/1693 1508/1508
f 1518/1518 1694/1694 1519/1519
f 1695/1695 1694/1694 1518/1518
f 1523/1523 1696/1696 1524/1524
f 1534/1534 1696/1696 1523/1523
f 1531/1531 1534/1534 1523/1523
f 1529/1529 1531/1531 1523/1523
f 1526/1526 1529/1529 1523/1523
f 1697/1697 1696/1696 1534/1534
f 1698/1698 1697/1697 1534/1534
f 1535/1535 1698/1698 1534/1534
f 1538/1538 1698/1698 1535/1535
f 1547/1547 1698/1698 1538/1538
f 1540/1540 1547/1547 1538/1538
f 1550/1550 1699/1699 1551/1551
f 1554/1554 1699/1699 1550/1550
f 1556/1556 1699/1699 1554/1554
f 1700/1700 1699/1699 1556/1556
f 1561/1561 1701/1701 1559/1559
f 1567/1567 1702/1702 1568/1568
f 1571/1571 1702/1702 1567/1567
f 1703/1703 1702/1702 1571/1571
f 1576/1576 1704/1704 1574/1574
f 1705/1705 1704/1704 1576/1576
f 1706/1706 1705/1705 1576/1576
f 1581/1581 1706/1706 1576/1576
f 1707/1707 1708/1708 1590/1590
f 1591/1591 1707/1707 1590/1590
f 1598/1598 1709/1709 1593/1593
f 1710/1710 1709/1709 1598/1598
f 1602/1602 1710/1710 1598/1598
f 1599/1599 1602/1602 1598/1598
f 1607/1607 1710/1710 1602/1602
f 1604/1604 1607/1607 1602/1602
f 1711/1711 1712/1712 1713/1713
f 1714/1714 1711/1711 1713/1713
f 1715/1715 1714/1714 1713/1713
f 1608/1608 1716/1716 1607/1607
f 1613/1613 1716/1716 1608/1608
f 1717/1717 1718/1718 1620/1620
f 1719/1719 1717/1717 1620/1620
f 1623/1623 1719/1719 1620/1620
f 1720/1720 1719/1719 1623/1623
f 1721/1721 1720/1720 1623/1623
f 1629/1629 1721/1721 1623/1623
f 1627/1627 1629/1629 1623/1623
f 1624/1624 1627/1627 1623/1623
f 1631/1631 1721/1721 1629/1629
f 1633/1633 1721/1721 1631/1631
f 1722/1722 1721/1721 1633/1633
f 1723/1723 1724/1724 1636/1636
f 1635/1635 1723/1723 1636/1636
f 1639/1639 1723/1723 1635/1635
f 1641/1641 1723/1723 1639/1639
f 1725/1725 1723/1723 1641/1641
f 1643/1643 1726/1726 1644/1644
f 1727/1727 1726/1726 1643/1643
f 1647/1647 1727/1727 1643/1643
f 1649/1649 1728/1728 1650/1650
f 1656/1656 1728/1728 1649/1649
f 1653/1653 1656/1656 1649/1649
f 1729/1729 1728/1728 1656/1656
f 1657/1657 1729/1729 1656/1656
f 1730/1730 1729/1729 1657/1657
f 1665/1665 1730/1730 1657/1657
f 1663/1663 1665/1665 1657/1657
f 1661/1661 1663/1663 1657/1657
f 1658/1658 1661/1661 1657/1657
f 1667/1667 1730/1730 1665/1665
f 1669/1669 1730/1730 1667/1667
f 1671/1671 1731/1731 1672/1672
f 1675/1675 1731/1731 1671/1671
f 1732/1732 1731/1731 1675/1675
f 1677/1677 1732/1732 1675/1675
f 1681/1681 1733/1733 1679/1679
f 1734/1734 1733/1733 1681/1681
f 1735/1735 1734/1734 1681/1681
f 1736/1736 1737/1737 1738/1738
f 1683/1683 1739/1739 1740/1740
f 1741/1741 1739/1739 1683/1683
f 1684/1684 1741/1741 1683/1683
f 1742/1742 1743/1743 1685/1685
f 1687/1687 1742/1742 1685/1685
f 1744/1744 1745/1745 1746/1746
f 1690/1690 1744/1744 1746/1746
f 1689/1689 1744/1744 1690/1690
f 1747/1747 1748/1748 1692/1692
f 1693/1693 1747/1747 1692/1692
f 1749/1749 1750/1750 1694/1694
f 1695/1695 1749/1749 1694/1694
f 1751/1751 1749/1749 1695/1695
f 1752/1752 1753/1753 1754/1754
f 1755/1755 1752/1752 1754/1754
f 1756/1756 1752/1752 1755/1755
f 1757/1757 1756/1756 1755/1755
f 1758/1758 1757/1757 1755/1755
f 1759/1759 1757/1757 1758/1758
f 1760/1760 1757/1757 1759/1759
f 1702/1702 1703/1703 1761/1761
f 1762/1762 1763/1763 1704/1704
f 1705/1705 1762/1762 1704/1704
f 1706/1706 1764/1764 1705/1705
f 1765/1765 1766/1766 1767/1767
f 1710/1710 1765/1765 1767/1767
f 1709/1709 1710/1710 1767/1767
f 1768/1768 1765/1765 1710/1710
f 1769/1769 1768/1768 1710/1710
f 1770/1770 1771/1771 1772/1772
f 1773/1773 1774/1774 1718/1718
f 1717/1717 1773/1773 1718/1718
f 1775/1775 1773/1773 1717/1717
f 1776/1776 1775/1775 1717/1717
f 1720/1720 1776/1776 1717/1717
f 1719/1719 1720/1720 1717/1717
f 1777/1777 1776/1776 1720/1720
f 1778/1778 1777/1777 1720/1720
f 1721/1721 1778/1778 1720/1720
f 1722/1722 1778/1778 1721/1721
f 1723/1723 1779/1779 1724/1724
f 1780/1780 1779/1779 1723/1723
f 1725/1725 1780/1780 1723/1723
f 1781/1781 1780/1780 1725/1725
f 1727/1727 1782/1782 1726/1726
f 1783/1783 1782/1782 1727/1727
f 1729/1729 1784/1784 1728/1728
f 1785/1785 1784/1784 1729/1729
f 1730/1730 1785/1785 1729/1729
f 1786/1786 1787/1787 1731/1731
f 1732/1732 1786/1786 1731/1731
f 1788/1788 1787/1787 1786/1786
f 1789/1789 1790/1790 1791/1791
f 1792/1792 1790/1790 1789/1789
f 1793/1793 1794/1794 1734/1734
f 1735/1735 1793/1793 1734/1734
f 1795/1795 1796/1796 1797/1797
f 1798/1798 1795/1795 1797/1797
f 1799/1799 1800/1800 1801/1801
f 1802/1802 1800/1800 1799/1799
f 1741/1741 1803/1803 1739/1739
f 1804/1804 1805/1805 1806/1806
f 1807/1807 1804/1804 1806/1806
f 1808/1808 1804/1804 1807/1807
f 1744/1744 1809/1809 1745/1745
f 1749/1749 1810/1810 1750/1750
f 1751/1751 1810/1810 1749/1749
f 1811/1811 1812/1812 1813/1813
f 1814/1814 1811/1811 1813/1813
f 1815/1815 1812/1812 1811/1811
f 1765/1765 1816/1816 1766/1766
f 1768/1768 1816/1816 1765/1765
f 1769/1769 1816/1816 1768/1768
f 1817/1817 1818/1818 1819/1819
f 1820/1820 1817/1817 1819/1819
f 1771/1771 1820/1820 1819/1819
f 1770/1770 1820/1820 1771/1771
f 1821/1821 1820/1820 1770/1770
f 1822/1822 1823/1823 1824/1824
f 1773/1773 1775/1775 1774/1774
f 1825/1825 1826/1826 1827/1827
f 1828/1828 1825/1825 1827/1827
f 1829/1829 1828/1828 1827/1827
f 1777/1777 1830/1830 1776/1776
f 1831/1831 1832/1832 1833/1833
f 1834/1834 1831/1831 1833/1833
f 1779/1779 1834/1834 1833/1833
f 1780/1780 1834/1834 1779/1779
f 1835/1835 1834/1834 1780/1780
f 1781/1781 1835/1835 1780/1780
f 1783/1783 1836/1836 1782/1782
f 1837/1837 1836/1836 1783/1783
f 1785/1785 1838/1838 1784/1784
f 1839/1839 1840/1840 1787/1787
f 1788/1788 1839/1839 1787/1787
f 1841/1841 1839/1839 1788/1788
f 1842/1842 1843/1843 1844/1844
f 1845/1845 1842/1842 1844/1844
f 1846/1846 1847/1847 1790/1790
f 1848/1848 1846/1846 1790/1790
f 1849/1849 1848/1848 1790/1790
f 1850/1850 1849/1849 1790/1790
f 1792/1792 1850/1850 1790/1790
f 1851/1851 1852/1852 1853/1853
f 1854/1854 1855/1855 1856/1856
f 1857/1857 1854/1854 1856/1856
f 1858/1858 1854/1854 1857/1857
f 1859/1859 1858/1858 1857/1857
f 1804/1804 1860/1860 1805/1805
f 1861/1861 1860/1860 1804/1804
f 1862/1862 1861/1861 1804/1804
f 1808/1808 1862/1862 1804/1804
f 1863/1863 1864/1864 1865/1865
f 1866/1866 1863/1863 1865/1865
f 1812/1812 1815/1815 1867/1867
f 1868/1868 1869/1869 1818/1818
f 1870/1870 1868/1868 1818/1818
f 1817/1817 1870/1870 1818/1818
f 1820/1820 1870/1870 1817/1817
f 1871/1871 1870/1870 1820/1820
f 1821/1821 1871/1871 1820/1820
f 1872/1872 1873/1873 1874/1874
f 1875/1875 1876/1876 1831/1831
f 1877/1877 1875/1875 1831/1831
f 1834/1834 1877/1877 1831/1831
f 1835/1835 1877/1877 1834/1834
f 1837/1837 1878/1878 1836/1836
f 1839/1839 1879/1879 1840/1840
f 1880/1880 1879/1879 1839/1839
f 1841/1841 1880/1880 1839/1839
f 1881/1881 1882/1882 1847/1847
f 1846/1846 1881/1881 1847/1847
f 1883/1883 1884/1884 1885/1885
f 1886/1886 1883/1883 1885/1885
f 1848/1848 1887/1887 1846/1846
f 1888/1888 1889/1889 1890/1890
f 1891/1891 1888/1888 1890/1890
f 1892/1892 1893/1893 1894/1894
f 1895/1895 1892/1892 1894/1894
f 1852/1852 1896/1896 1897/1897
f 1898/1898 1896/1896 1852/1852
f 1899/1899 1898/1898 1852/1852
f 1851/1851 1899/1899 1852/1852
f 1900/1900 1899/1899 1851/1851
f 1901/1901 1899/1899 1900/1900
f 1902/1902 1903/1903 1904/1904
f 1905/1905 1906/1906 1855/1855
f 1854/1854 1905/1905 1855/1855
f 1907/1907 1905/1905 1854/1854
f 1858/1858 1907/1907 1854/1854
f 1861/1861 1908/1908 1860/1860
f 1909/1909 1910/1910 1911/1911
f 1912/1912 1909/1909 1911/1911
f 1863/1863 1913/1913 1864/1864
f 1914/1914 1913/1913 1863/1863
f 1915/1915 1914/1914 1863/1863
f 1916/1916 1917/1917 1918/1918
f 1919/1919 1916/1916 1918/1918
f 1920/1920 1919/1919 1918/1918
f 1921/1921 1920/1920 1918/1918
f 1922/1922 1921/1921 1918/1918
f 1923/1923 1924/1924 1925/1925
f 1926/1926 1924/1924 1923/1923
f 1927/1927 1924/1924 1926/1926
f 1928/1928 1927/1927 1926/1926
f 1929/1929 1928/1928 1926/1926
f 1930/1930 1927/1927 1928/1928
f 1931/1931 1930/1930 1928/1928
f 1932/1932 1930/1930 1931/1931
f 1933/1933 1930/1930 1932/1932
f 1934/1934 1933/1933 1932/1932
f 1935/1935 1936/1936 1937/1937
f 1938/1938 1939/1939 1940/1940
f 1941/1941 1942/1942 1943/1943
f 1938/1938 1944/1944 1939/1939
f 1945/1945 1946/1946 1947/1947
f 1948/1948 1949/1949 1950/1950
f 1951/1951 1952/1952 1953/1953
f 1954/1954 1951/1951 1953/1953
f 1955/1955 1956/1956 1957/1957
f 1958/1958 1955/1955 1957/1957
f 1949/1949 1948/1948 1959/1959
f 1960/1960 1961/1961 1962/1962
f 1963/1963 1960/1960 1962/1962
f 1964/1964 1965/1965 1966/1966
f 1967/1967 1965/1965 1964/1964
f 1968/1968 1967/1967 1964/1964
f 1969/1969 1967/1967 1968/1968
f 1970/1970 1969/1969 1968/1968
f 1896/1896 1971/1971 1972/1972
f 1898/1898 1971/1971 1896/1896
f 1973/1973 1971/1971 1898/1898
f 1899/1899 1973/1973 1898/1898
f 1974/1974 1973/1973 1899/1899
f 1901/1901 1974/1974 1899/1899
f 1975/1975 1976/1976 1977/1977
f 1978/1978 1979/1979 1980/1980
f 1981/1981 1978/1978 1980/1980
f 1982/1982 1978/1978 1981/1981
f 1983/1983 1978/1978 1982/1982
f 1984/1984 1983/1983 1982/1982
f 1985/1985 1986/1986 1987/1987
f 1988/1988 1989/1989 1990/1990
f 1916/1916 1991/1991 1992/1992
f 1993/1993 1991/1991 1916/1916
f 1919/1919 1993/1993 1916/1916
f 1965/1965 1993/1993 1919/1919
f 1920/1920 1965/1965 1919/1919
f 1960/1960 1963/1963 1994/1994
f 1927/1927 1960/1960 1994/1994
f 1924/1924 1927/1927 1994/1994
f 1933/1933 1960/1960 1927/1927
f 1930/1930 1933/1933 1927/1927
f 1967/1967 1993/1993 1965/1965
f 1995/1995 1993/1993 1967/1967
f 1969/1969 1995/1995 1967/1967
f 1974/1974 1996/1996 1973/1973
f 1978/1978 1997/1997 1979/1979
f 1998/1998 1997/1997 1978/1978
f 1983/1983 1998/1998 1978/1978
f 1984/1984 1998/1998 1983/1983
f 1988/1988 1999/1999 1989/1989
f 2000/2000 1999/1999 1988/1988
f 1995/1995 2001/2001 1993/1993
f 1902/1902 2002/2002 1903/1903
f 2003/2003 2002/2002 1902/1902
f 2004/2004 2005/2005 2006/2006
f 2007/2007 2005/2005 2004/2004
f 1914/1914 2008/2008 1913/1913
f 2009/2009 2008/2008 1914/1914
f 1915/1915 2009/2009 1914/1914
f 2010/2010 2009/2009 1915/1915
f 1582/1582 1585/1585 1581/1581
f 2011/2011 2012/2012 2013/2013
f 2014/2014 2015/2015 2016/2016
usemtl mtl_35_0
f 2017/2017 2018/2018 2019/2019
f 2020/2020 2017/2017 2019/2019
f 2021/2021 2017/2017 2020/2020
f 2022/2022 2021/2021 2020/2020
f 2023/2023 2021/2021 2022/2022
f 2024/2024 2021/2021 2023/2023
f 2025/2025 2024/2024 2023/2023
f 2026/2026 2025/2025 2023/2023
f 2027/2027 2026/2026 2023/2023
f 2028/2028 2026/2026 2027/2027
f 2029/2029 2026/2026 2028/2028
f 2030/2030 2029/2029 2028/2028
f 2031/2031 2029/2029 2030/2030
f 2032/2032 2029/2029 2031/2031
f 2033/2033 2034/2034 2035/2035
f 2036/2036 2033/2033 2035/2035
f 2037/2037 2033/2033 2036/2036
f 2038/2038 2037/2037 2036/2036
f 2039/2039 2037/2037 2038/2038
f 2040/2040 2037/2037 2039/2039
f 2041/2041 2040/2040 2039/2039
f 2042/2042 2041/2041 2039/2039
f 2043/2043 2042/2042 2039/2039
f 2044/2044 2042/2042 2043/2043
f 2045/2045 2046/2046 2047/2047
f 2048/2048 2045/2045 2047/2047
f 2049/2049 2050/2050 2051/2051
f 2052/2052 2049/2049 2051/2051
f 2053/2053 2054/2054 2055/2055
f 2056/2056 2053/2053 2055/2055
f 2057/2057 2058/2058 2059/2059
f 2060/2060 2057/2057 2059/2059
f 2061/2061 2057/2057 2060/2060
f 2062/2062 2061/2061 2060/2060
f 2063/2063 2061/2061 2062/2062
f 2064/2064 2063/2063 2062/2062
f 2065/2065 2063/2063 2064/2064
f 2066/2066 2063/2063 2065/2065
f 2067/2067 2068/2068 2069/2069
f 2070/2070 2067/2067 2069/2069
f 2071/2071 2067/2067 2070/2070
f 2072/2072 2067/2067 2071/2071
f 2068/2068 2067/2067 2072/2072
f 2073/2073 2068/2068 2072/2072
f 2074/2074 2073/2073 2072/2072
f 2075/2075 2073/2073 2074/2074
f 2076/2076 2073/2073 2075/2075
f 2077/2077 2076/2076 2075/2075
f 2078/2078 2079/2079 2080/2080
f 2081/2081 2078/2078 2080/2080
f 2082/2082 2078/2078 2081/2081
f 2083/2083 2082/2082 2081/2081
f 2084/2084 2085/2085 2086/2086
f 2087/2087 2084/2084 2086/2086
f 2088/2088 2084/2084 2087/2087
f 2089/2089 2084/2084 2088/2088
f 2090/2090 2089/2089 2088/2088
f 2091/2091 2090/2090 2088/2088
f 2092/2092 2090/2090 2091/2091
f 2093/2093 2090/2090 2092/2092
f 2094/2094 2093/2093 2092/2092
f 2095/2095 2093/2093 2094/2094
f 2096/2096 2095/2095 2094/2094
f 2097/2097 2095/2095 2096/2096
f 2098/2098 2097/2097 2096/2096
f 2099/2099 2097/2097 2098/2098
f 2100/2100 2099/2099 2098/2098
f 2101/2101 2102/2102 2103/2103
f 2104/2104 2101/2101 2103/2103
f 2105/2105 2104/2104 2103/2103
f 2106/2106 2101/2101 2104/2104
f 2107/2107 2106/2106 2104/2104
f 2108/2108 2101/2101 2106/2106
f 2109/2109 2108/2108 2106/2106
f 2110/2110 2109/2109 2106/2106
f 2111/2111 2108/2108 2109/2109
f 2112/2112 2111/2111 2109/2109
f 2113/2113 2111/2111 2112/2112
f 2114/2114 2111/2111 2113/2113
f 2115/2115 2114/2114 2113/2113
f 2116/2116 2114/2114 2115/2115
f 2117/2117 2116/2116 2115/2115
f 2118/2118 2119/2119 2120/2120
f 2121/2121 2118/2118 2120/2120
f 2122/2122 2118/2118 2121/2121
f 2123/2123 2118/2118 2122/2122
f 2124/2124 2123/2123 2122/2122
f 2125/2125 2126/2126 2127/2127
f 2128/2128 2125/2125 2127/2127
f 2129/2129 2125/2125 2128/2128
f 2130/2130 2129/2129 2128/2128
f 2131/2131 2132/2132 2133/2133
f 2134/2134 2131/2131 2133/2133
f 2135/2135 2131/2131 2134/2134
f 2136/2136 2131/2131 2135/2135
f 2137/2137 2138/2138 2139/2139
f 2140/2140 2137/2137 2139/2139
f 2141/2141 2138/2138 2137/2137
f 2142/2142 2141/2141 2137/2137
f 2143/2143 2142/2142 2137/2137
f 2144/2144 2145/2145 2146/2146
f 2147/2147 2144/2144 2146/2146
f 2148/2148 2144/2144 2147/2147
f 2149/2149 2148/2148 2147/2147
f 2150/2150 2148/2148 2149/2149
f 2151/2151 2150/2150 2149/2149
f 2152/2152 2150/2150 2151/2151
f 2153/2153 2152/2152 2151/2151
f 2154/2154 2152/2152 2153/2153
f 2155/2155 2152/2152 2154/2154
f 2156/2156 2155/2155 2154/2154
f 2157/2157 2156/2156 2154/2154
f 2158/2158 2155/2155 2156/2156
f 2159/2159 2160/2160 2161/2161
f 2162/2162 2159/2159 2161/2161
f 2163/2163 2159/2159 2162/2162
f 2164/2164 2159/2159 2163/2163
f 2165/2165 2164/2164 2163/2163
f 2166/2166 2164/2164 2165/2165
f 2167/2167 2166/2166 2165/2165
f 2168/2168 2166/2166 2167/2167
f 2169/2169 2168/2168 2167/2167
f 2170/2170 2168/2168 2169/2169
f 2171/2171 2168/2168 2170/2170
f 2172/2172 2171/2171 2170/2170
f 2173/2173 2172/2172 2170/2170
f 2174/2174 2173/2173 2170/2170
f 2175/2175 2176/2176 2177/2177
f 2178/2178 2175/2175 2177/2177
f 2179/2179 2175/2175 2178/2178
f 2180/2180 2175/2175 2179/2179
f 2181/2181 2180/2180 2179/2179
f 2182/2182 2180/2180 2181/2181
f 2183/2183 2182/2182 2181/2181
f 2184/2184 2182/2182 2183/2183
f 2185/2185 2182/2182 2184/2184
f 2186/2186 2185/2185 2184/2184
f 2187/2187 2186/2186 2184/2184
f 2188/2188 2186/2186 2187/2187
f 2189/2189 2186/2186 2188/2188
f 2190/2190 2189/2189 2188/2188
f 2191/2191 2189/2189 2190/2190
f 2192/2192 2191/2191 2190/2190
f 2193/2193 2191/2191 2192/2192
f 2194/2194 2191/2191 2193/2193
f 2195/2195 2194/2194 2193/2193
f 2196/2196 2195/2195 2193/2193
f 2197/2197 2196/2196 2193/2193
f 2198/2198 2195/2195 2196/2196
f 2199/2199 2200/2200 2201/2201
f 2202/2202 2199/2199 2201/2201
f 2203/2203 2200/2200 2199/2199
f 2204/2204 2203/2203 2199/2199
f 2205/2205 2204/2204 2199/2199
f 2206/2206 2204/2204 2205/2205
f 2207/2207 2204/2204 2206/2206
f 2208/2208 2207/2207 2206/2206
f 2209/2209 2207/2207 2208/2208
f 2210/2210 2207/2207 2209/2209
f 2211/2211 2210/2210 2209/2209
f 2212/2212 2211/2211 2209/2209
f 2213/2213 2211/2211 2212/2212
f 2214/2214 2211/2211 2213/2213
f 2215/2215 2214/2214 2213/2213
f 2216/2216 2214/2214 2215/2215
f 2217/2217 2216/2216 2215/2215
f 2218/2218 2219/2219 2220/2220
f 2221/2221 2218/2218 2220/2220
f 2222/2222 2218/2218 2221/2221
f 2223/2223 2222/2222 2221/2221
f 2224/2224 2222/2222 2223/2223
f 2225/2225 2224/2224 2223/2223
f 2226/2226 2227/2227 2228/2228
f 2229/2229 2226/2226 2228/2228
f 2230/2230 2231/2231 2232/2232
f 2233/2233 2230/2230 2232/2232
f 2234/2234 2230/2230 2233/2233
f 2235/2235 2234/2234 2233/2233
f 2236/2236 2234/2234 2235/2235
f 2237/2237 2236/2236 2235/2235
f 2238/2238 2236/2236 2237/2237
f 2239/2239 2236/2236 2238/2238
f 2240/2240 2239/2239 2238/2238
f 2241/2241 2240/2240 2238/2238
f 2242/2242 2240/2240 2241/2241
f 2243/2243 2244/2244 2245/2245
f 2246/2246 2243/2243 2245/2245
f 2247/2247 2243/2243 2246/2246
f 2248/2248 2247/2247 2246/2246
f 2249/2249 2247/2247 2248/2248
f 2250/2250 2249/2249 2248/2248
f 2251/2251 2249/2249 2250/2250
f 2252/2252 2251/2251 2250/2250
f 2253/2253 2254/2254 2255/2255
f 2256/2256 2253/2253 2255/2255
f 2257/2257 2253/2253 2256/2256
f 2258/2258 2257/2257 2256/2256
f 2259/2259 2257/2257 2258/2258
f 2260/2260 2259/2259 2258/2258
f 2261/2261 2259/2259 2260/2260
f 2262/2262 2261/2261 2260/2260
f 2263/2263 2261/2261 2262/2262
f 2264/2264 2261/2261 2263/2263
f 2265/2265 2264/2264 2263/2263
f 2266/2266 2265/2265 2263/2263
f 2267/2267 2265/2265 2266/2266
f 2268/2268 2265/2265 2267/2267
f 2269/2269 2268/2268 2267/2267
f 2270/2270 2268/2268 2269/2269
f 2271/2271 2268/2268 2270/2270
f 2272/2272 2271/2271 2270/2270
f 2273/2273 2272/2272 2270/2270
f 2274/2274 2273/2273 2270/2270
f 2275/2275 2272/2272 2273/2273
f 2276/2276 2275/2275 2273/2273
f 2277/2277 2278/2278 2279/2279
f 2280/2280 2277/2277 2279/2279
f 2281/2281 2277/2277 2280/2280
f 2282/2282 2277/2277 2281/2281
f 2283/2283 2282/2282 2281/2281
f 2284/2284 2283/2283 2281/2281
f 2285/2285 2284/2284 2281/2281
f 2286/2286 2284/2284 2285/2285
f 2287/2287 2288/2288 2289/2289
f 2290/2290 2287/2287 2289/2289
f 2291/2291 2290/2290 2289/2289
f 2292/2292 2290/2290 2291/2291
f 2018/2018 2290/2290 2292/2292
f 2287/2287 2290/2290 2018/2018
f 2017/2017 2287/2287 2018/2018
f 2293/2293 2287/2287 2017/2017
f 2021/2021 2293/2293 2017/2017
f 2024/2024 2293/2293 2021/2021
f 2294/2294 2295/2295 2296/2296
f 2297/2297 2295/2295 2294/2294
f 2298/2298 2299/2299 2300/2300
f 2029/2029 2032/2032 2025/2025
f 2026/2026 2029/2029 2025/2025
f 2301/2301 2302/2302 2050/2050
f 2049/2049 2301/2301 2050/2050
f 2303/2303 2304/2304 2305/2305
f 2306/2306 2303/2303 2305/2305
f 2054/2054 2053/2053 2307/2307
f 2057/2057 2308/2308 2058/2058
f 2061/2061 2308/2308 2057/2057
f 2309/2309 2308/2308 2061/2061
f 2063/2063 2309/2309 2061/2061
f 2066/2066 2309/2309 2063/2063
f 2310/2310 2309/2309 2066/2066
f 2311/2311 2310/2310 2066/2066
f 2312/2312 2313/2313 2068/2068
f 2314/2314 2312/2312 2068/2068
f 2073/2073 2314/2314 2068/2068
f 2076/2076 2314/2314 2073/2073
f 2315/2315 2314/2314 2076/2076
f 2078/2078 2316/2316 2079/2079
f 2317/2317 2316/2316 2078/2078
f 2082/2082 2317/2317 2078/2078
f 2318/2318 2319/2319 2320/2320
f 2085/2085 2318/2318 2320/2320
f 2084/2084 2318/2318 2085/2085
f 2089/2089 2318/2318 2084/2084
f 2321/2321 2318/2318 2089/2089
f 2322/2322 2321/2321 2089/2089
f 2323/2323 2322/2322 2089/2089
f 2324/2324 2323/2323 2089/2089
f 2093/2093 2324/2324 2089/2089
f 2090/2090 2093/2093 2089/2089
f 2095/2095 2324/2324 2093/2093
f 2325/2325 2324/2324 2095/2095
f 2097/2097 2325/2325 2095/2095
f 2099/2099 2325/2325 2097/2097
f 2326/2326 2327/2327 2102/2102
f 2101/2101 2326/2326 2102/2102
f 2328/2328 2329/2329 2330/2330
f 2108/2108 2116/2116 2101/2101
f 2114/2114 2116/2116 2108/2108
f 2111/2111 2114/2114 2108/2108
f 2331/2331 2332/2332 2119/2119
f 2333/2333 2331/2331 2119/2119
f 2334/2334 2333/2333 2119/2119
f 2335/2335 2334/2334 2119/2119
f 2118/2118 2335/2335 2119/2119
f 2123/2123 2335/2335 2118/2118
f 2125/2125 2336/2336 2126/2126
f 2129/2129 2336/2336 2125/2125
f 2337/2337 2336/2336 2129/2129
f 2131/2131 2338/2338 2132/2132
f 2136/2136 2338/2338 2131/2131
f 2339/2339 2338/2338 2136/2136
f 2141/2141 2340/2340 2138/2138
f 2144/2144 2341/2341 2145/2145
f 2342/2342 2341/2341 2144/2144
f 2148/2148 2342/2342 2144/2144
f 2150/2150 2342/2342 2148/2148
f 2155/2155 2342/2342 2150/2150
f 2152/2152 2155/2155 2150/2150
f 2343/2343 2342/2342 2155/2155
f 2344/2344 2343/2343 2155/2155
f 2345/2345 2344/2344 2155/2155
f 2158/2158 2345/2345 2155/2155
f 2346/2346 2347/2347 2348/2348
f 2349/2349 2346/2346 2348/2348
f 2164/2164 2350/2350 2160/2160
f 2159/2159 2164/2164 2160/2160
f 2166/2166 2350/2350 2164/2164
f 2171/2171 2350/2350 2166/2166
f 2168/2168 2171/2171 2166/2166
f 2351/2351 2349/2349 2352/2352
f 2353/2353 2351/2351 2352/2352
f 2172/2172 2354/2354 2171/2171
f 2194/2194 2355/2355 2176/2176
f 2191/2191 2194/2194 2176/2176
f 2189/2189 2191/2191 2176/2176
f 2186/2186 2189/2189 2176/2176
f 2185/2185 2186/2186 2176/2176
f 2175/2175 2185/2185 2176/2176
f 2180/2180 2185/2185 2175/2175
f 2182/2182 2185/2185 2180/2180
f 2195/2195 2355/2355 2194/2194
f 2356/2356 2357/2357 2358/2358
f 2359/2359 2356/2356 2358/2358
f 2360/2360 2359/2359 2358/2358
f 2361/2361 2360/2360 2358/2358
f 2203/2203 2362/2362 2200/2200
f 2363/2363 2362/2362 2203/2203
f 2364/2364 2363/2363 2203/2203
f 2210/2210 2364/2364 2203/2203
f 2204/2204 2210/2210 2203/2203
f 2207/2207 2210/2210 2204/2204
f 2365/2365 2364/2364 2210/2210
f 2211/2211 2365/2365 2210/2210
f 2214/2214 2365/2365 2211/2211
f 2216/2216 2365/2365 2214/2214
f 2218/2218 2366/2366 2219/2219
f 2367/2367 2366/2366 2218/2218
f 2222/2222 2367/2367 2218/2218
f 2224/2224 2367/2367 2222/2222
f 2368/2368 2367/2367 2224/2224
f 2226/2226 2369/2369 2227/2227
f 2230/2230 2370/2370 2231/2231
f 2239/2239 2370/2370 2230/2230
f 2234/2234 2239/2239 2230/2230
f 2236/2236 2239/2239 2234/2234
f 2371/2371 2370/2370 2239/2239
f 2372/2372 2371/2371 2239/2239
f 2373/2373 2372/2372 2239/2239
f 2374/2374 2373/2373 2239/2239
f 2375/2375 2374/2374 2239/2239
f 2376/2376 2375/2375 2239/2239
f 2240/2240 2376/2376 2239/2239
f 2377/2377 2374/2374 2375/2375
f 2244/2244 2374/2374 2377/2377
f 2243/2243 2374/2374 2244/2244
f 2247/2247 2374/2374 2243/2243
f 2249/2249 2374/2374 2247/2247
f 2378/2378 2374/2374 2249/2249
f 2251/2251 2378/2378 2249/2249
f 2253/2253 2379/2379 2254/2254
f 2257/2257 2379/2379 2253/2253
f 2380/2380 2379/2379 2257/2257
f 2264/2264 2380/2380 2257/2257
f 2259/2259 2264/2264 2257/2257
f 2261/2261 2264/2264 2259/2259
f 2381/2381 2380/2380 2264/2264
f 2382/2382 2381/2381 2264/2264
f 2271/2271 2382/2382 2264/2264
f 2268/2268 2271/2271 2264/2264
f 2265/2265 2268/2268 2264/2264
f 2383/2383 2382/2382 2271/2271
f 2277/2277 2282/2282 2278/2278
f 2384/2384 2385/2385 2386/2386
f 2387/2387 2388/2388 2288/2288
f 2287/2287 2387/2387 2288/2288
f 2389/2389 2387/2387 2287/2287
f 2293/2293 2389/2389 2287/2287
f 2390/2390 2391/2391 2392/2392
f 2393/2393 2391/2391 2390/2390
f 2394/2394 2395/2395 2396/2396
f 2397/2397 2394/2394 2396/2396
f 2398/2398 2394/2394 2397/2397
f 2399/2399 2398/2398 2397/2397
f 2400/2400 2399/2399 2397/2397
f 2297/2297 2401/2401 2295/2295
f 2402/2402 2401/2401 2297/2297
f 2403/2403 2404/2404 2405/2405
f 2399/2399 2406/2406 2407/2407
f 2408/2408 2399/2399 2407/2407
f 2409/2409 2410/2410 2411/2411
f 2412/2412 2410/2410 2409/2409
f 2306/2306 2413/2413 2303/2303
f 2414/2414 2413/2413 2306/2306
f 2415/2415 2416/2416 2417/2417
f 2418/2418 2415/2415 2417/2417
f 2309/2309 2419/2419 2308/2308
f 2420/2420 2419/2419 2309/2309
f 2310/2310 2420/2420 2309/2309
f 2421/2421 2422/2422 2423/2423
f 2424/2424 2421/2421 2423/2423
f 2425/2425 2426/2426 2427/2427
f 2428/2428 2425/2425 2427/2427
f 2426/2426 2425/2425 2428/2428
f 2314/2314 2429/2429 2312/2312
f 2315/2315 2429/2429 2314/2314
f 2421/2421 2424/2424 2430/2430
f 2431/2431 2421/2421 2430/2430
f 2432/2432 2433/2433 2434/2434
f 2317/2317 2435/2435 2316/2316
f 2436/2436 2435/2435 2317/2317
f 2321/2321 2437/2437 2319/2319
f 2318/2318 2321/2321 2319/2319
f 2322/2322 2437/2437 2321/2321
f 2438/2438 2437/2437 2322/2322
f 2439/2439 2438/2438 2322/2322
f 2323/2323 2439/2439 2322/2322
f 2440/2440 2438/2438 2439/2439
f 2441/2441 2438/2438 2440/2440
f 2442/2442 2441/2441 2440/2440
f 2326/2326 2443/2443 2327/2327
f 2332/2332 2444/2444 2329/2329
f 2328/2328 2332/2332 2329/2329
f 2331/2331 2444/2444 2332/2332
f 2445/2445 2444/2444 2331/2331
f 2333/2333 2445/2445 2331/2331
f 2337/2337 2446/2446 2336/2336
f 2447/2447 2448/2448 2338/2338
f 2449/2449 2447/2447 2338/2338
f 2339/2339 2449/2449 2338/2338
f 2343/2343 2450/2450 2342/2342
f 2451/2451 2450/2450 2343/2343
f 2344/2344 2451/2451 2343/2343
f 2452/2452 2451/2451 2344/2344
f 2453/2453 2452/2452 2344/2344
f 2454/2454 2455/2455 2456/2456
f 2457/2457 2454/2454 2456/2456
f 2458/2458 2457/2457 2456/2456
f 2459/2459 2458/2458 2456/2456
f 2460/2460 2458/2458 2459/2459
f 2461/2461 2462/2462 2347/2347
f 2346/2346 2461/2461 2347/2347
f 2351/2351 2461/2461 2346/2346
f 2349/2349 2351/2351 2346/2346
f 2463/2463 2461/2461 2351/2351
f 2464/2464 2463/2463 2351/2351
f 2353/2353 2464/2464 2351/2351
f 2465/2465 2463/2463 2464/2464
f 2359/2359 2466/2466 2356/2356
f 2467/2467 2466/2466 2359/2359
f 2360/2360 2467/2467 2359/2359
f 2468/2468 2469/2469 2470/2470
f 2471/2471 2472/2472 2473/2473
f 2474/2474 2471/2471 2473/2473
f 2475/2475 2474/2474 2473/2473
f 2364/2364 2476/2476 2363/2363
f 2367/2367 2477/2477 2366/2366
f 2478/2478 2477/2477 2367/2367
f 2479/2479 2478/2478 2367/2367
f 2368/2368 2479/2479 2367/2367
f 2480/2480 2479/2479 2368/2368
f 2481/2481 2482/2482 2483/2483
f 2484/2484 2482/2482 2481/2481
f 2485/2485 2486/2486 2487/2487
f 2381/2381 2485/2485 2487/2487
f 2488/2488 2485/2485 2381/2381
f 2382/2382 2488/2488 2381/2381
f 2383/2383 2488/2488 2382/2382
f 2489/2489 2488/2488 2383/2383
f 2387/2387 2490/2490 2388/2388
f 2491/2491 2490/2490 2387/2387
f 2389/2389 2491/2491 2387/2387
f 2492/2492 2491/2491 2389/2389
f 2493/2493 2494/2494 2495/2495
f 2496/2496 2493/2493 2495/2495
f 2497/2497 2496/2496 2495/2495
f 2498/2498 2499/2499 2500/2500
f 2501/2501 2498/2498 2500/2500
f 2502/2502 2503/2503 2504/2504
f 2399/2399 2505/2505 2398/2398
f 2408/2408 2505/2505 2399/2399
f 2506/2506 2507/2507 2508/2508
f 2414/2414 2509/2509 2413/2413
f 2510/2510 2509/2509 2414/2414
f 2415/2415 2511/2511 2416/2416
f 2512/2512 2511/2511 2415/2415
f 2422/2422 2421/2421 2513/2513
f 2432/2432 2514/2514 2433/2433
f 2515/2515 2514/2514 2432/2432
f 2516/2516 2517/2517 2435/2435
f 2436/2436 2516/2516 2435/2435
f 2518/2518 2519/2519 2437/2437
f 2438/2438 2518/2518 2437/2437
f 2441/2441 2518/2518 2438/2438
f 2520/2520 2518/2518 2441/2441
f 2521/2521 2522/2522 2447/2447
f 2523/2523 2521/2521 2447/2447
f 2524/2524 2523/2523 2447/2447
f 2449/2449 2524/2524 2447/2447
f 2525/2525 2526/2526 2527/2527
f 2528/2528 2525/2525 2527/2527
f 2529/2529 2528/2528 2527/2527
f 2530/2530 2529/2529 2527/2527
f 2531/2531 2532/2532 2454/2454
f 2457/2457 2531/2531 2454/2454
f 2533/2533 2531/2531 2457/2457
f 2458/2458 2533/2533 2457/2457
f 2534/2534 2533/2533 2458/2458
f 2535/2535 2534/2534 2458/2458
f 2460/2460 2535/2535 2458/2458
f 2536/2536 2537/2537 2538/2538
f 2539/2539 2536/2536 2538/2538
f 2540/2540 2536/2536 2539/2539
f 2541/2541 2536/2536 2540/2540
f 2542/2542 2541/2541 2540/2540
f 2543/2543 2541/2541 2542/2542
f 2469/2469 2544/2544 2545/2545
f 2546/2546 2544/2544 2469/2469
f 2547/2547 2546/2546 2469/2469
f 2468/2468 2547/2547 2469/2469
f 2548/2548 2549/2549 2472/2472
f 2471/2471 2548/2548 2472/2472
f 2550/2550 2548/2548 2471/2471
f 2551/2551 2550/2550 2471/2471
f 2474/2474 2551/2551 2471/2471
f 2552/2552 2553/2553 2554/2554
f 2555/2555 2552/2552 2554/2554
f 2556/2556 2552/2552 2555/2555
f 2557/2557 2558/2558 2559/2559
f 2488/2488 2489/2489 2486/2486
f 2485/2485 2488/2488 2486/2486
f 2549/2549 2560/2560 2561/2561
f 2562/2562 2549/2549 2561/2561
f 2541/2541 2543/2543 2563/2563
f 2536/2536 2541/2541 2563/2563
f 2564/2564 2536/2536 2563/2563
f 2491/2491 2565/2565 2490/2490
f 2566/2566 2565/2565 2491/2491
f 2567/2567 2568/2568 2569/2569
f 2570/2570 2571/2571 2572/2572
f 2573/2573 2570/2570 2572/2572
f 2502/2502 2574/2574 2503/2503
f 2575/2575 2576/2576 2577/2577
f 2578/2578 2576/2576 2575/2575
f 2579/2579 2580/2580 2507/2507
f 2506/2506 2579/2579 2507/2507
f 2581/2581 2579/2579 2506/2506
f 2582/2582 2579/2579 2581/2581
f 2583/2583 2582/2582 2581/2581
f 2584/2584 2585/2585 2586/2586
f 2587/2587 2585/2585 2584/2584
f 2588/2588 2589/2589 2590/2590
f 2591/2591 2589/2589 2588/2588
f 2514/2514 2515/2515 2592/2592
f 2516/2516 2593/2593 2517/2517
f 2518/2518 2594/2594 2519/2519
f 2595/2595 2594/2594 2518/2518
f 2596/2596 2595/2595 2518/2518
f 2520/2520 2596/2596 2518/2518
f 2597/2597 2596/2596 2520/2520
f 2598/2598 2599/2599 2600/2600
f 2528/2528 2599/2599 2598/2598
f 2525/2525 2528/2528 2598/2598
f 2521/2521 2601/2601 2522/2522
f 2602/2602 2603/2603 2532/2532
f 2531/2531 2602/2602 2532/2532
f 2604/2604 2602/2602 2531/2531
f 2533/2533 2604/2604 2531/2531
f 2534/2534 2604/2604 2533/2533
f 2605/2605 2604/2604 2534/2534
f 2606/2606 2605/2605 2534/2534
f 2535/2535 2606/2606 2534/2534
f 2607/2607 2606/2606 2535/2535
f 2536/2536 2608/2608 2537/2537
f 2564/2564 2608/2608 2536/2536
f 2609/2609 2610/2610 2611/2611
f 2567/2567 2612/2612 2568/2568
f 2613/2613 2614/2614 2615/2615
f 2616/2616 2613/2613 2615/2615
f 2617/2617 2613/2613 2616/2616
f 2618/2618 2617/2617 2616/2616
f 2619/2619 2618/2618 2616/2616
f 2620/2620 2618/2618 2619/2619
f 2621/2621 2618/2618 2620/2620
f 2579/2579 2622/2622 2580/2580
f 2582/2582 2622/2622 2579/2579
f 2623/2623 2624/2624 2625/2625
f 2603/2603 2605/2605 2626/2626
f 2604/2604 2605/2605 2603/2603
f 2602/2602 2604/2604 2603/2603
f 2617/2617 2624/2624 2623/2623
f 2614/2614 2617/2617 2623/2623
f 2613/2613 2617/2617 2614/2614
f 2621/2621 2624/2624 2617/2617
f 2618/2618 2621/2621 2617/2617
f 2607/2607 2627/2627 2606/2606
f 2609/2609 2628/2628 2610/2610
f 2557/2557 2560/2560 2549/2549
f 2629/2629 2557/2557 2549/2549
f 2548/2548 2629/2629 2549/2549
f 2630/2630 2629/2629 2548/2548
f 2550/2550 2630/2630 2548/2548
f 2558/2558 2629/2629 2630/2630
f 2557/2557 2629/2629 2558/2558
f 2475/2475 2631/2631 2474/2474
f 2451/2451 2452/2452 2450/2450
f 2400/2400 2406/2406 2399/2399
f 2373/2373 2378/2378 2372/2372
f 2374/2374 2378/2378 2373/2373
f 2324/2324 2325/2325 2323/2323
f 2033/2033 2632/2632 2034/2034
f 2040/2040 2632/2632 2033/2033
f 2037/2037 2040/2040 2033/2033
f 2046/2046 2045/2045 2633/2633
f 2634/2634 2635/2635 2636/2636
f 2637/2637 2638/2638 2639/2639
f 2640/2640 2641/2641 2642/2642
f 2634/2634 2643/2643 2635/2635
f 2644/2644 2645/2645 2646/2646
f 2647/2647 2648/2648 2649/2649
f 2637/2637 2650/2650 2638/2638
f 2645/2645 2644/2644 2651/2651
usemtl mtl_35_1
f 2652/2652 2653/2653 2654/2654
f 2655/2655 2652/2652 2654/2654
f 2656/2656 2653/2653 2652/2652
f 2657/2657 2656/2656 2652/2652
f 2658/2658 2657/2657 2652/2652
f 2659/2659 2657/2657 2658/2658
f 2660/2660 2661/2661 2662/2662
f 2663/2663 2660/2660 2662/2662
f 2664/2664 2660/2660 2663/2663
f 2665/2665 2664/2664 2663/2663
f 2666/2666 2664/2664 2665/2665
f 2667/2667 2666/2666 2665/2665
f 2668/2668 2666/2666 2667/2667
f 2669/2669 2668/2668 2667/2667
f 2670/2670 2668/2668 2669/2669
f 2671/2671 2670/2670 2669/2669
f 2672/2672 2670/2670 2671/2671
f 2673/2673 2670/2670 2672/2672
f 2674/2674 2673/2673 2672/2672
f 2675/2675 2676/2676 2677/2677
f 2678/2678 2675/2675 2677/2677
f 2679/2679 2676/2676 2675/2675
f 2680/2680 2679/2679 2675/2675
f 2681/2681 2679/2679 2680/2680
f 2682/2682 2679/2679 2681/2681
f 2683/2683 2682/2682 2681/2681
f 2684/2684 2682/2682 2683/2683
f 2685/2685 2684/2684 2683/2683
f 2686/2686 2684/2684 2685/2685
f 2687/2687 2686/2686 2685/2685
f 2688/2688 2686/2686 2687/2687
f 2689/2689 2688/2688 2687/2687
f 2690/2690 2688/2688 2689/2689
f 2691/2691 2690/2690 2689/2689
f 2692/2692 2693/2693 2694/2694
f 2695/2695 2692/2692 2694/2694
f 2696/2696 2692/2692 2695/2695
f 2697/2697 2692/2692 2696/2696
f 2698/2698 2697/2697 2696/2696
f 2699/2699 2698/2698 2696/2696
f 2700/2700 2697/2697 2698/2698
f 2701/2701 2700/2700 2698/2698
f 2702/2702 2700/2700 2701/2701
f 2703/2703 2704/2704 2705/2705
f 2706/2706 2703/2703 2705/2705
f 2707/2707 2703/2703 2706/2706
f 2708/2708 2707/2707 2706/2706
f 2709/2709 2707/2707 2708/2708
f 2710/2710 2709/2709 2708/2708
f 2711/2711 2712/2712 2713/2713
f 2714/2714 2711/2711 2713/2713
f 2715/2715 2716/2716 2717/2717
f 2673/2673 2716/2716 2715/2715
f 2718/2718 2673/2673 2715/2715
f 2719/2719 2718/2718 2715/2715
f 2720/2720 2719/2719 2715/2715
f 2721/2721 2722/2722 2723/2723
f 2724/2724 2721/2721 2723/2723
f 2725/2725 2721/2721 2724/2724
f 2726/2726 2721/2721 2725/2725
f 2727/2727 2726/2726 2725/2725
f 2728/2728 2726/2726 2727/2727
f 2729/2729 2728/2728 2727/2727
f 2730/2730 2728/2728 2729/2729
f 2731/2731 2730/2730 2729/2729
f 2732/2732 2730/2730 2731/2731
f 2733/2733 2732/2732 2731/2731
f 2734/2734 2732/2732 2733/2733
f 2735/2735 2734/2734 2733/2733
f 2736/2736 2737/2737 2738/2738
f 2739/2739 2736/2736 2738/2738
f 2740/2740 2736/2736 2739/2739
f 2741/2741 2736/2736 2740/2740
f 2742/2742 2741/2741 2740/2740
f 2743/2743 2742/2742 2740/2740
f 2744/2744 2742/2742 2743/2743
f 2745/2745 2742/2742 2744/2744
f 2746/2746 2745/2745 2744/2744
f 2747/2747 2745/2745 2746/2746
f 2748/2748 2747/2747 2746/2746
f 2749/2749 2747/2747 2748/2748
f 2750/2750 2749/2749 2748/2748
f 2751/2751 2749/2749 2750/2750
f 2752/2752 2751/2751 2750/2750
f 2753/2753 2754/2754 2755/2755
f 2756/2756 2753/2753 2755/2755
f 2757/2757 2758/2758 2759/2759
f 2760/2760 2757/2757 2759/2759
f 2761/2761 2757/2757 2760/2760
f 2762/2762 2761/2761 2760/2760
f 2763/2763 2761/2761 2762/2762
f 2764/2764 2763/2763 2762/2762
f 2765/2765 2763/2763 2764/2764
f 2766/2766 2763/2763 2765/2765
f 2767/2767 2766/2766 2765/2765
f 2768/2768 2767/2767 2765/2765
f 2769/2769 2768/2768 2765/2765
f 2770/2770 2768/2768 2769/2769
f 2771/2771 2772/2772 2773/2773
f 2774/2774 2771/2771 2773/2773
f 2775/2775 2776/2776 2777/2777
f 2778/2778 2775/2775 2777/2777
f 2779/2779 2778/2778 2777/2777
f 2780/2780 2778/2778 2779/2779
f 2781/2781 2778/2778 2780/2780
f 2775/2775 2778/2778 2781/2781
f 2782/2782 2783/2783 2784/2784
f 2785/2785 2782/2782 2784/2784
f 2786/2786 2783/2783 2782/2782
f 2787/2787 2786/2786 2782/2782
f 2788/2788 2786/2786 2787/2787
f 2789/2789 2786/2786 2788/2788
f 2790/2790 2789/2789 2788/2788
f 2791/2791 2789/2789 2790/2790
f 2792/2792 2791/2791 2790/2790
f 2793/2793 2791/2791 2792/2792
f 2794/2794 2791/2791 2793/2793
f 2795/2795 2796/2796 2797/2797
f 2798/2798 2795/2795 2797/2797
f 2799/2799 2795/2795 2798/2798
f 2800/2800 2799/2799 2798/2798
f 2801/2801 2799/2799 2800/2800
f 2802/2802 2801/2801 2800/2800
f 2803/2803 2801/2801 2802/2802
f 2804/2804 2803/2803 2802/2802
f 2805/2805 2803/2803 2804/2804
f 2806/2806 2803/2803 2805/2805
f 2807/2807 2806/2806 2805/2805
f 2808/2808 2807/2807 2805/2805
f 2809/2809 2807/2807 2808/2808
f 2810/2810 2807/2807 2809/2809
f 2811/2811 2807/2807 2810/2810
f 2812/2812 2811/2811 2810/2810
f 2813/2813 2812/2812 2810/2810
f 2814/2814 2812/2812 2813/2813
f 2815/2815 2816/2816 2817/2817
f 2818/2818 2815/2815 2817/2817
f 2819/2819 2815/2815 2818/2818
f 2820/2820 2819/2819 2818/2818
f 2821/2821 2819/2819 2820/2820
f 2822/2822 2821/2821 2820/2820
f 2823/2823 2821/2821 2822/2822
f 2824/2824 2821/2821 2823/2823
f 2825/2825 2826/2826 2827/2827
f 2828/2828 2825/2825 2827/2827
f 2829/2829 2825/2825 2828/2828
f 2830/2830 2825/2825 2829/2829
f 2831/2831 2832/2832 2833/2833
f 2834/2834 2831/2831 2833/2833
f 2835/2835 2834/2834 2833/2833
f 2836/2836 2831/2831 2834/2834
f 2837/2837 2836/2836 2834/2834
f 2838/2838 2836/2836 2837/2837
f 2839/2839 2836/2836 2838/2838
f 2831/2831 2836/2836 2839/2839
f 2840/2840 2831/2831 2839/2839
f 2841/2841 2840/2840 2839/2839
f 2842/2842 2840/2840 2841/2841
f 2843/2843 2840/2840 2842/2842
f 2844/2844 2843/2843 2842/2842
f 2845/2845 2843/2843 2844/2844
f 2846/2846 2845/2845 2844/2844
f 2847/2847 2845/2845 2846/2846
f 2848/2848 2847/2847 2846/2846
f 2849/2849 2847/2847 2848/2848
f 2850/2850 2847/2847 2849/2849
f 2851/2851 2850/2850 2849/2849
f 2852/2852 2851/2851 2849/2849
f 2853/2853 2852/2852 2849/2849
f 2854/2854 2852/2852 2853/2853
f 2855/2855 2852/2852 2854/2854
f 2856/2856 2855/2855 2854/2854
f 2857/2857 2855/2855 2856/2856
f 2858/2858 2857/2857 2856/2856
f 2859/2859 2857/2857 2858/2858
f 2851/2851 2857/2857 2859/2859
f 2860/2860 2851/2851 2859/2859
f 2861/2861 2860/2860 2859/2859
f 2862/2862 2860/2860 2861/2861
f 2863/2863 2860/2860 2862/2862
f 2864/2864 2863/2863 2862/2862
f 2865/2865 2863/2863 2864/2864
f 2866/2866 2865/2865 2864/2864
f 2867/2867 2865/2865 2866/2866
f 2868/2868 2867/2867 2866/2866
f 2869/2869 2867/2867 2868/2868
f 2870/2870 2867/2867 2869/2869
f 2871/2871 2870/2870 2869/2869
f 2872/2872 2873/2873 2874/2874
f 2875/2875 2872/2872 2874/2874
f 2876/2876 2872/2872 2875/2875
f 2877/2877 2876/2876 2875/2875
f 2878/2878 2876/2876 2877/2877
f 2879/2879 2878/2878 2877/2877
f 2880/2880 2878/2878 2879/2879
f 2881/2881 2880/2880 2879/2879
f 2882/2882 2883/2883 2884/2884
f 2885/2885 2882/2882 2884/2884
f 2886/2886 2882/2882 2885/2885
f 2887/2887 2882/2882 2886/2886
f 2888/2888 2887/2887 2886/2886
f 2889/2889 2887/2887 2888/2888
f 2890/2890 2889/2889 2888/2888
f 2891/2891 2889/2889 2890/2890
f 2892/2892 2889/2889 2891/2891
f 2893/2893 2892/2892 2891/2891
f 2894/2894 2893/2893 2891/2891
f 2895/2895 2893/2893 2894/2894
f 2896/2896 2893/2893 2895/2895
f 2897/2897 2896/2896 2895/2895
f 2898/2898 2896/2896 2897/2897
f 2899/2899 2898/2898 2897/2897
f 2900/2900 2898/2898 2899/2899
f 2901/2901 2900/2900 2899/2899
f 2902/2902 2900/2900 2901/2901
f 2903/2903 2902/2902 2901/2901
f 2904/2904 2905/2905 2906/2906
f 2907/2907 2904/2904 2906/2906
f 2908/2908 2904/2904 2907/2907
f 2909/2909 2908/2908 2907/2907
f 2910/2910 2908/2908 2909/2909
f 2911/2911 2910/2910 2909/2909
f 2912/2912 2910/2910 2911/2911
f 2913/2913 2912/2912 2911/2911
f 2914/2914 2912/2912 2913/2913
f 2915/2915 2914/2914 2913/2913
f 2916/2916 2914/2914 2915/2915
f 2917/2917 2916/2916 2915/2915
f 2918/2918 2919/2919 2920/2920
f 2921/2921 2918/2918 2920/2920
f 2922/2922 2918/2918 2921/2921
f 2923/2923 2922/2922 2921/2921
f 2924/2924 2922/2922 2923/2923
f 2925/2925 2924/2924 2923/2923
f 2926/2926 2924/2924 2925/2925
f 2927/2927 2926/2926 2925/2925
f 2928/2928 2929/2929 2930/2930
f 2931/2931 2928/2928 2930/2930
f 2932/2932 2928/2928 2931/2931
f 2933/2933 2932/2932 2931/2931
f 2934/2934 2932/2932 2933/2933
f 2935/2935 2934/2934 2933/2933
f 2936/2936 2934/2934 2935/2935
f 2937/2937 2936/2936 2935/2935
f 2938/2938 2936/2936 2937/2937
f 2939/2939 2938/2938 2937/2937
f 2940/2940 2938/2938 2939/2939
f 2941/2941 2940/2940 2939/2939
f 2942/2942 2940/2940 2941/2941
f 2943/2943 2942/2942 2941/2941
f 2944/2944 2945/2945 2946/2946
f 2947/2947 2944/2944 2946/2946
f 2948/2948 2944/2944 2947/2947
f 2949/2949 2948/2948 2947/2947
f 2950/2950 2948/2948 2949/2949
f 2951/2951 2948/2948 2950/2950
f 2952/2952 2951/2951 2950/2950
f 2953/2953 2952/2952 2950/2950
f 2954/2954 2953/2953 2950/2950
f 2955/2955 2953/2953 2954/2954
f 2956/2956 2953/2953 2955/2955
f 2957/2957 2956/2956 2955/2955
f 2958/2958 2956/2956 2957/2957
f 2959/2959 2956/2956 2958/2958
f 2960/2960 2959/2959 2958/2958
f 2961/2961 2960/2960 2958/2958
f 2962/2962 2960/2960 2961/2961
f 2963/2963 2960/2960 2962/2962
f 2964/2964 2960/2960 2963/2963
f 2965/2965 2964/2964 2963/2963
f 2966/2966 2965/2965 2963/2963
f 2967/2967 2966/2966 2963/2963
f 2968/2968 2966/2966 2967/2967
f 2969/2969 2966/2966 2968/2968
f 2970/2970 2969/2969 2968/2968
f 2971/2971 2969/2969 2970/2970
f 2965/2965 2969/2969 2971/2971
f 2972/2972 2965/2965 2971/2971
f 2973/2973 2972/2972 2971/2971
f 2974/2974 2972/2972 2973/2973
f 2975/2975 2972/2972 2974/2974
f 2976/2976 2975/2975 2974/2974
f 2977/2977 2975/2975 2976/2976
f 2978/2978 2977/2977 2976/2976
f 2964/2964 2977/2977 2978/2978
f 2979/2979 2964/2964 2978/2978
f 2959/2959 2964/2964 2979/2979
f 2960/2960 2964/2964 2959/2959
f 2965/2965 2977/2977 2964/2964
f 2975/2975 2977/2977 2965/2965
f 2972/2972 2975/2975 2965/2965
f 2966/2966 2969/2969 2965/2965
f 2980/2980 2956/2956 2959/2959
f 2981/2981 2980/2980 2959/2959
f 2982/2982 2980/2980 2981/2981
f 2983/2983 2980/2980 2982/2982
f 2984/2984 2983/2983 2982/2982
f 2985/2985 2986/2986 2987/2987
f 2988/2988 2985/2985 2987/2987
f 2989/2989 2986/2986 2985/2985
f 2990/2990 2989/2989 2985/2985
f 2991/2991 2990/2990 2985/2985
f 2992/2992 2990/2990 2991/2991
f 2993/2993 2990/2990 2992/2992
f 2994/2994 2993/2993 2992/2992
f 2995/2995 2993/2993 2994/2994
f 2996/2996 2993/2993 2995/2995
f 2997/2997 2996/2996 2995/2995
f 2998/2998 2997/2997 2995/2995
f 2999/2999 2997/2997 2998/2998
f 3000/3000 2997/2997 2999/2999
f 3001/3001 3000/3000 2999/2999
f 3002/3002 3000/3000 3001/3001
f 3003/3003 3002/3002 3001/3001
f 3004/3004 3005/3005 3006/3006
f 3007/3007 3005/3005 3004/3004
f 3008/3008 3007/3007 3004/3004
f 3009/3009 3008/3008 3004/3004
f 3010/3010 3009/3009 3004/3004
f 3011/3011 3009/3009 3010/3010
f 3012/3012 3009/3009 3011/3011
f 3013/3013 3012/3012 3011/3011
f 3014/3014 3012/3012 3013/3013
f 3015/3015 3012/3012 3014/3014
f 3016/3016 3017/3017 3018/3018
f 3019/3019 3016/3016 3018/3018
f 2653/2653 2656/2656 3020/3020
f 2660/2660 3021/3021 3022/3022
f 2661/2661 2660/2660 3022/3022
f 2664/2664 3021/3021 2660/2660
f 3023/3023 3021/3021 2664/2664
f 2666/2666 3023/3023 2664/2664
f 3024/3024 3023/3023 2666/2666
f 2668/2668 3024/3024 2666/2666
f 2673/2673 3024/3024 2668/2668
f 2670/2670 2673/2673 2668/2668
f 3025/3025 3024/3024 2673/2673
f 2718/2718 3025/3025 2673/2673
f 3026/3026 3025/3025 2718/2718
f 3027/3027 3026/3026 2718/2718
f 3028/3028 3029/3029 2722/2722
f 3030/3030 3028/3028 2722/2722
f 2721/2721 3030/3030 2722/2722
f 2726/2726 3030/3030 2721/2721
f 2728/2728 3030/3030 2726/2726
f 3031/3031 3030/3030 2728/2728
f 2730/2730 3031/3031 2728/2728
f 2732/2732 3031/3031 2730/2730
f 3032/3032 3031/3031 2732/2732
f 2734/2734 3032/3032 2732/2732
f 2741/2741 3033/3033 2737/2737
f 2736/2736 2741/2741 2737/2737
f 3034/3034 3033/3033 2741/2741
f 3035/3035 3034/3034 2741/2741
f 3036/3036 3035/3035 2741/2741
f 2745/2745 3036/3036 2741/2741
f 2742/2742 2745/2745 2741/2741
f 2747/2747 3036/3036 2745/2745
f 3037/3037 3036/3036 2747/2747
f 3038/3038 3037/3037 2747/2747
f 2749/2749 3038/3038 2747/2747
f 2751/2751 3038/3038 2749/2749
f 2753/2753 3039/3039 2754/2754
f 2757/2757 3040/3040 2758/2758
f 3041/3041 3040/3040 2757/2757
f 2761/2761 3041/3041 2757/2757
f 2766/2766 3041/3041 2761/2761
f 2763/2763 2766/2766 2761/2761
f 3042/3042 3041/3041 2766/2766
f 3043/3043 3042/3042 2766/2766
f 3044/3044 3045/3045 3046/3046
f 3047/3047 3044/3044 3046/3046
f 3048/3048 3047/3047 3046/3046
f 2767/2767 3049/3049 2766/2766
f 3050/3050 3051/3051 3052/3052
f 2771/2771 3050/3050 3052/3052
f 2772/2772 2771/2771 3052/3052
f 3053/3053 3054/3054 2776/2776
f 2775/2775 3053/3053 2776/2776
f 3055/3055 3056/3056 2783/2783
f 2786/2786 3055/3055 2783/2783
f 2789/2789 3055/3055 2786/2786
f 2794/2794 3055/3055 2789/2789
f 2791/2791 2794/2794 2789/2789
f 3056/3056 3055/3055 2794/2794
f 3057/3057 3058/3058 2796/2796
f 2795/2795 3057/3057 2796/2796
f 2799/2799 3057/3057 2795/2795
f 2801/2801 3057/3057 2799/2799
f 2803/2803 3057/3057 2801/2801
f 2806/2806 3057/3057 2803/2803
f 3059/3059 3057/3057 2806/2806
f 2811/2811 3059/3059 2806/2806
f 2807/2807 2811/2811 2806/2806
f 2815/2815 3060/3060 2816/2816
f 2819/2819 3060/3060 2815/2815
f 3061/3061 3060/3060 2819/2819
f 2821/2821 3061/3061 2819/2819
f 2824/2824 3061/3061 2821/2821
f 3062/3062 3061/3061 2824/2824
f 3063/3063 3062/3062 2824/2824
f 3064/3064 3065/3065 3066/3066
f 2830/2830 3067/3067 3068/3068
f 2825/2825 2830/2830 3068/3068
f 2826/2826 2825/2825 3068/3068
f 3069/3069 3070/3070 2832/2832
f 2831/2831 3069/3069 2832/2832
f 2840/2840 3069/3069 2831/2831
f 3071/3071 3069/3069 2840/2840
f 2843/2843 3071/3071 2840/2840
f 2845/2845 3071/3071 2843/2843
f 2847/2847 3071/3071 2845/2845
f 3072/3072 3071/3071 2847/2847
f 2850/2850 3072/3072 2847/2847
f 2851/2851 3072/3072 2850/2850
f 2863/2863 3072/3072 2851/2851
f 2860/2860 2863/2863 2851/2851
f 2865/2865 3072/3072 2863/2863
f 2870/2870 3072/3072 2865/2865
f 2867/2867 2870/2870 2865/2865
f 3071/3071 3072/3072 2870/2870
f 3069/3069 3071/3071 2870/2870
f 3073/3073 3069/3069 2870/2870
f 2871/2871 3073/3073 2870/2870
f 2872/2872 3074/3074 2873/2873
f 3075/3075 3074/3074 2872/2872
f 2876/2876 3075/3075 2872/2872
f 2878/2878 3075/3075 2876/2876
f 3076/3076 3075/3075 2878/2878
f 2880/2880 3076/3076 2878/2878
f 3077/3077 3078/3078 2883/2883
f 3079/3079 3077/3077 2883/2883
f 3080/3080 3079/3079 2883/2883
f 2887/2887 3080/3080 2883/2883
f 2882/2882 2887/2887 2883/2883
f 2889/2889 3080/3080 2887/2887
f 2892/2892 3080/3080 2889/2889
f 3081/3081 3080/3080 2892/2892
f 3082/3082 3081/3081 2892/2892
f 2896/2896 3082/3082 2892/2892
f 2893/2893 2896/2896 2892/2892
f 2898/2898 3082/3082 2896/2896
f 2900/2900 3082/3082 2898/2898
f 2902/2902 3082/3082 2900/2900
f 3083/3083 3082/3082 2902/2902
f 2904/2904 3084/3084 2905/2905
f 3085/3085 3084/3084 2904/2904
f 2908/2908 3085/3085 2904/2904
f 2910/2910 3085/3085 2908/2908
f 3086/3086 3085/3085 2910/2910
f 2912/2912 3086/3086 2910/2910
f 3087/3087 3086/3086 2912/2912
f 2914/2914 3087/3087 2912/2912
f 2916/2916 3087/3087 2914/2914
f 3088/3088 3089/3089 3090/3090
f 3091/3091 3092/3092 2919/2919
f 2918/2918 3091/3091 2919/2919
f 2922/2922 3091/3091 2918/2918
f 3093/3093 3091/3091 2922/2922
f 2924/2924 3093/3093 2922/2922
f 2926/2926 3093/3093 2924/2924
f 2928/2928 3094/3094 2929/2929
f 3095/3095 3094/3094 2928/2928
f 2932/2932 3095/3095 2928/2928
f 2934/2934 3095/3095 2932/2932
f 2936/2936 3095/3095 2934/2934
f 3096/3096 3095/3095 2936/2936
f 2938/2938 3096/3096 2936/2936
f 2940/2940 3096/3096 2938/2938
f 2942/2942 3096/3096 2940/2940
f 3097/3097 3096/3096 2942/2942
f 2944/2944 3098/3098 2945/2945
f 2948/2948 3098/3098 2944/2944
f 2951/2951 3098/3098 2948/2948
f 2980/2980 2983/2983 2952/2952
f 2953/2953 2980/2980 2952/2952
f 2956/2956 2980/2980 2953/2953
f 2989/2989 3099/3099 3100/3100
f 2986/2986 2989/2989 3100/3100
f 3101/3101 3099/3099 2989/2989
f 3102/3102 3101/3101 2989/2989
f 3103/3103 3102/3102 2989/2989
f 3104/3104 3103/3103 2989/2989
f 2990/2990 3104/3104 2989/2989
f 2993/2993 3104/3104 2990/2990
f 2996/2996 3104/3104 2993/2993
f 3103/3103 3104/3104 2996/2996
f 3102/3102 3103/3103 2996/2996
f 3105/3105 3102/3102 2996/2996
f 3106/3106 3105/3105 2996/2996
f 3107/3107 3106/3106 2996/2996
f 2997/2997 3107/3107 2996/2996
f 3000/3000 3107/3107 2997/2997
f 3002/3002 3107/3107 3000/3000
f 3108/3108 3106/3106 3107/3107
f 3109/3109 3110/3110 3111/3111
f 3112/3112 3113/3113 3007/3007
f 3114/3114 3112/3112 3007/3007
f 3008/3008 3114/3114 3007/3007
f 3115/3115 3114/3114 3008/3008
f 3015/3015 3115/3115 3008/3008
f 3012/3012 3015/3015 3008/3008
f 3009/3009 3012/3012 3008/3008
f 3026/3026 3116/3116 3023/3023
f 3024/3024 3026/3026 3023/3023
f 3025/3025 3026/3026 3024/3024
f 3027/3027 3116/3116 3026/3026
f 3117/3117 3118/3118 3029/3029
f 3028/3028 3117/3117 3029/3029
f 3119/3119 3117/3117 3028/3028
f 3030/3030 3119/3119 3028/3028
f 3031/3031 3119/3119 3030/3030
f 3120/3120 3119/3119 3031/3031
f 3032/3032 3120/3120 3031/3031
f 3121/3121 3120/3120 3032/3032
f 3122/3122 3120/3120 3121/3121
f 3123/3123 3124/3124 3034/3034
f 3125/3125 3123/3123 3034/3034
f 3035/3035 3125/3125 3034/3034
f 3037/3037 3125/3125 3035/3035
f 3036/3036 3037/3037 3035/3035
f 3126/3126 3125/3125 3037/3037
f 3127/3127 3126/3126 3037/3037
f 3038/3038 3127/3127 3037/3037
f 3042/3042 3043/3043 3040/3040
f 3041/3041 3042/3042 3040/3040
f 3128/3128 3125/3125 3126/3126
f 3129/3129 3125/3125 3128/3128
f 3130/3130 3131/3131 3132/3132
f 3133/3133 3130/3130 3132/3132
f 3134/3134 3133/3133 3132/3132
f 3135/3135 3133/3133 3134/3134
f 3136/3136 3133/3133 3135/3135
f 3137/3137 3136/3136 3135/3135
f 3138/3138 3137/3137 3135/3135
f 3139/3139 3140/3140 3141/3141
f 3142/3142 3143/3143 3058/3058
f 3057/3057 3142/3142 3058/3058
f 3059/3059 3142/3142 3057/3057
f 3144/3144 3142/3142 3059/3059
f 3145/3145 3144/3144 3059/3059
f 3064/3064 3146/3146 3065/3065
f 3147/3147 3148/3148 3149/3149
f 3150/3150 3151/3151 3152/3152
f 3153/3153 3150/3150 3152/3152
f 3069/3069 3073/3073 3070/3070
f 3154/3154 3155/3155 3156/3156
f 3157/3157 3155/3155 3154/3154
f 3075/3075 3157/3157 3154/3154
f 3074/3074 3075/3075 3154/3154
f 3076/3076 3157/3157 3075/3075
f 3158/3158 3159/3159 3160/3160
f 3161/3161 3158/3158 3160/3160
f 3077/3077 3162/3162 3078/3078
f 3079/3079 3162/3162 3077/3077
f 3163/3163 3162/3162 3079/3079
f 3164/3164 3163/3163 3079/3079
f 3081/3081 3164/3164 3079/3079
f 3080/3080 3081/3081 3079/3079
f 3165/3165 3164/3164 3081/3081
f 3082/3082 3165/3165 3081/3081
f 3166/3166 3165/3165 3082/3082
f 3083/3083 3166/3166 3082/3082
f 3167/3167 3168/3168 3084/3084
f 3169/3169 3167/3167 3084/3084
f 3085/3085 3169/3169 3084/3084
f 3170/3170 3169/3169 3085/3085
f 3171/3171 3170/3170 3085/3085
f 3086/3086 3171/3171 3085/3085
f 3088/3088 3172/3172 3089/3089
f 3173/3173 3172/3172 3088/3088
f 3174/3174 3173/3173 3088/3088
f 3175/3175 3174/3174 3088/3088
f 3176/3176 3174/3174 3175/3175
f 3093/3093 3177/3177 3091/3091
f 3178/3178 3177/3177 3093/3093
f 3179/3179 3180/3180 3094/3094
f 3181/3181 3179/3179 3094/3094
f 3095/3095 3181/3181 3094/3094
f 3182/3182 3181/3181 3095/3095
f 3183/3183 3182/3182 3095/3095
f 3096/3096 3183/3183 3095/3095
f 3184/3184 3185/3185 3186/3186
f 3101/3101 3187/3187 3099/3099
f 3188/3188 3187/3187 3101/3101
f 3189/3189 3188/3188 3101/3101
f 3190/3190 3189/3189 3101/3101
f 3102/3102 3190/3190 3101/3101
f 3105/3105 3190/3190 3102/3102
f 3191/3191 3190/3190 3105/3105
f 3106/3106 3191/3191 3105/3105
f 3192/3192 3191/3191 3106/3106
f 3108/3108 3192/3192 3106/3106
f 3109/3109 3193/3193 3110/3110
f 3194/3194 3193/3193 3109/3109
f 3195/3195 3193/3193 3194/3194
f 3196/3196 3195/3195 3194/3194
f 3197/3197 3198/3198 3112/3112
f 3114/3114 3197/3197 3112/3112
f 3115/3115 3197/3197 3114/3114
f 3199/3199 3197/3197 3115/3115
f 3200/3200 3201/3201 3202/3202
f 3203/3203 3201/3201 3200/3200
f 3204/3204 3201/3201 3203/3203
f 3205/3205 3206/3206 3207/3207
f 3208/3208 3209/3209 3210/3210
f 3211/3211 3208/3208 3210/3210
f 3117/3117 3212/3212 3118/3118
f 3119/3119 3212/3212 3117/3117
f 3120/3120 3212/3212 3119/3119
f 3122/3122 3212/3212 3120/3120
f 3213/3213 3211/3211 3214/3214
f 3215/3215 3213/3213 3214/3214
f 3216/3216 3217/3217 3218/3218
f 3219/3219 3216/3216 3218/3218
f 3220/3220 3216/3216 3219/3219
f 3221/3221 3220/3220 3219/3219
f 3222/3222 3221/3221 3219/3219
f 3125/3125 3129/3129 3123/3123
f 3223/3223 3221/3221 3222/3222
f 3224/3224 3225/3225 3226/3226
f 3136/3136 3227/3227 3131/3131
f 3130/3130 3136/3136 3131/3131
f 3133/3133 3136/3136 3130/3130
f 3228/3228 3227/3227 3136/3136
f 3137/3137 3228/3228 3136/3136
f 3229/3229 3228/3228 3137/3137
f 3138/3138 3230/3230 3137/3137
f 3231/3231 3232/3232 3233/3233
f 3234/3234 3235/3235 3236/3236
f 3237/3237 3232/3232 3231/3231
f 3238/3238 3237/3237 3231/3231
f 3239/3239 3238/3238 3231/3231
f 3240/3240 3239/3239 3231/3231
f 3241/3241 3242/3242 3143/3143
f 3142/3142 3241/3241 3143/3143
f 3144/3144 3241/3241 3142/3142
f 3243/3243 3241/3241 3144/3144
f 3145/3145 3243/3243 3144/3144
f 3244/3244 3245/3245 3246/3246
f 3247/3247 3245/3245 3244/3244
f 3248/3248 3249/3249 3250/3250
f 3150/3150 3248/3248 3250/3250
f 3151/3151 3150/3150 3250/3250
f 3251/3251 3252/3252 3253/3253
f 3254/3254 3252/3252 3251/3251
f 3155/3155 3254/3254 3251/3251
f 3255/3255 3254/3254 3155/3155
f 3157/3157 3255/3255 3155/3155
f 3256/3256 3255/3255 3157/3157
f 3254/3254 3255/3255 3256/3256
f 3257/3257 3258/3258 3162/3162
f 3163/3163 3257/3257 3162/3162
f 3259/3259 3257/3257 3163/3163
f 3260/3260 3259/3259 3163/3163
f 3165/3165 3260/3260 3163/3163
f 3164/3164 3165/3165 3163/3163
f 3166/3166 3260/3260 3165/3165
f 3261/3261 3260/3260 3166/3166
f 3262/3262 3261/3261 3166/3166
f 3263/3263 3261/3261 3262/3262
f 3264/3264 3263/3263 3262/3262
f 3265/3265 3266/3266 3267/3267
f 3268/3268 3265/3265 3267/3267
f 3269/3269 3265/3265 3268/3268
f 3270/3270 3265/3265 3269/3269
f 3271/3271 3265/3265 3270/3270
f 3181/3181 3272/3272 3179/3179
f 3273/3273 3274/3274 3275/3275
f 3276/3276 3273/3273 3275/3275
f 3185/3185 3277/3277 3278/3278
f 3184/3184 3277/3277 3185/3185
f 3279/3279 3276/3276 3280/3280
f 3281/3281 3279/3279 3280/3280
f 3282/3282 3279/3279 3281/3281
f 3283/3283 3279/3279 3282/3282
f 3284/3284 3279/3279 3283/3283
f 3285/3285 3284/3284 3283/3283
f 3273/3273 3284/3284 3285/3285
f 3286/3286 3273/3273 3285/3285
f 3190/3190 3287/3287 3189/3189
f 3288/3288 3289/3289 3290/3290
f 3291/3291 3288/3288 3290/3290
f 3191/3191 3292/3292 3190/3190
f 3192/3192 3292/3292 3191/3191
f 3197/3197 3293/3293 3198/3198
f 3294/3294 3293/3293 3197/3197
f 3199/3199 3294/3294 3197/3197
f 3295/3295 3296/3296 3297/3297
f 3298/3298 3296/3296 3295/3295
f 3299/3299 3298/3298 3295/3295
f 3300/3300 3299/3299 3295/3295
f 3301/3301 3300/3300 3206/3206
f 3205/3205 3301/3301 3206/3206
f 3302/3302 3301/3301 3205/3205
f 3303/3303 3304/3304 3209/3209
f 3208/3208 3303/3303 3209/3209
f 3213/3213 3303/3303 3208/3208
f 3211/3211 3213/3213 3208/3208
f 3305/3305 3303/3303 3213/3213
f 3306/3306 3305/3305 3213/3213
f 3215/3215 3306/3306 3213/3213
f 3216/3216 3307/3307 3217/3217
f 3220/3220 3307/3307 3216/3216
f 3308/3308 3307/3307 3220/3220
f 3221/3221 3308/3308 3220/3220
f 3309/3309 3308/3308 3221/3221
f 3223/3223 3309/3309 3221/3221
f 3310/3310 3311/3311 3312/3312
f 3313/3313 3314/3314 3315/3315
f 3316/3316 3317/3317 3318/3318
f 3319/3319 3316/3316 3318/3318
f 3320/3320 3321/3321 3322/3322
f 3323/3323 3320/3320 3322/3322
f 3324/3324 3323/3323 3322/3322
f 3325/3325 3320/3320 3323/3323
f 3326/3326 3325/3325 3323/3323
f 3327/3327 3328/3328 3329/3329
f 3330/3330 3331/3331 3332/3332
f 3333/3333 3331/3331 3330/3330
f 3254/3254 3334/3334 3252/3252
f 3335/3335 3336/3336 3337/3337
f 3338/3338 3335/3335 3337/3337
f 3259/3259 3338/3338 3337/3337
f 3257/3257 3259/3259 3337/3337
f 3258/3258 3257/3257 3337/3337
f 3260/3260 3338/3338 3259/3259
f 3261/3261 3338/3338 3260/3260
f 3339/3339 3338/3338 3261/3261
f 3263/3263 3339/3339 3261/3261
f 3340/3340 3339/3339 3263/3263
f 3341/3341 3340/3340 3263/3263
f 3342/3342 3343/3343 3344/3344
f 3345/3345 3346/3346 3347/3347
f 3264/3264 3348/3348 3263/3263
f 3349/3349 3348/3348 3264/3264
f 3350/3350 3351/3351 3266/3266
f 3265/3265 3350/3350 3266/3266
f 3352/3352 3350/3350 3265/3265
f 3353/3353 3352/3352 3265/3265
f 3271/3271 3353/3353 3265/3265
f 3298/3298 3354/3354 3296/3296
f 3355/3355 3354/3354 3298/3298
f 3356/3356 3355/3355 3298/3298
f 3299/3299 3356/3356 3298/3298
f 3301/3301 3356/3356 3299/3299
f 3300/3300 3301/3301 3299/3299
f 3357/3357 3356/3356 3301/3301
f 3358/3358 3359/3359 3360/3360
f 3361/3361 3362/3362 3305/3305
f 3306/3306 3361/3361 3305/3305
f 3363/3363 3364/3364 3307/3307
f 3308/3308 3363/3363 3307/3307
f 3365/3365 3363/3363 3308/3308
f 3366/3366 3367/3367 3368/3368
f 3369/3369 3367/3367 3366/3366
f 3370/3370 3371/3371 3372/3372
f 3373/3373 3370/3370 3372/3372
f 3374/3374 3370/3370 3373/3373
f 3375/3375 3365/3365 3376/3376
f 3313/3313 3377/3377 3314/3314
f 3378/3378 3365/3365 3375/3375
f 3363/3363 3365/3365 3378/3378
f 3379/3379 3363/3363 3378/3378
f 3380/3380 3379/3379 3378/3378
f 3381/3381 3382/3382 3383/3383
f 3361/3361 3382/3382 3381/3381
f 3384/3384 3361/3361 3381/3381
f 3351/3351 3385/3385 3386/3386
f 3387/3387 3388/3388 3389/3389
f 3390/3390 3388/3388 3387/3387
f 3327/3327 3391/3391 3328/3328
f 3350/3350 3385/3385 3351/3351
f 3358/3358 3385/3385 3350/3350
f 3359/3359 3358/3358 3350/3350
f 3352/3352 3359/3359 3350/3350
f 3392/3392 3359/3359 3352/3352
f 3361/3361 3384/3384 3362/3362
f 3363/3363 3379/3379 3364/3364
f 3355/3355 3356/3356 3357/3357
f 3335/3335 3340/3340 3341/3341
f 3338/3338 3340/3340 3335/3335
f 3339/3339 3340/3340 3338/3338
f 3273/3273 3286/3286 3274/3274
f 3276/3276 3284/3284 3273/3273
f 3279/3279 3284/3284 3276/3276
f 3173/3173 3393/3393 3172/3172
f 3394/3394 3393/3393 3173/3173
f 3395/3395 3394/3394 3173/3173
f 3174/3174 3395/3395 3173/3173
f 3176/3176 3395/3395 3174/3174
f 3178/3178 3396/3396 3177/3177
f 3397/3397 3396/3396 3178/3178
f 3171/3171 3398/3398 3170/3170
f 2855/2855 2857/2857 2851/2851
f 2852/2852 2855/2855 2851/2851
f 2674/2674 2716/2716 2673/2673
f 3399/3399 2711/2711 2676/2676
f 3400/3400 3399/3399 2676/2676
f 2679/2679 3400/3400 2676/2676
f 3401/3401 3400/3400 2679/2679
f 2682/2682 3401/3401 2679/2679
f 2684/2684 3401/3401 2682/2682
f 2686/2686 3401/3401 2684/2684
f 3402/3402 3401/3401 2686/2686
f 2688/2688 3402/3402 2686/2686
f 2690/2690 3402/3402 2688/2688
f 3403/3403 3400/3400 3401/3401
f 3404/3404 3400/3400 3403/3403
f 2693/2693 2697/2697 3405/3405
f 2692/2692 2697/2697 2693/2693
f 3399/3399 3400/3400 3404/3404
f 2704/2704 3406/3406 3407/3407
f 2703/2703 3406/3406 2704/2704
f 2707/2707 3406/3406 2703/2703
f 2709/2709 3406/3406 2707/2707
f 2711/2711 3399/3399 2712/2712
usemtl mtl_36_0
f 3408/3408 3409/3409 3410/3410
f 3411/3411 3408/3408 3410/3410
f 3412/3412 3408/3408 3411/3411
f 3413/3413 3414/3414 3415/3415
f 3416/3416 3414/3414 3413/3413
f 3417/3417 3414/3414 3416/3416
f 3418/3418 3417/3417 3416/3416
f 3419/3419 3417/3417 3418/3418
f 3420/3420 3421/3421 3422/3422
f 3423/3423 3420/3420 3422/3422
f 3424/3424 3420/3420 3423/3423
f 3425/3425 3424/3424 3423/3423
f 3426/3426 3427/3427 3428/3428
f 3429/3429 3426/3426 3428/3428
f 3430/3430 3431/3431 3432/3432
f 3433/3433 3430/3430 3432/3432
f 3434/3434 3431/3431 3430/3430
f 3435/3435 3434/3434 3430/3430
f 3436/3436 3431/3431 3434/3434
f 3437/3437 3436/3436 3434/3434
f 3438/3438 3436/3436 3437/3437
f 3439/3439 3436/3436 3438/3438
f 3440/3440 3439/3439 3438/3438
f 3441/3441 3439/3439 3440/3440
f 3442/3442 3441/3441 3440/3440
f 3443/3443 3441/3441 3442/3442
f 3444/3444 3441/3441 3443/3443
f 3445/3445 3444/3444 3443/3443
f 3446/3446 3445/3445 3443/3443
f 3447/3447 3444/3444 3445/3445
f 3448/3448 3447/3447 3445/3445
f 3449/3449 3447/3447 3448/3448
f 3450/3450 3451/3451 3452/3452
f 3453/3453 3450/3450 3452/3452
f 3454/3454 3450/3450 3453/3453
f 3455/3455 3454/3454 3453/3453
f 3456/3456 3457/3457 3458/3458
f 3459/3459 3456/3456 3458/3458
f 3460/3460 3456/3456 3459/3459
f 3461/3461 3460/3460 3459/3459
f 3462/3462 3460/3460 3461/3461
f 3463/3463 3462/3462 3461/3461
f 3464/3464 3462/3462 3463/3463
f 3465/3465 3464/3464 3463/3463
f 3466/3466 3464/3464 3465/3465
f 3467/3467 3466/3466 3465/3465
f 3468/3468 3466/3466 3467/3467
f 3469/3469 3466/3466 3468/3468
f 3470/3470 3469/3469 3468/3468
f 3471/3471 3470/3470 3468/3468
f 3472/3472 3469/3469 3470/3470
f 3473/3473 3474/3474 3475/3475
f 3476/3476 3474/3474 3473/3473
f 3477/3477 3474/3474 3476/3476
f 3478/3478 3477/3477 3476/3476
f 3408/3408 3477/3477 3478/3478
f 3409/3409 3408/3408 3478/3478
f 3412/3412 3477/3477 3408/3408
f 3479/3479 3480/3480 3421/3421
f 3420/3420 3479/3479 3421/3421
f 3424/3424 3479/3479 3420/3420
f 3481/3481 3479/3479 3424/3424
f 3482/3482 3483/3483 3427/3427
f 3426/3426 3482/3482 3427/3427
f 3441/3441 3444/3444 3431/3431
f 3439/3439 3441/3441 3431/3431
f 3436/3436 3439/3439 3431/3431
f 3450/3450 3484/3484 3451/3451
f 3454/3454 3484/3484 3450/3450
f 3485/3485 3484/3484 3454/3454
f 3456/3456 3479/3479 3457/3457
f 3460/3460 3479/3479 3456/3456
f 3480/3480 3479/3479 3460/3460
f 3462/3462 3480/3480 3460/3460
f 3486/3486 3480/3480 3462/3462
f 3464/3464 3486/3486 3462/3462
f 3469/3469 3486/3486 3464/3464
f 3466/3466 3469/3469 3464/3464
f 3477/3477 3487/3487 3474/3474
f 3488/3488 3489/3489 3490/3490
f 3491/3491 3488/3488 3490/3490
f 3483/3483 3484/3484 3485/3485
f 3482/3482 3484/3484 3483/3483
usemtl mtl_36_1
f 3492/3492 3493/3493 3494/3494
f 3495/3495 3493/3493 3492/3492
f 3496/3496 3495/3495 3492/3492
f 3497/3497 3495/3495 3496/3496
f 3498/3498 3495/3495 3497/3497
f 3499/3499 3498/3498 3497/3497
f 3500/3500 3498/3498 3499/3499
f 3501/3501 3500/3500 3499/3499
f 3502/3502 3500/3500 3501/3501
f 3503/3503 3500/3500 3502/3502
f 3504/3504 3500/3500 3503/3503
f 3505/3505 3500/3500 3504/3504
f 3506/3506 3505/3505 3504/3504
f 3507/3507 3508/3508 3509/3509
f 3510/3510 3507/3507 3509/3509
f 3511/3511 3507/3507 3510/3510
f 3512/3512 3511/3511 3510/3510
f 3513/3513 3511/3511 3512/3512
f 3514/3514 3513/3513 3512/3512
f 3515/3515 3513/3513 3514/3514
f 3516/3516 3515/3515 3514/3514
f 3517/3517 3515/3515 3516/3516
f 3518/3518 3517/3517 3516/3516
f 3519/3519 3517/3517 3518/3518
f 3520/3520 3519/3519 3518/3518
f 3521/3521 3522/3522 3523/3523
f 3524/3524 3521/3521 3523/3523
f 3525/3525 3521/3521 3524/3524
f 3526/3526 3525/3525 3524/3524
f 3527/3527 3528/3528 3529/3529
f 3530/3530 3527/3527 3529/3529
f 3531/3531 3527/3527 3530/3530
f 3532/3532 3531/3531 3530/3530
f 3533/3533 3534/3534 3535/3535
f 3536/3536 3533/3533 3535/3535
f 3537/3537 3533/3533 3536/3536
f 3538/3538 3537/3537 3536/3536
f 3539/3539 3540/3540 3541/3541
f 3542/3542 3539/3539 3541/3541
f 3543/3543 3539/3539 3542/3542
f 3544/3544 3543/3543 3542/3542
f 3545/3545 3543/3543 3544/3544
f 3546/3546 3543/3543 3545/3545
f 3547/3547 3546/3546 3545/3545
f 3548/3548 3547/3547 3545/3545
f 3549/3549 3548/3548 3545/3545
f 3550/3550 3548/3548 3549/3549
f 3551/3551 3548/3548 3550/3550
f 3552/3552 3551/3551 3550/3550
f 3553/3553 3551/3551 3552/3552
f 3554/3554 3551/3551 3553/3553
f 3555/3555 3556/3556 3557/3557
f 3558/3558 3555/3555 3557/3557
f 3559/3559 3555/3555 3558/3558
f 3560/3560 3559/3559 3558/3558
f 3561/3561 3559/3559 3560/3560
f 3562/3562 3561/3561 3560/3560
f 3563/3563 3561/3561 3562/3562
f 3564/3564 3563/3563 3562/3562
f 3565/3565 3563/3563 3564/3564
f 3566/3566 3565/3565 3564/3564
f 3567/3567 3568/3568 3569/3569
f 3570/3570 3567/3567 3569/3569
f 3571/3571 3567/3567 3570/3570
f 3572/3572 3567/3567 3571/3571
f 3573/3573 3572/3572 3571/3571
f 3574/3574 3567/3567 3572/3572
f 3575/3575 3567/3567 3574/3574
f 3568/3568 3567/3567 3575/3575
f 3576/3576 3568/3568 3575/3575
f 3577/3577 3568/3568 3576/3576
f 3578/3578 3577/3577 3576/3576
f 3579/3579 3577/3577 3578/3578
f 3580/3580 3579/3579 3578/3578
f 3581/3581 3579/3579 3580/3580
f 3582/3582 3583/3583 3584/3584
f 3585/3585 3586/3586 3587/3587
f 3588/3588 3585/3585 3587/3587
f 3589/3589 3590/3590 3591/3591
f 3592/3592 3590/3590 3589/3589
f 3593/3593 3590/3590 3592/3592
f 3507/3507 3593/3593 3592/3592
f 3508/3508 3507/3507 3592/3592
f 3500/3500 3505/3505 3498/3498
f 3511/3511 3593/3593 3507/3507
f 3513/3513 3593/3593 3511/3511
f 3594/3594 3593/3593 3513/3513
f 3515/3515 3594/3594 3513/3513
f 3595/3595 3594/3594 3515/3515
f 3517/3517 3595/3595 3515/3515
f 3519/3519 3595/3595 3517/3517
f 3521/3521 3596/3596 3522/3522
f 3597/3597 3596/3596 3521/3521
f 3525/3525 3597/3597 3521/3521
f 3527/3527 3598/3598 3528/3528
f 3599/3599 3598/3598 3527/3527
f 3531/3531 3599/3599 3527/3527
f 3533/3533 3600/3600 3534/3534
f 3537/3537 3600/3600 3533/3533
f 3546/3546 3601/3601 3540/3540
f 3539/3539 3546/3546 3540/3540
f 3543/3543 3546/3546 3539/3539
f 3602/3602 3601/3601 3546/3546
f 3547/3547 3602/3602 3546/3546
f 3603/3603 3602/3602 3547/3547
f 3554/3554 3603/3603 3547/3547
f 3551/3551 3554/3554 3547/3547
f 3548/3548 3551/3551 3547/3547
f 3556/3556 3602/3602 3603/3603
f 3555/3555 3602/3602 3556/3556
f 3559/3559 3602/3602 3555/3555
f 3561/3561 3602/3602 3559/3559
f 3563/3563 3602/3602 3561/3561
f 3565/3565 3602/3602 3563/3563
f 3604/3604 3602/3602 3565/3565
f 3605/3605 3606/3606 3607/3607
f 3608/3608 3605/3605 3607/3607
f 3609/3609 3608/3608 3607/3607
f 3579/3579 3610/3610 3577/3577
f 3608/3608 3611/3611 3612/3612
f 3605/3605 3608/3608 3612/3612
f 3585/3585 3613/3613 3586/3586
f 3596/3596 3613/3613 3585/3585
f 3594/3594 3595/3595 3590/3590
f 3593/3593 3594/3594 3590/3590
f 3597/3597 3613/3613 3596/3596
f 3599/3599 3605/3605 3598/3598
f 3606/3606 3605/3605 3599/3599
f 3609/3609 3611/3611 3608/3608
f 3602/3602 3604/3604 3601/3601
usemtl mtl_41_0
f 3614/3614 3615/3615 3616/3616
f 3617/3617 3614/3614 3616/3616
f 3618/3618 3614/3614 3617/3617
f 3619/3619 3618/3618 3617/3617
f 3620/3620 3621/3621 3622/3622
f 3623/3623 3620/3620 3622/3622
f 3624/3624 3620/3620 3623/3623
f 3625/3625 3620/3620 3624/3624
f 3626/3626 3625/3625 3624/3624
f 3627/3627 3626/3626 3624/3624
f 3628/3628 3626/3626 3627/3627
f 3629/3629 3630/3630 3631/3631
f 3632/3632 3630/3630 3629/3629
f 3633/3633 3632/3632 3629/3629
f 3634/3634 3633/3633 3629/3629
f 3635/3635 3633/3633 3634/3634
f 3636/3636 3633/3633 3635/3635
f 3637/3637 3636/3636 3635/3635
f 3638/3638 3636/3636 3637/3637
f 3639/3639 3638/3638 3637/3637
f 3640/3640 3638/3638 3639/3639
f 3641/3641 3640/3640 3639/3639
f 3642/3642 3640/3640 3641/3641
f 3643/3643 3640/3640 3642/3642
f 3644/3644 3645/3645 3646/3646
f 3647/3647 3644/3644 3646/3646
f 3648/3648 3644/3644 3647/3647
f 3649/3649 3644/3644 3648/3648
f 3650/3650 3649/3649 3648/3648
f 3651/3651 3652/3652 3653/3653
f 3654/3654 3651/3651 3653/3653
f 3655/3655 3651/3651 3654/3654
f 3656/3656 3651/3651 3655/3655
f 3657/3657 3656/3656 3655/3655
f 3658/3658 3659/3659 3660/3660
f 3661/3661 3658/3658 3660/3660
f 3662/3662 3658/3658 3661/3661
f 3663/3663 3662/3662 3661/3661
f 3664/3664 3665/3665 3666/3666
f 3667/3667 3664/3664 3666/3666
f 3668/3668 3664/3664 3667/3667
f 3669/3669 3670/3670 3668/3668
f 3671/3671 3670/3670 3669/3669
f 3672/3672 3673/3673 3674/3674
f 3675/3675 3672/3672 3674/3674
f 3676/3676 3677/3677 3678/3678
f 3679/3679 3676/3676 3678/3678
f 3680/3680 3676/3676 3679/3679
f 3681/3681 3680/3680 3679/3679
f 3614/3614 3682/3682 3615/3615
f 3683/3683 3682/3682 3614/3614
f 3618/3618 3683/3683 3614/3614
f 3620/3620 3625/3625 3621/3621
f 3633/3633 3684/3684 3632/3632
f 3685/3685 3684/3684 3633/3633
f 3636/3636 3685/3685 3633/3633
f 3638/3638 3685/3685 3636/3636
f 3640/3640 3685/3685 3638/3638
f 3643/3643 3685/3685 3640/3640
f 3649/3649 3686/3686 3645/3645
f 3644/3644 3649/3649 3645/3645
f 3656/3656 3687/3687 3652/3652
f 3651/3651 3656/3656 3652/3652
f 3688/3688 3689/3689 3659/3659
f 3658/3658 3688/3688 3659/3659
f 3662/3662 3688/3688 3658/3658
f 3664/3664 3690/3690 3665/3665
f 3676/3676 3691/3691 3677/3677
f 3680/3680 3691/3691 3676/3676
usemtl mtl_41_1
f 3692/3692 3693/3693 3694/3694
f 3695/3695 3692/3692 3694/3694
f 3696/3696 3692/3692 3695/3695
f 3697/3697 3696/3696 3695/3695
f 3698/3698 3696/3696 3697/3697
f 3699/3699 3698/3698 3697/3697
f 3700/3700 3701/3701 3702/3702
f 3703/3703 3704/3704 3701/3701
f 3705/3705 3703/3703 3701/3701
f 3706/3706 3704/3704 3703/3703
f 3707/3707 3706/3706 3703/3703
f 3708/3708 3706/3706 3707/3707
f 3709/3709 3710/3710 3711/3711
f 3712/3712 3709/3709 3711/3711
f 3713/3713 3709/3709 3712/3712
f 3714/3714 3713/3713 3712/3712
f 3715/3715 3713/3713 3714/3714
f 3716/3716 3713/3713 3715/3715
f 3717/3717 3718/3718 3719/3719
f 3720/3720 3717/3717 3719/3719
f 3721/3721 3722/3722 3717/3717
f 3723/3723 3722/3722 3721/3721
f 3724/3724 3722/3722 3723/3723
f 3725/3725 3726/3726 3727/3727
f 3728/3728 3725/3725 3727/3727
f 3729/3729 3725/3725 3728/3728
f 3730/3730 3729/3729 3728/3728
f 3731/3731 3729/3729 3730/3730
f 3732/3732 3729/3729 3731/3731
f 3733/3733 3732/3732 3731/3731
f 3734/3734 3735/3735 3736/3736
f 3737/3737 3734/3734 3736/3736
f 3738/3738 3734/3734 3737/3737
f 3696/3696 3739/3739 3740/3740
f 3692/3692 3696/3696 3740/3740
f 3693/3693 3692/3692 3740/3740
f 3698/3698 3739/3739 3696/3696
f 3725/3725 3741/3741 3726/3726
f 3732/3732 3741/3741 3725/3725
f 3729/3729 3732/3732 3725/3725
f 3733/3733 3741/3741 3732/3732
f 3713/3713 3716/3716 3742/3742
f 3709/3709 3713/3713 3742/3742
f 3710/3710 3709/3709 3742/3742
usemtl mtl_42_0
f 3902/3902 3903/3903 3904/3904
f 3905/3905 3902/3902 3904/3904
f 3906/3906 3905/3905 3904/3904
f 3907/3907 3908/3908 3909/3909
f 3910/3910 3907/3907 3909/3909
f 3911/3911 3907/3907 3910/3910
f 3912/3912 3911/3911 3910/3910
f 3913/3913 3911/3911 3912/3912
f 3914/3914 3915/3915 3913/3913
f 3916/3916 3915/3915 3914/3914
f 3917/3917 3915/3915 3916/3916
f 3918/3918 3915/3915 3917/3917
f 3919/3919 3918/3918 3917/3917
f 3920/3920 3919/3919 3917/3917
f 3921/3921 3919/3919 3920/3920
f 3922/3922 3923/3923 3924/3924
f 3925/3925 3922/3922 3924/3924
f 3926/3926 3922/3922 3925/3925
f 3927/3927 3922/3922 3926/3926
f 3928/3928 3927/3927 3926/3926
f 3929/3929 3930/3930 3931/3931
f 3932/3932 3930/3930 3929/3929
f 3933/3933 3932/3932 3929/3929
f 3934/3934 3933/3933 3929/3929
f 3935/3935 3933/3933 3934/3934
f 3936/3936 3933/3933 3935/3935
f 3937/3937 3936/3936 3935/3935
f 3938/3938 3936/3936 3937/3937
f 3939/3939 3938/3938 3937/3937
f 3940/3940 3941/3941 3942/3942
f 3943/3943 3940/3940 3942/3942
f 3944/3944 3940/3940 3943/3943
f 3945/3945 3946/3946 3944/3944
f 3947/3947 3946/3946 3945/3945
f 3948/3948 3949/3949 3950/3950
f 3951/3951 3948/3948 3950/3950
f 3952/3952 3948/3948 3951/3951
f 3953/3953 3948/3948 3952/3952
f 3954/3954 3955/3955 3956/3956
f 3957/3957 3954/3954 3956/3956
f 3958/3958 3954/3954 3957/3957
f 3959/3959 3958/3958 3957/3957
f 3960/3960 3958/3958 3959/3959
f 3961/3961 3960/3960 3959/3959
f 3962/3962 3963/3963 3964/3964
f 3965/3965 3962/3962 3964/3964
f 3966/3966 3962/3962 3965/3965
f 3967/3967 3968/3968 3969/3969
f 3970/3970 3967/3967 3969/3969
f 3971/3971 3967/3967 3970/3970
f 3972/3972 3971/3971 3970/3970
f 3973/3973 3974/3974 3975/3975
f 3976/3976 3977/3977 3978/3978
f 3979/3979 3976/3976 3978/3978
f 3980/3980 3976/3976 3979/3979
f 3981/3981 3980/3980 3979/3979
f 3982/3982 3980/3980 3981/3981
f 3983/3983 3982/3982 3981/3981
f 3984/3984 3982/3982 3983/3983
f 3985/3985 3984/3984 3983/3983
f 3986/3986 3984/3984 3985/3985
f 3987/3987 3986/3986 3985/3985
f 3988/3988 3986/3986 3987/3987
f 3989/3989 3986/3986 3988/3988
f 3990/3990 3989/3989 3988/3988
f 3991/3991 3990/3990 3988/3988
f 3992/3992 3990/3990 3991/3991
f 3993/3993 3990/3990 3992/3992
f 3994/3994 3993/3993 3992/3992
f 3995/3995 3993/3993 3994/3994
f 3996/3996 3993/3993 3995/3995
f 3997/3997 3996/3996 3995/3995
f 3998/3998 3997/3997 3995/3995
f 3999/3999 3997/3997 3998/3998
f 4000/4000 3997/3997 3999/3999
f 4001/4001 3997/3997 4000/4000
f 4002/4002 4003/4003 4000/4000
f 4004/4004 4003/4003 4002/4002
f 4005/4005 4003/4003 4004/4004
f 3903/3903 4005/4005 4004/4004
f 3902/3902 4005/4005 3903/3903
f 3905/3905 4006/4006 3902/3902
f 3907/3907 4007/4007 3908/3908
f 3911/3911 4007/4007 3907/3907
f 3936/3936 4008/4008 3932/3932
f 3933/3933 3936/3936 3932/3932
f 3938/3938 4008/4008 3936/3936
f 4009/4009 4008/4008 3938/3938
f 3948/3948 4010/4010 3949/3949
f 3953/3953 4010/4010 3948/3948
f 3967/3967 3971/3971 4011/4011
f 3968/3968 3967/3967 4011/4011
f 4012/4012 3968/3968 4011/4011
f 3954/3954 4012/4012 4011/4011
f 3955/3955 3954/3954 4011/4011
f 3958/3958 4012/4012 3954/3954
f 3960/3960 4012/4012 3958/3958
f 3993/3993 3996/3996 3989/3989
f 3990/3990 3993/3993 3989/3989
f 3997/3997 4001/4001 3996/3996
f 3923/3923 3922/3922 3927/3927
usemtl mtl_42_1
f 3743/3743 3744/3744 3745/3745
f 3746/3746 3743/3743 3745/3745
f 3747/3747 3743/3743 3746/3746
f 3748/3748 3747/3747 3746/3746
f 3749/3749 3750/3750 3751/3751
f 3752/3752 3749/3749 3751/3751
f 3753/3753 3749/3749 3752/3752
f 3754/3754 3749/3749 3753/3753
f 3755/3755 3749/3749 3754/3754
f 3756/3756 3755/3755 3754/3754
f 3757/3757 3756/3756 3754/3754
f 3758/3758 3756/3756 3757/3757
f 3759/3759 3760/3760 3761/3761
f 3762/3762 3759/3759 3761/3761
f 3763/3763 3759/3759 3762/3762
f 3764/3764 3763/3763 3762/3762
f 3765/3765 3766/3766 3767/3767
f 3768/3768 3765/3765 3767/3767
f 3769/3769 3765/3765 3768/3768
f 3770/3770 3769/3769 3768/3768
f 3771/3771 3769/3769 3770/3770
f 3772/3772 3771/3771 3770/3770
f 3773/3773 3771/3771 3772/3772
f 3774/3774 3773/3773 3772/3772
f 3775/3775 3776/3776 3777/3777
f 3778/3778 3775/3775 3777/3777
f 3779/3779 3775/3775 3778/3778
f 3780/3780 3779/3779 3778/3778
f 3781/3781 3779/3779 3780/3780
f 3782/3782 3781/3781 3780/3780
f 3783/3783 3781/3781 3782/3782
f 3784/3784 3783/3783 3782/3782
f 3785/3785 3786/3786 3787/3787
f 3788/3788 3785/3785 3787/3787
f 3789/3789 3788/3788 3787/3787
f 3790/3790 3788/3788 3789/3789
f 3791/3791 3788/3788 3790/3790
f 3792/3792 3791/3791 3790/3790
f 3793/3793 3794/3794 3795/3795
f 3796/3796 3793/3793 3795/3795
f 3797/3797 3793/3793 3796/3796
f 3798/3798 3797/3797 3796/3796
f 3799/3799 3800/3800 3801/3801
f 3802/3802 3800/3800 3799/3799
f 3803/3803 3802/3802 3799/3799
f 3804/3804 3803/3803 3799/3799
f 3805/3805 3806/3806 3807/3807
f 3808/3808 3805/3805 3807/3807
f 3809/3809 3810/3810 3811/3811
f 3812/3812 3809/3809 3811/3811
f 3813/3813 3814/3814 3815/3815
f 3816/3816 3814/3814 3813/3813
f 3817/3817 3816/3816 3813/3813
f 3818/3818 3817/3817 3813/3813
f 3819/3819 3818/3818 3813/3813
f 3820/3820 3818/3818 3819/3819
f 3821/3821 3818/3818 3820/3820
f 3817/3817 3818/3818 3821/3821
f 3822/3822 3817/3817 3821/3821
f 3823/3823 3816/3816 3817/3817
f 3824/3824 3816/3816 3823/3823
f 3825/3825 3826/3826 3827/3827
f 3828/3828 3825/3825 3827/3827
f 3829/3829 3825/3825 3828/3828
f 3830/3830 3829/3829 3828/3828
f 3831/3831 3832/3832 3833/3833
f 3834/3834 3831/3831 3833/3833
f 3835/3835 3831/3831 3834/3834
f 3832/3832 3831/3831 3835/3835
f 3836/3836 3832/3832 3835/3835
f 3837/3837 3836/3836 3835/3835
f 3838/3838 3836/3836 3837/3837
f 3839/3839 3836/3836 3838/3838
f 3840/3840 3839/3839 3838/3838
f 3841/3841 3839/3839 3840/3840
f 3842/3842 3841/3841 3840/3840
f 3843/3843 3841/3841 3842/3842
f 3844/3844 3841/3841 3843/3843
f 3845/3845 3844/3844 3843/3843
f 3846/3846 3845/3845 3843/3843
f 3847/3847 3845/3845 3846/3846
f 3848/3848 3845/3845 3847/3847
f 3849/3849 3848/3848 3847/3847
f 3850/3850 3848/3848 3849/3849
f 3851/3851 3850/3850 3849/3849
f 3852/3852 3850/3850 3851/3851
f 3853/3853 3852/3852 3851/3851
f 3854/3854 3852/3852 3853/3853
f 3855/3855 3856/3856 3854/3854
f 3857/3857 3856/3856 3855/3855
f 3858/3858 3856/3856 3857/3857
f 3859/3859 3860/3860 3861/3861
f 3862/3862 3863/3863 3860/3860
f 3864/3864 3863/3863 3862/3862
f 3865/3865 3866/3866 3867/3867
f 3868/3868 3865/3865 3867/3867
f 3869/3869 3865/3865 3868/3868
f 3870/3870 3869/3869 3868/3868
f 3871/3871 3869/3869 3870/3870
f 3872/3872 3871/3871 3870/3870
f 3873/3873 3871/3871 3872/3872
f 3874/3874 3875/3875 3873/3873
f 3876/3876 3874/3874 3873/3873
f 3877/3877 3875/3875 3874/3874
f 3878/3878 3877/3877 3874/3874
f 3879/3879 3880/3880 3881/3881
f 3882/3882 3879/3879 3881/3881
f 3883/3883 3880/3880 3879/3879
f 3884/3884 3883/3883 3879/3879
f 3885/3885 3883/3883 3884/3884
f 3886/3886 3883/3883 3885/3885
f 3887/3887 3886/3886 3885/3885
f 3888/3888 3886/3886 3887/3887
f 3889/3889 3888/3888 3887/3887
f 3743/3743 3890/3890 3744/3744
f 3891/3891 3890/3890 3743/3743
f 3747/3747 3891/3891 3743/3743
f 3759/3759 3892/3892 3760/3760
f 3763/3763 3892/3892 3759/3759
f 3765/3765 3893/3893 3766/3766
f 3769/3769 3893/3893 3765/3765
f 3771/3771 3893/3893 3769/3769
f 3773/3773 3893/3893 3771/3771
f 3894/3894 3893/3893 3773/3773
f 3895/3895 3896/3896 3776/3776
f 3775/3775 3895/3895 3776/3776
f 3779/3779 3895/3895 3775/3775
f 3781/3781 3895/3895 3779/3779
f 3783/3783 3895/3895 3781/3781
f 3897/3897 3895/3895 3783/3783
f 3810/3810 3809/3809 3785/3785
f 3788/3788 3791/3791 3785/3785
f 3793/3793 3898/3898 3794/3794
f 3797/3797 3898/3898 3793/3793
f 3899/3899 3898/3898 3797/3797
f 3806/3806 3898/3898 3899/3899
f 3805/3805 3898/3898 3806/3806
f 3825/3825 3900/3900 3826/3826
f 3896/3896 3900/3900 3825/3825
f 3829/3829 3896/3896 3825/3825
f 3841/3841 3844/3844 3839/3839
f 3848/3848 3901/3901 3844/3844
f 3845/3845 3848/3848 3844/3844
f 3850/3850 3901/3901 3848/3848
f 3852/3852 3901/3901 3850/3850
f 3895/3895 3900/3900 3896/3896
f 3897/3897 3900/3900 3895/3895
usemtl mtl_43_0
f 4013/4013 4014/4014 4015/4015
f 4016/4016 4013/4013 4015/4015
f 4017/4017 4013/4013 4016/4016
f 4018/4018 4017/4017 4016/4016
f 4019/4019 4017/4017 4018/4018
f 4020/4020 4019/4019 4018/4018
f 4021/4021 4019/4019 4020/4020
f 4022/4022 4021/4021 4020/4020
f 4023/4023 4021/4021 4022/4022
f 4024/4024 4023/4023 4022/4022
f 4025/4025 4026/4026 4027/4027
f 4028/4028 4025/4025 4027/4027
f 4029/4029 4028/4028 4027/4027
f 4030/4030 4028/4028 4029/4029
f 4031/4031 4028/4028 4030/4030
f 4032/4032 4031/4031 4030/4030
f 4033/4033 4034/4034 4035/4035
f 4036/4036 4033/4033 4035/4035
f 4037/4037 4033/4033 4036/4036
f 4038/4038 4037/4037 4036/4036
f 4039/4039 4037/4037 4038/4038
f 4040/4040 4039/4039 4038/4038
f 4041/4041 4039/4039 4040/4040
f 4042/4042 4041/4041 4040/4040
f 4043/4043 4041/4041 4042/4042
f 4044/4044 4043/4043 4042/4042
f 4045/4045 4046/4046 4047/4047
f 4048/4048 4045/4045 4047/4047
f 4049/4049 4045/4045 4048/4048
f 4050/4050 4049/4049 4048/4048
f 4051/4051 4049/4049 4050/4050
f 4052/4052 4051/4051 4050/4050
f 4053/4053 4051/4051 4052/4052
f 4054/4054 4053/4053 4052/4052
f 4055/4055 4053/4053 4054/4054
f 4056/4056 4055/4055 4054/4054
f 4057/4057 4055/4055 4056/4056
f 4058/4058 4057/4057 4056/4056
f 4059/4059 4057/4057 4058/4058
f 4060/4060 4059/4059 4058/4058
f 4061/4061 4062/4062 4063/4063
f 4064/4064 4062/4062 4061/4061
f 4065/4065 4064/4064 4061/4061
f 4066/4066 4065/4065 4061/4061
f 4067/4067 4064/4064 4065/4065
f 4068/4068 4067/4067 4065/4065
f 4069/4069 4068/4068 4065/4065
f 4070/4070 4069/4069 4065/4065
f 4071/4071 4069/4069 4070/4070
f 4072/4072 4069/4069 4071/4071
f 4073/4073 4072/4072 4071/4071
f 4074/4074 4072/4072 4073/4073
f 4075/4075 4074/4074 4073/4073
f 4076/4076 4074/4074 4075/4075
f 4077/4077 4076/4076 4075/4075
f 4078/4078 4079/4079 4080/4080
f 4081/4081 4078/4078 4080/4080
f 4082/4082 4078/4078 4081/4081
f 4083/4083 4082/4082 4081/4081
f 4084/4084 4082/4082 4083/4083
f 4085/4085 4084/4084 4083/4083
f 4086/4086 4084/4084 4085/4085
f 4087/4087 4086/4086 4085/4085
f 4088/4088 4086/4086 4087/4087
f 4089/4089 4088/4088 4087/4087
f 4090/4090 4091/4091 4092/4092
f 4093/4093 4090/4090 4092/4092
f 4094/4094 4090/4090 4093/4093
f 4095/4095 4094/4094 4093/4093
f 4096/4096 4097/4097 4098/4098
f 4099/4099 4096/4096 4098/4098
f 4100/4100 4099/4099 4098/4098
f 4101/4101 4096/4096 4099/4099
f 4102/4102 4101/4101 4099/4099
f 4103/4103 4104/4104 4105/4105
f 4106/4106 4103/4103 4105/4105
f 4107/4107 4106/4106 4105/4105
f 4108/4108 4103/4103 4106/4106
f 4109/4109 4108/4108 4106/4106
f 4110/4110 4111/4111 4112/4112
f 4113/4113 4110/4110 4112/4112
f 4114/4114 4110/4110 4113/4113
f 4115/4115 4114/4114 4113/4113
f 4116/4116 4114/4114 4115/4115
f 4117/4117 4116/4116 4115/4115
f 4118/4118 4119/4119 4120/4120
f 4121/4121 4119/4119 4118/4118
f 4122/4122 4121/4121 4118/4118
f 4123/4123 4122/4122 4118/4118
f 4124/4124 4123/4123 4118/4118
f 4125/4125 4123/4123 4124/4124
f 4126/4126 4123/4123 4125/4125
f 4127/4127 4126/4126 4125/4125
f 4128/4128 4126/4126 4127/4127
f 4129/4129 4128/4128 4127/4127
f 4130/4130 4128/4128 4129/4129
f 4131/4131 4130/4130 4129/4129
f 4132/4132 4130/4130 4131/4131
f 4133/4133 4132/4132 4131/4131
f 4134/4134 4132/4132 4133/4133
f 4135/4135 4134/4134 4133/4133
f 4136/4136 4134/4134 4135/4135
f 4137/4137 4134/4134 4136/4136
f 4138/4138 4137/4137 4136/4136
f 4139/4139 4138/4138 4136/4136
f 4140/4140 4137/4137 4138/4138
f 4141/4141 4140/4140 4138/4138
f 4142/4142 4141/4141 4138/4138
f 4143/4143 4144/4144 4145/4145
f 4146/4146 4143/4143 4145/4145
f 4147/4147 4146/4146 4145/4145
f 4148/4148 4143/4143 4146/4146
f 4149/4149 4148/4148 4146/4146
f 4150/4150 4148/4148 4149/4149
f 4151/4151 4148/4148 4150/4150
f 4152/4152 4151/4151 4150/4150
f 4153/4153 4151/4151 4152/4152
f 4154/4154 4151/4151 4153/4153
f 4155/4155 4154/4154 4153/4153
f 4156/4156 4155/4155 4153/4153
f 4157/4157 4155/4155 4156/4156
f 4158/4158 4155/4155 4157/4157
f 4159/4159 4158/4158 4157/4157
f 4160/4160 4158/4158 4159/4159
f 4161/4161 4160/4160 4159/4159
f 4162/4162 4163/4163 4164/4164
f 4165/4165 4162/4162 4164/4164
f 4166/4166 4162/4162 4165/4165
f 4167/4167 4166/4166 4165/4165
f 4168/4168 4166/4166 4167/4167
f 4169/4169 4168/4168 4167/4167
f 4170/4170 4168/4168 4169/4169
f 4171/4171 4170/4170 4169/4169
f 4172/4172 4173/4173 4174/4174
f 4175/4175 4172/4172 4174/4174
f 4176/4176 4172/4172 4175/4175
f 4177/4177 4176/4176 4175/4175
f 4178/4178 4176/4176 4177/4177
f 4179/4179 4178/4178 4177/4177
f 4180/4180 4178/4178 4179/4179
f 4181/4181 4180/4180 4179/4179
f 4182/4182 4180/4180 4181/4181
f 4183/4183 4180/4180 4182/4182
f 4184/4184 4183/4183 4182/4182
f 4185/4185 4184/4184 4182/4182
f 4186/4186 4185/4185 4182/4182
f 4187/4187 4185/4185 4186/4186
f 4188/4188 4189/4189 4190/4190
f 4191/4191 4189/4189 4188/4188
f 4192/4192 4191/4191 4188/4188
f 4193/4193 4192/4192 4188/4188
f 4194/4194 4191/4191 4192/4192
f 4195/4195 4194/4194 4192/4192
f 4196/4196 4195/4195 4192/4192
f 4197/4197 4194/4194 4195/4195
f 4198/4198 4197/4197 4195/4195
f 4199/4199 4198/4198 4195/4195
f 4200/4200 4201/4201 4202/4202
f 4203/4203 4200/4200 4202/4202
f 4204/4204 4200/4200 4203/4203
f 4205/4205 4204/4204 4203/4203
f 4206/4206 4204/4204 4205/4205
f 4207/4207 4206/4206 4205/4205
f 4208/4208 4206/4206 4207/4207
f 4209/4209 4208/4208 4207/4207
f 4210/4210 4208/4208 4209/4209
f 4211/4211 4210/4210 4209/4209
f 4212/4212 4210/4210 4211/4211
f 4213/4213 4212/4212 4211/4211
f 4214/4214 4215/4215 4216/4216
f 4217/4217 4214/4214 4216/4216
f 4218/4218 4214/4214 4217/4217
f 4219/4219 4218/4218 4217/4217
f 4220/4220 4218/4218 4219/4219
f 4221/4221 4218/4218 4220/4220
f 4222/4222 4221/4221 4220/4220
f 4223/4223 4222/4222 4220/4220
f 4224/4224 4222/4222 4223/4223
f 4225/4225 4222/4222 4224/4224
f 4221/4221 4222/4222 4225/4225
f 4226/4226 4221/4221 4225/4225
f 4227/4227 4226/4226 4225/4225
f 4228/4228 4227/4227 4225/4225
f 4229/4229 4228/4228 4225/4225
f 4230/4230 4231/4231 4232/4232
f 4233/4233 4230/4230 4232/4232
f 4234/4234 4233/4233 4232/4232
f 4235/4235 4230/4230 4233/4233
f 4236/4236 4235/4235 4233/4233
f 4237/4237 4236/4236 4233/4233
f 4013/4013 4238/4238 4014/4014
f 4239/4239 4238/4238 4013/4013
f 4017/4017 4239/4239 4013/4013
f 4019/4019 4239/4239 4017/4017
f 4240/4240 4239/4239 4019/4019
f 4021/4021 4240/4240 4019/4019
f 4023/4023 4240/4240 4021/4021
f 4025/4025 4241/4241 4026/4026
f 4242/4242 4243/4243 4244/4244
f 4039/4039 4242/4242 4244/4244
f 4037/4037 4039/4039 4244/4244
f 4033/4033 4037/4037 4244/4244
f 4034/4034 4033/4033 4244/4244
f 4028/4028 4031/4031 4025/4025
f 4041/4041 4242/4242 4039/4039
f 4245/4245 4242/4242 4041/4041
f 4043/4043 4245/4245 4041/4041
f 4246/4246 4242/4242 4245/4245
f 4247/4247 4246/4246 4245/4245
f 4045/4045 4248/4248 4046/4046
f 4249/4249 4248/4248 4045/4045
f 4049/4049 4249/4249 4045/4045
f 4051/4051 4249/4249 4049/4049
f 4053/4053 4249/4249 4051/4051
f 4055/4055 4249/4249 4053/4053
f 4057/4057 4249/4249 4055/4055
f 4248/4248 4249/4249 4057/4057
f 4059/4059 4248/4248 4057/4057
f 4250/4250 4251/4251 4064/4064
f 4067/4067 4250/4250 4064/4064
f 4068/4068 4250/4250 4067/4067
f 4252/4252 4250/4250 4068/4068
f 4253/4253 4252/4252 4068/4068
f 4076/4076 4253/4253 4068/4068
f 4074/4074 4076/4076 4068/4068
f 4072/4072 4074/4074 4068/4068
f 4069/4069 4072/4072 4068/4068
f 4254/4254 4255/4255 4079/4079
f 4078/4078 4254/4254 4079/4079
f 4082/4082 4254/4254 4078/4078
f 4084/4084 4254/4254 4082/4082
f 4256/4256 4254/4254 4084/4084
f 4086/4086 4256/4256 4084/4084
f 4088/4088 4256/4256 4086/4086
f 4090/4090 4257/4257 4091/4091
f 4258/4258 4257/4257 4090/4090
f 4094/4094 4258/4258 4090/4090
f 4096/4096 4259/4259 4097/4097
f 4260/4260 4259/4259 4096/4096
f 4261/4261 4262/4262 4104/4104
f 4103/4103 4261/4261 4104/4104
f 4263/4263 4264/4264 4111/4111
f 4110/4110 4263/4263 4111/4111
f 4114/4114 4263/4263 4110/4110
f 4265/4265 4263/4263 4114/4114
f 4116/4116 4265/4265 4114/4114
f 4140/4140 4266/4266 4121/4121
f 4137/4137 4140/4140 4121/4121
f 4122/4122 4137/4137 4121/4121
f 4132/4132 4137/4137 4122/4122
f 4130/4130 4132/4132 4122/4122
f 4128/4128 4130/4130 4122/4122
f 4126/4126 4128/4128 4122/4122
f 4123/4123 4126/4126 4122/4122
f 4134/4134 4137/4137 4132/4132
f 4267/4267 4268/4268 4144/4144
f 4143/4143 4267/4267 4144/4144
f 4269/4269 4267/4267 4143/4143
f 4154/4154 4269/4269 4143/4143
f 4148/4148 4154/4154 4143/4143
f 4151/4151 4154/4154 4148/4148
f 4270/4270 4269/4269 4154/4154
f 4271/4271 4270/4270 4154/4154
f 4158/4158 4271/4271 4154/4154
f 4155/4155 4158/4158 4154/4154
f 4160/4160 4271/4271 4158/4158
f 4162/4162 4272/4272 4163/4163
f 4273/4273 4272/4272 4162/4162
f 4166/4166 4273/4273 4162/4162
f 4274/4274 4273/4273 4166/4166
f 4168/4168 4274/4274 4166/4166
f 4170/4170 4274/4274 4168/4168
f 4172/4172 4275/4275 4173/4173
f 4176/4176 4275/4275 4172/4172
f 4178/4178 4275/4275 4176/4176
f 4276/4276 4275/4275 4178/4178
f 4180/4180 4276/4276 4178/4178
f 4183/4183 4276/4276 4180/4180
f 4277/4277 4276/4276 4183/4183
f 4278/4278 4277/4277 4183/4183
f 4279/4279 4278/4278 4183/4183
f 4184/4184 4279/4279 4183/4183
f 4280/4280 4279/4279 4184/4184
f 4194/4194 4281/4281 4191/4191
f 4282/4282 4281/4281 4194/4194
f 4197/4197 4282/4282 4194/4194
f 4283/4283 4282/4282 4197/4197
f 4284/4284 4285/4285 4286/4286
f 4287/4287 4284/4284 4286/4286
f 4288/4288 4287/4287 4286/4286
f 4200/4200 4287/4287 4288/4288
f 4201/4201 4200/4200 4288/4288
f 4204/4204 4287/4287 4200/4200
f 4206/4206 4287/4287 4204/4204
f 4289/4289 4287/4287 4206/4206
f 4208/4208 4289/4289 4206/4206
f 4290/4290 4289/4289 4208/4208
f 4210/4210 4290/4290 4208/4208
f 4212/4212 4290/4290 4210/4210
f 4214/4214 4291/4291 4215/4215
f 4221/4221 4291/4291 4214/4214
f 4218/4218 4221/4221 4214/4214
f 4226/4226 4291/4291 4221/4221
f 4289/4289 4290/4290 4292/4292
f 4293/4293 4289/4289 4292/4292
f 4227/4227 4294/4294 4226/4226
f 4295/4295 4294/4294 4227/4227
f 4296/4296 4297/4297 4231/4231
f 4230/4230 4296/4296 4231/4231
f 4298/4298 4299/4299 4300/4300
f 4301/4301 4298/4298 4300/4300
f 4302/4302 4298/4298 4301/4301
f 4303/4303 4304/4304 4305/4305
f 4239/4239 4306/4306 4238/4238
f 4240/4240 4306/4306 4239/4239
f 4307/4307 4308/4308 4309/4309
f 4242/4242 4310/4310 4243/4243
f 4311/4311 4310/4310 4242/4242
f 4312/4312 4311/4311 4242/4242
f 4246/4246 4312/4312 4242/4242
f 4313/4313 4312/4312 4246/4246
f 4250/4250 4314/4314 4251/4251
f 4315/4315 4314/4314 4250/4250
f 4316/4316 4315/4315 4250/4250
f 4317/4317 4316/4316 4250/4250
f 4252/4252 4317/4317 4250/4250
f 4253/4253 4317/4317 4252/4252
f 4318/4318 4319/4319 4320/4320
f 4321/4321 4322/4322 4255/4255
f 4254/4254 4321/4321 4255/4255
f 4256/4256 4321/4321 4254/4254
f 4323/4323 4324/4324 4257/4257
f 4258/4258 4323/4323 4257/4257
f 4325/4325 4324/4324 4323/4323
f 4326/4326 4327/4327 4259/4259
f 4260/4260 4326/4326 4259/4259
f 4328/4328 4329/4329 4262/4262
f 4261/4261 4328/4328 4262/4262
f 4330/4330 4328/4328 4261/4261
f 4331/4331 4332/4332 4264/4264
f 4263/4263 4331/4331 4264/4264
f 4333/4333 4331/4331 4263/4263
f 4334/4334 4335/4335 4336/4336
f 4337/4337 4338/4338 4339/4339
f 4267/4267 4340/4340 4341/4341
f 4268/4268 4267/4267 4341/4341
f 4342/4342 4340/4340 4267/4267
f 4269/4269 4342/4342 4267/4267
f 4270/4270 4342/4342 4269/4269
f 4343/4343 4344/4344 4345/4345
f 4346/4346 4347/4347 4270/4270
f 4271/4271 4346/4346 4270/4270
f 4273/4273 4348/4348 4272/4272
f 4277/4277 4349/4349 4276/4276
f 4350/4350 4349/4349 4277/4277
f 4278/4278 4350/4350 4277/4277
f 4351/4351 4352/4352 4353/4353
f 4354/4354 4351/4351 4353/4353
f 4279/4279 4355/4355 4278/4278
f 4280/4280 4355/4355 4279/4279
f 4356/4356 4357/4357 4281/4281
f 4282/4282 4356/4356 4281/4281
f 4358/4358 4359/4359 4360/4360
f 4361/4361 4362/4362 4363/4363
f 4364/4364 4361/4361 4363/4363
f 4365/4365 4364/4364 4363/4363
f 4366/4366 4367/4367 4368/4368
f 4369/4369 4370/4370 4371/4371
f 4372/4372 4373/4373 4368/4368
f 4374/4374 4375/4375 4284/4284
f 4287/4287 4374/4374 4284/4284
f 4289/4289 4374/4374 4287/4287
f 4375/4375 4374/4374 4289/4289
f 4293/4293 4375/4375 4289/4289
f 4295/4295 4376/4376 4294/4294
f 4377/4377 4376/4376 4295/4295
f 4378/4378 4377/4377 4295/4295
f 4379/4379 4380/4380 4297/4297
f 4296/4296 4379/4379 4297/4297
f 4298/4298 4381/4381 4299/4299
f 4382/4382 4383/4383 4384/4384
f 4385/4385 4382/4382 4384/4384
f 4386/4386 4385/4385 4384/4384
f 4304/4304 4386/4386 4384/4384
f 4303/4303 4386/4386 4304/4304
f 4387/4387 4386/4386 4303/4303
f 4388/4388 4389/4389 4390/4390
f 4391/4391 4388/4388 4390/4390
f 4392/4392 4393/4393 4394/4394
f 4395/4395 4393/4393 4392/4392
f 4396/4396 4397/4397 4398/4398
f 4399/4399 4400/4400 4401/4401
f 4402/4402 4399/4399 4401/4401
f 4403/4403 4404/4404 4405/4405
f 4406/4406 4403/4403 4405/4405
f 4407/4407 4408/4408 4409/4409
f 4410/4410 4408/4408 4407/4407
f 4411/4411 4410/4410 4407/4407
f 4412/4412 4411/4411 4407/4407
f 4413/4413 4414/4414 4415/4415
f 4416/4416 4413/4413 4415/4415
f 4417/4417 4413/4413 4416/4416
f 4418/4418 4419/4419 4420/4420
f 4421/4421 4419/4419 4418/4418
f 4422/4422 4421/4421 4418/4418
f 4307/4307 4423/4423 4308/4308
f 4424/4424 4423/4423 4307/4307
f 4425/4425 4424/4424 4307/4307
f 4311/4311 4426/4426 4310/4310
f 4312/4312 4313/4313 4311/4311
f 4317/4317 4427/4427 4316/4316
f 4428/4428 4429/4429 4319/4319
f 4430/4430 4428/4428 4319/4319
f 4318/4318 4430/4430 4319/4319
f 4326/4326 4431/4431 4327/4327
f 4432/4432 4433/4433 4329/4329
f 4328/4328 4432/4432 4329/4329
f 4434/4434 4435/4435 4436/4436
f 4331/4331 4434/4434 4436/4436
f 4332/4332 4331/4331 4436/4436
f 4437/4437 4434/4434 4331/4331
f 4333/4333 4437/4437 4331/4331
f 4362/4362 4437/4437 4333/4333
f 4438/4438 4362/4362 4333/4333
f 4337/4337 4439/4439 4338/4338
f 4440/4440 4439/4439 4337/4337
f 4441/4441 4442/4442 4443/4443
f 4444/4444 4445/4445 4446/4446
f 4343/4343 4447/4447 4344/4344
f 4448/4448 4449/4449 4450/4450
f 4451/4451 4448/4448 4450/4450
f 4358/4358 4452/4452 4453/4453
f 4359/4359 4358/4358 4453/4453
f 4439/4439 4440/4440 4454/4454
f 4361/4361 4437/4437 4362/4362
f 4455/4455 4456/4456 4367/4367
f 4366/4366 4455/4455 4367/4367
f 4457/4457 4455/4455 4366/4366
f 4373/4373 4457/4457 4366/4366
f 4372/4372 4457/4457 4373/4373
f 4377/4377 4458/4458 4376/4376
f 4455/4455 4457/4457 4459/4459
f 4460/4460 4455/4455 4459/4459
f 4461/4461 4460/4460 4459/4459
f 4382/4382 4462/4462 4383/4383
f 4463/4463 4462/4462 4382/4382
f 4464/4464 4463/4463 4382/4382
f 4399/4399 4464/4464 4382/4382
f 4400/4400 4399/4399 4382/4382
f 4385/4385 4400/4400 4382/4382
f 4465/4465 4466/4466 4467/4467
f 4468/4468 4465/4465 4467/4467
f 4469/4469 4470/4470 4471/4471
f 4386/4386 4387/4387 4385/4385
f 4472/4472 4464/4464 4399/4399
f 4402/4402 4472/4472 4399/4399
f 4403/4403 4472/4472 4402/4402
f 4404/4404 4403/4403 4402/4402
f 4473/4473 4472/4472 4403/4403
f 4406/4406 4473/4473 4403/4403
f 4474/4474 4475/4475 4476/4476
f 4410/4410 4477/4477 4408/4408
f 4411/4411 4477/4477 4410/4410
f 4478/4478 4474/4474 4479/4479
f 4480/4480 4481/4481 4482/4482
f 4483/4483 4480/4480 4482/4482
f 4484/4484 4485/4485 4486/4486
f 4487/4487 4485/4485 4484/4484
f 4488/4488 4487/4487 4484/4484
f 4489/4489 4488/4488 4484/4484
f 4490/4490 4488/4488 4489/4489
f 4491/4491 4492/4492 4493/4493
f 4494/4494 4491/4491 4493/4493
f 4417/4417 4495/4495 4413/4413
f 4496/4496 4495/4495 4417/4417
f 4497/4497 4496/4496 4417/4417
f 4498/4498 4499/4499 4419/4419
f 4421/4421 4498/4498 4419/4419
f 4500/4500 4498/4498 4421/4421
f 4422/4422 4500/4500 4421/4421
f 4501/4501 4500/4500 4422/4422
f 4502/4502 4500/4500 4501/4501
f 4503/4503 4502/4502 4501/4501
f 4424/4424 4504/4504 4423/4423
f 4505/4505 4506/4506 4429/4429
f 4428/4428 4505/4505 4429/4429
f 4507/4507 4505/4505 4428/4428
f 4508/4508 4507/4507 4428/4428
f 4509/4509 4510/4510 4511/4511
f 4430/4430 4512/4512 4428/4428
f 4513/4513 4514/4514 4515/4515
f 4516/4516 4513/4513 4515/4515
f 4517/4517 4513/4513 4516/4516
f 4433/4433 4518/4518 4519/4519
f 4432/4432 4518/4518 4433/4433
f 4434/4434 4520/4520 4435/4435
f 4521/4521 4520/4520 4434/4434
f 4522/4522 4521/4521 4434/4434
f 4437/4437 4522/4522 4434/4434
f 4523/4523 4522/4522 4437/4437
f 4524/4524 4525/4525 4526/4526
f 4527/4527 4525/4525 4524/4524
f 4528/4528 4529/4529 4530/4530
f 4531/4531 4529/4529 4528/4528
f 4532/4532 4533/4533 4534/4534
f 4535/4535 4532/4532 4534/4534
f 4536/4536 4535/4535 4534/4534
f 4463/4463 4537/4537 4462/4462
f 4475/4475 4538/4538 4539/4539
f 4472/4472 4473/4473 4464/4464
f 4540/4540 4538/4538 4475/4475
f 4478/4478 4540/4540 4475/4475
f 4474/4474 4478/4478 4475/4475
f 4541/4541 4540/4540 4478/4478
f 4542/4542 4543/4543 4544/4544
f 4545/4545 4542/4542 4544/4544
f 4546/4546 4542/4542 4545/4545
f 4547/4547 4542/4542 4546/4546
f 4481/4481 4547/4547 4546/4546
f 4480/4480 4547/4547 4481/4481
f 4542/4542 4547/4547 4480/4480
f 4548/4548 4542/4542 4480/4480
f 4483/4483 4548/4548 4480/4480
f 4549/4549 4542/4542 4548/4548
f 4550/4550 4551/4551 4487/4487
f 4488/4488 4550/4550 4487/4487
f 4491/4491 4552/4552 4492/4492
f 4496/4496 4497/4497 4553/4553
f 4495/4495 4496/4496 4553/4553
f 4494/4494 4554/4554 4491/4491
f 4498/4498 4555/4555 4499/4499
f 4556/4556 4555/4555 4498/4498
f 4500/4500 4556/4556 4498/4498
f 4557/4557 4556/4556 4500/4500
f 4558/4558 4557/4557 4500/4500
f 4502/4502 4558/4558 4500/4500
f 4559/4559 4558/4558 4502/4502
f 4505/4505 4560/4560 4506/4506
f 4561/4561 4560/4560 4505/4505
f 4507/4507 4561/4561 4505/4505
f 4562/4562 4563/4563 4564/4564
f 4565/4565 4562/4562 4564/4564
f 4566/4566 4567/4567 4568/4568
f 4569/4569 4570/4570 4510/4510
f 4509/4509 4569/4569 4510/4510
f 4571/4571 4572/4572 4573/4573
f 4574/4574 4572/4572 4571/4571
f 4575/4575 4576/4576 4577/4577
f 4513/4513 4578/4578 4514/4514
f 4523/4523 4579/4579 4580/4580
f 4522/4522 4523/4523 4580/4580
f 4520/4520 4522/4522 4580/4580
f 4521/4521 4522/4522 4520/4520
f 4581/4581 4582/4582 4583/4583
f 4584/4584 4581/4581 4583/4583
f 4585/4585 4581/4581 4584/4584
f 4586/4586 4587/4587 4588/4588
f 4589/4589 4586/4586 4588/4588
f 4590/4590 4586/4586 4589/4589
f 4591/4591 4592/4592 4593/4593
f 4594/4594 4592/4592 4591/4591
f 4575/4575 4595/4595 4596/4596
f 4576/4576 4575/4575 4596/4596
f 4597/4597 4598/4598 4599/4599
f 4600/4600 4597/4597 4599/4599
f 4601/4601 4600/4600 4599/4599
f 4602/4602 4601/4601 4599/4599
f 4603/4603 4601/4601 4602/4602
f 4536/4536 4604/4604 4535/4535
f 4605/4605 4606/4606 4607/4607
f 4608/4608 4606/4606 4605/4605
f 4541/4541 4609/4609 4538/4538
f 4540/4540 4541/4541 4538/4538
f 4610/4610 4609/4609 4541/4541
f 4542/4542 4549/4549 4543/4543
f 4611/4611 4612/4612 4613/4613
f 4614/4614 4611/4611 4613/4613
f 4567/4567 4566/4566 4615/4615
f 4561/4561 4616/4616 4617/4617
f 4560/4560 4561/4561 4617/4617
f 4618/4618 4612/4612 4611/4611
f 4619/4619 4620/4620 4621/4621
f 4622/4622 4623/4623 4624/4624
f 4625/4625 4622/4622 4624/4624
f 4626/4626 4627/4627 4628/4628
f 4629/4629 4630/4630 4631/4631
f 4632/4632 4629/4629 4631/4631
f 4633/4633 4634/4634 4635/4635
f 4636/4636 4637/4637 4638/4638
f 4639/4639 4640/4640 4641/4641
f 4632/4632 4642/4642 4629/4629
f 4643/4643 4644/4644 4634/4634
f 4645/4645 4643/4643 4634/4634
f 4633/4633 4645/4645 4634/4634
f 4636/4636 4646/4646 4637/4637
f 4647/4647 4646/4646 4636/4636
usemtl mtl_43_1
f 4648/4648 4649/4649 4650/4650
f 4651/4651 4649/4649 4648/4648
f 4652/4652 4651/4651 4648/4648
f 4653/4653 4652/4652 4648/4648
f 4654/4654 4653/4653 4648/4648
f 4655/4655 4653/4653 4654/4654
f 4656/4656 4653/4653 4655/4655
f 4657/4657 4656/4656 4655/4655
f 4658/4658 4656/4656 4657/4657
f 4659/4659 4658/4658 4657/4657
f 4660/4660 4658/4658 4659/4659
f 4661/4661 4658/4658 4660/4660
f 4662/4662 4663/4663 4664/4664
f 4665/4665 4663/4663 4662/4662
f 4666/4666 4665/4665 4662/4662
f 4667/4667 4666/4666 4662/4662
f 4668/4668 4665/4665 4666/4666
f 4669/4669 4668/4668 4666/4666
f 4670/4670 4669/4669 4666/4666
f 4671/4671 4668/4668 4669/4669
f 4672/4672 4671/4671 4669/4669
f 4673/4673 4671/4671 4672/4672
f 4674/4674 4671/4671 4673/4673
f 4675/4675 4674/4674 4673/4673
f 4676/4676 4674/4674 4675/4675
f 4677/4677 4676/4676 4675/4675
f 4678/4678 4676/4676 4677/4677
f 4679/4679 4678/4678 4677/4677
f 4680/4680 4681/4681 4682/4682
f 4683/4683 4681/4681 4680/4680
f 4684/4684 4683/4683 4680/4680
f 4685/4685 4684/4684 4680/4680
f 4686/4686 4684/4684 4685/4685
f 4687/4687 4684/4684 4686/4686
f 4688/4688 4687/4687 4686/4686
f 4689/4689 4687/4687 4688/4688
f 4690/4690 4689/4689 4688/4688
f 4691/4691 4689/4689 4690/4690
f 4692/4692 4691/4691 4690/4690
f 4693/4693 4691/4691 4692/4692
f 4694/4694 4693/4693 4692/4692
f 4695/4695 4696/4696 4697/4697
f 4698/4698 4695/4695 4697/4697
f 4699/4699 4700/4700 4701/4701
f 4702/4702 4699/4699 4701/4701
f 4703/4703 4699/4699 4702/4702
f 4704/4704 4703/4703 4702/4702
f 4705/4705 4703/4703 4704/4704
f 4706/4706 4703/4703 4705/4705
f 4707/4707 4706/4706 4705/4705
f 4708/4708 4707/4707 4705/4705
f 4709/4709 4708/4708 4705/4705
f 4710/4710 4708/4708 4709/4709
f 4711/4711 4708/4708 4710/4710
f 4712/4712 4711/4711 4710/4710
f 4713/4713 4711/4711 4712/4712
f 4714/4714 4713/4713 4712/4712
f 4715/4715 4713/4713 4714/4714
f 4716/4716 4713/4713 4715/4715
f 4717/4717 4718/4718 4719/4719
f 4720/4720 4717/4717 4719/4719
f 4721/4721 4717/4717 4720/4720
f 4722/4722 4717/4717 4721/4721
f 4723/4723 4722/4722 4721/4721
f 4724/4724 4725/4725 4726/4726
f 4727/4727 4724/4724 4726/4726
f 4728/4728 4729/4729 4730/4730
f 4731/4731 4728/4728 4730/4730
f 4732/4732 4728/4728 4731/4731
f 4733/4733 4732/4732 4731/4731
f 4734/4734 4735/4735 4736/4736
f 4737/4737 4734/4734 4736/4736
f 4738/4738 4734/4734 4737/4737
f 4739/4739 4738/4738 4737/4737
f 4740/4740 4738/4738 4739/4739
f 4741/4741 4740/4740 4739/4739
f 4742/4742 4743/4743 4744/4744
f 4745/4745 4742/4742 4744/4744
f 4746/4746 4742/4742 4745/4745
f 4747/4747 4746/4746 4745/4745
f 4748/4748 4746/4746 4747/4747
f 4749/4749 4748/4748 4747/4747
f 4750/4750 4751/4751 4752/4752
f 4753/4753 4750/4750 4752/4752
f 4754/4754 4753/4753 4752/4752
f 4755/4755 4750/4750 4753/4753
f 4756/4756 4755/4755 4753/4753
f 4757/4757 4756/4756 4753/4753
f 4758/4758 4755/4755 4756/4756
f 4759/4759 4758/4758 4756/4756
f 4760/4760 4758/4758 4759/4759
f 4651/4651 4761/4761 4649/4649
f 4762/4762 4761/4761 4651/4651
f 4763/4763 4762/4762 4651/4651
f 4652/4652 4763/4763 4651/4651
f 4661/4661 4763/4763 4652/4652
f 4656/4656 4661/4661 4652/4652
f 4653/4653 4656/4656 4652/4652
f 4658/4658 4661/4661 4656/4656
f 4764/4764 4763/4763 4661/4661
f 4668/4668 4765/4765 4665/4665
f 4766/4766 4765/4765 4668/4668
f 4767/4767 4766/4766 4668/4668
f 4674/4674 4767/4767 4668/4668
f 4671/4671 4674/4674 4668/4668
f 4676/4676 4767/4767 4674/4674
f 4678/4678 4767/4767 4676/4676
f 4768/4768 4767/4767 4678/4678
f 4683/4683 4769/4769 4681/4681
f 4770/4770 4769/4769 4683/4683
f 4771/4771 4770/4770 4683/4683
f 4772/4772 4771/4771 4683/4683
f 4773/4773 4772/4772 4683/4683
f 4684/4684 4773/4773 4683/4683
f 4687/4687 4773/4773 4684/4684
f 4689/4689 4773/4773 4687/4687
f 4691/4691 4773/4773 4689/4689
f 4774/4774 4773/4773 4691/4691
f 4693/4693 4774/4774 4691/4691
f 4775/4775 4773/4773 4774/4774
f 4776/4776 4777/4777 4696/4696
f 4695/4695 4776/4776 4696/4696
f 4699/4699 4778/4778 4700/4700
f 4703/4703 4778/4778 4699/4699
f 4779/4779 4778/4778 4703/4703
f 4706/4706 4779/4779 4703/4703
f 4780/4780 4779/4779 4706/4706
f 4781/4781 4780/4780 4706/4706
f 4707/4707 4781/4781 4706/4706
f 4782/4782 4781/4781 4707/4707
f 4783/4783 4782/4782 4707/4707
f 4716/4716 4783/4783 4707/4707
f 4713/4713 4716/4716 4707/4707
f 4711/4711 4713/4713 4707/4707
f 4708/4708 4711/4711 4707/4707
f 4784/4784 4785/4785 4718/4718
f 4722/4722 4784/4784 4718/4718
f 4717/4717 4722/4722 4718/4718
f 4724/4724 4786/4786 4725/4725
f 4787/4787 4788/4788 4729/4729
f 4728/4728 4787/4787 4729/4729
f 4732/4732 4787/4787 4728/4728
f 4789/4789 4788/4788 4787/4787
f 4790/4790 4789/4789 4787/4787
f 4791/4791 4792/4792 4735/4735
f 4734/4734 4791/4791 4735/4735
f 4793/4793 4791/4791 4734/4734
f 4738/4738 4793/4793 4734/4734
f 4740/4740 4793/4793 4738/4738
f 4742/4742 4794/4794 4743/4743
f 4746/4746 4794/4794 4742/4742
f 4795/4795 4794/4794 4746/4746
f 4748/4748 4795/4795 4746/4746
f 4796/4796 4797/4797 4751/4751
f 4798/4798 4796/4796 4751/4751
f 4750/4750 4798/4798 4751/4751
f 4799/4799 4800/4800 4801/4801
f 4802/4802 4799/4799 4801/4801
f 4803/4803 4802/4802 4801/4801
f 4804/4804 4802/4802 4803/4803
f 4805/4805 4806/4806 4807/4807
f 4808/4808 4809/4809 4810/4810
f 4811/4811 4808/4808 4810/4810
f 4812/4812 4811/4811 4810/4810
f 4813/4813 4812/4812 4814/4814
f 4815/4815 4813/4813 4814/4814
f 4816/4816 4813/4813 4815/4815
f 4817/4817 4816/4816 4815/4815
f 4763/4763 4818/4818 4762/4762
f 4819/4819 4818/4818 4763/4763
f 4820/4820 4819/4819 4763/4763
f 4764/4764 4820/4820 4763/4763
f 4821/4821 4822/4822 4823/4823
f 4824/4824 4821/4821 4823/4823
f 4825/4825 4824/4824 4823/4823
f 4826/4826 4824/4824 4825/4825
f 4827/4827 4824/4824 4826/4826
f 4828/4828 4827/4827 4826/4826
f 4829/4829 4828/4828 4826/4826
f 4830/4830 4829/4829 4826/4826
f 4767/4767 4768/4768 4766/4766
f 4831/4831 4828/4828 4829/4829
f 4771/4771 4832/4832 4770/4770
f 4775/4775 4832/4832 4771/4771
f 4772/4772 4775/4775 4771/4771
f 4773/4773 4775/4775 4772/4772
f 4776/4776 4833/4833 4777/4777
f 4834/4834 4835/4835 4836/4836
f 4837/4837 4834/4834 4836/4836
f 4838/4838 4839/4839 4840/4840
f 4781/4781 4841/4841 4780/4780
f 4842/4842 4843/4843 4844/4844
f 4845/4845 4842/4842 4844/4844
f 4846/4846 4845/4845 4844/4844
f 4847/4847 4845/4845 4846/4846
f 4848/4848 4847/4847 4846/4846
f 4849/4849 4848/4848 4846/4846
f 4783/4783 4850/4850 4782/4782
f 4784/4784 4851/4851 4785/4785
f 4852/4852 4853/4853 4854/4854
f 4789/4789 4855/4855 4788/4788
f 4856/4856 4857/4857 4858/4858
f 4791/4791 4859/4859 4792/4792
f 4860/4860 4859/4859 4791/4791
f 4861/4861 4862/4862 4863/4863
f 4864/4864 4861/4861 4863/4863
f 4865/4865 4864/4864 4863/4863
f 4794/4794 4865/4865 4863/4863
f 4795/4795 4865/4865 4794/4794
f 4866/4866 4865/4865 4795/4795
f 4867/4867 4866/4866 4795/4795
f 4868/4868 4867/4867 4795/4795
f 4869/4869 4870/4870 4871/4871
f 4872/4872 4869/4869 4871/4871
f 4873/4873 4874/4874 4875/4875
f 4876/4876 4877/4877 4878/4878
f 4879/4879 4880/4880 4881/4881
f 4882/4882 4879/4879 4881/4881
f 4796/4796 4883/4883 4797/4797
f 4884/4884 4885/4885 4800/4800
f 4799/4799 4884/4884 4800/4800
f 4886/4886 4884/4884 4799/4799
f 4802/4802 4886/4886 4799/4799
f 4887/4887 4886/4886 4802/4802
f 4804/4804 4887/4887 4802/4802
f 4888/4888 4887/4887 4804/4804
f 4889/4889 4888/4888 4804/4804
f 4890/4890 4891/4891 4892/4892
f 4893/4893 4894/4894 4895/4895
f 4896/4896 4893/4893 4895/4895
f 4897/4897 4898/4898 4899/4899
f 4900/4900 4897/4897 4899/4899
f 4901/4901 4897/4897 4900/4900
f 4902/4902 4901/4901 4900/4900
f 4903/4903 4902/4902 4900/4900
f 4904/4904 4905/4905 4906/4906
f 4907/4907 4904/4904 4906/4906
f 4812/4812 4908/4908 4811/4811
f 4813/4813 4908/4908 4812/4812
f 4816/4816 4908/4908 4813/4813
f 4909/4909 4908/4908 4816/4816
f 4817/4817 4909/4909 4816/4816
f 4819/4819 4910/4910 4818/4818
f 4911/4911 4910/4910 4819/4819
f 4820/4820 4911/4911 4819/4819
f 4912/4912 4911/4911 4820/4820
f 4913/4913 4914/4914 4915/4915
f 4916/4916 4913/4913 4915/4915
f 4917/4917 4918/4918 4919/4919
f 4821/4821 4827/4827 4822/4822
f 4824/4824 4827/4827 4821/4821
f 4920/4920 4918/4918 4917/4917
f 4921/4921 4920/4920 4917/4917
f 4828/4828 4831/4831 4827/4827
f 4922/4922 4920/4920 4921/4921
f 4923/4923 4920/4920 4922/4922
f 4924/4924 4923/4923 4922/4922
f 4925/4925 4923/4923 4924/4924
f 4926/4926 4925/4925 4924/4924
f 4837/4837 4927/4927 4834/4834
f 4928/4928 4927/4927 4837/4837
f 4929/4929 4930/4930 4931/4931
f 4838/4838 4929/4929 4931/4931
f 4839/4839 4838/4838 4931/4931
f 4842/4842 4932/4932 4843/4843
f 4933/4933 4932/4932 4842/4842
f 4934/4934 4933/4933 4842/4842
f 4845/4845 4934/4934 4842/4842
f 4935/4935 4934/4934 4845/4845
f 4936/4936 4935/4935 4845/4845
f 4937/4937 4936/4936 4845/4845
f 4847/4847 4937/4937 4845/4845
f 4848/4848 4937/4937 4847/4847
f 4938/4938 4937/4937 4848/4848
f 4939/4939 4940/4940 4941/4941
f 4942/4942 4939/4939 4941/4941
f 4943/4943 4942/4942 4941/4941
f 4849/4849 4944/4944 4848/4848
f 4945/4945 4879/4879 4946/4946
f 4852/4852 4947/4947 4853/4853
f 4948/4948 4949/4949 4950/4950
f 4951/4951 4948/4948 4950/4950
f 4952/4952 4951/4951 4950/4950
f 4953/4953 4954/4954 4955/4955
f 4956/4956 4953/4953 4955/4955
f 4957/4957 4958/4958 4959/4959
f 4960/4960 4958/4958 4957/4957
f 4961/4961 4962/4962 4963/4963
f 4864/4864 4964/4964 4861/4861
f 4866/4866 4964/4964 4864/4864
f 4865/4865 4866/4866 4864/4864
f 4965/4965 4964/4964 4866/4866
f 4966/4966 4965/4965 4866/4866
f 4867/4867 4966/4966 4866/4866
f 4869/4869 4967/4967 4968/4968
f 4870/4870 4869/4869 4968/4968
f 4969/4969 4870/4870 4968/4968
f 4872/4872 4967/4967 4869/4869
f 4970/4970 4971/4971 4972/4972
f 4973/4973 4970/4970 4972/4972
f 4974/4974 4973/4973 4972/4972
f 4948/4948 4973/4973 4974/4974
f 4975/4975 4948/4948 4974/4974
f 4976/4976 4975/4975 4974/4974
f 4874/4874 4873/4873 4977/4977
f 4879/4879 4945/4945 4880/4880
f 4949/4949 4948/4948 4975/4975
f 4951/4951 4973/4973 4948/4948
f 4978/4978 4973/4973 4951/4951
f 4952/4952 4978/4978 4951/4951
f 4970/4970 4973/4973 4978/4978
f 4897/4897 4979/4979 4898/4898
f 4901/4901 4980/4980 4897/4897
f 4981/4981 4980/4980 4901/4901
f 4982/4982 4981/4981 4901/4901
f 4983/4983 4982/4982 4901/4901
f 4902/4902 4983/4983 4901/4901
f 4984/4984 4983/4983 4902/4902
f 4985/4985 4986/4986 4987/4987
f 4988/4988 4986/4986 4985/4985
f 4989/4989 4988/4988 4985/4985
f 4907/4907 4990/4990 4904/4904
f 4991/4991 4992/4992 4993/4993
f 4994/4994 4991/4991 4993/4993
f 4995/4995 4996/4996 4997/4997
f 4998/4998 4995/4995 4997/4997
f 4999/4999 5000/5000 5001/5001
f 5002/5002 4999/4999 5001/5001
f 4911/4911 5003/5003 4910/4910
f 4912/4912 5003/5003 4911/4911
f 4913/4913 5004/5004 4914/4914
f 4923/4923 4999/4999 4918/4918
f 4920/4920 4923/4923 4918/4918
f 5005/5005 4999/4999 4923/4923
f 4925/4925 5005/5005 4923/4923
f 5000/5000 4999/4999 5005/5005
f 4995/4995 4998/4998 5006/5006
f 5007/5007 5008/5008 5009/5009
f 5010/5010 5007/5007 5009/5009
f 5011/5011 5012/5012 4930/4930
f 4929/4929 5011/5011 4930/4930
f 4934/4934 5013/5013 4933/4933
f 4935/4935 5013/5013 4934/4934
f 5007/5007 5010/5010 5014/5014
f 5008/5008 5007/5007 5014/5014
f 5015/5015 5008/5008 5014/5014
f 5016/5016 5015/5015 5014/5014
f 4936/4936 5017/5017 4935/4935
f 5018/5018 5017/5017 4936/4936
f 4937/4937 5018/5018 4936/4936
f 4938/4938 5018/5018 4937/4937
f 5019/5019 5020/5020 5021/5021
f 5022/5022 5019/5019 5021/5021
f 5023/5023 5022/5022 5021/5021
f 4939/4939 5024/5024 4940/4940
f 5025/5025 5026/5026 5027/5027
f 5028/5028 5025/5025 5027/5027
f 5029/5029 5030/5030 5031/5031
f 5032/5032 5030/5030 5029/5029
f 5033/5033 5032/5032 5029/5029
f 5032/5032 5033/5033 5034/5034
f 4983/4983 5035/5035 4981/4981
f 4982/4982 4983/4983 4981/4981
f 5036/5036 5035/5035 4983/4983
f 4984/4984 5036/5036 4983/4983
f 5037/5037 5036/5036 4984/4984
f 5038/5038 5037/5037 5039/5039
f 5040/5040 5041/5041 5042/5042
f 5043/5043 5040/5040 5042/5042
f 5044/5044 5040/5040 5043/5043
f 5045/5045 5044/5044 5043/5043
f 5046/5046 5047/5047 5048/5048
f 5049/5049 5046/5046 5048/5048
f 5050/5050 5051/5051 5052/5052
f 5053/5053 5050/5050 5052/5052
f 5054/5054 5055/5055 5056/5056
f 5057/5057 5058/5058 5059/5059
f 5060/5060 5057/5057 5059/5059
f 5061/5061 5058/5058 5057/5057
f 5062/5062 5063/5063 5008/5008
f 5015/5015 5062/5062 5008/5008
f 5040/5040 5062/5062 5015/5015
f 5016/5016 5040/5040 5015/5015
f 5064/5064 5040/5040 5016/5016
f 5018/5018 5065/5065 5017/5017
f 5066/5066 5067/5067 5020/5020
f 5019/5019 5066/5066 5020/5020
f 5068/5068 5069/5069 5070/5070
f 5071/5071 5072/5072 5022/5022
f 5023/5023 5071/5071 5022/5022
f 5073/5073 5074/5074 5075/5075
f 5076/5076 5073/5073 5077/5077
f 5074/5074 5073/5073 5076/5076
f 5078/5078 5079/5079 5080/5080
f 5071/5071 5081/5081 5072/5072
f 5082/5082 5069/5069 5068/5068
f 5067/5067 5066/5066 5083/5083
f 5038/5038 5084/5084 5036/5036
f 5037/5037 5038/5038 5036/5036
f 5040/5040 5064/5064 5041/5041
f 5045/5045 5062/5062 5040/5040
f 5044/5044 5045/5045 5040/5040
f 5085/5085 5062/5062 5045/5045
f 5086/5086 5087/5087 5088/5088
f 5089/5089 5086/5086 5088/5088
f 5090/5090 5086/5086 5089/5089
f 5091/5091 5090/5090 5089/5089
f 5092/5092 5093/5093 5094/5094
f 5095/5095 5093/5093 5092/5092
f 5087/5087 5086/5086 5090/5090
f 5062/5062 5085/5085 5063/5063
f 5096/5096 5097/5097 5098/5098
f 5099/5099 5097/5097 5096/5096
f 5100/5100 5099/5099 5096/5096
f 4886/4886 5101/5101 4884/4884
f 5102/5102 5101/5101 4886/4886
f 5103/5103 5102/5102 4886/4886
f 5104/5104 5103/5103 4886/4886
f 4887/4887 5104/5104 4886/4886
f 4888/4888 5104/5104 4887/4887
f 5105/5105 5104/5104 4888/4888
f 5106/5106 5105/5105 4888/4888
f 4889/4889 5107/5107 4888/4888
f 5108/5108 5107/5107 4889/4889
f 5109/5109 5108/5108 4889/4889
f 5110/5110 5107/5107 5108/5108
f 5100/5100 5111/5111 5099/5099
f 5112/5112 5113/5113 5114/5114
f 5115/5115 5112/5112 5114/5114
f 5103/5103 5116/5116 5102/5102
f 5104/5104 5116/5116 5103/5103
f 5105/5105 5116/5116 5104/5104
f 5106/5106 5117/5117 5105/5105
f 5118/5118 5119/5119 5120/5120
f 5121/5121 5119/5119 5118/5118
f 5122/5122 5123/5123 5124/5124
f 5125/5125 5123/5123 5122/5122
f 5126/5126 5127/5127 5128/5128
f 5112/5112 5129/5129 5113/5113
f 5130/5130 5131/5131 5132/5132
f 5127/5127 5131/5131 5130/5130
f 5126/5126 5131/5131 5127/5127
usemtl mtl_45_0
f 5133/5133 5134/5134 5135/5135
f 5136/5136 5137/5137 5138/5138
f 5139/5139 5136/5136 5138/5138
f 5140/5140 5136/5136 5139/5139
f 5141/5141 5140/5140 5139/5139
f 5142/5142 5140/5140 5141/5141
f 5143/5143 5142/5142 5141/5141
f 5144/5144 5145/5145 5146/5146
f 5147/5147 5144/5144 5146/5146
f 5148/5148 5144/5144 5147/5147
f 5149/5149 5148/5148 5147/5147
f 5150/5150 5148/5148 5149/5149
f 5151/5151 5150/5150 5149/5149
f 5152/5152 5153/5153 5154/5154
f 5155/5155 5152/5152 5154/5154
f 5156/5156 5152/5152 5155/5155
f 5134/5134 5156/5156 5155/5155
f 5133/5133 5156/5156 5134/5134
f 5140/5140 5157/5157 5136/5136
f 5142/5142 5157/5157 5140/5140
f 5144/5144 5148/5148 5145/5145
usemtl mtl_45_1
f 5158/5158 5159/5159 5160/5160
f 5161/5161 5158/5158 5160/5160
f 5162/5162 5158/5158 5161/5161
f 5163/5163 5162/5162 5161/5161
f 5164/5164 5162/5162 5163/5163
f 5165/5165 5164/5164 5163/5163
f 5166/5166 5167/5167 5168/5168
f 5169/5169 5166/5166 5168/5168
f 5170/5170 5166/5166 5169/5169
f 5171/5171 5170/5170 5169/5169
f 5172/5172 5170/5170 5171/5171
f 5173/5173 5172/5172 5171/5171
f 5174/5174 5172/5172 5173/5173
f 5175/5175 5174/5174 5173/5173
f 5162/5162 5176/5176 5159/5159
f 5158/5158 5162/5162 5159/5159
f 5164/5164 5176/5176 5162/5162
usemtl mtl_55_0
f 5177/5177 5178/5178 5179/5179
f 5180/5180 5177/5177 5179/5179
f 5181/5181 5177/5177 5180/5180
f 5182/5182 5177/5177 5181/5181
f 5183/5183 5182/5182 5181/5181
f 5184/5184 5182/5182 5183/5183
f 5185/5185 5184/5184 5183/5183
f 5186/5186 5184/5184 5185/5185
f 5187/5187 5188/5188 5186/5186
f 5189/5189 5188/5188 5187/5187
f 5190/5190 5188/5188 5189/5189
f 5191/5191 5190/5190 5189/5189
f 5192/5192 5190/5190 5191/5191
f 5193/5193 5190/5190 5192/5192
f 5194/5194 5195/5195 5196/5196
f 5197/5197 5194/5194 5196/5196
f 5198/5198 5199/5199 5194/5194
f 5200/5200 5201/5201 5199/5199
f 5202/5202 5201/5201 5200/5200
f 5203/5203 5201/5201 5202/5202
f 5204/5204 5203/5203 5202/5202
f 5205/5205 5203/5203 5204/5204
f 5206/5206 5205/5205 5204/5204
f 5207/5207 5205/5205 5206/5206
f 5208/5208 5207/5207 5206/5206
f 5209/5209 5210/5210 5211/5211
f 5212/5212 5209/5209 5211/5211
f 5213/5213 5209/5209 5212/5212
f 5214/5214 5213/5213 5212/5212
f 5215/5215 5213/5213 5214/5214
f 5216/5216 5213/5213 5215/5215
f 5217/5217 5216/5216 5215/5215
f 5218/5218 5217/5217 5215/5215
f 5219/5219 5220/5220 5217/5217
f 5221/5221 5222/5222 5220/5220
f 5223/5223 5224/5224 5225/5225
f 5226/5226 5227/5227 5224/5224
f 5228/5228 5226/5226 5224/5224
f 5229/5229 5230/5230 5231/5231
f 5232/5232 5229/5229 5231/5231
f 5233/5233 5232/5232 5231/5231
f 5234/5234 5232/5232 5233/5233
f 5235/5235 5232/5232 5234/5234
f 5229/5229 5232/5232 5235/5235
f 5236/5236 5229/5229 5235/5235
f 5237/5237 5236/5236 5235/5235
f 5238/5238 5236/5236 5237/5237
f 5239/5239 5236/5236 5238/5238
f 5240/5240 5239/5239 5238/5238
f 5241/5241 5239/5239 5240/5240
f 5242/5242 5241/5241 5240/5240
f 5243/5243 5239/5239 5241/5241
f 5177/5177 5244/5244 5245/5245
f 5178/5178 5177/5177 5245/5245
f 5182/5182 5244/5244 5177/5177
f 5213/5213 5216/5216 5209/5209
f 5236/5236 5239/5239 5229/5229
f 5246/5246 5247/5247 5248/5248
f 5249/5249 5247/5247 5246/5246
f 5250/5250 5249/5249 5246/5246
usemtl mtl_55_1
f 5251/5251 5252/5252 5253/5253
f 5254/5254 5252/5252 5251/5251
f 5255/5255 5254/5254 5251/5251
f 5256/5256 5255/5255 5251/5251
f 5257/5257 5254/5254 5255/5255
f 5258/5258 5257/5257 5255/5255
f 5259/5259 5254/5254 5257/5257
f 5260/5260 5259/5259 5257/5257
f 5261/5261 5262/5262 5259/5259
f 5263/5263 5262/5262 5261/5261
f 5264/5264 5262/5262 5263/5263
f 5265/5265 5266/5266 5264/5264
f 5267/5267 5266/5266 5265/5265
f 5268/5268 5266/5266 5267/5267
f 5269/5269 5268/5268 5267/5267
f 5270/5270 5268/5268 5269/5269
f 5271/5271 5270/5270 5269/5269
f 5272/5272 5270/5270 5271/5271
f 5273/5273 5272/5272 5271/5271
f 5274/5274 5272/5272 5273/5273
f 5275/5275 5274/5274 5273/5273
f 5276/5276 5274/5274 5275/5275
f 5277/5277 5276/5276 5275/5275
f 5278/5278 5276/5276 5277/5277
f 5279/5279 5278/5278 5277/5277
f 5268/5268 5280/5280 5266/5266
f 5270/5270 5280/5280 5268/5268
