mtllib exp_model.mtl
v -17.5877 -23.6553 8.5336
v -17.9548 -24.7036 8.4725
v -17.9731 -24.7560 7.9231
v -17.5877 -23.6553 7.9536
v -17.3857 -23.0787 8.5031
v -17.5877 -23.6553 8.5336
v -17.5877 -23.6553 7.9536
v -17.3674 -23.0263 7.9536
v -17.1471 -22.3973 8.7473
v -17.1288 -22.3449 8.1673
v -16.7800 -21.3489 8.5946
v -16.7983 -21.4013 8.0147
v -16.4129 -20.3006 8.6862
v -16.3945 -20.2482 8.1063
v -15.7704 -18.4660 8.8083
v -15.7520 -18.4136 8.2284
v -14.8526 -15.8452 8.9915
v -14.8526 -15.8452 8.4115
v -14.9578 -15.8083 8.9915
v -14.8526 -15.8452 8.9915
v -14.8526 -15.8452 8.4115
v -16.2744 -16.7007 8.8694
v -16.5362 -15.2556 8.9304
v -14.8526 -15.8452 8.4115
v -16.6414 -15.2187 8.3810
v -16.7466 -15.1819 9.0830
v -16.5362 -15.2556 8.9304
v -16.6414 -15.2187 8.3810
v -16.9571 -15.1082 8.5641
v -17.2728 -14.9976 9.5104
v -17.7463 -14.8318 9.0525
v -17.5884 -14.8871 9.6325
v -18.0033 -15.5656 10.0293
v -18.1146 -14.7028 9.6325
v -17.7463 -14.8318 9.0525
v -18.9037 -14.4265 8.8083
v -18.9037 -14.4265 8.8083
v -18.9564 -14.4080 8.5947
v -19.0616 -14.3712 8.2894
v -19.4299 -14.2422 8.8083
v -18.9087 -14.7778 8.8083
v -22.0277 -17.2751 8.7167
v -21.9553 -13.3578 8.8083
v -19.0616 -14.3712 8.2894
v -22.0079 -13.3394 8.2284
v -22.0079 -13.3394 8.8388
v -22.1131 -13.3025 8.2894
v -22.4814 -13.1736 8.8694
v -22.5866 -13.1367 8.3199
v -26.8439 -21.4142 23.0935
v -26.7864 -21.0813 23.0935
v -27.2098 -21.1095 23.0935
v -27.2489 -21.3901 23.0935
v -17.7247 -23.3719 8.5336
v -19.2982 -22.4678 8.5031
v -19.4329 -24.5391 8.4420
v -17.7247 -23.3719 8.5336
v -19.4329 -24.5391 8.4420
v -17.7209 -21.8432 9.2967
v -16.6967 -20.4366 8.6557
v -16.2744 -16.7007 8.8694
v -17.4222 -18.1229 8.8999
v -17.5738 -16.3633 10.0293
v -17.4222 -18.1229 8.8999
v -16.2744 -16.7007 8.8694
v -17.5738 -16.3633 10.0293
v -16.2744 -16.7007 8.8694
v -18.9773 -17.1664 8.6557
v -19.1720 -19.7463 8.6252
v -22.3546 -21.7505 8.5030
v -22.4805 -19.4115 8.5946
v -22.0960 -14.6031 8.8388
v -26.8072 -21.3094 22.8798
v -19.1720 -19.7463 8.6252
v -22.3546 -21.7505 8.5030
v -18.4967 -21.8658 9.3272
v -17.7515 -20.2437 9.4493
v -18.3533 -17.9145 9.0525
v -18.3533 -17.9145 9.0525
v -18.3533 -17.9145 9.0525
v -26.7348 -17.3921 13.7837
v -27.4971 -17.7135 14.2415
v -26.5843 -17.9744 14.4857
v -26.4694 -19.8388 11.0060
v -26.6200 -21.7868 11.6775
v -26.7472 -20.8007 8.6251
v -27.6659 -17.1837 13.8447
v -18.9087 -14.7778 8.8083
v -18.0033 -15.5656 10.0293
v -18.1146 -14.7028 9.6325
v -18.6933 -14.5002 8.9609
v -17.7463 -14.8318 9.0525
v -18.5881 -14.5370 8.4115
v -18.9037 -14.4265 8.8083
v -18.9564 -14.4080 8.5947
v -23.0601 -12.9709 9.4493
v -22.4814 -13.1736 8.8694
v -22.5866 -13.1367 8.3199
v -23.3232 -12.8788 8.9304
v -23.5337 -12.8051 9.5104
v -23.3122 -13.3534 9.8156
v -24.6911 -12.3997 8.9304
v -23.3122 -13.3534 9.8156
v -23.5337 -12.8051 9.5104
v -23.3232 -12.8788 8.9304
v -24.5859 -12.4366 8.3810
v -24.7437 -12.3813 8.8694
v -23.8482 -13.8718 9.7851
v -24.7437 -12.3813 8.8694
v -24.5859 -12.4366 8.3810
v -24.6385 -12.4182 8.3199
v -24.7963 -12.3629 8.8694
v -24.7437 -12.3813 8.2894
v -25.3751 -12.1602 8.7778
v -25.3751 -12.1602 8.2283
v -25.4277 -12.1418 8.7778
v -25.4277 -12.1418 8.7778
v -25.4277 -12.1418 8.7778
v -25.3751 -12.1602 8.2283
v -25.4277 -12.1418 8.2283
v -25.4277 -12.1418 8.7778
v -26.2744 -12.1984 13.6006
v -26.2169 -11.8654 13.3564
v -26.2169 -11.8654 13.6311
v -27.8336 -17.8311 23.0935
v -28.1676 -17.7730 23.0935
v -28.0331 -18.2320 23.0935
v -28.0331 -18.2320 23.0935
v -26.7764 -17.8483 23.0935
v -27.0285 -18.2308 23.0935
v -26.7446 -18.0948 23.0935
v -26.7764 -17.8483 23.0935
v -27.0285 -18.2308 23.0935
v -26.7238 -17.8667 20.8042
v -26.6761 -18.2365 23.0935
v -27.0285 -18.2308 23.0935
v -26.6553 -18.0084 17.6297
v -26.8072 -21.3094 22.8798
v -26.7864 -21.0813 23.0935
v -27.0285 -18.2308 23.0935
v -27.2098 -21.1095 23.0935
v -18.3533 -17.9145 9.0525
v -17.5738 -16.3633 10.0293
v -18.9773 -17.1664 8.6557
v -23.2036 -19.4525 9.2661
v -22.4805 -19.4115 8.5946
v -22.0277 -17.2751 8.7167
v -23.1840 -18.0471 9.7851
v -23.0542 -16.3272 10.0293
v -22.9024 -15.5565 9.5409
v -22.0960 -14.6031 8.8388
v -22.9024 -15.5565 9.5409
v -24.2276 -15.7985 9.6019
v -25.1869 -16.3453 8.7472
v -26.6404 -14.4240 8.6862
v -26.3455 -14.7626 13.5395
v -26.6404 -14.4240 8.6862
v -26.6553 -18.0084 17.6297
v -27.3050 -17.8397 17.3550
v -26.7238 -17.8667 20.8042
v -26.5843 -17.9744 14.4857
v -26.8573 -21.1152 16.7445
v -26.5843 -17.9744 14.4857
v -23.2723 -21.8411 9.7545
v -23.0423 -23.0397 9.0525
v -22.3546 -21.7505 8.5030
v -23.2036 -19.4525 9.2661
v -22.4805 -19.4115 8.5946
v -24.1483 -21.4754 9.7545
v -23.2723 -21.8411 9.7545
v -23.2036 -19.4525 9.2661
v -23.9610 -19.4226 9.2051
v -23.1840 -18.0471 9.7851
v -24.0612 -16.5041 10.0598
v -23.9610 -19.4226 9.2051
v -23.1840 -18.0471 9.7851
v -23.0542 -16.3272 10.0293
v -24.7637 -18.8473 8.6862
v -26.6259 -18.4305 8.6556
v -26.9954 -17.1242 8.6862
v -26.5340 -15.6381 10.9144
v -26.9954 -17.1242 8.6862
v -26.2539 -17.0308 13.4174
v -26.7348 -17.3921 13.7837
v -26.2539 -17.0308 13.4174
v -26.3455 -14.7626 13.5395
v -27.0393 -15.2258 13.9363
v -27.6659 -17.1837 13.8447
v -27.4971 -17.7135 14.2415
v -26.5550 -18.3965 13.6005
v -26.7348 -17.3921 13.7837
v -24.3968 -22.8595 9.1746
v -23.0423 -23.0397 9.0525
v -25.5017 -22.4726 8.5030
v -25.3009 -20.7187 8.6556
v -24.7637 -18.8473 8.6862
v -26.7472 -20.8007 8.6251
v -26.6259 -18.4305 8.6556
v -26.4694 -19.8388 11.0060
v -26.7472 -20.8007 8.6251
v -26.6259 -18.4305 8.6556
v -26.4815 -18.1869 11.6775
v -26.5550 -18.3965 13.6005
v -26.6200 -21.7868 11.6775
v -26.6775 -22.1197 8.4725
v -6.6828 11.3635 23.0488
v -6.6301 11.3450 19.6837
v -6.2619 11.2160 19.4760
v -6.3145 11.2345 23.0904
v -6.7880 11.4003 24.0874
v -6.3671 11.2529 24.1290
v -6.7880 11.4003 24.4198
v -6.3671 11.2529 24.4614
v -6.8406 11.4187 24.9183
v -6.4197 11.2713 25.0430
v -7.0511 11.4924 26.4140
v -6.6828 11.3635 26.2062
v -1.3976 22.5762 26.2477
v -1.4343 22.4713 26.2477
v -1.5261 22.2092 25.9154
v -1.4160 22.5237 25.6661
v -0.9938 23.7293 26.5386
v -0.9754 23.7817 25.9985
v -0.7368 24.4631 26.5801
v -0.6817 24.6204 25.8738
v -13.4697 13.7402 10.3776
v -13.8906 13.8876 9.9206
v -13.7328 13.8323 9.3805
v -13.2067 13.6481 9.9206
v -13.3119 13.6849 10.5438
v -12.9436 13.5559 10.2945
v -6.5004 13.0649 19.8083
v -6.8049 15.2311 22.5503
v -6.8453 16.1279 24.7521
v -7.0057 13.4773 26.4555
v -4.5189 22.4335 24.2120
v -3.6808 23.1403 24.4198
v -0.9314 24.4136 26.5801
v -13.3070 14.0363 10.5438
v -13.8807 17.1206 10.0868
v -6.6630 15.2991 19.5590
v -6.2542 16.8036 19.3928
v -6.4181 17.6849 21.7609
v -6.7240 18.4981 23.4642
v -7.0677 20.3838 26.4970
v -7.1144 17.0460 26.4555
v -7.1741 21.5980 24.3782
v -7.4005 21.7949 26.4139
v -7.0909 22.5103 24.8352
v -7.3380 22.4792 26.6632
v -7.0750 22.3871 21.8855
v -6.3151 22.5329 22.7164
v -4.5604 24.5076 23.9212
v -2.9587 26.8889 24.2951
v -5.9698 27.0607 22.3840
v -4.9884 29.1885 22.0101
v -13.3715 20.7672 10.7099
v -13.7544 22.3724 10.3776
v -13.4401 18.3786 10.5437
v -6.6298 18.9359 19.6836
v -6.9637 21.5243 19.7252
v -7.1117 22.2822 19.3513
v -6.9514 22.4026 16.6924
v -7.1117 22.2822 19.3513
v -7.0750 22.3871 21.8855
v -6.7408 24.8592 19.2266
v -6.7995 25.7036 21.8855
v -6.2881 24.4653 22.7579
v -6.7995 25.7036 21.8855
v -7.0750 22.3871 21.8855
v -5.8658 28.2012 21.9686
v -5.0827 28.7507 19.8082
v -5.8658 28.2012 21.9686
v -4.9884 29.1885 22.0101
v -3.7293 29.7479 19.4343
v -5.0827 28.7507 19.8082
v -4.9884 29.1885 22.0101
v -2.9462 30.2975 22.0932
v -2.3467 30.3229 18.0218
v -4.6752 28.9022 13.5765
v -2.8092 30.0141 13.6180
v -0.7401 30.5253 14.0335
v -3.2693 29.8810 11.1253
v -1.7471 30.3483 11.1253
v -0.8062 30.8426 11.9147
v -0.3461 30.9757 13.7011
v -0.8857 31.4589 13.7842
v -2.2585 31.5866 13.3688
v -0.3461 30.9757 13.7011
v -13.0373 23.2393 13.3688
v -13.6809 22.5820 13.6596
v -13.4118 21.6640 14.3659
v -12.2188 22.5408 13.4103
v -11.0112 21.9413 17.4817
v -11.2154 23.7193 16.4016
v -13.0019 21.9912 16.0277
v -9.5123 22.0049 17.8557
v -11.2154 23.7193 16.4016
v -11.0112 21.9413 17.4817
v -9.6064 24.0974 16.4847
v -7.7417 23.8563 15.9446
v -6.9514 22.4026 16.6924
v -6.8999 23.5615 16.3185
v -6.8999 23.5615 16.3185
v -6.4336 25.3989 15.4045
v -6.3430 26.8383 20.7638
v -5.6370 28.1799 20.6391
v -4.6752 28.9022 13.5765
v -5.8046 27.5324 14.9059
v -5.1561 28.5410 11.1669
v -4.2812 29.3527 10.7930
v -5.1561 28.5410 11.1669
v -4.6506 30.6590 10.7930
v -4.2812 29.3527 10.7930
v -3.2693 29.8810 11.1253
v -1.7471 30.3483 11.1253
v -2.7369 31.4011 11.4162
v -1.6455 31.3131 11.1669
v -0.8062 30.8426 11.9147
v -1.6455 31.3131 11.1669
v -1.7471 30.3483 11.1253
v -4.4792 32.8351 13.2857
v -6.7256 33.5041 13.3272
v -3.0428 32.2143 13.5765
v -9.3820 33.8459 11.4161
v -8.4435 34.1645 11.4161
v -8.9696 34.3487 10.9176
v -10.0684 33.9097 11.9147
v -10.1032 23.8594 13.9089
v -10.5841 23.4982 11.6239
v -11.2154 23.7193 16.4016
v -9.6064 24.0974 16.4847
v -8.4306 23.7445 13.7427
v -7.7417 23.8563 15.9446
v -7.7833 23.4001 11.1669
v -6.8032 24.1749 15.5291
v -6.8032 24.1749 15.5291
v -6.8032 24.1749 15.5291
v -6.8424 23.8944 11.3331
v -6.5841 25.9812 11.6239
v -6.1093 27.1684 11.2500
v -5.4509 28.8797 10.7099
v -6.1093 27.1684 11.2500
v -5.1561 28.5410 11.1669
v -4.2812 29.3527 10.7930
v -5.4509 28.8797 10.7099
v -5.1561 28.5410 11.1669
v -5.4509 28.8797 10.7099
v -5.4875 31.3051 10.7930
v -4.7460 31.3985 11.3331
v -5.4875 31.3051 10.7930
v -4.6506 30.6590 10.7930
v -2.7369 31.4011 11.4162
v -8.9122 32.1514 11.3330
v -9.3380 31.9474 12.3717
v -8.3848 33.3201 12.7040
v -8.4435 34.1645 11.4161
v -11.4649 26.0428 11.5823
v -12.6150 26.9752 11.4992
v -12.9687 25.6279 11.6654
v -12.9663 23.2733 11.2915
v -10.5791 23.8496 11.1669
v -12.3607 22.4728 11.2915
v -9.8401 23.7673 11.3331
v -10.5791 23.8496 11.1669
v -7.3318 24.1835 10.7515
v -10.5791 23.8496 11.1669
v -7.7833 23.4001 11.1669
v -6.8424 23.8944 11.3331
v -6.8424 23.8944 11.3331
v -6.5841 25.9812 11.6239
v -7.3318 24.1835 10.7515
v -6.8424 23.8944 11.3331
v -6.8924 26.6188 10.7515
v -8.1671 31.2431 10.7099
v -6.8924 26.6188 10.7515
v -7.2042 30.7882 10.7514
v -5.8350 31.6622 11.1669
v -7.2042 30.7882 10.7514
v -7.6520 31.5335 11.2084
v -9.3380 31.9474 12.3717
v -9.6060 31.6882 11.8316
v -7.2286 31.5618 13.2441
v -8.5048 32.3029 13.1195
v -10.3976 31.7889 12.7871
v -9.6060 31.6882 11.8316
v -9.3380 31.9474 12.3717
v -10.7977 32.1644 12.8702
v -10.3976 31.7889 12.7871
v -9.3380 31.9474 12.3717
v -10.3327 32.6488 11.9562
v -8.9122 32.1514 11.3330
v -10.9375 27.2115 11.2915
v -12.1010 28.4428 11.7070
v -10.4554 26.3954 11.7485
v -9.4681 25.1670 11.0007
v -7.3318 24.1835 10.7515
v -9.0752 26.7947 10.8761
v -6.8924 26.6188 10.7515
v -10.1409 27.4622 10.8761
v -8.1671 31.2431 10.7099
v -9.7358 29.9683 10.9176
v -9.5473 30.8438 10.9176
v -9.5473 30.8438 10.9176
v -8.1671 31.2431 10.7099
v -7.6520 31.5335 11.2084
v -8.1671 31.2431 10.7099
v -10.6559 29.7021 11.6654
v -13.5750 13.7771 19.2682
v -12.9962 13.5744 18.9359
v -13.4697 13.7402 19.4344
v -13.4709 14.9175 19.3928
v -12.7270 15.1866 19.3928
v -12.9436 13.5560 19.4344
v -12.9962 13.5744 18.9359
v -11.0606 13.3673 19.2682
v -11.3126 12.9848 19.3098
v -12.9962 13.5744 18.9359
v -11.3652 13.0032 18.7281
v -11.0496 12.8927 19.2682
v -11.1022 12.9111 18.6866
v -10.9444 12.8558 19.2682
v -10.9444 12.8558 18.6866
v -9.7869 12.4505 19.2682
v -9.7869 12.4505 18.6866
v -7.1037 11.5108 19.2682
v -6.9984 11.4740 18.7281
v -6.6828 11.3634 19.6006
v -7.1037 11.5108 19.2682
v -6.9984 11.4740 18.7281
v -6.4197 11.2713 19.1436
v -6.6301 11.3450 19.6837
v -6.2619 11.2160 19.4760
v -5.8410 11.0687 27.2864
v -7.0511 11.4924 26.4140
v -6.6828 11.3635 26.2062
v -5.4727 10.9397 26.9541
v -5.4727 10.9397 27.5357
v -5.4360 11.0445 27.5357
v -5.4727 10.9397 26.9541
v -5.4176 11.0970 26.9956
v -5.1239 11.9356 27.7849
v -5.1056 11.9880 27.2033
v -4.4448 13.8750 28.2419
v -4.4080 13.9799 27.7019
v -3.5820 16.3386 28.8651
v -3.5453 16.4434 28.3250
v -2.7376 18.7498 29.4467
v -3.5820 16.3386 28.8651
v -3.5453 16.4434 28.3250
v -2.7193 18.8022 28.9066
v -2.0768 20.6368 29.9037
v -2.0401 20.7416 29.3636
v -1.7648 21.5278 30.3192
v -1.6913 21.7375 29.8206
v -1.7097 21.6851 30.4022
v -6.4167 21.5681 27.1202
v -3.2856 22.4135 29.2390
v -1.6363 21.8948 30.4438
v -1.6913 21.7375 29.8206
v -1.5628 22.1044 29.9452
v -1.3793 22.6286 30.4022
v -1.3793 22.6286 30.4022
v -1.5628 22.1044 29.9452
v -5.5920 22.5739 27.4941
v -1.4343 22.4713 28.4912
v -5.5920 22.5739 27.4941
v -1.3793 22.6286 30.4022
v -1.5628 22.1044 29.9452
v -1.5628 22.1044 28.5327
v -1.4343 22.4713 28.1588
v -1.5812 22.0520 28.2004
v -1.4160 22.5237 26.4555
v -1.5628 22.1044 26.4139
v -1.4343 22.4713 26.2477
v -1.5261 22.2092 25.9154
v -0.5349 25.0397 26.2062
v -0.7368 24.4631 26.5801
v -0.6817 24.6204 25.8738
v -0.8493 26.5032 25.0845
v -0.1310 26.1929 25.1676
v -0.6817 24.6204 25.8738
v -0.2045 25.9832 24.6690
v 0.8785 29.0758 23.1318
v 0.8051 28.8661 22.6333
v 1.2640 30.1765 22.3009
v 1.1722 29.9144 21.9686
v 1.3191 30.3338 22.1763
v 0.9692 30.5152 22.1763
v 1.2824 30.2289 20.9715
v 0.9692 30.5152 22.1763
v 1.3191 30.3338 22.1763
v 1.1722 29.9144 21.9686
v 1.1355 29.8096 21.0131
v 1.2640 30.1765 18.7281
v 1.1355 29.8096 18.7696
v 1.2457 30.1241 17.1909
v 1.0988 29.7047 17.1909
v 1.3008 30.2813 14.6982
v 1.1539 29.8620 14.6151
v 1.3008 30.2813 14.1581
v 1.2090 30.0192 13.7427
v -16.7843 14.9009 10.2945
v -16.8369 14.9194 10.2945
v -16.8369 14.9194 9.7129
v -15.9204 16.1872 10.0037
v -15.8899 14.5877 10.0037
v -16.8369 14.9194 9.7129
v -15.9425 14.6061 9.4220
v -14.6798 14.1640 9.9206
v -14.7324 14.1824 9.3390
v -13.8906 13.8876 9.9206
v -13.7328 13.8323 9.3805
v -13.2593 13.6665 11.3747
v -13.3119 13.6849 10.5438
v -12.9436 13.5559 10.2945
v -12.8910 13.5375 11.3331
v -13.1541 13.6297 14.0751
v -12.7332 13.4823 14.0751
v -13.2067 13.6481 15.6123
v -12.8384 13.5191 15.6538
v -13.3645 13.7034 17.4818
v -12.9436 13.5560 17.5233
v -13.5750 13.7771 19.2682
v -12.9962 13.5744 18.9359
v -13.4709 14.9175 19.3928
v -13.0977 15.1399 14.4490
v -13.1918 17.2324 15.8200
v -13.5355 19.1181 19.4344
v -13.5355 19.1181 19.4344
v -12.6067 21.2644 19.4344
v -11.8482 20.0572 19.2266
v -9.4916 19.7027 19.2266
v -6.9652 15.1107 19.2682
v -6.9652 15.1107 19.2682
v -6.5004 13.0649 19.8083
v -7.0057 13.4773 26.4555
v -4.4373 16.9323 28.2835
v -4.4373 16.9323 28.2835
v -4.7723 20.6980 28.0342
v -7.4005 21.7949 26.4139
v -7.3380 22.4792 26.6632
v -7.0909 22.5103 24.8352
v -7.3380 22.4792 26.6632
v -5.2763 22.4633 26.0816
v -4.5189 22.4335 24.2120
v -0.9314 24.4136 26.5801
v -2.9587 26.8889 24.2951
v -1.1610 30.6727 22.1763
v 1.0377 30.3735 20.8884
v -1.1610 30.6727 22.1763
v 0.2093 30.3693 17.1078
v 0.2302 30.5974 14.2412
v -13.8807 17.1206 10.0868
v -13.3070 14.0363 10.5438
v -13.3068 16.5665 10.7515
v -13.4401 18.3786 10.5437
v -13.0987 18.8475 14.3243
v -13.2956 21.1525 15.8199
v -13.5439 22.2987 19.4343
v -13.5439 22.2987 19.4343
v -10.7799 22.0957 19.3513
v -7.5180 20.9534 19.3097
v -6.2542 16.8036 19.3928
v -6.6630 15.2991 19.5590
v -6.6630 15.2991 19.5590
v -7.1144 17.0460 26.4555
v -7.0677 20.3838 26.4970
v -7.1144 17.0460 26.4555
v -6.3151 22.5329 22.7164
v -7.0750 22.3871 21.8855
v -2.9462 30.2975 22.0932
v -4.9884 29.1885 22.0101
v -2.3467 30.3229 18.0218
v -2.9462 30.2975 22.0932
v -0.7401 30.5253 14.0335
v -0.3461 30.9757 13.7011
v -0.7401 30.5253 14.0335
v 0.2302 30.5974 14.2412
v -13.3715 20.7672 10.7099
v -13.4118 21.6640 14.3659
v -13.0019 21.9912 16.0277
v -13.2283 22.1881 18.3126
v -10.7799 22.0957 19.3513
v -13.2283 22.1881 18.3126
v -13.5439 22.2987 19.4343
v -11.0112 21.9413 17.4817
v -9.5123 22.0049 17.8557
v -7.1117 22.2822 19.3513
v -7.1117 22.2822 19.3513
v -6.9637 21.5243 19.7252
v -6.6298 18.9359 19.6836
v -1.6455 31.3131 11.1669
v -0.8062 30.8426 11.9147
v -0.3461 30.9757 13.7011
v -2.2585 31.5866 13.3688
v -13.6809 22.5820 13.6596
v -13.7544 22.3724 10.3776
v -13.0019 21.9912 16.0277
v -12.2188 22.5408 13.4103
v -13.4118 21.6640 14.3659
v -11.2154 23.7193 16.4016
v -13.0019 21.9912 16.0277
v -6.9514 22.4026 16.6924
v -2.2585 31.5866 13.3688
v -2.7369 31.4011 11.4162
v -1.6455 31.3131 11.1669
v -5.5903 31.5176 13.1610
v -3.0428 32.2143 13.5765
v -5.5903 31.5176 13.1610
v -2.2585 31.5866 13.3688
v -6.7256 33.5041 13.3272
v -12.9687 25.6279 11.6654
v -13.0188 25.8220 13.0364
v -13.0373 23.2393 13.3688
v -12.9663 23.2733 11.2915
v -12.3607 22.4728 11.2915
v -12.9663 23.2733 11.2915
v -13.0373 23.2393 13.3688
v -12.2188 22.5408 13.4103
v -10.5841 23.4982 11.6239
v -12.3607 22.4728 11.2915
v -4.7460 31.3985 11.3331
v -5.8350 31.6622 11.1669
v -7.2286 31.5618 13.2441
v -7.2286 31.5618 13.2441
v -8.5048 32.3029 13.1195
v -8.3848 33.3201 12.7040
v -8.5048 32.3029 13.1195
v -6.7256 33.5041 13.3272
v -9.3380 31.9474 12.3717
v -9.3820 33.8459 11.4161
v -8.9122 32.1514 11.3330
v -8.4435 34.1645 11.4161
v -10.3327 32.6488 11.9562
v -10.0684 33.9097 11.9147
v -10.5841 23.4982 11.6239
v -10.5791 23.8496 11.1669
v -12.3607 22.4728 11.2915
v -7.6520 31.5335 11.2084
v -9.6060 31.6882 11.8316
v -22.0065 -13.3399 8.8345
v -22.5346 -13.1550 8.8687
v -22.6306 -13.1214 8.3221
v -22.1025 -13.3063 8.2709
v -21.9585 -13.3568 8.8004
v -22.0065 -13.3399 8.2367
v -19.7979 -14.1134 8.8174
v -19.7979 -14.1134 8.2538
v -18.9817 -14.3992 8.8174
v -18.9817 -14.3992 8.2538
v -18.9337 -14.4160 8.8174
v -18.8857 -14.4328 8.2538
v -18.5976 -14.5337 9.0395
v -18.3575 -14.6178 8.5612
v -18.1175 -14.7019 9.6032
v -17.7334 -14.8364 9.0395
v -17.4933 -14.9204 9.6202
v -18.1175 -14.7019 9.6032
v -17.7334 -14.8364 9.0395
v -17.1036 -14.1154 9.2103
v -17.2533 -15.0045 9.5007
v -17.7334 -14.8364 9.0395
v -16.7731 -15.1726 9.0737
v -17.7334 -14.8364 9.0395
v -16.9652 -15.1054 8.5612
v -16.5811 -15.2399 8.9199
v -16.6291 -15.2231 8.3563
v -14.9967 -15.7948 8.9883
v -14.9967 -15.7948 8.4075
v -14.9487 -15.8116 8.9883
v -14.8526 -15.8452 8.4246
v -14.8526 -15.8452 8.9883
v -14.8159 -15.7404 9.0053
v -14.8526 -15.8452 8.4246
v -14.7792 -15.6355 8.4417
v -14.7609 -15.5831 9.0053
v -16.6559 -14.6841 8.9541
v -14.7425 -15.5307 9.0053
v -14.7792 -15.6355 8.4417
v -14.7425 -15.5307 8.4417
v -14.7242 -15.4783 9.0053
v -14.7058 -15.4259 8.4417
v -14.3937 -14.5348 9.2616
v -14.2652 -14.1679 8.7833
v -14.2102 -14.0106 9.4153
v -14.2031 -13.8366 9.4153
v -14.1735 -13.9058 9.4153
v -14.2652 -14.1679 8.7833
v -14.1551 -13.8534 8.8516
v -14.1551 -13.8534 9.4153
v -14.1184 -13.7485 8.8516
v -14.0817 -13.6437 9.4324
v -13.3291 -11.4946 9.5007
v -14.1184 -13.7485 8.8516
v -13.3291 -11.4946 8.9370
v -13.2373 -11.2325 9.4836
v -13.1822 -11.0753 8.9541
v -13.0537 -10.7084 10.2522
v -13.2373 -11.2325 9.4836
v -13.1822 -11.0753 8.9541
v -12.9620 -10.4463 9.8081
v -13.0354 -10.6560 10.2522
v -13.5720 -9.8796 9.4153
v -13.0877 -8.3427 9.6203
v -13.0354 -10.6560 10.2693
v -12.9620 -10.4463 9.8081
v -12.9252 -10.3415 9.9277
v -13.0977 -2.9843 16.6916
v -12.9621 -4.4441 16.6916
v -12.5710 -4.4045 16.6916
v -12.6586 -2.9616 16.6916
v -13.0300 -1.7134 16.6916
v -12.6092 -1.7431 16.6916
v -13.1035 0.0776 16.6916
v -12.6643 0.1004 16.6916
v -13.1063 1.6086 16.6916
v -12.7152 1.6482 16.6916
v -13.1263 8.3239 16.6916
v -13.0965 6.2539 16.6916
v -12.6757 6.2243 16.6916
v -12.7280 8.5375 16.6916
v -13.1898 8.7581 16.6916
v -13.1008 8.5504 13.8562
v -13.1249 9.5592 16.6916
v -12.7280 8.5375 16.6916
v -12.7041 9.5295 16.6916
v -13.1899 10.7588 16.6916
v -12.7507 10.7816 16.6916
v -13.2817 12.4975 16.6916
v -12.8835 12.7111 16.6916
v -13.3452 12.9317 16.6916
v -13.3156 12.8624 16.2133
v -13.3015 13.2106 16.6916
v -12.8835 12.7111 16.6916
v -12.9146 13.5458 16.6916
v -13.2987 13.6803 16.6916
v -13.2026 13.6467 15.5984
v -12.9146 13.5458 16.6916
v -12.8185 13.5122 15.6497
v -13.1546 13.6299 14.0612
v -12.7705 13.4954 14.0612
v -13.2986 13.6803 11.3795
v -12.8665 13.5290 11.3454
v -13.3467 13.6972 10.5255
v -12.9626 13.5626 10.2864
v -13.4427 13.7308 10.3718
v -13.3467 13.6972 10.5255
v -12.9626 13.5626 10.2864
v -13.2026 13.6467 9.9277
v -13.8748 13.8821 9.9106
v -13.7307 13.8317 9.3640
v -16.8035 14.9078 10.2864
v -15.8913 14.5883 9.9789
v -15.9393 14.6051 9.4153
v -16.8516 14.9246 9.7227
v -22.7465 -12.3747 8.8858
v -23.2662 -10.7804 10.3376
v -23.5514 -12.2105 9.0907
v -21.9105 -11.3728 8.8516
v -21.9105 -11.3728 8.8516
v -22.7465 -12.3747 8.8858
v -18.9592 -10.6410 8.9028
v -18.9069 -12.9543 8.8345
v -18.2149 -13.9027 9.2615
v -18.2149 -13.9027 9.2615
v -18.1839 -12.7367 9.9618
v -17.3141 -12.0998 10.1839
v -16.2832 -12.6962 8.9199
v -15.0250 -12.4895 9.0053
v -14.2512 -9.8183 9.4836
v -13.5720 -9.8796 9.4153
v -13.0877 -8.3427 9.6203
v -14.1610 -4.7892 9.7227
v -13.0609 -4.8802 9.7227
v -12.8760 -5.1215 15.2397
v -12.9212 -2.6342 12.6093
v -12.9100 -0.7551 14.9664
v -12.9185 1.8371 13.7708
v -12.9949 7.1599 14.3857
v -13.2674 6.8434 10.6109
v -13.3791 11.2959 10.4743
v -13.0430 11.1782 14.4369
v -13.2083 12.7072 13.8220
v -13.3791 11.2959 10.4743
v -13.8691 12.8209 9.8594
v -15.8984 14.4142 9.9789
v -16.8035 14.9078 10.2864
v -16.8939 13.8802 11.4820
v -24.0598 -8.7371 10.3205
v -24.4072 -8.4978 12.1481
v -24.3352 -9.5233 12.0969
v -24.1248 -9.5382 10.3888
v -22.9287 -9.6628 10.2693
v -24.0598 -8.7371 10.3205
v -24.1248 -9.5382 10.3888
v -23.8254 -9.7607 10.2010
v -23.2662 -10.7804 10.3376
v -18.2263 -9.7796 8.9370
v -22.4655 -8.6481 8.9541
v -18.3718 -10.9644 10.1326
v -18.2263 -9.7796 8.9370
v -18.9592 -10.6410 8.9028
v -18.9069 -12.9543 8.8345
v -18.3718 -10.9644 10.1326
v -18.9592 -10.6410 8.9028
v -18.1839 -12.7367 9.9618
v -18.2149 -13.9027 9.2615
v -18.3718 -10.9644 10.1326
v -17.7561 -10.5916 10.1326
v -16.6123 -10.4037 8.9541
v -15.5038 -9.0854 9.2957
v -15.3118 -7.1519 9.5519
v -15.4079 -5.1175 9.6373
v -12.8562 -3.8338 10.3035
v -12.9805 -2.4957 10.0814
v -13.0609 -4.8802 9.7227
v -12.8930 0.0628 10.4230
v -13.5244 6.1096 10.1668
v -13.1671 4.5133 10.3035
v -13.2674 6.8434 10.6109
v -14.0822 6.3637 9.6202
v -24.1827 -8.1645 9.3128
v -25.1005 -8.7846 9.0053
v -24.0598 -8.7371 10.3205
v -23.4131 -7.1982 10.4401
v -23.2083 -8.1526 10.3888
v -23.4131 -7.1982 10.4401
v -22.8300 -5.2252 10.6109
v -22.3710 -5.9155 10.3376
v -18.7489 -6.6544 9.0907
v -22.1916 -7.0964 9.0736
v -19.0158 -8.0320 9.0566
v -17.4765 -8.1003 9.0053
v -16.3144 -7.8600 9.0053
v -17.4765 -8.1003 9.0053
v -18.2263 -9.7796 8.9370
v -17.1969 -9.6105 9.0566
v -17.7561 -10.5916 10.1326
v -17.1969 -9.6105 9.0566
v -16.7225 -6.7167 9.8935
v -13.1444 0.2685 9.9789
v -13.7616 4.6627 9.9960
v -23.9864 -6.5267 9.0566
v -23.6391 -4.7653 9.9789
v -22.8300 -5.2252 10.6109
v -22.5546 -4.4389 10.0301
v -18.0019 -7.4456 9.9789
v -18.0471 -4.9582 9.8252
v -18.0019 -7.4456 9.9789
v -18.0471 -4.9582 9.8252
v -17.7479 -1.1793 10.2180
v -17.5883 0.3537 10.5255
v -18.6785 1.0885 9.3469
v -18.6318 -2.1643 9.2615
v -22.5406 -2.0901 10.8671
v -23.0404 -3.2096 10.7134
v -22.5546 -4.4389 10.0301
v -25.4154 -12.1462 8.7833
v -25.4154 -12.1462 8.7833
v -25.4154 -12.1462 8.2196
v -25.3674 -12.1630 8.2196
v -25.3674 -12.1630 8.8003
v -24.3464 -11.4024 9.0224
v -24.7912 -12.3647 8.8687
v -24.7912 -12.3647 8.8516
v -25.3674 -12.1630 8.2196
v -24.7432 -12.3815 8.2879
v -24.7432 -12.3815 8.8516
v -24.6472 -12.4152 8.3050
v -24.7432 -12.3815 8.8857
v -24.5511 -12.4488 8.3563
v -24.6952 -12.3984 8.9199
v -23.5514 -12.2105 9.0907
v -23.3988 -12.8523 9.5007
v -24.5511 -12.4488 8.3563
v -23.3028 -12.8860 8.9028
v -23.0628 -12.9700 9.4494
v -23.3988 -12.8523 9.5007
v -23.3028 -12.8860 8.9028
v -23.5514 -12.2105 9.0907
v -22.7465 -12.3747 8.8858
v -22.5346 -13.1550 8.8687
v -23.3028 -12.8860 8.9028
v -22.6306 -13.1214 8.3221
v -13.0170 -10.6035 10.4743
v -13.0354 -10.6560 10.2693
v -12.9252 -10.3415 9.9277
v -12.8885 -10.2366 10.3889
v -12.9436 -10.3939 16.6916
v -12.8335 -10.0794 16.6916
v -12.8928 -9.9409 16.6916
v -12.7911 -9.0350 14.0099
v -12.9168 -8.9321 16.6916
v -12.8335 -10.0794 16.6916
v -12.4960 -8.9618 16.6916
v -12.9409 -7.9234 16.6916
v -12.5610 -7.7622 16.6916
v -12.9931 -7.6108 16.6916
v -12.8971 -7.6445 15.8376
v -13.0073 -5.9582 16.6916
v -12.5610 -7.7622 16.6916
v -12.5681 -5.9355 16.6916
v -12.9621 -4.4441 16.6916
v -12.5710 -4.4045 16.6916
v -13.0273 2.7578 16.6916
v -13.1063 1.6086 16.6916
v -12.7152 1.6482 16.6916
v -12.6065 2.7282 16.6916
v -13.0386 2.8795 16.6916
v -12.5994 2.9022 16.6916
v -13.1643 4.9831 16.6916
v -12.7435 4.9534 16.6916
v -13.0965 6.2539 16.6916
v -12.6757 6.2243 16.6916
v -14.6910 14.1679 9.9106
v -13.8748 13.8821 9.9106
v -13.7307 13.8317 9.3640
v -14.6910 14.1679 9.3299
v -15.8913 14.5883 9.9789
v -15.9393 14.6051 9.4153
v -16.8035 14.9078 10.3035
v -16.8035 14.9078 10.2864
v -16.8516 14.9246 9.7227
v -16.8035 14.9078 10.2864
v -23.2662 -10.7804 10.3376
v -24.5780 -9.9091 9.0395
v -24.3464 -11.4024 9.0224
v -23.5514 -12.2105 9.0907
v -16.2832 -12.6962 8.9199
v -17.3141 -12.0998 10.1839
v -17.1036 -14.1154 9.2103
v -12.8900 -7.4704 10.0643
v -13.0609 -4.8802 9.7227
v -13.0877 -8.3427 9.6203
v -12.8886 -6.2351 12.5581
v -12.8760 -5.1215 15.2397
v -12.9185 1.8371 13.7708
v -13.0866 4.8970 14.1295
v -12.9949 7.1599 14.3857
v -13.8691 12.8209 9.8594
v -15.8984 14.4142 9.9789
v -23.8254 -9.7607 10.2010
v -24.1248 -9.5382 10.3888
v -21.9105 -11.3728 8.8516
v -22.9287 -9.6628 10.2693
v -23.2662 -10.7804 10.3376
v -23.2083 -8.1526 10.3888
v -22.9287 -9.6628 10.2693
v -21.9105 -11.3728 8.8516
v -22.4655 -8.6481 8.9541
v -16.6123 -10.4037 8.9541
v -17.7561 -10.5916 10.1326
v -15.3825 -2.8903 9.4494
v -15.4079 -5.1175 9.6373
v -14.1610 -4.7892 9.7227
v -14.2373 -3.4679 9.3811
v -13.8956 -2.6460 9.9277
v -13.0609 -4.8802 9.7227
v -12.9805 -2.4957 10.0814
v -12.8562 -3.8338 10.3035
v -13.1671 4.5133 10.3035
v -12.8930 0.0628 10.4230
v -13.2674 6.8434 10.6109
v -16.2033 9.6957 9.6373
v -14.0822 6.3637 9.6202
v -15.5128 11.5135 9.8081
v -16.8939 13.8802 11.4820
v -15.5128 11.5135 9.8081
v -15.8984 14.4142 9.9789
v -17.0534 12.3472 11.2941
v -17.8949 6.4044 10.1326
v -18.1661 9.3239 10.6792
v -18.8043 7.1936 9.6031
v -18.6786 5.0900 9.3811
v -22.1916 -7.0964 9.0736
v -22.3710 -5.9155 10.3376
v -17.1969 -9.6105 9.0566
v -16.8299 -4.5607 9.9277
v -16.7225 -6.7167 9.8935
v -16.3145 -3.8585 9.2957
v -16.3922 -1.7717 9.3128
v -14.3023 -0.2675 9.7227
v -14.0001 -0.0202 9.8935
v -13.1444 0.2685 9.9789
v -13.1444 0.2685 9.9789
v -14.2233 2.8825 9.7398
v -13.1444 0.2685 9.9789
v -13.1671 4.5133 10.3035
v -13.7616 4.6627 9.9960
v -15.9278 4.4797 9.8081
v -14.0822 6.3637 9.6202
v -16.3345 6.8583 9.6373
v -16.2033 9.6957 9.6373
v -17.3682 8.9856 10.6963
v -16.3345 6.8583 9.6373
v -16.2033 9.6957 9.6373
v -16.7441 10.7678 10.2351
v -17.8145 10.7896 10.3376
v -16.7441 10.7678 10.2351
v -17.0534 12.3472 11.2941
v -17.3682 8.9856 10.6963
v -16.7441 10.7678 10.2351
v -17.8145 10.7896 10.3376
v -18.1661 9.3239 10.6792
v -17.8949 6.4044 10.1326
v -17.2976 6.7248 10.2351
v -17.1662 5.5607 10.9867
v -17.2976 6.7248 10.2351
v -17.8949 6.4044 10.1326
v -17.1662 5.5607 10.9867
v -17.7861 3.4829 10.0131
v -18.4413 2.5354 9.3128
v -22.5546 -4.4389 10.0301
v -22.8300 -5.2252 10.6109
v -22.3569 -5.5674 9.2786
v -22.0787 -4.3114 9.1420
v -18.6205 -4.2867 9.1420
v -22.0787 -4.3114 9.1420
v -22.1916 -7.0964 9.0736
v -18.7489 -6.6544 9.0907
v -18.0471 -4.9582 9.8252
v -18.6318 -2.1643 9.2615
v -17.7479 -1.1793 10.2180
v -17.5883 0.3537 10.5255
v -16.3414 0.6820 9.5519
v -17.3172 1.4356 9.3128
v -14.2233 2.8825 9.7398
v -16.4262 2.5947 9.5861
v -16.4262 2.5947 9.5861
v -17.1662 5.5607 10.9867
v -17.1662 5.5607 10.9867
v -15.9278 4.4797 9.8081
v -17.2976 6.7248 10.2351
v -17.7861 3.4829 10.0131
v -18.4413 2.5354 9.3128
v -18.4413 2.5354 9.3128
v -18.6785 1.0885 9.3469
v -17.5883 0.3537 10.5255
v -17.3172 1.4356 9.3128
v -18.6785 1.0885 9.3469
v -22.1833 -1.6856 9.2615
v -22.1833 -1.6856 9.2615
v -22.5406 -2.0901 10.8671
v -16.3414 0.6820 9.5519
v -26.6803 -18.2273 23.0886
v -26.6975 -18.2762 25.7770
v -26.7749 -21.0999 23.0886
v -26.7316 -18.0997 23.0886
v -26.7743 -17.8107 25.0341
v -26.7743 -17.8106 23.0886
v -27.8341 -17.8233 23.0886
v -26.7743 -17.8107 25.0341
v -26.7743 -17.8106 23.0886
v -28.2101 -17.8012 23.0886
v -27.3811 -17.7626 26.3783
v -26.5267 -19.1584 29.1020
v -26.6120 -18.0320 29.4911
v -27.2187 -17.7099 29.3850
v -26.6120 -18.0320 29.4911
v -25.2101 -17.0427 31.5781
v -25.3215 -18.5936 30.9060
v -26.5267 -19.1584 29.1020
v -26.6120 -18.0320 29.4911
v -25.8340 -16.4952 31.5781
v -27.2187 -17.7099 29.3850
v -25.3215 -18.5936 30.9060
v -25.5613 -21.1960 31.5427
v -25.6468 -21.7143 30.6937
v -25.2101 -17.0427 31.5781
v -26.6896 -21.6781 31.5780
v -25.5613 -21.1960 31.5427
v -25.2101 -17.0427 31.5781
v -26.2188 -18.0052 31.6134
v -25.8340 -16.4952 31.5781
v -27.2956 -17.2444 31.6488
v -27.2359 -17.7587 32.2148
v -27.2278 -20.6124 32.2855
v -28.7318 -19.4278 32.3209
v -28.1080 -19.7011 33.7004
v -28.5526 -20.9708 33.0990
v -28.7318 -19.4278 32.3209
v -28.0310 -19.3443 34.6908
v 9.5176 -32.4413 17.1709
v 9.4258 -32.7033 15.6255
v 9.5726 -32.2840 15.5346
v 9.6277 -32.1268 16.8527
v 9.7195 -31.8647 17.7618
v 9.5176 -32.4413 17.1709
v 9.6277 -32.1268 16.8527
v 9.7929 -31.6550 17.3073
v 10.0682 -30.8688 18.4436
v 10.0315 -30.9736 17.8982
v 10.6923 -29.0866 16.3073
v 10.4537 -29.7680 16.3982
v 10.3986 -29.9252 15.8528
v 10.7841 -28.8245 15.8528
v 10.6923 -29.0866 17.8527
v 10.6923 -29.0866 16.3073
v 10.7841 -28.8245 15.8528
v 10.9126 -28.4576 17.9436
v 10.7107 -29.0342 17.8982
v 10.6422 -28.8925 17.9436
v 10.7107 -29.0342 18.0345
v 10.9126 -28.4576 17.9436
v 9.6122 -24.4126 16.2164
v 9.6648 -24.4310 16.2164
v 9.8226 -24.4863 15.6710
v 9.6122 -24.4126 15.6255
v 9.5595 -24.3942 16.2164
v 9.2965 -24.3021 15.8528
v 9.5595 -24.3942 16.7619
v 9.5595 -24.3942 16.2164
v 9.2965 -24.3021 15.8528
v 9.1386 -24.2468 16.7619
v 9.6122 -24.4126 18.4436
v 9.1913 -24.2652 18.4436
v 9.4543 -24.3574 21.0799
v 9.0860 -24.2284 21.0799
v 9.5595 -24.3942 22.8526
v 9.1913 -24.2652 22.9889
v 10.1909 -24.6153 25.1707
v 9.5595 -24.3942 24.8071
v 7.5603 -23.6941 25.1707
v 8.8230 -24.1363 25.2616
v 8.8230 -24.1363 24.7162
v 7.5603 -23.6941 24.5798
v 5.9819 -23.1414 25.1252
v 5.8767 -23.1045 24.5343
v 5.9293 -23.1229 25.1252
v 5.6136 -23.0124 24.7616
v -7.2239 -18.5168 25.0798
v -7.2239 -18.5168 25.2162
v -6.8556 -18.6457 24.8980
v -6.9608 -18.6089 24.6707
v -7.3291 -18.4799 25.0798
v -7.2239 -18.5168 25.0798
v -6.9608 -18.6089 24.6707
v -7.3291 -18.4799 24.5344
v -8.2761 -18.1483 25.0343
v -8.2761 -18.1483 24.4889
v -10.0123 -17.5403 24.9889
v -10.0123 -17.5403 24.4435
v -10.1176 -17.5034 25.0343
v -10.3280 -17.4297 24.4889
v -10.4332 -17.3929 25.0343
v -10.0858 -17.7499 24.9889
v -12.4851 -16.6743 25.2616
v -10.3280 -17.4297 24.4889
v -12.6430 -16.6190 24.7616
v -13.2217 -16.4164 25.1252
v -12.7251 -18.7087 25.3070
v -13.2217 -16.4164 25.1252
v -12.6430 -16.6190 24.7616
v -13.1656 -19.9667 25.0798
v 8.2927 -33.0715 8.3530
v 6.5944 -33.5360 8.4439
v 8.3490 -34.0916 9.7166
v 10.0682 -30.8688 18.4436
v 8.4017 -31.5797 16.8982
v 9.0073 -32.3803 17.2618
v 9.0073 -32.3803 17.2618
v 10.6079 -28.8216 15.9891
v 10.0671 -29.6914 15.6710
v 10.6079 -28.8216 15.9891
v 10.2054 -28.6218 16.3982
v 9.6768 -28.6133 18.0345
v 9.2499 -25.1096 16.2164
v 8.0484 -25.3361 16.0801
v 8.1500 -24.3713 16.2619
v 8.1500 -24.3713 16.2619
v 8.8364 -24.4352 20.9890
v 8.6761 -24.5556 24.9889
v 6.6144 -24.5398 25.0343
v 8.8205 -24.3120 25.3070
v 6.0491 -24.6360 25.2616
v 6.6144 -24.5398 25.0343
v 8.8205 -24.3120 25.3070
v 6.0491 -24.6360 25.2616
v 8.8205 -24.3120 25.3070
v 5.9293 -23.1229 25.1252
v -7.0086 -20.7694 25.2161
v -6.6085 -21.1449 26.2616
v -6.9939 -19.7154 26.2161
v -9.0789 -20.1033 25.0798
v -7.0086 -20.7694 25.2161
v -10.5055 -18.7799 25.2616
v -12.3533 -22.3696 25.2616
v -12.8612 -24.6633 25.2616
v -13.2135 -24.6575 24.8525
v 8.2561 -30.6461 16.6255
v 8.0849 -30.2919 14.8983
v 8.4017 -31.5797 16.8982
v 8.0947 -29.5892 14.8074
v 8.9989 -29.1997 15.9891
v 9.1543 -29.4306 15.5346
v 10.0671 -29.6914 15.6710
v 10.6079 -28.8216 15.9891
v 10.2054 -28.6218 16.3982
v 8.8252 -29.0212 17.0800
v 8.9989 -29.1997 15.9891
v 10.2054 -28.6218 16.3982
v 9.6768 -28.6133 18.0345
v 7.9040 -25.5798 15.0801
v 7.6446 -26.4893 16.4437
v 8.0484 -25.3361 16.0801
v 7.4770 -24.6064 14.2165
v 7.9040 -25.5798 15.0801
v 8.0484 -25.3361 16.0801
v 7.5663 -24.5200 15.8528
v 7.5663 -24.5200 15.8528
v 6.8824 -24.2805 16.4892
v 7.5663 -24.5200 15.8528
v 6.7588 -24.2961 21.0799
v 5.1816 -24.9207 20.8526
v 5.1791 -25.0963 23.4889
v 5.1791 -25.0963 23.4889
v 5.7077 -25.1049 26.6706
v 6.0491 -24.6360 26.5797
v 5.7077 -25.1049 26.6706
v 6.0491 -24.6360 25.2616
v 1.5109 -25.2829 26.0797
v 4.0143 -25.2180 27.7160
v 1.2478 -25.1908 29.8069
v -0.3722 -25.0942 27.8524
v 1.5109 -25.2829 26.0797
v 1.2478 -25.1908 29.8069
v -2.7019 -25.3376 28.8069
v 0.0829 -25.3125 30.4887
v -2.7019 -25.3376 28.8069
v 0.0829 -25.3125 30.4887
v -0.1911 -24.7457 30.8523
v -6.6944 -24.7633 25.1707
v -6.0863 -25.3881 26.4888
v -6.6136 -24.0266 26.2161
v -6.8840 -24.4615 25.2616
v -10.4446 -24.5092 25.1707
v -6.6944 -24.7633 25.1707
v -6.8840 -24.4615 25.2616
v -8.7989 -24.0263 25.2161
v -8.3901 -22.5217 25.1707
v -6.2684 -22.0290 25.1252
v -6.2684 -22.0290 25.1252
v -10.9144 -22.8147 25.3525
v -9.7264 -24.8195 24.8525
v -12.6715 -24.9651 24.9888
v 7.3288 -28.9090 14.1256
v 6.7451 -29.0577 12.2620
v 7.3814 -28.9274 12.3074
v 8.0947 -29.5892 14.8074
v 7.3288 -28.9090 14.1256
v 8.0849 -30.2919 14.8983
v 7.9198 -28.2333 14.9437
v 9.1543 -29.4306 15.5346
v 8.9989 -29.1997 15.9891
v 7.9198 -28.2333 14.9437
v 9.1543 -29.4306 15.5346
v 7.3619 -27.8026 15.4892
v 7.3753 -28.1015 17.8982
v 8.8252 -29.0212 17.0800
v 7.2664 -27.0630 15.6710
v 7.1404 -27.2543 17.0346
v 6.6547 -25.4365 13.4892
v 7.2664 -27.0630 15.6710
v 7.9040 -25.5798 15.0801
v 7.4770 -24.6064 14.2165
v 5.8362 -24.7379 12.8984
v 5.8362 -24.7379 12.8984
v 7.4770 -24.6064 14.2165
v 5.3761 -24.8711 18.3982
v 2.9963 -24.9204 21.3981
v 2.9963 -24.9204 21.3981
v 1.0532 -25.2403 24.2162
v 2.9963 -24.9204 21.3981
v -0.2327 -25.2019 25.0343
v -1.6080 -25.2499 25.8979
v -4.2534 -25.3827 27.4888
v -5.9786 -25.2493 25.1252
v -4.2534 -25.3827 27.4888
v -6.0863 -25.3881 26.4888
v -6.6944 -24.7633 25.1707
v -7.3441 -24.5946 23.0798
v -9.7264 -24.8195 24.8525
v -7.0259 -24.5294 19.2163
v -12.9774 -24.1518 18.0345
v -13.5317 -24.7226 19.0800
v -12.8072 -23.3287 19.0800
v -13.4094 -26.0600 12.0802
v -11.6891 -26.5448 8.9894
v -14.3564 -25.7284 9.2166
v -14.1643 -25.8545 11.5347
v 3.6619 -25.2122 8.7167
v 1.9170 -26.4842 9.1712
v 2.2229 -27.2975 8.6712
v 2.1080 -25.4330 10.2166
v 2.0027 -25.3962 11.6711
v 2.1080 -25.4330 10.2166
v 3.6619 -25.2122 8.7167
v 3.9360 -25.7790 10.4893
v 2.5056 -25.9842 12.9438
v 6.0489 -29.6966 15.3073
v 5.2131 -30.2277 13.4438
v 6.7256 -27.9328 15.4437
v 6.0489 -29.6966 15.3073
v 7.3288 -28.9090 14.1256
v 7.3619 -27.8026 15.4892
v 7.9198 -28.2333 14.9437
v 6.6547 -25.4365 13.4892
v 6.1065 -26.8333 15.3983
v 7.2664 -27.0630 15.6710
v 4.0987 -25.4829 14.0347
v 5.8362 -24.7379 12.8984
v 4.1929 -25.0452 13.7620
v 5.3761 -24.8711 18.3982
v 4.1929 -25.0452 13.7620
v 5.8362 -24.7379 12.8984
v 3.1700 -25.0989 13.7620
v 3.5249 -24.9289 16.8073
v 1.5684 -24.9499 19.1254
v 2.9963 -24.9204 21.3981
v 1.3029 -25.0335 21.6708
v 1.3029 -25.0335 21.6708
v -0.7380 -24.7895 21.9435
v -1.6973 -25.3363 22.8071
v -2.9625 -25.0698 23.6253
v -5.2555 -25.2083 23.1253
v -2.9625 -25.0698 23.6253
v -1.6080 -25.2499 25.8979
v -5.9027 -24.8639 21.4435
v -5.5711 -25.0977 15.9892
v -7.3049 -24.3140 16.4437
v -13.2148 -26.0105 19.4890
v -12.5822 -24.8786 17.9891
v -12.3350 -24.8475 19.5345
v -13.2442 -25.5883 18.7618
v -13.2442 -25.5883 18.7618
v -13.2148 -26.0105 19.4890
v -12.5822 -24.8786 17.9891
v -12.7694 -24.4011 16.2619
v -12.5822 -24.8786 17.9891
v -12.9774 -24.1518 18.0345
v -12.2506 -25.1124 8.8530
v -12.7217 -24.7709 9.1257
v -13.0508 -24.3614 8.6712
v -11.2180 -26.8863 11.6711
v -9.9479 -26.8014 8.7167
v -12.7254 -26.2995 11.6256
v -4.3943 -29.1582 10.8984
v -4.7809 -29.0816 8.8985
v -4.0529 -28.6893 8.8530
v -5.4659 -25.1345 8.8530
v -5.7425 -27.2738 8.5348
v -3.7359 -27.4469 8.7167
v -2.5502 -27.0971 8.8076
v -3.5437 -25.0427 8.8530
v 0.8710 -24.4114 9.8530
v 0.8526 -24.4638 11.8984
v 1.0949 -24.7841 13.2165
v 2.3294 -25.9814 13.9438
v 2.4530 -25.9658 14.0347
v 5.0345 -30.4006 14.9437
v 3.2040 -30.2303 14.8074
v 3.8538 -30.3990 13.4438
v 5.2131 -30.2277 13.4438
v 5.0345 -30.4006 14.9437
v 5.6194 -28.8989 15.8528
v 5.0345 -30.4006 14.9437
v 4.6101 -26.7212 16.0346
v 3.0929 -26.8372 15.8073
v 2.4530 -25.9658 14.0347
v 3.1700 -25.0989 13.7620
v 2.3294 -25.9814 13.9438
v 1.6271 -25.7943 14.6256
v 2.3294 -25.9814 13.9438
v 3.1700 -25.0989 13.7620
v 0.9505 -25.0277 16.1255
v 1.0056 -24.8705 16.6255
v 1.0056 -24.8705 16.6255
v -0.8457 -24.9283 16.7164
v -1.1271 -24.8886 20.1708
v -1.1271 -24.8886 20.1708
v -1.8160 -25.0005 19.4436
v -3.0310 -24.9281 20.6254
v -4.9532 -25.0199 19.7618
v -3.0310 -24.9281 20.6254
v -1.8160 -25.0005 19.4436
v -12.3509 -24.7242 16.2164
v -9.6701 -25.8395 8.7167
v -10.9805 -25.0275 8.7167
v -9.9479 -26.8014 8.7167
v -8.8088 -27.2592 8.6712
v -9.3985 -26.5819 12.1256
v -8.6069 -26.6826 9.7621
v -8.8088 -27.2592 8.6712
v -8.0637 -28.1674 10.1257
v -9.1025 -28.0979 8.9894
v -7.8569 -27.2395 10.3530
v -8.1701 -26.9533 11.7166
v -7.8569 -27.2395 10.3530
v -10.7702 -27.6315 12.9438
v -9.6103 -27.8612 12.8983
v -9.3985 -26.5819 12.1256
v -8.6399 -25.2588 8.7621
v -4.7809 -29.0816 8.8985
v -5.5126 -28.4723 8.9439
v -5.6619 -29.0674 8.6712
v -5.2739 -27.7909 9.3530
v -5.0659 -28.0403 10.7620
v -3.9403 -28.1991 9.9893
v -4.0957 -27.9682 9.0803
v -5.4624 -28.6665 10.8529
v -5.0659 -28.0403 10.7620
v -5.2739 -27.7909 9.3530
v -5.5126 -28.4723 8.9439
v -7.7430 -25.3963 8.7621
v -6.4154 -24.9785 8.6712
v -0.1641 -22.8132 9.8985
v 0.2776 -22.7325 9.6712
v 0.8526 -24.4638 11.8984
v -0.6989 -24.5090 12.1257
v 1.6271 -25.7943 14.6256
v -0.1899 -25.9230 16.5800
v -1.8160 -25.0005 19.4436
v -2.1317 -24.8899 16.6710
v -7.7430 -25.3963 8.7621
v -7.1128 -24.4401 10.3075
v -9.8634 -24.5361 9.8075
v -8.6399 -25.2588 8.7621
v -9.6701 -25.8395 8.7167
v -10.9805 -25.0275 8.7167
v -6.4154 -24.9785 8.6712
v -7.1128 -24.4401 10.3075
v -7.7430 -25.3963 8.7621
v -1.1247 -24.7129 13.2620
v -2.2651 -25.6082 13.0347
v -1.8160 -25.0004 11.9438
v -0.6989 -24.5090 12.1257
v -0.1641 -22.8132 9.8985
v -1.6190 -24.7752 10.2166
v -0.7551 -23.4889 9.7166
v -1.9152 -25.7896 14.8528
v 2.2840 -27.9662 15.4437
v 3.0929 -26.8372 15.8073
v 2.4530 -25.9658 14.0347
v 4.4448 -29.7233 15.8528
v 2.4430 -29.1988 15.4437
v 3.2040 -30.2303 14.8074
v 5.0345 -30.4006 14.9437
v 4.4448 -29.7233 15.8528
v 3.0096 -27.7496 16.2619
v 2.4430 -29.1988 15.4437
v 3.0096 -27.7496 16.2619
v -9.6859 -23.1860 25.5343
v 8.4884 -34.1993 18.1709
v 8.8482 -33.6780 17.6254
v 8.0872 -32.6465 18.0800
v 8.9118 -34.1710 9.1712
v 8.8017 -34.4855 9.7620
v 8.7833 -34.5379 8.9439
v 8.3490 -34.0916 9.7166
v 8.2927 -33.0715 8.3530
v 9.0587 -33.7516 8.3985
v 8.7833 -34.5379 8.9439
v 8.9852 -33.9613 7.8985
v 9.5359 -32.3888 8.4439
v 9.0587 -33.7516 8.3985
v 8.9852 -33.9613 7.8985
v 9.5359 -32.3888 7.8530
v 10.1967 -30.5018 8.5348
v 10.2151 -30.4494 7.9894
v 10.6373 -29.2438 8.5803
v 10.6924 -29.0865 8.0349
v 10.6740 -29.1390 8.7167
v 10.8025 -28.7720 8.4439
v 10.7107 -29.0341 8.8985
v 10.0744 -29.1644 8.6258
v 10.7291 -28.9817 8.9439
v 10.8025 -28.7720 8.4439
v 10.8576 -28.6148 8.7167
v 10.7291 -28.9817 9.1257
v 10.7291 -28.9817 8.9439
v 10.8576 -28.6148 8.7167
v 10.8576 -28.6148 9.1257
v 10.7291 -28.9817 10.8984
v 10.8392 -28.6672 11.2166
v 9.9581 -31.1832 12.0347
v 10.7291 -28.9817 10.8984
v 10.8392 -28.6672 11.2166
v 10.0315 -30.9736 12.5347
v 9.3891 -32.8082 13.1256
v 9.5176 -32.4412 13.6256
v 9.3891 -32.8082 13.5801
v 9.3891 -32.8082 13.1256
v 9.5176 -32.4412 13.6256
v 9.3365 -32.7897 13.1256
v 9.0073 -32.3803 17.2618
v 9.4258 -32.7033 15.6255
v 9.5176 -32.4412 13.6256
v 9.5726 -32.2840 15.5346
v 10.0682 -30.8688 18.4436
v 10.0682 -30.8688 18.4436
v 10.0315 -30.9736 17.8982
v 10.0682 -30.8688 18.4436
v 10.2885 -30.2398 17.5345
v 10.0315 -30.9736 17.8982
v 10.1600 -30.6067 17.1709
v 10.3069 -30.1873 17.4436
v 9.0086 -31.0273 16.9891
v 10.2702 -30.2922 17.2618
v 10.1600 -30.6067 17.1709
v 10.4537 -29.7680 16.3982
v 10.1600 -30.6067 17.1709
v 10.3986 -29.9252 15.8528
v 10.7658 -28.8769 18.0800
v 10.6422 -28.8925 17.9436
v 10.7107 -29.0342 18.0345
v 10.9126 -28.4576 17.9436
v 10.0390 -27.9163 18.9436
v 10.6422 -28.8925 17.9436
v 10.7658 -28.8769 18.0800
v 10.9126 -28.4576 18.6709
v 10.9126 -28.4576 17.9436
v 11.2088 -27.4432 18.8981
v 10.0390 -27.9163 18.9436
v 10.9126 -28.4576 18.6709
v 11.2063 -27.6189 18.8527
v 10.9126 -28.4576 17.9436
v 11.2247 -27.5665 18.3073
v 11.2614 -27.4617 18.8981
v 11.3164 -27.3044 18.3527
v 11.2981 -27.3568 18.9891
v 11.3532 -27.1996 18.4891
v 11.4082 -27.0423 19.1254
v 10.9347 -26.8765 18.5800
v 11.6836 -26.2561 18.3982
v 11.3532 -27.1996 18.4891
v 11.6285 -26.4133 17.8527
v 11.8488 -25.7843 18.1255
v 11.8304 -25.8367 17.5800
v 11.9406 -25.5222 18.1255
v 11.9406 -25.5222 17.5346
v 11.9773 -25.4174 18.1255
v 11.6640 -25.1312 18.0346
v 12.0323 -25.2602 18.0346
v 11.9406 -25.5222 17.5346
v 12.0323 -25.2601 17.4891
v 10.8222 -24.8364 17.8073
v 12.0323 -25.2601 17.4891
v 10.9275 -24.8732 17.3073
v 10.0857 -24.5784 17.0800
v 10.8222 -24.8364 17.8073
v 10.9275 -24.8732 17.3073
v 10.4013 -24.6890 16.6710
v 9.6648 -24.4310 16.2619
v 9.9804 -24.5416 15.8528
v 9.6648 -24.4310 16.2164
v 9.8226 -24.4863 15.6710
v 9.6122 -24.4127 25.3070
v 10.1909 -24.6153 25.1707
v 9.5595 -24.3942 24.8071
v 8.8205 -24.3120 25.3070
v 9.0860 -24.2284 25.3070
v 9.5595 -24.3942 24.8071
v 8.8230 -24.1363 25.2616
v 9.5595 -24.3942 24.8071
v 8.8230 -24.1363 24.7162
v 5.9293 -23.1229 25.2161
v 5.9293 -23.1229 25.1252
v 5.6136 -23.0124 24.7616
v 5.5084 -22.9755 25.1252
v 5.9819 -23.1414 26.2616
v 5.5610 -22.9940 26.0343
v 5.7714 -23.0677 26.3979
v 5.9819 -23.1414 26.2616
v 5.5610 -22.9940 26.0343
v 5.0617 -23.4076 26.9888
v 5.0875 -22.8281 26.9888
v 5.5610 -22.9940 26.0343
v 4.8244 -22.7360 26.5343
v 4.9296 -22.7729 27.1252
v 0.0891 -23.6081 30.4432
v 1.9307 -21.7227 29.2160
v 4.8244 -22.7360 26.5343
v 1.7203 -21.6490 28.6706
v 0.0367 -21.0594 30.5341
v -0.2264 -20.9673 29.9433
v -0.3316 -20.9304 30.4887
v 0.0367 -21.0594 30.5341
v -0.2264 -20.9673 29.9433
v 0.0891 -23.6081 30.4432
v -0.3500 -20.9828 30.4887
v -0.3842 -20.9120 30.4887
v -0.3500 -20.9828 30.4887
v -0.3316 -20.9304 30.4887
v -0.2264 -20.9673 29.9433
v -0.2790 -20.9489 29.9433
v -0.4369 -20.8936 30.4432
v -3.4726 -22.4785 28.3524
v -3.2779 -19.8986 28.5797
v -0.2790 -20.9489 29.9433
v -3.1201 -19.9539 28.0342
v -3.9093 -19.6775 28.1706
v -3.6988 -19.7512 27.6706
v -4.1197 -19.6038 27.9888
v -4.1723 -19.5854 27.3524
v -4.5932 -19.4380 27.7161
v -6.4630 -22.0786 26.3525
v -6.0518 -20.3984 26.7161
v -6.2242 -18.8669 26.5797
v -4.1723 -19.5854 27.3524
v -6.1716 -18.8853 26.0343
v -6.6451 -18.7195 26.3525
v -6.9939 -19.7154 26.2161
v -7.2239 -18.5168 25.2162
v -6.9939 -19.7154 26.2161
v -6.6451 -18.7195 26.3525
v -6.1716 -18.8853 26.0343
v -6.8556 -18.6457 24.8980
v -13.2217 -16.4164 25.0343
v -13.1656 -19.9667 25.0798
v -13.2217 -16.4164 25.1252
v -12.6430 -16.6190 24.7616
v -12.7152 -18.0060 21.5799
v -12.9586 -16.5085 23.1253
v -12.6430 -16.6190 24.7616
v -12.5377 -16.6559 23.2162
v -12.7482 -16.5822 21.6708
v -12.3799 -16.7111 21.7163
v -12.8534 -16.5453 20.6709
v -12.4325 -16.6927 20.6254
v -12.8534 -16.5453 17.8073
v -12.4851 -16.6743 17.8073
v -12.8534 -16.5453 16.5346
v -12.4325 -16.6927 16.5346
v -12.8534 -16.5453 15.8528
v -12.8534 -16.5453 16.5346
v -12.4325 -16.6927 16.5346
v -12.4851 -16.6743 15.8528
v -12.8008 -16.5637 9.8985
v -12.3799 -16.7111 9.8985
v -12.8008 -16.5637 9.5803
v -12.4325 -16.6927 9.3985
v -12.8008 -16.5637 9.5349
v -12.8008 -16.5637 9.5803
v -12.4325 -16.6927 9.3985
v -12.4851 -16.6742 9.1712
v -13.1165 -16.4531 9.0349
v -13.0112 -16.4900 8.4894
v -13.7478 -16.2320 9.1712
v -13.1165 -16.4531 9.0349
v -13.0112 -16.4900 8.4894
v -13.8004 -16.2136 8.5803
v -14.3266 -16.0294 9.3076
v -14.3792 -16.0109 8.6258
v -14.6422 -15.9188 9.0803
v -14.3547 -16.7845 9.2621
v -15.4010 -19.7723 8.7621
v -14.7475 -15.8820 8.9894
v -14.3792 -16.0109 8.6258
v -14.6422 -15.9188 8.4440
v -14.8527 -15.8451 8.9894
v -14.8527 -15.8451 8.4440
v -15.7705 -18.4660 8.8076
v -15.7521 -18.4135 8.2167
v -16.4129 -20.3006 8.6712
v -16.3946 -20.2481 8.1258
v -16.7801 -21.3489 8.5803
v -16.7984 -21.4013 7.9894
v -17.1472 -22.3972 8.7167
v -17.1288 -22.3448 8.1712
v -17.3858 -23.0787 8.5349
v -17.1472 -22.3972 8.7167
v -17.1288 -22.3448 8.1712
v -17.3675 -23.0262 7.9440
v -17.5877 -23.6552 8.5348
v -17.5877 -23.6552 7.9440
v -17.9549 -24.7036 8.4894
v -17.9732 -24.7560 7.8985
v 5.3782 -32.2862 8.3530
v 8.2927 -33.0715 8.3530
v 6.0367 -28.0446 8.7167
v 9.3269 -28.4318 8.7167
v 9.3269 -28.4318 8.7167
v 9.5349 -28.6812 10.5802
v 9.5349 -28.6812 10.5802
v 9.3365 -32.7897 13.1256
v 7.9845 -29.9037 12.6256
v 8.7993 -32.1309 13.2165
v 8.4017 -31.5797 16.8982
v 8.7993 -32.1309 13.2165
v 8.4017 -31.5797 16.8982
v 8.2561 -30.6461 16.6255
v 10.0671 -29.6914 15.6710
v 9.6768 -28.6133 18.0345
v 8.9256 -26.8791 18.7618
v 8.9256 -26.8791 18.7618
v 9.2352 -26.1637 17.6709
v 10.4551 -25.8847 17.8982
v 10.4551 -25.8847 17.8982
v 9.2499 -25.1096 16.2164
v 8.6761 -24.5556 24.9889
v 5.9293 -23.1229 25.1252
v 6.0491 -24.6360 26.5797
v 6.0491 -24.6360 26.5797
v 1.2478 -25.1908 29.8069
v -0.1911 -24.7457 30.8523
v -0.4578 -23.6520 30.4887
v -0.1911 -24.7457 30.8523
v -0.4578 -23.6520 30.4887
v -6.6136 -24.0266 26.2161
v -6.8840 -24.4615 25.2616
v -6.6136 -24.0266 26.2161
v -6.4630 -22.0786 26.3525
v -6.2684 -22.0290 25.1252
v -6.6085 -21.1449 26.2616
v -6.6085 -21.1449 26.2616
v -12.7081 -22.5396 22.3526
v -13.2135 -24.6575 24.8525
v -13.0359 -20.7771 23.6707
v -12.7655 -20.3422 20.3981
v -12.8131 -17.4421 20.2163
v -12.7152 -18.0060 17.0801
v -12.7837 -17.8643 14.6256
v -12.7152 -18.0060 17.0801
v -12.7250 -18.7086 9.5803
v -12.7250 -18.7086 9.5803
v -13.1876 -19.0174 8.9894
v -13.1876 -19.0174 8.9894
v -14.3635 -21.1948 8.9894
v -16.8682 -22.6126 8.4894
v -16.8682 -22.6126 8.4894
v -17.0396 -24.7887 8.4894
v 2.3916 -30.3577 8.3985
v 2.1641 -28.9834 8.6712
v 5.0628 -27.1151 8.7167
v 6.1444 -27.9058 8.9894
v 5.0628 -27.1151 8.7167
v 6.0367 -28.0446 8.7167
v 6.1444 -27.9058 8.9894
v 6.0367 -28.0446 8.7167
v 8.0593 -28.3410 11.0802
v 7.3814 -28.9274 12.3074
v 8.0593 -28.3410 11.0802
v 8.0849 -30.2919 14.8983
v 7.3814 -28.9274 12.3074
v 7.9845 -29.9037 12.6256
v 9.1543 -29.4306 15.5346
v 8.0947 -29.5892 14.8074
v 8.6613 -28.1399 17.8073
v 8.8252 -29.0212 17.0800
v 6.9544 -27.9541 18.5345
v 7.1196 -27.4824 18.3527
v 6.9544 -27.9541 18.5345
v 8.9256 -26.8791 18.7618
v 9.2352 -26.1637 17.6709
v 7.1404 -27.2543 17.0346
v 7.6446 -26.4893 16.4437
v 10.4551 -25.8847 17.8982
v 9.2499 -25.1096 16.2164
v 8.0484 -25.3361 16.0801
v 6.0491 -24.6360 25.2616
v 4.0143 -25.2180 27.7160
v 5.7077 -25.1049 26.6706
v 0.0829 -25.3125 30.4887
v -4.4907 -24.7111 27.8524
v -2.7019 -25.3376 28.8069
v -0.1911 -24.7457 30.8523
v -5.9394 -24.9688 26.8979
v -6.0863 -25.3881 26.4888
v -12.6666 -24.6137 21.4435
v -12.6715 -24.9651 24.9888
v -13.2135 -24.6575 24.8525
v -12.8905 -24.2411 22.4889
v -12.6666 -24.6137 21.4435
v -12.8746 -24.3643 19.3981
v -12.8072 -23.3287 19.0800
v -12.5980 -22.2250 17.3073
v -12.8132 -19.9724 16.9437
v -12.8132 -19.9724 16.9437
v -12.8279 -21.0264 13.0347
v -12.9148 -20.9371 9.4894
v -12.9148 -20.9371 9.4894
v -13.5609 -21.7701 8.9439
v -13.5609 -21.7701 8.9439
v -14.5129 -24.3201 8.7167
v -15.5053 -25.9733 8.4894
v -14.5129 -24.3201 8.7167
v -14.3564 -25.7284 9.2166
v 2.1641 -28.9834 8.6712
v 0.0657 -29.0724 8.4439
v 2.3916 -30.3577 8.3985
v 2.2229 -27.2975 8.6712
v 3.6619 -25.2122 8.7167
v 2.2229 -27.2975 8.6712
v 3.9360 -25.7790 10.4893
v 3.6619 -25.2122 8.7167
v 5.0628 -27.1151 8.7167
v 5.0444 -27.1675 9.8984
v 6.1444 -27.9058 8.9894
v 5.0444 -27.1675 9.8984
v 5.0628 -27.1151 8.7167
v 5.7945 -27.7244 9.9439
v 5.7945 -27.7244 9.9439
v 6.3658 -28.4541 11.0802
v 5.7945 -27.7244 9.9439
v 8.0593 -28.3410 11.0802
v 7.3814 -28.9274 12.3074
v 6.7451 -29.0577 12.2620
v 7.3288 -28.9090 14.1256
v 7.3753 -28.1015 17.8982
v 7.1404 -27.2543 17.0346
v 7.3753 -28.1015 17.8982
v 6.9544 -27.9541 18.5345
v 7.1196 -27.4824 18.3527
v 7.2664 -27.0630 15.6710
v -4.2534 -25.3827 27.4888
v -10.7101 -24.5927 21.1708
v -7.0259 -24.5294 19.2163
v -9.7264 -24.8195 24.8525
v -11.9459 -24.7484 21.3981
v -12.3350 -24.8475 19.5345
v -12.8746 -24.3643 19.3981
v -12.3350 -24.8475 19.5345
v -12.6666 -24.6137 21.4435
v -13.2148 -26.0105 19.4890
v -12.3350 -24.8475 19.5345
v -12.8746 -24.3643 19.3981
v -13.5317 -24.7226 19.0800
v -12.8072 -23.3287 19.0800
v -12.9774 -24.1518 18.0345
v -12.7938 -23.6276 15.7164
v -12.9774 -24.1518 18.0345
v -12.5980 -22.2250 17.3073
v -12.7558 -22.1698 14.8074
v -12.7632 -22.6968 9.3985
v -12.7632 -22.6968 9.3985
v -13.0508 -24.3614 8.6712
v -13.0508 -24.3614 8.6712
v -13.1916 -25.6067 8.7167
v -13.0508 -24.3614 8.6712
v -11.6891 -26.5448 8.9894
v -15.1713 -26.0315 11.4438
v -14.1643 -25.8545 11.5347
v -14.3564 -25.7284 9.2166
v -15.2606 -26.1179 10.0802
v -4.0529 -28.6893 8.8530
v -2.9713 -29.4800 8.4894
v -3.7359 -27.4469 8.7167
v -2.5502 -27.0971 8.8076
v -0.4726 -27.2362 8.5803
v 1.9170 -26.4842 9.1712
v -0.4726 -27.2362 8.5803
v 2.2229 -27.2975 8.6712
v 3.8404 -27.5697 11.6257
v 2.5056 -25.9842 12.9438
v 3.9360 -25.7790 10.4893
v 5.0444 -27.1675 9.8984
v 4.7984 -28.3760 11.1711
v 5.7945 -27.7244 9.9439
v 4.7984 -28.3760 11.1711
v 3.8538 -30.3990 13.4438
v 5.2131 -30.2277 13.4438
v 6.1065 -26.8333 15.3983
v 6.7256 -27.9328 15.4437
v 7.3619 -27.8026 15.4892
v 7.2664 -27.0630 15.6710
v 7.3619 -27.8026 15.4892
v -8.2777 -24.5618 16.7619
v -7.3049 -24.3140 16.4437
v -12.3509 -24.7242 16.2164
v -12.5822 -24.8786 17.9891
v -12.7938 -23.6276 15.7164
v -12.7694 -24.4011 16.2619
v -12.9774 -24.1518 18.0345
v -12.5981 -24.7553 12.4438
v -12.7694 -24.4011 16.2619
v -12.7217 -24.7709 9.1257
v -12.7217 -24.7709 9.1257
v -12.2506 -25.1124 8.8530
v -9.9479 -26.8014 8.7167
v -4.7809 -29.0816 8.8985
v -5.6619 -29.0674 8.6712
v -3.9403 -28.1991 9.9893
v -4.3943 -29.1582 10.8984
v -4.0529 -28.6893 8.8530
v -4.0957 -27.9682 9.0803
v -4.0957 -27.9682 9.0803
v -5.2739 -27.7909 9.3530
v -4.0957 -27.9682 9.0803
v -3.7359 -27.4469 8.7167
v -5.7425 -27.2738 8.5348
v -2.4682 -25.0074 9.9894
v -3.5437 -25.0427 8.8530
v -2.5502 -27.0971 8.8076
v -1.7940 -25.9496 9.9894
v -1.7940 -25.9496 9.9894
v -2.5502 -27.0971 8.8076
v -0.4689 -25.7075 9.4894
v 0.7119 -25.7091 9.5348
v 2.1080 -25.4330 10.2166
v 0.8710 -24.4114 9.8530
v 2.3452 -28.6349 14.3528
v 2.4530 -25.9658 14.0347
v 2.5056 -25.9842 12.9438
v 2.7697 -29.7840 13.8528
v 2.3452 -28.6349 14.3528
v 3.4928 -29.7430 12.9438
v 3.4928 -29.7430 12.9438
v 2.7697 -29.7840 13.8528
v 3.4928 -29.7430 12.9438
v 3.8538 -30.3990 13.4438
v 3.2040 -30.2303 14.8074
v 5.6194 -28.8989 15.8528
v 5.0322 -28.0459 16.2619
v 4.6101 -26.7212 16.0346
v -2.1317 -24.8899 16.6710
v -1.8160 -25.0005 19.4436
v -5.5711 -25.0977 15.9892
v -5.0267 -25.2295 13.8529
v -6.7470 -24.7448 13.3983
v -6.9733 -24.5478 15.8982
v -7.3049 -24.3140 16.4437
v -8.2777 -24.5618 16.7619
v -6.9733 -24.5478 15.8982
v -7.3049 -24.3140 16.4437
v -12.3509 -24.7242 16.2164
v -10.1656 -24.7245 13.8983
v -12.5981 -24.7553 12.4438
v -12.7694 -24.4011 16.2619
v -11.6461 -24.7356 11.7166
v -12.7217 -24.7709 9.1257
v -12.2506 -25.1124 8.8530
v -9.8634 -24.5361 9.8075
v -10.9805 -25.0275 8.7167
v -9.9479 -26.8014 8.7167
v -10.9805 -25.0275 8.7167
v -12.2506 -25.1124 8.8530
v -8.6069 -26.6826 9.7621
v -8.8088 -27.2592 8.6712
v -9.9479 -26.8014 8.7167
v -10.7702 -27.6315 12.9438
v -9.3985 -26.5819 12.1256
v -11.2180 -26.8863 11.6711
v -7.8569 -27.2395 10.3530
v -9.6103 -27.8612 12.8983
v -8.1701 -26.9533 11.7166
v -9.3985 -26.5819 12.1256
v -5.5126 -28.4723 8.9439
v -5.7425 -27.2738 8.5348
v -5.6619 -29.0674 8.6712
v -5.4624 -28.6665 10.8529
v -5.5126 -28.4723 8.9439
v -4.7809 -29.0816 8.8985
v -4.3943 -29.1582 10.8984
v -5.0659 -28.0403 10.7620
v -5.4624 -28.6665 10.8529
v -4.3943 -29.1582 10.8984
v -3.9403 -28.1991 9.9893
v -5.2739 -27.7909 9.3530
v -7.1128 -24.4401 10.3075
v -6.4154 -24.9785 8.6712
v -5.4659 -25.1345 8.8530
v -5.4292 -25.0297 11.0802
v -3.5437 -25.0427 8.8530
v -5.4292 -25.0297 11.0802
v -5.4659 -25.1345 8.8530
v -3.0335 -25.1037 11.4893
v -2.4682 -25.0074 9.9894
v -1.8160 -25.0004 11.9438
v -1.6190 -24.7752 10.2166
v -1.6190 -24.7752 10.2166
v -2.4682 -25.0074 9.9894
v -0.7551 -23.4889 9.7166
v 0.2776 -22.7325 9.6712
v 0.8526 -24.4638 11.8984
v 0.2776 -22.7325 9.6712
v 0.8710 -24.4114 9.8530
v -0.1177 -24.5360 13.3983
v -0.6989 -24.5090 12.1257
v 0.8526 -24.4638 11.8984
v 1.0949 -24.7841 13.2165
v 1.6271 -25.7943 14.6256
v 0.3228 -25.8083 15.1255
v -0.1899 -25.9230 16.5800
v -0.8457 -24.9283 16.7164
v -0.1899 -25.9230 16.5800
v 1.0056 -24.8705 16.6255
v -1.5003 -25.1110 16.0346
v -0.1899 -25.9230 16.5800
v -0.8457 -24.9283 16.7164
v -1.5003 -25.1110 16.0346
v -0.8457 -24.9283 16.7164
v -3.0359 -25.2794 13.9438
v -6.7470 -24.7448 13.3983
v -2.2651 -25.6082 13.0347
v -0.1641 -22.8132 9.8985
v -1.1247 -24.7129 13.2620
v -1.9152 -25.7896 14.8528
v -1.9152 -25.7896 14.8528
v -3.0359 -25.2794 13.9438
v -1.9152 -25.7896 14.8528
v 2.2840 -27.9662 15.4437
v 2.4430 -29.1988 15.4437
v 2.7697 -29.7840 13.8528
v 2.4430 -29.1988 15.4437
v 2.3452 -28.6349 14.3528
v 3.2040 -30.2303 14.8074
v 4.4448 -29.7233 15.8528
v 3.0096 -27.7496 16.2619
v 3.0929 -26.8372 15.8073
v 7.7592 -33.4143 17.4436
v 8.0872 -32.6465 18.0800
v 8.8482 -33.6780 17.6254
v 8.0872 -32.6465 18.0800
v 7.7592 -33.4143 17.4436
v 8.4884 -34.1993 18.1709
v 1.9307 -21.7227 29.2046
v 0.0893 -21.0778 30.5201
v -0.1738 -20.9857 29.9354
v 1.7729 -21.6674 28.6686
v 5.0348 -22.8097 27.0121
v 4.9296 -22.7729 26.4761
v 5.1927 -22.8650 26.9146
v 5.3654 -19.3359 26.8659
v 6.0016 -19.2057 26.2813
v 5.2979 -22.9019 26.8172
v 4.9296 -22.7729 26.4761
v 5.0348 -22.8097 26.3787
v 5.7714 -23.0677 26.3787
v 5.5610 -22.9940 25.7453
v 5.9819 -23.1414 26.2325
v 5.9843 -22.9657 26.2325
v 9.6647 -24.4311 16.2445
v 9.6647 -24.4311 16.1957
v 9.7700 -24.4679 15.6598
v 9.9804 -24.5416 15.8547
v 9.9804 -24.5416 16.9753
v 10.2961 -24.6522 16.5855
v 10.0856 -24.5785 17.0240
v 10.0355 -24.3844 16.9266
v 10.9164 -24.3987 17.7548
v 10.9274 -24.8733 17.9010
v 10.2961 -24.6522 16.5855
v 11.0327 -24.9101 17.3651
v 12.3260 -24.4215 17.3651
v 12.2526 -24.6312 17.7548
v 12.1975 -24.7884 17.2676
v 12.3811 -24.2643 16.8291
v 12.9501 -22.6393 8.2540
v 12.8216 -23.0063 8.7899
v 12.7482 -23.2159 8.2540
v 12.8950 -22.7966 7.7668
v 15.9972 -13.9382 7.0847
v 15.9238 -14.1478 7.0847
v 15.9054 -14.2002 6.5000
v 16.0156 -13.8857 6.5000
v 16.7865 -11.6842 9.6670
v 16.6947 -11.9463 7.4257
v 16.7865 -11.6842 7.0359
v 16.9150 -11.3173 9.5695
v 16.8232 -11.5794 10.7876
v 16.9701 -11.1601 10.7388
v 16.8967 -11.3697 13.0288
v 17.0068 -11.0552 12.9801
v 16.9150 -11.3173 13.7109
v 16.7524 -9.0831 13.1262
v 18.2917 -7.3861 13.2724
v 18.2917 -7.3861 13.3211
v 18.2917 -7.3861 13.3211
v 18.2366 -7.5433 12.7852
v 18.2917 -7.3861 12.6390
v 18.4202 -7.0191 12.9801
v 18.6955 -6.2329 12.2492
v 18.2917 -7.3861 12.6390
v 18.6405 -6.3901 11.7620
v 18.8057 -5.9184 12.0056
v 18.7873 -5.9708 11.4210
v 18.8240 -5.8660 12.0543
v 18.8057 -5.9184 12.0056
v 18.7873 -5.9708 11.4210
v 18.8975 -5.6563 11.6158
v 19.0627 -5.1846 13.1750
v 19.1912 -4.8176 12.9314
v 19.0627 -5.1846 22.4322
v 19.1728 -4.8701 19.2165
v 19.3013 -4.5031 19.2165
v 19.2279 -4.7128 22.2860
v 19.1361 -4.9749 22.6271
v 18.5390 -4.8246 22.8220
v 19.1728 -4.8701 22.8220
v 19.2279 -4.7128 22.2860
v 19.3013 -4.5031 22.6271
v 19.1728 -4.8701 23.5528
v 19.3013 -4.5031 23.5528
v 19.1912 -4.8176 24.5760
v 19.3197 -4.4507 24.6247
v 19.0627 -5.1846 27.5968
v 19.2095 -4.7652 27.6942
v 19.0627 -5.1846 27.6455
v 19.1912 -4.8177 27.8891
v 16.5434 -5.1262 29.7405
v 15.9951 -6.5230 29.4969
v 18.6221 -6.4426 29.4482
v 18.6772 -6.2853 29.4482
v 18.8608 -5.7612 29.1559
v 18.8057 -5.9184 29.5457
v 18.8608 -5.7612 29.1559
v 18.6687 -5.6350 29.5944
v 18.8791 -5.7087 29.5944
v 18.8608 -5.7612 29.1559
v 18.9158 -5.6039 29.5944
v 18.8608 -5.7612 29.1559
v 18.9342 -5.5515 29.0584
v 18.9342 -5.5515 29.6431
v 18.9709 -5.4467 29.0584
v 19.0994 -5.0797 29.7893
v 19.2095 -4.7652 29.4482
v 16.5193 3.2383 29.3508
v 16.5351 0.5847 31.1048
v 16.4141 3.2751 31.0561
v 16.7297 3.1646 30.6663
v 16.8876 3.1093 29.3995
v 16.5719 3.2198 27.1583
v 16.9402 3.0909 26.9147
v 12.6260 4.6017 27.4019
v 13.1521 4.4174 27.0121
v 13.0469 4.4543 26.4762
v 12.4155 4.6754 26.9634
v 12.4681 4.6570 27.6455
v 12.1525 4.7675 27.2070
v 12.3103 4.7122 28.2302
v 12.4681 4.6570 27.6455
v 12.1525 4.7675 27.2070
v 11.9946 4.8228 27.8891
v 12.1525 4.7675 28.7661
v 12.1818 4.3453 28.7661
v 11.7316 4.9149 28.0840
v 12.1818 4.3453 28.7661
v 12.1525 4.7675 28.7661
v 11.9946 4.8228 27.8891
v 11.6373 4.4771 27.9378
v 11.6789 4.9333 27.9378
v 11.9946 4.8228 27.8891
v 5.4707 7.1074 19.9474
v 5.4181 7.1259 19.4114
v 5.0498 7.2548 19.1678
v 5.0498 7.2548 19.9961
v 5.5759 7.0706 22.3835
v 5.1550 7.2180 22.4322
v 5.6811 7.0337 24.7709
v 5.3128 7.1627 24.8196
v 5.7337 7.0153 25.5017
v 5.4181 7.1259 25.7453
v 5.8390 6.9785 26.1838
v 5.7421 3.8347 25.5017
v 5.8916 6.9600 26.4274
v 5.4181 7.1259 25.7453
v 5.9685 3.6378 26.4274
v 4.7867 7.3469 27.2070
v 5.9685 3.6378 26.4274
v 5.8916 6.9600 26.4274
v 5.4181 7.1259 25.7453
v 4.6289 7.4022 26.7198
v 3.6819 7.7339 27.9866
v 3.5240 7.7891 27.4506
v 3.2083 7.8997 28.3276
v 3.0505 7.9550 27.7917
v -0.2115 9.0973 30.7150
v -0.5798 9.2263 30.1303
v -0.3693 9.1526 30.7150
v -0.2827 4.0027 30.7637
v -0.8367 8.4924 30.7150
v -0.8428 9.3184 30.7150
v -0.5798 9.2263 30.1303
v -2.6316 9.9448 29.4482
v -0.8367 8.4924 30.7150
v -0.8428 9.3184 30.7150
v -0.5798 9.2263 30.1303
v -2.4738 9.8895 28.9610
v -3.9470 10.4054 28.5712
v -3.7365 10.3317 28.0840
v -5.4727 10.9397 27.4993
v -5.4727 10.9397 26.9634
v -5.6196 10.5204 27.4019
v -3.9201 9.8076 28.5712
v -6.6475 7.5851 26.6711
v -5.4727 10.9397 26.9634
v -6.6108 7.6899 26.0864
v -6.7209 7.3754 26.6223
v -6.7026 7.4278 26.0377
v -6.7760 7.2181 26.5736
v -6.7760 7.2181 26.0864
v -6.9045 6.8512 26.4762
v -3.8921 5.5021 28.5712
v -6.3150 1.1134 26.8659
v -6.9596 6.6940 26.4275
v -6.7760 7.2181 26.0864
v -6.9182 2.0896 26.3787
v -6.9228 6.7988 26.0377
v -6.9182 2.0896 26.3787
v -6.9596 6.6940 26.4275
v -6.7760 7.2181 26.0864
v -6.8348 5.5322 24.9658
v -6.7393 7.3230 24.6247
v -6.7760 7.2181 26.0864
v -6.5924 7.7423 24.7709
v -6.7393 7.3230 23.3092
v -6.5741 7.7947 23.3579
v -6.6659 7.5327 22.9682
v -6.7417 7.1473 23.2118
v -6.2437 8.7382 20.5808
v -6.5741 7.7947 23.3579
v -6.1152 9.1052 20.7757
v -6.2253 8.7907 19.7525
v -6.0968 9.1576 19.4602
v -6.2987 8.5810 19.6063
v -6.2437 8.7382 19.0704
v -7.0881 6.3271 19.2653
v -6.9963 6.5892 19.2653
v -6.9963 6.5892 18.6806
v -7.0881 6.3271 18.6806
v -8.7952 1.4523 19.2653
v -8.7952 1.4523 18.7293
v -9.6212 -0.9064 19.3140
v -9.6212 -0.9064 18.7293
v -12.9253 -10.3415 17.8523
v -12.9987 -10.5511 19.3627
v -12.8886 -10.2366 18.9729
v -12.7784 -9.9221 17.9498
v -13.0171 -10.6035 10.4952
v -12.9253 -10.3415 17.8523
v -12.7784 -9.9221 17.9498
v -12.8886 -10.2366 10.3978
v -13.0354 -10.6560 10.2516
v -12.9253 -10.3415 9.9106
v -13.0354 -10.6560 10.2516
v -12.9620 -10.4463 9.8131
v -13.0538 -10.7084 10.2516
v -13.0538 -10.7084 10.2516
v -13.2373 -11.2326 9.4721
v -12.9620 -10.4463 9.8131
v -13.1823 -11.0753 8.9361
v -12.8008 -16.5638 9.5695
v -13.1165 -16.4532 9.0336
v -13.0112 -16.4901 8.4976
v -12.4851 -16.6743 9.1797
v -12.8008 -16.5638 9.5695
v -12.4325 -16.6928 9.3746
v -12.8008 -16.5638 9.8619
v -12.3799 -16.7112 9.8619
v -12.8534 -16.5454 15.6598
v -12.4851 -16.6743 15.6598
v -12.8534 -16.5454 16.7317
v -12.8534 -16.5454 15.6598
v -12.4851 -16.6743 15.6598
v -12.4325 -16.6928 16.6830
v -12.7482 -16.5822 17.4625
v -12.3799 -16.7112 17.4138
v -12.8008 -16.5638 19.9961
v -12.3799 -16.7112 19.9961
v -12.8534 -16.5454 21.0680
v -12.4325 -16.6928 21.2141
v -12.8008 -16.5638 21.3603
v -12.8069 -15.7378 21.6039
v -12.8008 -16.5638 21.7988
v -12.4325 -16.6928 21.2141
v -12.4325 -16.6928 21.8475
v -13.1691 -16.4348 24.8683
v -12.8008 -16.5638 24.7221
v -13.2217 -16.4164 24.9658
v -13.2473 -14.4656 25.2094
v -12.9929 -16.4377 25.3068
v -13.1691 -16.4348 25.0145
v -12.8008 -16.5638 24.7221
v -13.0112 -16.4901 25.3068
v -12.8008 -16.5638 24.7221
v -7.2239 -18.5168 25.1119
v -7.2239 -18.5168 25.1119
v -7.0134 -18.5905 24.5760
v -6.9082 -18.6274 24.8196
v -7.2239 -18.5168 25.2094
v -7.2398 -18.3936 25.0632
v -6.2988 -17.8992 26.4761
v -6.6451 -18.7195 26.3787
v -6.9082 -18.6274 24.8196
v -6.1716 -18.8853 26.0376
v 0.0343 -18.7048 30.6175
v -0.4918 -18.5205 30.6175
v -0.3842 -20.9120 30.5201
v -0.3316 -20.9304 30.5201
v -0.3316 -20.9304 29.8867
v -0.1738 -20.9857 29.9354
v 4.2189 -19.4052 27.6455
v 6.0016 -19.2057 26.2813
v 7.2717 -19.1209 27.0608
v 5.3654 -19.3359 26.8659
v 7.8236 -18.7257 25.2094
v 5.8315 -20.0288 25.1606
v 7.8236 -18.7257 25.2094
v 6.0016 -19.2057 26.2813
v 12.4154 -21.8048 7.6206
v 12.5035 -23.0714 9.0336
v 14.2207 -12.4333 6.8411
v 14.5557 -16.1991 7.4257
v 15.8920 -13.9013 7.0359
v 15.8224 -10.0520 6.5974
v 15.8920 -13.9013 7.0359
v 16.6544 -11.0495 7.3770
v 16.6765 -9.4684 10.5927
v 16.5591 -7.7797 10.5927
v 16.9299 -7.7330 13.6622
v 16.9299 -7.7330 13.6622
v 17.2590 -8.1425 14.0520
v 18.2098 -6.9454 12.8339
v 17.6041 -6.1449 11.8107
v 17.6041 -6.1449 11.8107
v 17.6323 -5.3898 12.5416
v 18.7629 -5.1973 22.4322
v 16.7171 -5.3047 19.3627
v 19.0676 -4.8332 18.7780
v 16.3304 -5.2281 22.7733
v 16.3672 -5.1233 23.7964
v 17.4219 -5.3161 27.7429
v 19.0150 -4.8148 24.5273
v 19.0627 -5.1846 27.6455
v 16.2216 -4.1896 29.7893
v 15.3210 -5.5808 29.4969
v 16.3855 -5.0709 31.2509
v 16.2216 -4.1896 29.7893
v 16.5434 -5.1262 29.7405
v 16.4774 -2.2785 30.1303
v 16.4101 -3.3141 31.0560
v 16.7650 -0.6139 26.9634
v 16.5449 1.2874 26.8659
v 16.5853 2.9209 27.2557
v 13.1006 3.2586 26.9634
v 12.4803 3.0050 27.5968
v 12.4803 3.0050 27.5968
v 12.1205 2.4837 28.7661
v 12.1205 2.4837 28.7661
v 5.4682 6.9318 19.3627
v 5.3861 4.8421 19.3140
v 5.6430 3.0456 23.2118
v 5.8435 -0.2611 25.0632
v 6.0612 -2.3380 26.4274
v 4.1709 -0.1461 27.6942
v 6.0612 -2.3380 26.4274
v 5.9685 3.6378 26.4274
v 2.0029 3.6142 29.2046
v 2.0029 3.6142 29.2046
v -0.0811 -3.0116 30.7150
v -0.2827 4.0027 30.7637
v -0.7636 3.6415 30.7150
v -0.7636 3.6415 30.7150
v -0.7636 3.6415 30.7150
v -0.6366 -2.4051 30.8124
v -0.7636 3.6415 30.7150
v -6.3150 1.1134 26.8659
v -3.6294 -2.1809 28.6687
v -6.8107 -2.8322 26.4762
v -6.9182 2.0896 26.3787
v -6.6674 1.1191 24.7709
v -6.5755 3.9115 22.2861
v -6.6390 6.9348 19.4602
v -6.1960 8.3685 19.7038
v -6.8568 6.4815 19.2653
v -8.2520 -0.0325 19.3140
v -6.9931 -4.5336 19.3140
v -12.9669 -10.7977 19.3627
v -12.9669 -10.7977 19.3627
v -12.9572 -12.6253 19.9474
v -12.8141 -13.7346 17.5600
v -12.8300 -13.6113 12.9801
v -12.8350 -16.4929 9.5695
v -12.9059 -13.9966 9.3746
v -13.0025 -12.0798 9.5208
v -13.1225 -15.6273 9.0336
v -12.9121 -15.7010 16.2932
v -12.9121 -15.7010 16.2932
v -12.8141 -13.7346 17.5600
v -12.9572 -12.6253 19.9474
v -12.8141 -13.7346 21.8475
v -13.3499 -11.7227 25.2094
v -6.2988 -17.8992 26.4761
v -5.9599 -17.6060 25.1119
v -7.2398 -18.3936 25.0632
v 0.0491 -17.6507 30.5201
v -0.4146 -16.7822 30.5688
v 4.3597 -18.1599 27.5968
v 5.0363 -18.9265 28.0353
v 4.3597 -18.1599 27.5968
v 4.2189 -19.4052 27.6455
v 4.7194 -17.6386 28.0840
v 4.8297 -14.7938 28.1327
v 4.7194 -17.6386 28.0840
v 5.0363 -18.9265 28.0353
v 7.2717 -19.1209 27.0608
v 7.8458 -14.6143 26.8172
v 10.9902 -16.5981 25.3068
v 8.8232 -19.0757 26.2812
v 8.8232 -19.0757 26.2812
v 9.4680 -19.5958 25.1119
v 11.2348 -19.2730 25.3068
v 8.8232 -19.0757 26.2812
v 9.4680 -19.5958 25.1119
v 11.2348 -19.2730 25.3068
v 12.5575 -19.2066 25.2094
v 12.5039 -15.4805 25.2094
v 13.2013 -16.0190 8.5463
v 12.3460 -15.4252 10.3978
v 12.2028 -16.8462 8.8874
v 13.1365 -14.3486 9.8618
v 13.9454 -10.6893 6.6949
v 14.5512 -8.9595 6.8898
v 15.8017 -7.7498 8.7412
v 14.5512 -8.9595 6.8898
v 15.8224 -10.0520 6.5974
v 16.2813 -8.7416 8.2053
v 16.2813 -8.7416 8.2053
v 16.2544 -8.1437 9.2772
v 15.8140 -6.8715 9.0823
v 16.2544 -8.1437 9.2772
v 16.5591 -7.7797 10.5927
v 17.4524 -6.9156 12.0543
v 16.8063 -7.7485 12.3954
v 17.4524 -6.9156 12.0543
v 16.5591 -7.7797 10.5927
v 16.9299 -7.7330 13.6622
v 17.4524 -6.9156 12.0543
v 17.6041 -6.1449 11.8107
v 15.8814 -5.8358 9.5695
v 16.2705 -5.7367 11.9082
v 15.8814 -5.8358 9.5695
v 17.6041 -6.1449 11.8107
v 16.2705 -5.7367 11.9082
v 14.7472 -5.0267 12.3467
v 14.4131 -4.9686 21.7501
v 14.6627 -4.7618 24.3324
v 16.1702 -5.3485 27.7917
v 15.0445 -5.1897 28.3763
v 14.1293 -5.1046 27.8891
v 14.3446 -4.8269 28.3763
v 14.9442 -4.8015 29.2046
v 16.8946 -3.9546 27.0121
v 16.5582 -1.5418 26.9147
v 12.7029 1.2794 26.9147
v 12.4838 -0.5269 27.4019
v 12.7029 1.2794 26.9147
v 12.4398 1.3716 28.7661
v 5.4643 2.8728 19.3627
v 5.3187 1.2762 21.1654
v 5.3431 0.5026 19.5089
v 5.6159 -1.4171 19.2653
v 5.7295 -4.6345 19.2165
v 5.6159 -1.4171 19.2653
v 5.8435 -0.2611 25.0632
v 5.7906 -5.3032 23.9426
v 5.8347 -4.6714 25.2094
v 6.0612 -2.3380 26.4274
v 6.0072 -6.2029 26.3787
v 4.9623 -5.3074 27.2557
v 6.0072 -6.2029 26.3787
v -0.1083 -7.4743 30.7150
v -0.6366 -2.4051 30.8124
v -0.7065 -6.1467 30.7637
v -0.7065 -6.1467 30.7637
v -4.8888 -7.8009 27.7917
v -6.8745 -4.8694 26.3787
v -4.8888 -7.8009 27.7917
v -6.8107 -2.8322 26.4762
v -6.5772 -5.0324 23.0169
v -6.8745 -4.8694 26.3787
v -6.8107 -2.8322 26.4762
v -6.3164 -2.7699 19.7038
v -6.6552 -0.5328 24.0401
v -6.5376 2.8390 19.8012
v -6.9610 2.8107 19.3140
v -6.1413 0.9348 19.3627
v -6.4497 -0.9579 19.5576
v -6.3164 -2.7699 19.7038
v -12.9669 -10.7977 19.3627
v -12.0725 -11.1109 19.5089
v -11.6283 -10.8545 19.1678
v -12.6745 -11.3120 20.8244
v -13.0318 -11.6576 20.2397
v -12.6745 -11.3120 20.8244
v -12.9669 -10.7977 19.3627
v -12.9841 -12.0274 22.3835
v -13.1455 -10.9705 24.9658
v -0.2982 -12.2331 30.7637
v 4.1482 -14.3786 27.5480
v 4.5103 -16.2119 27.4993
v 5.8232 -14.3179 26.6710
v 4.1482 -14.3786 27.5480
v 4.8297 -14.7938 28.1327
v 6.4705 -14.6623 27.3531
v 7.8458 -14.6143 26.8172
v 6.7495 -14.8777 25.1119
v 6.4705 -14.6623 27.3531
v 7.8458 -14.6143 26.8172
v 9.3153 -14.1285 24.9658
v 11.5250 -14.9024 25.1606
v 9.3153 -14.1285 24.9658
v 7.8458 -14.6143 26.8172
v 11.5250 -14.9024 25.1606
v 13.6053 -9.8052 6.9385
v 13.4328 -10.8040 8.5463
v 13.3813 -11.9629 8.1566
v 13.6053 -9.8052 6.9385
v 13.1307 -8.4621 7.1334
v 13.1307 -8.4621 7.1334
v 14.8155 -7.6987 8.7412
v 15.8017 -7.7498 8.7412
v 14.6138 -5.7450 9.0823
v 13.5333 -6.1316 11.0312
v 13.0855 -5.3864 12.2980
v 13.5333 -6.1316 11.0312
v 12.8066 -5.1710 23.8939
v 13.1223 -5.2815 20.8731
v 13.2458 -5.2660 28.3763
v 12.5289 -3.6026 28.5712
v 12.5204 -2.9523 26.9634
v 12.6000 -1.0383 28.5225
v 12.3125 -0.1727 28.7174
v 12.5289 -3.6026 28.5712
v 12.6000 -1.0383 28.5225
v 12.3125 -0.1727 28.7174
v 12.1215 -3.7542 28.8148
v 11.8303 -1.8869 28.7174
v 12.0286 -0.3086 28.5712
v 5.3893 -6.2807 21.6039
v 5.5545 -5.8090 19.3140
v 5.7905 -7.8335 23.7477
v 5.9189 -9.9969 25.4043
v 6.1269 -10.2463 26.3300
v 5.4049 -11.4646 27.0121
v 6.1269 -10.2463 26.3300
v 6.0072 -6.2029 26.3787
v 4.9623 -5.3074 27.2557
v -0.1083 -7.4743 30.7150
v -0.0754 -11.4284 30.7637
v -0.7065 -6.1467 30.7637
v -0.5147 -11.3334 30.7637
v -0.5147 -11.3334 30.7637
v -0.7065 -6.1467 30.7637
v -7.0070 -11.8256 26.2813
v -6.7169 -9.9853 26.4762
v -6.1723 -7.5868 21.7014
v -6.7169 -9.9853 26.4762
v -6.0731 -6.7977 19.7525
v -6.4377 -5.1401 19.6550
v -6.1870 -8.6409 19.7525
v -6.0731 -6.7977 19.7525
v -6.5381 -7.2822 19.2653
v -6.7157 -11.1626 19.4114
v -6.3352 -10.4132 19.8986
v -6.6215 -10.7248 21.9450
v -6.3352 -10.4132 19.8986
v -6.7157 -11.1626 19.4114
v -6.7585 -10.4415 24.8683
v -7.1048 -11.2617 25.3068
v -7.0070 -11.8256 26.2813
v -0.2982 -12.2331 30.7637
v 5.4379 -12.8884 26.7198
v 5.4379 -12.8884 26.7198
v 5.8232 -14.3179 26.6710
v 5.5259 -14.1550 25.1606
v 5.4379 -12.8884 26.7198
v 5.8232 -14.3179 26.6710
v 6.7495 -14.8777 25.1119
v 5.5259 -14.1550 25.1606
v 5.8232 -14.3179 26.6710
v 6.4705 -14.6623 27.3531
v 10.7750 -14.3455 24.9170
v 13.4328 -10.8040 8.5463
v 12.4074 -11.0334 11.1773
v 12.2740 -11.7516 9.0336
v 13.4193 -10.5051 11.1286
v 13.4793 -9.9965 9.0336
v 13.4193 -10.5051 11.1286
v 13.1307 -8.4621 7.1334
v 13.2420 -9.3249 9.1797
v 12.8835 -8.4932 8.6438
v 13.3008 -7.6390 9.2772
v 12.8835 -8.4932 8.6438
v 14.8155 -7.6987 8.7412
v 12.6229 -8.2254 9.2285
v 13.6753 -6.0636 9.1310
v 13.3399 -7.3585 10.8850
v 13.3008 -7.6390 9.2772
v 13.5333 -6.1316 11.0312
v 13.6753 -6.0636 9.1310
v 12.1898 -6.4261 11.4210
v 12.2413 -5.2672 21.3603
v 12.0675 -5.0887 23.0656
v 12.2596 -5.2148 24.4785
v 12.2805 -4.9867 28.7661
v 13.3242 -4.7050 28.8148
v 12.2805 -4.9867 28.7661
v 13.2458 -5.2660 28.3763
v 12.6292 -3.9908 27.4019
v 5.3745 -7.3348 19.7038
v 5.8296 -10.0833 19.2165
v 5.8002 -9.6611 21.8963
v 6.1721 -10.7917 22.2860
v 6.2431 -10.7577 25.2581
v 6.2284 -11.8118 26.3300
v 6.2284 -11.8118 26.3300
v 5.2482 -12.5866 25.0632
v 6.2284 -11.8118 26.3300
v 5.4379 -12.8884 26.7198
v 5.2482 -12.5866 25.0632
v 8.7832 -10.5880 24.8683
v 6.2431 -10.7577 25.2581
v 11.4946 -10.7726 25.2581
v 12.4674 -10.5248 24.9170
v 7.4740 -10.9534 21.4578
v 11.7944 -10.7599 22.0424
v 12.3732 -10.9625 21.7501
v 12.4649 -10.7005 19.7525
v 10.3114 -10.9467 19.2165
v 13.5894 -9.6820 11.0312
v 6.1721 -10.7917 22.2860
v 6.3618 -11.0935 19.4601
v 6.1012 -10.8257 19.2165
v 6.1012 -10.8257 19.2165
v 6.0546 -11.6332 25.1606
v 6.0546 -11.6332 25.1606
v -6.4660 -8.4255 23.5041
v -6.1870 -8.6409 19.7525
v -6.4497 -0.9579 19.5576
v 9.6647 -24.4311 16.1957
v 12.1473 -24.5943 17.8036
v 11.9882 -1.9421 30.1790
v 12.5474 -1.0199 31.1048
v 12.3088 -1.7013 31.3971
v 11.7692 -1.2182 31.3971
v 12.3088 -1.7013 31.3971
v 12.5474 -1.0199 31.1048
v 11.8744 -1.2550 29.6431
v 11.7692 -1.2182 31.3971
v 12.5474 -1.0199 31.1048
v 11.8744 -1.2550 29.6431
v 11.7251 -1.8500 31.2997
v 11.8744 -1.2550 29.6431
v 11.9882 -1.9421 30.1790
v 12.3088 -1.7013 31.3971
v 11.7251 -1.8500 31.2997
v 11.9882 -1.9421 30.1790
v 11.7251 -1.8500 31.2997
v 11.7692 -1.2182 31.3971
v 5.9819 -23.1414 25.5991
v 5.9843 -22.9657 26.2325
v 5.9819 -23.1414 26.2325
v 5.5610 -22.9940 25.7453
v 5.8315 -20.0288 25.1606
v 5.9293 -23.1230 25.0632
v 5.5610 -22.9940 25.7453
v 5.6136 -23.0124 24.7221
v 5.9819 -23.1414 25.0632
v 5.9293 -23.1230 25.0632
v 5.6136 -23.0124 24.7221
v 5.9293 -23.1230 24.5272
v 6.0345 -23.1598 25.0632
v 6.0345 -23.1598 24.4785
v 6.2449 -23.2335 25.0632
v 6.2449 -23.2335 24.4785
v 6.8237 -23.4362 25.1119
v 6.8237 -23.4362 24.5272
v 9.1912 -24.2653 25.3068
v 9.4543 -24.3574 24.6247
v 10.1383 -24.5969 25.2094
v 10.6558 -24.1309 25.3068
v 10.6668 -24.6055 25.2094
v 9.9804 -24.5416 24.2349
v 10.6668 -24.6055 25.2094
v 10.1383 -24.5969 25.2094
v 9.4543 -24.3574 24.6247
v 9.5069 -24.3758 21.9937
v 9.4543 -24.3574 24.6247
v 9.0860 -24.2284 22.0911
v 9.6121 -24.4127 18.8755
v 9.2438 -24.2837 18.8755
v 9.5595 -24.3942 17.7061
v 9.1912 -24.2653 17.7548
v 9.5595 -24.3942 16.7804
v 9.1386 -24.2468 16.7317
v 9.5595 -24.3942 16.1957
v 9.2965 -24.3021 15.8060
v 9.6647 -24.4311 16.1957
v 9.7700 -24.4679 15.6598
v 11.7692 -25.1681 17.9497
v 10.9274 -24.8733 17.9010
v 11.0327 -24.9101 17.3651
v 12.0323 -25.2602 17.4625
v 12.0323 -25.2602 18.0472
v 12.1473 -24.5943 17.8036
v 12.1791 -24.8409 17.9010
v 12.0323 -25.2602 17.4625
v 12.2526 -24.6312 17.7548
v 12.0323 -25.2602 17.4625
v 12.1975 -24.7884 17.2676
v 12.3627 -24.3167 18.9242
v 12.3260 -24.4215 17.3651
v 12.3811 -24.2643 16.8291
v 12.4912 -23.9498 18.8755
v 12.4728 -24.0022 21.3116
v 12.4912 -23.9498 21.3116
v 12.3076 -24.4739 22.2373
v 12.4361 -24.1070 22.3835
v 12.2893 -24.5264 25.2581
v 12.3076 -24.4739 22.2373
v 12.4361 -24.1070 22.3835
v 12.4545 -24.0546 24.8196
v 12.3076 -24.4740 25.2581
v 12.2893 -24.5264 25.2581
v 12.4545 -24.0546 24.8196
v 12.5818 -22.5104 25.2581
v 12.6013 -23.6353 25.2581
v 12.4545 -24.0546 24.8196
v 12.4912 -23.9498 21.4090
v 12.5818 -22.5104 25.2581
v 12.6013 -23.6353 25.2581
v 12.4545 -24.0546 24.8196
v 12.4545 -24.0546 21.4090
v 12.4912 -23.9498 21.3116
v 12.4728 -24.0022 21.3116
v 12.4912 -23.9498 21.3116
v 12.4728 -24.0022 21.3116
v 12.4912 -23.9498 17.3163
v 12.3627 -24.3167 17.3651
v 12.4912 -23.9498 16.9266
v 12.3627 -24.3167 16.7804
v 12.5463 -23.7925 16.4881
v 12.4178 -24.1594 16.1957
v 12.6931 -23.3732 15.8547
v 12.5463 -23.7925 16.4881
v 12.4178 -24.1594 16.1957
v 12.5279 -23.8449 15.3674
v 12.6380 -23.5304 15.0751
v 12.5903 -23.1607 15.8059
v 12.5096 -23.8974 11.2748
v 12.5279 -23.8449 15.3674
v 12.3627 -24.3167 11.3722
v 12.4912 -23.9498 10.6901
v 12.3443 -24.3691 10.7388
v 12.4728 -24.0022 10.5927
v 12.3443 -24.3691 10.5439
v 12.4912 -23.9498 10.4465
v 12.3443 -24.3691 10.3491
v 12.5279 -23.8449 9.0823
v 12.4178 -24.1594 8.6925
v 12.8216 -23.0063 8.7899
v 12.5279 -23.8449 9.0823
v 12.4178 -24.1594 8.6925
v 12.7482 -23.2159 8.2540
v 13.4274 -21.2765 8.1566
v 12.9501 -22.6393 8.2540
v 12.8950 -22.7966 7.7668
v 13.4274 -21.2765 7.5719
v 13.6476 -20.6475 8.0591
v 13.6293 -20.6999 7.4744
v 14.1983 -19.0750 7.9617
v 14.2167 -19.0226 7.3770
v 14.2534 -18.9178 7.9617
v 14.0588 -18.9673 7.9617
v 15.8920 -13.9013 7.0359
v 15.9238 -14.1478 7.0847
v 14.2167 -19.0226 7.3770
v 15.9054 -14.2002 6.5000
v 16.6947 -11.9463 7.4257
v 15.9972 -13.9382 7.0847
v 16.0156 -13.8857 6.5000
v 16.7865 -11.6842 7.0359
v 17.5049 -9.4643 13.8571
v 16.7524 -9.0831 13.1262
v 16.9150 -11.3173 13.7109
v 17.4657 -9.7448 13.8571
v 17.0068 -11.0552 12.9801
v 17.5208 -9.5876 13.3211
v 17.5575 -9.4827 13.9058
v 17.5758 -9.4303 13.9058
v 17.5049 -9.4643 13.8571
v 17.5575 -9.4827 13.9058
v 17.5208 -9.5876 13.3211
v 17.5942 -9.3779 13.8571
v 17.5208 -9.5876 13.3211
v 17.5758 -9.4303 13.2724
v 17.9062 -8.4868 13.5647
v 17.8879 -8.5392 13.0288
v 18.2734 -7.4385 13.3211
v 18.2366 -7.5433 12.7852
v 18.2917 -7.3861 13.3211
v 18.2917 -7.3861 13.3211
v 19.0627 -5.1846 13.3211
v 19.0627 -5.1846 13.1750
v 19.1912 -4.8176 12.9314
v 19.1912 -4.8176 13.3211
v 19.0076 -5.3418 15.8547
v 19.1544 -4.9225 15.8547
v 19.0076 -5.3418 16.7317
v 19.1544 -4.9225 16.6830
v 19.0443 -5.2370 18.0472
v 19.1912 -4.8176 17.8036
v 19.0810 -5.1321 18.0959
v 18.1817 -5.1703 18.4857
v 19.0810 -5.1321 18.5344
v 19.1912 -4.8176 17.8036
v 19.2462 -4.6604 18.3882
v 19.1728 -4.8701 18.7293
v 19.0676 -4.8332 18.7780
v 19.1728 -4.8701 19.2165
v 19.2462 -4.6604 18.3882
v 19.3013 -4.5031 19.2165
v 19.0627 -5.1846 27.6942
v 19.0627 -5.1846 27.6455
v 19.1912 -4.8177 27.8891
v 19.1728 -4.8701 28.0353
v 19.0443 -5.2370 27.7429
v 19.1361 -4.9749 28.1327
v 18.6956 -6.2329 29.1072
v 18.8608 -5.7612 29.1559
v 18.6221 -6.4426 29.4482
v 15.9951 -6.5230 29.4969
v 19.0810 -5.1322 30.4227
v 19.0994 -5.0797 29.7893
v 19.2095 -4.7652 29.4482
v 19.2279 -4.7128 30.4714
v 19.0810 -5.1322 31.2022
v 18.9048 -5.1293 31.2022
v 19.0859 -4.7808 31.2022
v 18.9048 -5.1293 31.2022
v 19.0810 -5.1322 31.2022
v 19.2095 -4.7652 31.2022
v 19.2279 -4.7128 30.4714
v 19.2095 -4.7652 31.2022
v 19.2279 -4.7128 30.4714
v 19.2462 -4.6604 30.5201
v 19.3197 -4.4507 30.9099
v 19.3564 -4.3459 30.8124
v 19.2462 -4.6604 30.5201
v 19.3013 -4.5032 30.3252
v 19.3564 -4.3459 30.8124
v 19.3380 -4.3983 30.2765
v 19.8336 -2.9831 30.7637
v 19.8336 -2.9831 30.1790
v 20.0906 -2.2492 30.8124
v 20.1640 -2.0396 30.3252
v 20.2375 -1.8299 31.0073
v 20.0319 -1.4048 31.1048
v 20.6475 1.0276 30.7637
v 20.6597 -0.6243 30.7637
v 20.1640 -2.0396 30.3252
v 20.6597 -0.6243 30.1790
v 21.1002 0.6337 30.7637
v 21.1002 0.6337 30.2278
v 21.3388 1.3151 30.7637
v 21.4123 1.5248 30.2278
v 21.4123 1.5248 30.7637
v 18.3607 2.5934 30.7637
v 21.4123 1.5248 30.2278
v 18.3081 2.6118 30.2278
v 18.1503 2.6671 30.7637
v 18.1503 2.6671 30.2278
v 18.1503 2.6671 30.7637
v 18.0977 2.6855 30.2278
v 16.4667 3.2567 31.0561
v 16.7297 3.1646 30.6663
v 16.4141 3.2751 31.0561
v 17.1810 -1.1126 31.0560
v 16.5351 0.5847 31.1048
v 16.2562 3.3304 26.8172
v 16.5719 3.2198 27.1583
v 16.9402 3.0909 26.9147
v 16.4141 3.2751 26.2813
v 16.0458 3.4041 26.8172
v 16.0458 3.4041 26.2325
v 14.0465 4.1042 26.9147
v 13.9939 4.1226 26.3300
v 13.1521 4.4174 27.0121
v 13.0469 4.4543 26.4762
v 11.7316 4.9149 27.4506
v 11.6373 4.4771 27.9378
v 11.6789 4.9333 27.9378
v 11.9946 4.8228 27.8891
v 12.1525 4.7675 27.2070
v 12.0998 4.7859 24.2837
v 12.4681 4.6570 24.2837
v 11.8894 4.8596 22.9682
v 12.2577 4.7307 22.6758
v 11.8368 4.8781 22.4809
v 11.8270 4.1754 22.5297
v 11.8368 4.8781 21.8963
v 12.2577 4.7307 22.6758
v 12.2577 4.7307 21.8963
v 11.8894 4.8596 19.9961
v 12.3103 4.7122 19.9961
v 11.8894 4.8596 19.7038
v 12.2577 4.7307 19.5089
v 11.7316 4.9149 19.4114
v 11.9946 4.8228 19.0217
v 11.6789 4.9333 19.3627
v 11.7842 4.8965 18.8268
v 11.1002 5.1360 19.3627
v 11.6789 4.9333 19.3627
v 11.7842 4.8965 18.8268
v 11.1002 5.1360 18.7780
v 7.6278 6.3520 19.3140
v 7.6278 6.3520 18.7293
v 6.3651 6.7942 19.3140
v 6.3651 6.7942 18.7293
v 5.5759 7.0706 19.3627
v 5.5759 7.0706 18.7780
v 5.4707 7.1074 19.3627
v 5.3128 7.1627 18.8268
v 5.4181 7.1259 19.4114
v 5.0498 7.2548 19.1678
v -6.6475 7.5851 19.4114
v -6.2987 8.5810 19.6063
v -6.2437 8.7382 19.0704
v -6.6108 7.6899 18.8268
v -6.7760 7.2182 19.2653
v -6.7576 7.2706 18.6806
v -6.8861 6.9037 19.2653
v -6.8861 6.9037 18.6806
v -6.9963 6.5892 19.2653
v -6.9963 6.5892 18.6806
v -10.2820 -2.7935 19.2653
v -9.6212 -0.9064 19.3140
v -9.6212 -0.9064 18.7293
v -10.2820 -2.7935 18.7293
v -10.7593 -4.1563 19.2653
v -10.7593 -4.1563 18.6806
v -11.5669 -6.4626 19.2165
v -11.5669 -6.4626 18.6319
v -11.5853 -6.5150 19.2165
v -11.6036 -6.5675 18.6319
v -11.9157 -7.4586 19.2653
v -11.9157 -7.4586 18.6806
v -12.6132 -9.4504 19.3140
v -12.6316 -9.5028 18.7780
v -12.9987 -10.5511 19.3627
v -12.8886 -10.2366 18.9729
v -13.3291 -11.4946 9.5208
v -13.2373 -11.2326 9.4721
v -13.1823 -11.0753 8.9361
v -13.3291 -11.4946 8.9361
v -14.0817 -13.6437 9.4234
v -14.1184 -13.7486 8.8387
v -14.1551 -13.8534 9.4234
v -12.9059 -13.9966 9.3746
v -13.1225 -15.6273 9.0336
v -14.1735 -13.9058 9.4234
v -14.1184 -13.7486 8.8387
v -14.1551 -13.8534 8.8387
v -14.1735 -13.9058 9.4234
v -14.1735 -13.9058 8.8387
v -14.2102 -14.0106 9.4234
v -14.3265 -16.0295 9.2772
v -14.2653 -14.1679 9.3746
v -14.1735 -13.9058 8.8387
v -14.3020 -14.2727 8.7412
v -14.3938 -14.5348 9.2772
v -14.5896 -15.9374 9.0823
v -14.7266 -15.6540 9.0336
v -14.7242 -15.4783 9.0336
v -14.3020 -14.2727 8.7412
v -14.7058 -15.4259 8.4489
v -14.7425 -15.5307 8.9849
v -14.7609 -15.5831 8.4489
v -14.7609 -15.5831 9.0336
v -14.8160 -15.7404 8.9849
v -14.7609 -15.5831 8.4489
v -14.7976 -15.6880 8.4489
v -14.8527 -15.8452 8.9849
v -14.8527 -15.8452 8.4002
v -14.7474 -15.8821 8.9849
v -14.6422 -15.9189 8.4489
v -14.3792 -16.0110 8.6438
v -13.7478 -16.2321 9.1310
v -14.3792 -16.0110 8.6438
v -13.8004 -16.2137 8.5951
v -13.1165 -16.4532 9.0336
v -13.0112 -16.4901 8.4976
v -12.8534 -16.5454 25.3068
v -12.9929 -16.4377 25.3068
v -13.0112 -16.4901 25.3068
v -12.8008 -16.5638 24.7221
v -12.2709 -15.2194 25.2581
v -11.4855 -17.0244 25.1119
v -12.8008 -16.5638 24.7221
v -11.4855 -17.0244 24.5760
v -10.8015 -17.2639 25.1119
v -10.7489 -17.2824 24.5273
v -10.6437 -17.3192 25.0632
v -8.6051 -15.2085 25.0145
v -8.6970 -18.0009 25.0632
v -10.7489 -17.2824 24.5273
v -8.6970 -18.0009 24.4785
v -7.4343 -18.4431 25.0632
v -7.3817 -18.4615 24.5273
v -7.2239 -18.5168 25.1119
v -7.0134 -18.5905 24.5760
v -6.1716 -18.8853 26.5736
v -6.6451 -18.7195 26.3787
v -6.1716 -18.8853 26.0376
v -6.2988 -17.8992 26.4761
v -3.2240 -18.5641 28.6686
v -4.4880 -19.4749 27.7916
v -6.1716 -18.8853 26.0376
v -4.3302 -19.5302 27.2557
v -0.5421 -20.8567 30.4226
v -0.3316 -20.9304 29.8867
v -0.3842 -20.9120 30.5201
v -0.4918 -18.5205 30.6175
v 5.0363 -18.9265 28.0353
v 4.2189 -19.4052 27.6455
v 5.3654 -19.3359 26.8659
v 7.2717 -19.1209 27.0608
v 6.0016 -19.2057 26.2813
v 7.8236 -18.7257 25.2094
v 5.8315 -20.0288 25.1606
v 9.4680 -19.5958 25.1119
v 9.2635 -22.8783 25.1119
v 10.7966 -22.8856 25.5504
v 11.4317 -21.5780 25.2581
v 12.5575 -19.2066 25.2094
v 12.5697 -20.8585 25.1119
v 12.5575 -19.2066 25.2094
v 12.2711 -22.0485 21.0680
v 12.3628 -21.7864 19.9961
v 12.3261 -21.8912 16.4881
v 12.3261 -21.8912 16.4881
v 12.3349 -17.4809 16.1957
v 12.4449 -19.6967 14.0032
v 12.3738 -22.2610 13.5647
v 12.3530 -22.4891 10.6901
v 12.5035 -23.0714 9.0336
v 12.5035 -23.0714 9.0336
v 12.4154 -21.8048 7.6206
v 13.5240 -20.6631 8.0591
v 12.7055 -19.9645 7.9617
v 12.3569 -18.4301 8.6925
v 12.2028 -16.8462 8.8874
v 12.3569 -18.4301 8.6925
v 14.0588 -18.9673 7.9617
v 13.2013 -16.0190 8.5463
v 14.5557 -16.1991 7.4257
v 14.5557 -16.1991 7.4257
v 16.6544 -11.0495 7.3770
v 15.8224 -10.0520 6.5974
v 15.8920 -13.9013 7.0359
v 17.2590 -8.1425 14.0520
v 16.9299 -7.7330 13.6622
v 17.7300 -8.4840 13.6135
v 17.2590 -8.1425 14.0520
v 17.2983 -5.3317 16.3419
v 17.6323 -5.3898 12.5416
v 16.7171 -5.3047 19.3627
v 19.0627 -5.1846 27.6455
v 17.4219 -5.3161 27.7429
v 16.1702 -5.3485 27.7917
v 15.0445 -5.1897 28.3763
v 15.3210 -5.5808 29.4969
v 15.0445 -5.1897 28.3763
v 15.9951 -6.5230 29.4969
v 16.3855 -5.0709 31.2509
v 16.5434 -5.1262 29.7405
v 16.9398 -4.5000 31.1048
v 16.3855 -5.0709 31.2509
v 17.9775 -3.3923 30.7150
v 19.1142 -1.4954 30.9099
v 16.4101 -3.3141 31.0560
v 16.5853 2.9209 27.2557
v 16.1644 3.0683 26.8172
v 13.1006 3.2586 26.9634
v 11.9211 2.0828 28.1814
v 12.1205 2.4837 28.7661
v 12.2307 2.7982 24.8683
v 12.0949 4.4346 24.2349
v 11.8281 2.9981 24.2349
v 11.8306 3.1737 19.5089
v 11.6274 1.2442 19.2165
v 11.6274 1.2442 19.2165
v 8.2761 2.3001 19.2653
v 5.3861 4.8421 19.3140
v 5.4682 6.9318 19.3627
v -6.6674 1.1191 24.7709
v -6.8107 -2.8322 26.4762
v -6.9182 2.0896 26.3787
v -6.6390 6.9348 19.4602
v -6.1960 8.3685 19.7038
v -6.8568 6.4815 19.2653
v -6.9931 -4.5336 19.3140
v -9.0245 -8.6476 19.1678
v -11.6283 -10.8545 19.1678
v -12.9669 -10.7977 19.3627
v -13.0025 -12.0798 9.5208
v -13.3499 -11.7227 25.2094
v -13.2473 -14.4656 25.2094
v -12.4432 -11.1576 25.3068
v -10.8086 -12.7304 24.8683
v -11.3116 -14.6727 25.0632
v -9.8593 -15.4166 25.2581
v -7.8207 -13.3060 25.0145
v -6.9338 -16.6765 25.2581
v -7.2398 -18.3936 25.0632
v -5.9599 -17.6060 25.1119
v -6.3061 -15.8960 26.5249
v -5.9599 -17.6060 25.1119
v -6.2988 -17.8992 26.4761
v -6.1604 -14.2993 26.6223
v -6.3061 -15.8960 26.5249
v -3.2949 -16.0678 28.6199
v -0.4146 -16.7822 30.5688
v 11.2348 -19.2730 25.3068
v 12.2823 -17.4625 22.2373
v 12.5039 -15.4805 25.2094
v 12.3630 -19.2561 21.1654
v 12.3300 -17.8323 18.2421
v 12.3349 -17.4809 16.1957
v 12.3901 -14.7934 16.2445
v 12.3632 -14.1955 14.2956
v 12.3901 -14.7934 16.2445
v 12.2908 -18.1128 10.5439
v 12.3569 -18.4301 8.6925
v 12.4154 -21.8048 7.6206
v 12.2028 -16.8462 8.8874
v 12.3460 -15.4252 10.3978
v 13.3237 -14.8261 8.8387
v 13.1365 -14.3486 9.8618
v 13.2013 -16.0190 8.5463
v 13.8583 -15.6606 7.8642
v 14.5557 -16.1991 7.4257
v 14.2207 -12.4333 6.8411
v 13.1255 -13.8740 8.6438
v 13.3813 -11.9629 8.1566
v 13.9454 -10.6893 6.6949
v 16.6544 -11.0495 7.3770
v 16.2813 -8.7416 8.2053
v 15.8224 -10.0520 6.5974
v 15.5229 -5.0042 16.2932
v 14.7472 -5.0267 12.3467
v 14.5918 -4.7958 18.7780
v 14.4131 -4.9686 21.7501
v 14.3446 -4.8269 28.3763
v 14.9442 -4.8015 29.2046
v 14.3446 -4.8269 28.3763
v 15.3210 -5.5808 29.4969
v 16.0062 -4.4673 27.3532
v 14.9442 -4.8015 29.2046
v 16.2216 -4.1896 29.7893
v 16.8946 -3.9546 27.0121
v 16.5449 1.2874 26.8659
v 16.5582 -1.5418 26.9147
v 16.7650 -0.6139 26.9634
v 12.7029 1.2794 26.9147
v 12.3125 -0.1727 28.7174
v 12.4398 1.3716 28.7661
v 12.1205 2.4837 28.7661
v 12.0286 -0.3086 28.5712
v 12.0286 -0.3086 28.5712
v 12.0555 -0.9065 24.7709
v 12.0850 1.2016 24.4785
v 11.9234 -0.2718 22.8707
v 11.7790 -0.5154 19.5089
v 11.1782 -1.8938 19.2653
v 11.7790 -0.5154 19.5089
v 8.3823 -1.4444 19.1678
v 5.6159 -1.4171 19.2653
v 5.4643 2.8728 19.3627
v -6.6552 -0.5328 24.0401
v -6.1254 0.8116 21.6527
v -6.5927 2.6817 22.9194
v -6.5755 3.9115 22.2861
v -6.5376 2.8390 19.8012
v -6.5376 2.8390 19.8012
v -6.9610 2.8107 19.3140
v -6.4377 -5.1401 19.6550
v -6.3164 -2.7699 19.7038
v -6.5381 -7.2822 19.2653
v -6.7157 -11.1626 19.4114
v -9.6535 -10.7811 19.1191
v -12.0725 -11.1109 19.5089
v -9.6535 -10.7811 19.1191
v -11.6283 -10.8545 19.1678
v -13.1455 -10.9705 24.9658
v -12.3147 -10.7907 24.9170
v -8.0518 -10.9301 25.0632
v -7.1048 -11.2617 25.3068
v -6.8309 -14.3587 25.2094
v -6.1249 -15.5475 25.1606
v -6.1249 -15.5475 25.1606
v -6.1604 -14.2993 26.6223
v -5.9903 -13.4762 25.1607
v -6.2643 -12.9095 26.5736
v -3.6630 -13.4085 28.3276
v -6.2643 -12.9095 26.5736
v -0.2982 -12.2331 30.7637
v 4.7194 -17.6386 28.0840
v 4.5103 -16.2119 27.4993
v 4.3597 -18.1599 27.5968
v 4.8297 -14.7938 28.1327
v 4.1482 -14.3786 27.5480
v 12.5151 -10.8946 25.2581
v 11.5250 -14.9024 25.1606
v 12.5039 -15.4805 25.2094
v 12.2544 -13.1570 21.4577
v 12.5151 -10.8946 25.2581
v 12.5039 -15.4805 25.2094
v 12.2995 -16.2328 20.2884
v 12.2995 -16.2328 20.2884
v 12.2862 -13.4036 20.0448
v 12.3901 -14.7934 16.2445
v 12.2544 -13.1570 16.7804
v 12.5174 -13.2492 15.7572
v 12.2544 -13.1570 16.7804
v 12.3901 -14.7934 16.2445
v 12.3632 -14.1955 14.2956
v 12.3560 -12.1923 14.3930
v 12.2703 -13.2803 12.0056
v 12.3460 -15.4252 10.3978
v 12.3045 -13.3511 9.7157
v 13.1365 -14.3486 9.8618
v 12.3045 -13.3511 9.7157
v 12.3460 -15.4252 10.3978
v 12.3045 -13.3511 9.7157
v 12.2740 -11.7516 9.0336
v 13.4328 -10.8040 8.5463
v 13.6053 -9.8052 6.9385
v 15.8140 -6.8715 9.0823
v 14.8155 -7.6987 8.7412
v 15.8017 -7.7498 8.7412
v 16.2813 -8.7416 8.2053
v 16.2544 -8.1437 9.2772
v 15.8017 -7.7498 8.7412
v 13.3008 -7.6390 9.2772
v 13.6753 -6.0636 9.1310
v 14.6138 -5.7450 9.0823
v 15.8814 -5.8358 9.5695
v 13.7793 -4.9232 16.0983
v 13.0855 -5.3864 12.2980
v 13.1223 -5.2815 20.8731
v 14.3446 -4.8269 28.3763
v 13.2458 -5.2660 28.3763
v 14.1293 -5.1046 27.8891
v 13.3242 -4.7050 28.8148
v 13.1847 -4.5973 27.0121
v 13.3242 -4.7050 28.8148
v 14.3446 -4.8269 28.3763
v 16.8946 -3.9546 27.0121
v 13.1847 -4.5973 27.0121
v 16.0062 -4.4673 27.3532
v 12.5204 -2.9523 26.9634
v 12.9940 -0.5879 26.9147
v 12.4838 -0.5269 27.4019
v 11.8879 -1.5539 25.9889
v 11.8303 -1.8869 28.7174
v 12.1619 -2.1207 24.5273
v 11.6591 -1.5327 24.2349
v 11.3201 -1.8259 21.2629
v 11.1782 -1.8938 19.2653
v 11.4093 -4.2697 21.0193
v 11.4362 -4.8676 19.3140
v 8.4971 -5.8391 19.1678
v 11.4362 -4.8676 19.3140
v 11.1782 -1.8938 19.2653
v 8.3823 -1.4444 19.1678
v 5.6159 -1.4171 19.2653
v 5.7295 -4.6345 19.2165
v 5.5545 -5.8090 19.3140
v -6.0731 -6.7977 19.7525
v -7.2443 -11.1540 21.7501
v -6.6215 -10.7248 21.9450
v -6.7157 -11.1626 19.4114
v -8.7982 -11.3748 19.8986
v -8.7982 -11.3748 19.8986
v -6.7157 -11.1626 19.4114
v -12.2829 -11.0372 22.2373
v -12.0725 -11.1109 19.5089
v -12.6745 -11.3120 20.8244
v -13.1455 -10.9705 24.9658
v -12.3147 -10.7907 24.9170
v -9.2191 -11.2274 22.6271
v -8.0518 -10.9301 25.0632
v -6.7585 -10.4415 24.8683
v -6.7585 -10.4415 24.8683
v -6.2643 -12.9095 26.5736
v -7.0070 -11.8256 26.2813
v -7.1048 -11.2617 25.3068
v -5.9903 -13.4762 25.1607
v -5.9903 -13.4762 25.1607
v -7.0070 -11.8256 26.2813
v -0.5147 -11.3334 30.7637
v 9.3153 -14.1285 24.9658
v 5.5259 -14.1550 25.1606
v 6.7495 -14.8777 25.1119
v 7.2659 -13.2343 24.9170
v 9.9235 -12.2231 24.9658
v 10.7750 -14.3455 24.9170
v 11.4946 -10.7726 25.2581
v 12.4674 -10.5248 24.9170
v 12.3732 -10.9625 21.7501
v 12.4674 -10.5248 24.9170
v 12.4649 -10.7005 19.7525
v 12.3707 -11.1382 16.3419
v 12.3707 -11.1382 16.3419
v 12.4074 -11.0334 11.1773
v 12.2740 -11.7516 9.0336
v 14.8155 -7.6987 8.7412
v 12.8835 -8.4932 8.6438
v 13.1307 -8.4621 7.1334
v 13.3399 -7.3585 10.8850
v 12.6229 -8.2254 9.2285
v 13.3008 -7.6390 9.2772
v 12.3072 -8.1149 11.1773
v 13.3399 -7.3585 10.8850
v 13.5333 -6.1316 11.0312
v 12.1898 -6.4261 11.4210
v 12.4945 -6.0621 16.3906
v 12.1898 -6.4261 11.4210
v 13.0855 -5.3864 12.2980
v 13.1223 -5.2815 20.8731
v 13.7793 -4.9232 16.0983
v 12.3183 -6.0592 19.4114
v 12.0736 -5.9147 20.8731
v 12.2413 -5.2672 21.3603
v 12.0736 -5.9147 20.8731
v 13.1223 -5.2815 20.8731
v 13.1847 -4.5973 27.0121
v 12.5289 -3.6026 28.5712
v 13.3242 -4.7050 28.8148
v 12.6292 -3.9908 27.4019
v 12.6292 -3.9908 27.4019
v 12.2596 -5.2148 24.4785
v 12.2805 -4.9867 28.7661
v 12.1215 -3.7542 28.8148
v 12.1949 -3.5445 24.0888
v 11.8290 -3.2398 21.3116
v 11.9135 -3.5048 22.6271
v 12.0675 -5.0887 23.0656
v 12.2413 -5.2672 21.3603
v 12.0675 -5.0887 23.0656
v 11.4093 -4.2697 21.0193
v 11.4631 -5.4655 21.0680
v 12.2413 -5.2672 21.3603
v 11.4093 -4.2697 21.0193
v 11.4631 -5.4655 21.0680
v 11.6527 -5.7673 19.4601
v 10.7325 -8.5638 19.1678
v 11.6527 -5.7673 19.4601
v 6.1012 -10.8257 19.2165
v 5.8296 -10.0833 19.2165
v 5.2482 -12.5866 25.0632
v 6.0546 -11.6332 25.1606
v 7.6881 -12.0287 25.2581
v 6.2431 -10.7577 25.2581
v 12.3120 -10.2938 19.4114
v 10.3114 -10.9467 19.2165
v 12.4649 -10.7005 19.7525
v 12.2692 -9.5727 17.6087
v 12.3120 -10.2938 19.4114
v 12.0760 -8.2693 13.2724
v 12.2692 -9.5727 17.6087
v 12.2998 -8.6419 11.2261
v 13.4193 -10.5051 11.1286
v 12.2998 -8.6419 11.2261
v 12.4074 -11.0334 11.1773
v 13.5894 -9.6820 11.0312
v 12.2998 -8.6419 11.2261
v 13.5894 -9.6820 11.0312
v 13.2420 -9.3249 9.1797
v 12.8835 -8.4932 8.6438
v 12.6229 -8.2254 9.2285
v 12.3072 -8.1149 11.1773
v 12.6229 -8.2254 9.2285
v 12.3072 -8.1149 11.1773
v 12.1898 -6.4261 11.4210
v 12.2167 -7.0240 16.0496
v 12.4945 -6.0621 16.3906
v 12.3183 -6.0592 19.4114
v 12.2167 -7.0240 16.0496
v 12.4945 -6.0621 16.3906
v 12.4259 -8.4507 19.3140
v 12.4259 -8.4507 19.3140
v 12.3183 -6.0592 19.4114
v 12.0736 -5.9147 20.8731
v 11.6527 -5.7673 19.4601
v 12.3183 -6.0592 19.4114
v 11.4631 -5.4655 21.0680
v 11.4631 -5.4655 21.0680
v 6.3618 -11.0935 19.4601
v -6.4497 -0.9579 19.5576
v -6.1413 0.9348 19.3627
v -6.1816 1.8316 19.8499
v -6.1816 1.8316 19.8499
v -6.1413 0.9348 19.3627
v 5.3431 0.5026 19.5089
v 12.1841 -24.4895 21.0680
v 10.2484 -24.2824 21.2141
v 10.0355 -24.3844 16.9266
v 9.6647 -24.4311 16.1957
v 10.9164 -24.3987 17.7548
v 12.1473 -24.5943 17.8036
v 10.9164 -24.3987 17.7548
v 12.1841 -24.4895 21.0680
v 12.1473 -24.5943 17.8036
v -13.0592 2.7690 16.7965
v -13.0225 2.8739 16.7051
v -13.0066 2.7506 16.7051
v -13.1106 1.6101 16.7051
v -13.2893 1.4373 19.3996
v -13.0618 0.0631 16.7051
v -13.2893 1.4373 19.3996
v -13.1106 1.6101 16.7051
v -13.0337 -1.7121 16.7051
v -13.1953 -3.1855 19.3539
v -13.1219 -2.9758 16.7051
v -12.9837 -4.4365 16.7051
v -6.8861 6.9036 19.2626
v -6.9962 6.5891 19.2626
v -6.9962 6.5891 18.6689
v -6.8861 6.9036 18.6689
v -6.7759 7.2181 19.2626
v -6.7576 7.2705 18.7146
v -6.2252 8.7906 19.7193
v -6.2987 8.5810 19.5823
v -6.2436 8.7382 19.0799
v -6.0967 9.1575 19.4453
v -6.9045 6.8512 26.4784
v -6.9680 7.3442 26.4327
v -6.9595 6.6940 26.4327
v -6.7760 7.2181 26.0674
v -6.7760 7.2181 26.5697
v -6.7760 7.2181 26.0674
v -6.7209 7.3754 26.6154
v -6.7760 7.2181 26.0674
v -6.7025 7.4278 26.0674
v -6.6475 7.5850 26.6611
v -6.6107 7.6899 26.1130
v -5.6195 10.5204 27.3918
v -5.4727 10.9397 26.9808
v -5.4727 10.9397 27.5288
v -7.0559 11.1411 26.4327
v -5.8410 11.0687 27.3004
v -5.4727 10.9397 26.9808
v -7.0510 11.4925 26.4327
v -5.4727 10.9397 26.9808
v -6.6827 11.3635 26.2044
v -6.6827 11.3635 19.6280
v -6.6301 11.3451 19.6736
v -6.2618 11.2161 19.4453
v -6.4197 11.2714 19.1713
v -7.1036 11.5109 19.2626
v -6.9984 11.4740 18.7146
v -9.7869 12.4505 19.2626
v -7.1036 11.5109 19.2626
v -6.9984 11.4740 18.7146
v -9.7869 12.4505 18.7146
v -10.9443 12.8559 19.2626
v -10.9443 12.8559 18.7146
v -11.0496 12.8927 19.2626
v -11.1022 12.9112 18.7146
v -11.3126 12.9849 19.3083
v -11.3652 13.0033 18.7146
v -12.9436 13.5560 19.3996
v -12.9962 13.5745 18.9429
v -13.4697 13.7403 19.3996
v -13.3769 10.2948 19.4453
v -13.5749 13.7771 19.2626
v -12.9962 13.5745 18.9429
v -13.6349 13.2685 19.2169
v -13.1225 8.3226 16.7051
v -13.1861 8.8157 17.7098
v -13.1519 8.7448 16.7051
v -13.0810 6.2485 16.7051
v -13.2561 5.0741 19.6280
v -13.1692 4.9848 16.7051
v -7.1343 10.5801 19.2626
v -10.2336 9.4882 19.2626
v -6.5886 9.2710 19.3083
v -6.2974 9.9339 19.8563
v -6.5886 9.2710 19.3083
v -6.6350 10.9937 19.6280
v -7.1343 10.5801 19.2626
v -11.2455 8.9599 19.2169
v -13.3172 5.7428 19.4453
v -14.1028 5.0175 19.5366
v -13.3172 5.7428 19.4453
v -13.2561 5.0741 19.6280
v -12.5611 4.3599 19.3996
v -12.9874 -5.9652 16.7051
v -13.1953 -3.1855 19.3539
v -12.9837 -4.4365 16.7051
v -13.2726 -7.4541 19.3539
v -13.0279 -7.5987 16.7051
v -12.9619 -7.9160 16.7051
v -13.0977 -8.8100 19.3996
v -12.9056 -8.9361 16.7051
v -12.9253 -10.3415 17.8469
v -12.9020 -9.9377 16.7051
v -12.9436 -10.3939 16.7051
v -12.7968 -9.9746 16.6595
v -12.7784 -9.9222 17.9382
v -12.9987 -10.5512 19.3539
v -12.8886 -10.2367 18.9886
v -12.6132 -9.4504 19.3083
v -12.9987 -10.5512 19.3539
v -12.8886 -10.2367 18.9886
v -12.6316 -9.5028 18.7602
v -11.9157 -7.4586 19.2626
v -11.9157 -7.4586 18.7146
v -11.5853 -6.5151 19.2169
v -11.6036 -6.5675 18.6689
v -11.5669 -6.4626 19.2169
v -11.5669 -6.4626 18.6689
v -10.7592 -4.1563 19.2626
v -10.7592 -4.1563 18.6689
v -10.2820 -2.7935 19.2626
v -10.2820 -2.7935 18.7146
v -9.6212 -0.9065 19.3083
v -10.2820 -2.7935 19.2626
v -10.2820 -2.7935 18.7146
v -9.6212 -0.9065 18.7146
v -8.7951 1.4523 19.3083
v -8.7951 1.4523 18.7146
v -7.0880 6.3270 19.2626
v -8.7951 1.4523 19.3083
v -8.7951 1.4523 18.7146
v -7.0880 6.3270 18.6689
v -6.9962 6.5891 19.2626
v -6.9962 6.5891 18.6689
v -6.6474 7.5850 19.3996
v -6.7759 7.2181 19.2626
v -6.7576 7.2705 18.7146
v -6.6107 7.6899 18.8516
v -6.2987 8.5810 19.5823
v -6.2436 8.7382 19.0799
v -6.2436 8.7382 20.5870
v -6.2252 8.7906 19.7193
v -6.0967 9.1575 19.4453
v -6.1151 9.1051 20.7697
v -6.6658 7.5326 22.9618
v -6.5740 7.7947 23.3272
v -6.7392 7.3230 23.3272
v -6.3072 9.2312 21.8658
v -6.6621 9.0613 24.2406
v -6.7392 7.3230 24.6059
v -6.5740 7.7947 23.3272
v -6.5924 7.7423 24.7429
v -6.9228 6.7988 26.0217
v -6.7760 7.2181 26.0674
v -6.9595 6.6940 26.4327
v -6.9680 7.3442 26.4327
v -6.8406 11.4188 24.9256
v -7.0510 11.4925 26.4327
v -6.6827 11.3635 26.2044
v -6.4197 11.2714 25.0170
v -6.7880 11.4003 24.4233
v -6.3671 11.2529 24.4689
v -6.7880 11.4003 24.0579
v -6.3671 11.2529 24.1036
v -6.6827 11.3635 23.0532
v -6.3144 11.2345 23.0989
v -6.6301 11.3451 19.6736
v -6.2618 11.2161 19.4453
v -13.3645 13.7034 17.4815
v -13.6349 13.2685 19.2169
v -13.5749 13.7771 19.2626
v -12.9962 13.5745 18.9429
v -12.9436 13.5560 17.5272
v -13.3119 13.6850 16.7051
v -12.8910 13.5376 16.7508
v -13.3009 13.2104 16.7051
v -13.3401 12.9299 16.7051
v -13.3107 12.5077 16.7051
v -13.3769 10.2948 19.4453
v -13.1591 10.7481 16.7051
v -13.1861 8.8157 17.7098
v -13.1579 9.5708 16.7051
v -13.1519 8.7448 16.7051
v -12.5611 4.3599 19.3996
v -13.2561 5.0741 19.6280
v -13.2893 1.4373 19.3996
v -12.3547 -2.3030 19.3996
v -12.5611 4.3599 19.3996
v -13.2893 1.4373 19.3996
v -13.1953 -3.1855 19.3539
v -13.2726 -7.4541 19.3539
v -12.3547 -2.3030 19.3996
v -13.1953 -3.1855 19.3539
v -13.0977 -8.8100 19.3996
v -12.0086 -6.5433 19.3083
v -11.5669 -6.4626 19.2169
v -11.5765 -2.1048 19.2626
v -11.5765 -2.1048 19.2626
v -10.0210 4.5296 19.2626
v -10.0210 4.5296 19.2626
v -10.2336 9.4882 19.2626
v -6.5886 9.2710 19.3083
v -6.2974 9.9339 19.8563
v -6.7452 10.6792 24.3776
v -7.0559 11.1411 26.4327
v -6.6350 10.9937 19.6280
v -11.4831 4.5709 19.2169
v -11.2455 8.9599 19.2169
v -13.3769 10.2948 19.4453
v -12.5708 6.1875 19.4453
v -13.3172 5.7428 19.4453
v -13.3172 5.7428 19.4453
v -14.1028 5.0175 19.5366
v -12.5611 4.3599 19.3996
v -11.4831 4.5709 19.2169
v 12.7162 -25.4996 12.0178
v 12.5584 -25.4443 9.2031
v 12.1901 -25.3154 8.9119
v 12.3479 -25.3706 12.1149
v 12.7688 -25.5180 12.2605
v 12.3479 -25.3706 12.4546
v 12.2427 -25.3338 18.0839
v 12.8741 -25.5549 17.8413
v 12.7688 -25.5181 17.3075
v 12.0323 -25.2601 17.5016
v 12.0323 -25.2601 18.0354
v 12.3247 -25.7745 18.2295
v 11.9772 -25.4174 18.1325
v 12.0323 -25.2601 17.5016
v 11.9588 -25.4698 17.5501
v 11.2980 -27.3568 19.0060
v 11.4082 -27.0423 19.1516
v 11.3531 -27.1996 18.5207
v 11.8817 -27.2081 19.6369
v 11.2613 -27.4617 18.9089
v 11.3531 -27.1996 18.5207
v 11.3164 -27.3044 18.3751
v 11.2063 -27.6189 18.8604
v 11.2246 -27.5665 18.2781
v 10.9126 -28.4576 18.6663
v 10.9676 -28.3003 18.1810
v 10.7657 -28.8769 18.0839
v 10.8208 -28.7197 17.6472
v 10.7106 -29.0342 18.0354
v 11.2796 -29.9395 18.6663
v 9.7194 -31.8647 17.7927
v 10.5392 -31.2103 18.3751
v 10.0682 -30.8688 18.4721
v 10.0315 -30.9736 17.8898
v 9.7928 -31.6550 17.3074
v 9.5175 -32.4413 17.1619
v 9.6276 -32.1268 16.8707
v 9.9580 -31.1832 12.0178
v 10.2516 -32.8749 13.0369
v 9.3890 -32.8082 13.1339
v 9.5175 -32.4412 13.6192
v 10.0315 -30.9736 12.5516
v 10.7290 -28.9817 10.9016
v 10.8391 -28.6672 11.1928
v 10.7290 -28.9817 9.1060
v 10.7290 -28.9817 10.9016
v 10.8391 -28.6672 11.1928
v 10.8575 -28.6148 9.1060
v 10.7290 -28.9817 8.9605
v 10.8575 -28.6148 8.7178
v 10.7106 -29.0341 8.9119
v 10.7290 -28.9817 8.9605
v 10.8575 -28.6148 8.7178
v 10.8024 -28.7720 8.4266
v 10.6739 -29.1389 8.7178
v 10.8024 -28.7720 8.4266
v 10.6372 -29.2438 8.5722
v 10.6923 -29.0865 8.0384
v 10.1966 -30.5018 8.5722
v 10.6372 -29.2438 8.5722
v 10.6923 -29.0865 8.0384
v 10.2150 -30.4494 7.9899
v 9.5358 -32.3888 8.4266
v 10.1966 -30.5018 8.5722
v 10.2150 -30.4494 7.9899
v 9.5358 -32.3888 7.8443
v 9.0586 -33.7516 8.4266
v 8.9852 -33.9613 7.8928
v 12.6146 -26.4644 9.5913
v 12.7798 -25.9927 12.6972
v 12.1374 -27.8273 18.9089
v 11.2441 -28.6914 18.5692
v 10.3091 -32.5420 17.0163
v 11.6601 -29.1901 11.0957
v 10.8342 -29.0185 8.9605
v 11.6601 -29.1901 11.0957
v 10.8342 -29.0185 8.9605
v 10.3532 -31.9100 8.4751
v 11.8487 -25.7843 18.1325
v 11.9772 -25.4174 18.1325
v 11.9588 -25.4698 17.5501
v 11.8303 -25.8367 17.5987
v 11.6835 -26.2561 18.3751
v 11.6284 -26.4133 17.8898
v 11.4082 -27.0423 19.1516
v 11.3531 -27.1996 18.5207
v 10.8208 -28.7197 17.6472
v 10.7106 -29.0342 17.8898
v 10.7106 -29.0342 18.0354
v 10.6923 -29.0866 17.8413
v 10.9981 -29.8998 17.4045
v 10.8208 -28.7197 17.6472
v 10.6923 -29.0866 16.2883
v 10.8208 -28.7197 17.6472
v 10.7841 -28.8245 15.9001
v 10.4537 -29.7680 16.3854
v 10.6923 -29.0866 16.2883
v 10.7841 -28.8245 15.9001
v 10.3986 -29.9252 15.8516
v 10.2701 -30.2922 17.2589
v 10.1600 -30.6067 17.1619
v 10.3068 -30.1873 17.4530
v 10.3252 -30.1349 17.4530
v 10.2885 -30.2398 17.5501
v 10.3252 -30.1349 17.4530
v 10.3068 -30.1873 17.4530
v 10.1600 -30.6067 17.1619
v 10.1600 -30.6067 17.1619
v 10.0682 -30.8688 18.4721
v 10.0315 -30.9736 17.8898
v 10.0682 -30.8688 18.4721
v 9.4257 -32.7033 15.6089
v 9.5175 -32.4413 17.1619
v 9.6276 -32.1268 16.8707
v 9.5726 -32.2840 15.5119
v 9.3890 -32.8082 13.5707
v 9.5175 -32.4412 13.6192
v 9.3890 -32.8082 13.1339
v 9.5652 -32.8110 14.9780
v 10.2516 -32.8749 13.0369
v 8.9117 -34.1710 9.1545
v 9.0586 -33.7516 8.4266
v 8.9852 -33.9613 7.8928
v 8.7832 -34.5379 8.9604
v 8.8016 -34.4855 9.7369
v 11.8817 -27.2081 19.6369
v 12.3247 -25.7745 18.2295
v 10.3091 -32.5420 17.0163
v 10.9981 -29.8998 17.4045
v 18.8239 -5.8659 12.0701
v 19.0625 -5.1845 13.1546
v 19.1910 -4.8176 12.9574
v 18.8973 -5.6562 11.5772
v 18.8056 -5.9183 12.0208
v 18.7872 -5.9707 11.4293
v 17.5574 -9.4827 13.8939
v 18.3172 -9.3369 14.0911
v 17.5757 -9.4303 13.8939
v 17.5574 -9.4827 13.3024
v 17.5207 -9.5875 13.3024
v 17.4656 -9.7448 13.8939
v 17.0103 -12.0568 13.8939
v 16.9149 -11.3173 13.6968
v 17.5207 -9.5875 13.3024
v 17.0067 -11.0552 12.9574
v 15.9971 -13.9381 7.0915
v 16.6946 -11.9463 7.4366
v 16.7864 -11.6842 6.9929
v 16.0154 -13.8857 6.5000
v 15.9237 -14.1478 7.0915
v 15.9053 -14.2002 6.5000
v 13.4273 -21.2764 8.1760
v 13.6475 -20.6474 8.0281
v 13.6292 -20.6999 7.4859
v 13.4273 -21.2764 7.5844
v 12.9500 -22.6393 8.2745
v 12.8950 -22.7965 7.7323
v 12.8215 -23.0062 8.7675
v 12.7481 -23.2159 8.2745
v 12.5278 -23.8449 9.0632
v 12.4177 -24.1594 8.7182
v 12.4911 -23.9497 10.4434
v 12.5278 -23.8449 9.0632
v 12.4177 -24.1594 8.7182
v 12.3443 -24.3690 10.3448
v 12.4728 -24.0021 10.5913
v 12.3443 -24.3690 10.5420
v 12.4911 -23.9497 10.6899
v 12.3443 -24.3690 10.7392
v 12.5095 -23.8973 11.2814
v 12.3627 -24.3166 11.3800
v 12.5046 -24.2487 16.9501
v 13.2069 -24.4358 16.2107
v 12.6931 -23.3731 15.8657
v 12.5462 -23.7925 16.4572
v 12.5279 -23.8449 15.3727
v 12.4177 -24.1594 16.2107
v 12.4912 -23.9497 16.9008
v 12.3627 -24.3166 16.8022
v 12.4912 -23.9497 21.3865
v 12.4912 -23.9497 21.3372
v 12.4728 -24.0022 21.3372
v 12.4545 -24.0546 21.3865
v 12.6013 -23.6352 25.2313
v 12.4545 -24.0546 24.7877
v 12.3077 -24.4739 25.2806
v 12.6013 -23.6352 25.2313
v 12.4545 -24.0546 24.7877
v 12.6417 -24.5320 25.2806
v 12.2893 -24.5263 25.2806
v 12.4545 -24.0546 24.7877
v 12.4728 -24.0022 21.3372
v 12.3076 -24.4739 22.2244
v 12.4361 -24.1070 22.3723
v 12.4912 -23.9497 21.3372
v 12.2526 -24.6311 17.7881
v 12.3260 -24.4215 17.3937
v 12.3810 -24.2642 16.8515
v 12.1791 -24.8408 17.2952
v 12.2342 -24.6836 17.8374
v 12.2526 -24.6311 17.7881
v 12.1791 -24.8408 17.2952
v 12.9267 -25.5734 17.8374
v 12.2427 -25.3338 18.0838
v 12.1791 -24.8408 17.9360
v 12.1791 -24.8408 17.2952
v 12.0323 -25.2602 17.4923
v 12.0323 -25.2602 18.0345
v 12.0323 -25.2602 17.4923
v 12.0323 -25.2602 17.4923
v 12.8215 -25.5365 17.2951
v 12.7162 -25.4997 12.0208
v 12.7688 -25.5181 12.2673
v 12.3479 -25.3707 12.4644
v 12.3479 -25.3707 12.0701
v 12.5584 -25.4444 9.2111
v 12.1901 -25.3154 8.9153
v 21.4122 1.5248 30.8014
v 21.6226 1.4511 30.8014
v 21.6226 1.4511 30.2099
v 21.4122 1.5248 30.2099
v 21.3387 1.3151 30.8014
v 21.1001 0.6337 30.7522
v 21.4122 1.5248 30.2099
v 21.1001 0.6337 30.2099
v 20.6596 -0.6243 30.7522
v 20.6596 -0.6243 30.2099
v 20.2374 -1.8299 30.9986
v 20.1640 -2.0395 30.3578
v 20.0906 -2.2492 30.8014
v 20.7353 -2.7692 30.7521
v 19.8336 -2.9830 30.7522
v 20.1640 -2.0395 30.3578
v 19.8336 -2.9830 30.1606
v 19.3563 -4.3459 30.8014
v 19.3380 -4.3983 30.2592
v 19.3563 -4.3459 30.8014
v 19.3012 -4.5031 30.3085
v 19.3196 -4.4507 30.9493
v 19.2462 -4.6604 30.5057
v 19.2095 -4.7652 31.1958
v 19.2462 -4.6604 30.5057
v 19.2095 -4.7652 31.1958
v 19.2278 -4.7128 30.5057
v 19.0810 -5.1321 31.1958
v 19.2278 -4.7128 30.5057
v 19.0810 -5.1321 30.4071
v 19.0810 -5.1321 31.1958
v 19.2278 -4.7128 30.5057
v 19.0993 -5.0797 29.8156
v 19.2095 -4.7652 29.4705
v 18.9341 -5.5515 29.6184
v 19.0993 -5.0797 29.8156
v 19.2095 -4.7652 29.4705
v 18.9708 -5.4466 29.0762
v 18.9158 -5.6039 29.6184
v 18.9341 -5.5515 29.0269
v 18.8791 -5.7087 29.5691
v 18.8607 -5.7611 29.1255
v 18.8056 -5.9184 29.5198
v 18.6771 -6.2853 29.4705
v 18.9928 -6.3958 29.4212
v 18.8607 -5.7611 29.1255
v 18.6221 -6.4425 29.4212
v 18.8607 -5.7611 29.1255
v 18.6955 -6.2329 29.1255
v 18.9928 -6.3958 29.4212
v 18.6221 -6.4425 29.4212
v 18.8607 -5.7611 29.1255
v 19.0443 -5.2370 27.7453
v 18.8607 -5.7611 29.1255
v 19.1360 -4.9749 28.1396
v 19.0626 -5.1845 27.6960
v 19.1727 -4.8700 28.0410
v 19.0626 -5.1845 27.6467
v 19.1911 -4.8176 27.8932
v 19.1152 -5.2029 13.2039
v 18.9291 -5.9028 12.0208
v 16.7545 -13.9679 7.4859
v 13.1397 -22.9411 8.5210
v 12.5608 -25.2687 9.1618
v 12.4544 -24.0545 10.5913
v 12.5608 -25.2687 9.1618
v 12.8362 -24.4825 12.9574
v 12.4912 -23.9497 21.3372
v 12.6417 -24.5320 25.2806
v 12.7346 -25.4472 12.2180
v 19.4089 -4.3643 30.8014
v 19.0625 -5.1845 13.3024
v 19.1543 -4.9224 15.8657
v 19.1910 -4.8176 13.3024
v 19.0625 -5.1845 13.1546
v 19.1910 -4.8176 12.9574
v 18.6954 -6.2328 12.2673
v 18.8056 -5.9183 12.0208
v 18.7872 -5.9707 11.4293
v 18.6404 -6.3901 11.7744
v 18.4201 -7.0191 13.0067
v 18.2916 -7.3860 12.6616
v 18.2916 -7.3860 13.3024
v 18.2916 -7.3860 12.6616
v 18.2916 -7.3860 13.3024
v 18.2365 -7.5433 12.7602
v 18.2732 -7.4384 13.3024
v 18.4347 -8.4953 13.4503
v 17.9061 -8.4868 13.5489
v 18.2365 -7.5433 12.7602
v 17.8878 -8.5392 13.0067
v 17.5941 -9.3778 13.8447
v 17.9061 -8.4868 13.5489
v 17.8878 -8.5392 13.0067
v 17.5574 -9.4827 13.3024
v 17.5757 -9.4303 13.8939
v 18.4347 -8.4953 13.4503
v 18.3172 -9.3369 14.0911
v 16.8966 -11.3697 13.0067
v 16.9149 -11.3173 13.6968
v 17.0067 -11.0552 12.9574
v 17.0103 -12.0568 13.8939
v 16.8231 -11.5793 10.7885
v 17.0067 -11.0552 12.9574
v 16.9700 -11.1600 10.7392
v 16.7864 -11.6842 9.6548
v 16.9149 -11.3173 9.5562
v 16.6946 -11.9463 7.4366
v 16.7864 -11.6842 6.9929
v 14.2533 -18.9177 7.9295
v 15.9237 -14.1478 7.0915
v 15.9053 -14.2002 6.5000
v 14.2166 -19.0225 7.3873
v 14.1982 -19.0749 7.9788
v 14.2166 -19.0225 7.3873
v 13.6475 -20.6474 8.0281
v 13.6292 -20.6999 7.4859
v 12.6380 -23.5304 15.0770
v 12.5095 -23.8973 11.2814
v 12.3627 -24.3166 11.3800
v 12.5279 -23.8449 15.3727
v 12.6931 -23.3731 15.8657
v 13.2069 -24.4358 16.2107
v 12.4912 -23.9497 17.3444
v 12.4912 -23.9497 16.9008
v 12.3627 -24.3166 16.8022
v 12.3627 -24.3166 17.3444
v 12.4912 -23.9497 21.3372
v 12.4728 -24.0022 21.2879
v 12.4912 -23.9497 21.3372
v 12.4728 -24.0022 21.3372
v 12.3076 -24.4739 22.2244
v 12.6417 -24.5320 25.2806
v 12.2893 -24.5263 25.2806
v 12.4545 -24.0546 24.7877
v 12.4361 -24.1070 22.3723
v 12.3627 -24.3167 18.9218
v 12.4728 -24.0022 21.3372
v 12.4912 -23.9497 21.3372
v 12.4912 -23.9497 18.8725
v 12.3260 -24.4215 17.3937
v 12.3810 -24.2642 16.8515
v 12.3479 -25.3707 12.4644
v 12.7688 -25.5181 12.2673
v 12.8741 -25.5549 13.6968
v 19.0626 -5.1845 27.5974
v 19.0626 -5.1845 27.6467
v 19.1911 -4.8176 27.8932
v 19.2095 -4.7652 27.6960
v 19.1911 -4.8176 24.5905
v 19.3196 -4.4507 24.5905
v 19.1727 -4.8700 23.5554
v 19.3012 -4.5031 23.5554
v 19.1727 -4.8700 22.8160
v 19.3012 -4.5031 22.6188
v 19.1360 -4.9749 22.6188
v 19.2278 -4.7128 22.3231
v 19.0626 -5.1845 22.4216
v 19.9778 -5.2696 22.3230
v 19.1727 -4.8700 19.2176
v 19.2278 -4.7128 22.3231
v 19.3012 -4.5031 19.2176
v 19.1727 -4.8700 18.7247
v 19.2461 -4.6603 18.4289
v 19.0809 -5.1321 18.5275
v 19.9093 -5.1280 18.5768
v 19.0809 -5.1321 18.0839
v 19.2461 -4.6603 18.4289
v 19.1911 -4.8176 17.8374
v 19.0442 -5.2369 18.0346
v 20.2800 -5.0812 17.5416
v 19.1911 -4.8176 17.8374
v 19.0075 -5.3418 16.7529
v 19.1543 -4.9224 16.7037
v 19.0075 -5.3418 15.8657
v 19.1152 -5.2029 13.2039
v 18.9291 -5.9028 12.0208
v 17.0164 -12.8828 13.6968
v 16.7545 -13.9679 7.4859
v 12.8362 -24.4825 12.9574
v 12.5046 -24.2487 16.9501
v 12.4912 -23.9497 21.3372
v 1.3006 30.2814 14.6717
v 1.3006 30.2814 14.1737
v 1.2089 30.0193 13.7210
v 1.1538 29.8621 14.5812
v 1.2456 30.1242 17.2070
v 1.0987 29.7048 17.2070
v 1.2639 30.1766 18.7464
v 1.1354 29.8097 18.7916
v 1.2823 30.2290 21.0100
v 1.1354 29.8097 21.0101
v 1.3190 30.3338 22.1872
v 1.1722 29.9145 21.9608
v -1.0636 22.5181 26.4882
v -0.4371 24.4759 26.6240
v -0.7369 24.4632 26.5788
v -0.9938 23.7294 26.5335
v -0.6818 24.6204 25.8544
v -0.9755 23.7818 25.9902
v -1.3977 22.5762 26.2619
v -1.4160 22.5238 25.6733
v -1.4344 22.4714 26.2619
v -1.3977 22.5762 26.2619
v -1.4160 22.5238 25.6733
v -1.5262 22.2093 25.8997
v -1.4160 22.5238 26.4429
v -1.5629 22.1044 26.3977
v -1.4344 22.4714 28.1634
v -1.5812 22.0520 28.1634
v -1.4344 22.4714 28.4803
v -1.5629 22.1044 28.5255
v -1.3793 22.6286 30.3818
v -1.5812 22.0520 29.9290
v -4.4448 13.8750 28.2539
v -3.5820 16.3386 28.8878
v -3.5453 16.4435 28.2992
v -4.4080 13.9799 27.7106
v -5.1239 11.9356 27.7559
v -5.1056 11.9880 27.2126
v -5.4360 11.0445 27.5296
v -5.4176 11.0970 26.9863
v -5.4727 10.9397 27.5296
v -5.4727 10.9397 26.9410
v -3.9469 10.4054 28.5709
v -3.7365 10.3317 28.0728
v -2.6316 9.9448 29.4763
v -2.4738 9.8895 28.9331
v -0.8428 9.3184 30.7440
v -0.5271 9.2078 30.1554
v 5.8390 6.9784 26.2166
v 5.8916 6.9600 26.4430
v 5.4181 7.1258 25.7639
v 5.8720 8.0849 26.4430
v 5.7337 7.0153 25.4922
v 5.4181 7.1258 25.7639
v 5.7068 7.6131 25.4922
v 5.6849 8.5624 24.4056
v 5.6811 7.0337 24.7678
v 5.4181 7.1258 25.7639
v 5.3128 7.1627 24.8131
v 5.5759 7.0705 22.4136
v 5.1550 7.2179 22.4136
v 5.4707 7.1074 19.9688
v 5.0498 7.2548 19.9688
v 5.4180 7.1258 19.3803
v 5.0498 7.2548 19.1539
v 5.5759 7.0705 19.3803
v 5.4707 7.1074 19.3803
v 5.3128 7.1627 18.8370
v 5.5759 7.0705 18.7917
v 6.3651 6.7942 19.2897
v 6.3651 6.7942 18.7464
v 7.6278 6.3520 19.2897
v 7.6278 6.3520 18.7011
v 11.1002 5.1360 19.3802
v 11.1002 5.1360 18.7917
v 11.6789 4.9333 19.3350
v 11.7841 4.8964 18.7917
v 11.7315 4.9149 19.4255
v 11.6789 4.9333 19.3350
v 11.7841 4.8964 18.7917
v 11.9946 4.8227 19.0181
v 11.8894 4.8596 19.6972
v 12.2576 4.7306 19.5161
v 12.0400 6.8076 28.6614
v 11.6876 6.8133 27.8917
v 11.6789 4.9333 27.9370
v 11.7315 4.9149 28.0728
v 12.0998 4.7859 27.4843
v 12.1524 4.7675 28.7519
v 12.0998 4.7859 27.4843
v 12.4229 5.2024 27.6201
v 12.0400 6.8076 28.6614
v 12.1524 4.7675 28.7519
v 12.3103 4.7122 28.2539
v 12.0998 4.7859 27.4843
v 12.4681 4.6569 27.6201
v 12.0998 4.7859 27.4843
v 14.0465 4.1042 26.8957
v 13.1521 4.4174 26.9863
v 13.0468 4.4543 26.4430
v 13.9939 4.1226 26.3524
v 16.0457 3.4041 26.8052
v 16.0457 3.4041 26.2619
v 16.2562 3.3304 26.8052
v 16.4140 3.2751 26.3071
v 16.4667 3.2567 31.0609
v 16.4140 3.2751 31.0609
v 16.7297 3.1646 30.6534
v 16.4532 3.5556 31.0609
v 18.1686 2.7195 30.7893
v 18.1502 2.6671 30.7893
v 16.7297 3.1646 30.6534
v 18.0976 2.6855 30.2007
v 18.1502 2.6671 30.7893
v 18.1502 2.6671 30.2007
v 18.3607 2.5934 30.7893
v 18.3081 2.6118 30.2007
v 21.4122 1.5248 30.7893
v 21.4122 1.5248 30.2007
v 21.7977 2.6255 30.7893
v 21.8160 2.6779 30.2460
v 22.0547 3.3594 31.0156
v 22.2015 3.7787 30.4723
v 22.2015 3.7787 31.1062
v 20.9682 3.7987 31.1062
v 22.3667 4.2504 31.1062
v 22.2015 3.7787 30.4723
v 19.6896 4.3641 31.1062
v 22.4034 4.3553 31.1062
v 22.2015 3.7787 30.4723
v 21.0098 4.2549 27.6654
v 19.6896 4.3641 31.1062
v 22.4034 4.3553 31.1062
v 22.3851 4.3029 30.4271
v 22.2015 3.7787 30.4723
v 22.3667 4.2504 27.8012
v 22.2015 3.7787 30.4723
v 22.2199 3.8311 27.7559
v 22.4034 4.3553 27.4843
v 22.2749 3.9884 27.2579
v 22.4034 4.3553 27.1673
v 21.4698 4.3880 27.2126
v 22.3667 4.2504 25.4922
v 22.2749 3.9884 27.2579
v 22.2199 3.8311 25.5375
v 22.3300 4.1456 23.5454
v 22.1831 3.7263 23.5907
v 22.2933 4.0407 18.8369
v 22.1648 3.6738 18.7011
v 24.5694 10.5404 18.7464
v 24.4042 10.0687 18.4747
v 24.4226 10.1211 17.9314
v 24.6428 10.7501 18.2484
v 24.6979 10.9073 19.0633
v 24.7713 11.1170 18.6105
v 24.7530 11.0646 19.2897
v 24.8631 11.3791 18.8822
v 24.7897 11.1694 19.3802
v 24.9182 11.5363 19.1538
v 24.8080 11.2218 20.2404
v 24.7897 11.1694 19.3802
v 24.9182 11.5363 19.1538
v 24.9365 11.5887 20.2404
v 24.7897 11.1694 22.5494
v 24.9365 11.5887 22.5494
v 24.7897 11.1694 23.3643
v 24.9182 11.5363 23.4096
v 24.7713 11.1170 23.8623
v 24.8998 11.4839 24.0887
v 24.7530 11.0646 24.2245
v 21.9731 11.3908 23.7265
v 22.0526 10.7745 27.3937
v 24.6429 10.7501 27.3031
v 24.8998 11.4839 24.0887
v 24.8631 11.3791 27.3484
v 24.7713 11.1170 27.7559
v 24.6429 10.7501 27.3031
v 24.8631 11.3791 27.3484
v 22.0526 10.7745 27.3937
v 24.8448 11.3267 27.9822
v 24.8631 11.3791 27.3484
v 21.2499 11.3498 27.9370
v 24.8631 11.3791 27.9822
v 24.8631 11.3791 27.3484
v 20.3372 11.6106 27.9822
v 24.9733 11.6936 27.9822
v 24.8631 11.3791 27.3484
v 25.3037 12.6371 27.0315
v 25.2486 12.4798 27.1220
v 25.1752 12.2702 26.6240
v 25.2670 12.5323 26.4882
v 25.6341 13.5806 26.9409
v 25.6341 13.5806 26.3524
v 26.2949 15.4676 26.9409
v 26.2949 15.4676 26.3976
v 27.3779 18.5602 26.9409
v 27.3963 18.6126 26.3976
v 27.6899 19.4512 26.9862
v 27.7083 19.5037 26.4429
v 27.8001 19.7657 27.0315
v 27.8184 19.8182 26.4882
v 28.0204 20.3948 27.3936
v 27.8001 19.7657 27.0315
v 27.8184 19.8182 26.4882
v 28.0754 20.5520 26.8504
v 28.0571 20.4996 27.4842
v 28.1488 20.7617 27.0315
v 28.0938 20.6044 27.5747
v 27.7230 20.5577 27.4842
v 28.1488 20.7617 27.7106
v 28.1488 20.7617 27.0315
v 28.2223 20.9713 27.2578
v 28.1856 20.8665 27.8464
v 25.1119 20.3541 27.3031
v 24.2910 20.8769 27.8464
v 28.2223 20.9713 27.8917
v 28.2223 20.9713 27.2578
v 25.5684 21.4888 27.4842
v 24.2910 20.8769 27.8464
v 28.2223 20.9713 27.8917
v 28.2406 21.0238 27.8464
v 28.2223 20.9713 27.2578
v 27.4723 21.5282 27.3484
v 28.2773 21.1286 27.7558
v 28.2223 20.9713 27.2578
v 1.5294 30.2601 14.1284
v 1.4744 30.1029 17.2523
v 3.7685 29.0641 22.0966
v -0.0934 22.5902 26.3977
v -0.4298 22.4726 28.7066
v -0.0934 22.5902 26.3977
v -1.0636 22.5181 26.4882
v -0.9033 22.6385 30.7440
v 1.8289 22.6820 29.1594
v -0.5718 22.4047 31.0156
v -0.8768 14.4498 30.7440
v -3.9212 10.9848 28.6161
v 5.6715 11.3916 25.4469
v 5.8967 12.3719 26.4430
v 5.5589 10.9014 23.0474
v 5.1184 9.6434 19.7877
v 7.2730 8.7123 19.2897
v 5.9518 12.5291 19.1991
v 11.6361 5.6544 19.3802
v 11.6361 5.6544 19.3802
v 11.9077 4.9120 19.7424
v 11.7941 8.1294 28.1634
v 12.2333 8.0345 28.8425
v 12.3715 6.5738 27.7106
v 12.2333 8.0345 28.8425
v 15.4206 5.3295 26.8504
v 13.2868 6.4887 27.0768
v 16.5499 4.1690 26.8504
v 16.5707 4.3971 31.1062
v 18.3644 4.1221 28.1181
v 16.5707 4.3971 31.1062
v 19.6528 4.2593 27.1673
v 18.2935 4.0880 24.1340
v 20.2132 4.0042 19.3802
v 22.2312 10.9473 18.4295
v 22.5934 11.6443 19.1991
v 24.2110 11.3721 19.3802
v 24.2110 11.3721 19.3802
v 22.5934 11.6443 19.1991
v 19.8979 11.7056 22.0061
v 18.2889 11.3275 25.2205
v 20.4876 11.0283 26.0807
v 19.1074 10.6290 27.2579
v 19.1074 10.6290 27.2579
v 17.4055 11.1662 27.9370
v 16.5453 11.4085 28.1181
v 19.9127 12.7597 26.9862
v 21.1545 12.0894 27.0768
v 22.6033 12.3470 27.0768
v 24.5977 13.8258 26.9409
v 24.6148 12.5253 27.0768
v 25.2428 18.3664 26.9862
v 27.2164 19.6171 26.9862
v 27.2164 19.6171 26.9862
v 25.1119 20.3541 27.3031
v 22.9927 20.0370 27.0315
v 22.9927 20.0370 27.0315
v 21.8426 20.9694 27.8917
v 23.5067 21.5047 27.5295
v 21.8426 20.9694 27.8917
v 16.1176 21.1501 31.2419
v 16.5886 20.8086 31.9211
v 16.4175 23.6930 31.9210
v 15.9403 24.8605 30.9250
v 15.7249 22.0526 30.6987
v 14.5357 25.2347 30.8345
v 15.7249 22.0526 30.6987
v 15.9403 24.8605 30.9250
v 2.2428 29.5984 17.4787
v 5.5731 25.7841 22.0966
v 5.3150 26.2276 20.4215
v 4.7742 27.8881 22.0061
v 3.9248 22.5953 23.5907
v 5.2818 22.5909 24.8131
v 2.9227 22.7697 28.0728
v 5.9706 22.7027 26.5335
v 5.8394 17.0996 26.3977
v 5.6461 15.8727 25.3111
v 5.5384 15.7339 22.9569
v 5.5345 11.6749 19.4255
v 11.4016 14.0925 19.1991
v 5.8381 15.7466 19.2444
v 5.9518 12.5291 19.1991
v 11.3989 8.8563 19.2897
v 11.4016 14.0925 19.1991
v 11.8002 7.3035 19.7877
v 11.3989 8.8563 19.2897
v 11.6901 9.5192 19.5161
v 12.0584 9.3903 28.5708
v 11.7514 11.3808 28.3445
v 12.4952 9.1196 27.3032
v 12.0584 9.3903 28.5708
v 12.7570 7.6745 26.9863
v 14.8518 8.7651 26.9410
v 12.7570 7.6745 26.9863
v 16.1781 7.8299 26.9862
v 16.5499 4.1690 26.8504
v 16.4251 5.3308 27.8012
v 15.4206 5.3295 26.8504
v 17.1861 4.2993 27.8917
v 16.4251 5.3308 27.8012
v 16.6050 4.3263 28.0728
v 17.1861 4.2993 27.8917
v 16.6050 4.3263 28.0728
v 18.1564 4.3714 27.1673
v 17.1727 4.5982 24.0887
v 18.1564 4.3714 27.1673
v 18.2935 4.0880 24.1340
v 18.4195 4.2793 19.2897
v 17.6805 4.3615 20.9195
v 20.2503 11.6999 19.0180
v 20.2503 11.6999 19.0180
v 18.5202 11.4819 19.6066
v 17.1913 9.7112 26.3977
v 16.9931 10.6633 24.8584
v 18.2889 11.3275 25.2205
v 18.6841 10.6007 26.5335
v 18.6841 10.6007 26.5335
v 17.3113 10.7284 27.3484
v 17.3516 9.8316 27.1221
v 16.9441 9.6801 27.9823
v 17.3113 10.7284 27.3484
v 17.4055 11.1662 27.9370
v 18.1507 12.7882 26.9409
v 16.3741 11.7627 27.0315
v 18.3722 12.2399 27.2579
v 19.9127 12.7597 26.9862
v 21.1545 12.0894 27.0768
v 18.8569 16.6601 26.9862
v 18.1507 12.7882 26.9409
v 19.9127 12.7597 26.9862
v 19.7379 16.6458 26.9862
v 18.8569 16.6601 26.9862
v 19.9127 12.7597 26.9862
v 21.0607 19.2425 26.8956
v 19.7379 16.6458 26.9862
v 22.5948 15.5276 26.9862
v 21.0607 19.2425 26.8956
v 21.0607 19.2425 26.8956
v 20.1100 20.5757 27.6200
v 20.4857 20.9738 27.8464
v 21.1110 21.5786 27.3031
v 20.4857 20.9738 27.8464
v 16.2154 20.5862 31.2419
v 12.7173 21.2228 31.2872
v 16.2154 20.5862 31.2419
v 16.1176 21.1501 31.2419
v 14.1917 22.0598 30.9703
v 15.2281 21.8146 30.6987
v 14.5723 22.8092 31.0156
v 14.6016 22.3871 32.9624
v 14.5723 22.8092 31.0156
v 14.5357 25.2347 30.8345
v 14.5908 25.3920 33.0076
v 13.9594 25.6130 30.8345
v 14.5908 25.3920 33.0076
v 14.5357 25.2347 30.8345
v 13.5043 25.8313 32.9171
v 13.3048 25.4304 30.9250
v 13.5043 25.8313 32.9171
v 13.9594 25.6130 30.8345
v 12.2708 23.3210 30.9703
v 13.2447 22.3915 30.9703
v 13.3048 25.4304 30.9250
v 12.2060 24.9913 30.8345
v 9.4346 24.6673 31.1967
v 10.4356 25.6702 30.7892
v 8.8646 26.7499 31.2419
v 8.7910 24.0100 31.1514
v 7.8539 27.5746 29.8837
v 8.7910 24.0100 31.1514
v 8.8646 26.7499 31.2419
v 8.3934 24.5612 30.2007
v 7.8758 24.0951 29.8837
v 7.8318 25.9935 29.4763
v 3.5923 29.0669 10.0538
v 2.7628 30.2401 10.1443
v 1.8953 29.9555 11.1403
v 2.8325 28.9211 11.1403
v 4.4010 27.6657 10.6876
v 3.8406 27.9208 13.5851
v 4.4010 27.6657 10.6876
v 2.8325 28.9211 11.1403
v 5.8068 26.1142 13.3135
v 4.6041 27.0650 15.0339
v 5.9499 25.0049 18.7916
v 6.3586 23.9791 20.5573
v 6.1665 24.1052 21.8250
v 5.4029 22.4308 23.0021
v 5.5836 15.1884 19.6519
v 11.3750 19.7509 19.1991
v 5.5349 19.2658 19.1538
v 11.2047 16.3975 19.2444
v 11.9252 11.2023 28.6161
v 12.5149 10.5250 27.1221
v 11.9252 11.2023 28.6161
v 13.6027 11.4387 27.0768
v 12.5149 10.5250 27.1221
v 12.4952 9.1196 27.3032
v 15.9141 14.1599 26.8957
v 16.6395 9.3160 27.2126
v 16.5965 7.5069 27.8917
v 17.2035 8.0593 27.9370
v 17.3453 5.5970 27.3937
v 17.2035 8.0593 27.9370
v 17.1861 4.2993 27.8917
v 18.1564 4.3714 27.1673
v 17.3453 5.5970 27.3937
v 17.1861 4.2993 27.8917
v 17.3453 5.5970 27.3937
v 16.9684 6.3762 18.2937
v 17.3403 5.2456 18.8369
v 17.9741 5.2002 18.2031
v 17.4285 6.5093 17.7504
v 17.2035 8.0593 27.9370
v 17.3516 9.8316 27.1221
v 16.9441 9.6801 27.9823
v 15.9180 18.2188 26.8504
v 15.9141 14.1599 26.8957
v 19.5815 20.5843 26.9862
v 19.5815 20.5843 26.9862
v 18.1034 20.7488 26.9409
v 14.8964 19.5181 27.0768
v 15.6342 20.6132 27.1220
v 13.1675 20.6532 31.1514
v 11.0532 20.6875 31.2420
v 11.0032 23.4118 31.1967
v 13.3108 22.0741 32.9624
v 13.2447 22.3915 30.9703
v 14.1917 22.0598 30.9703
v 14.6016 22.3871 32.9624
v 14.5723 22.8092 31.0156
v 14.6016 22.3871 32.9624
v 14.1917 22.0598 30.9703
v 11.6542 24.5961 31.2419
v 10.2348 23.9163 31.1514
v 8.7017 23.9236 29.9290
v 10.2348 23.9163 31.1514
v 8.7910 24.0100 31.1514
v 8.7017 23.9236 29.9290
v 8.6833 23.8712 28.8424
v 7.8758 24.0951 29.8837
v 8.7887 26.3646 22.9115
v 8.7239 28.0349 23.8623
v 8.8108 27.9456 19.3802
v 8.9673 26.5374 19.1991
v 8.7251 26.8576 16.3921
v 8.9673 26.5374 19.1991
v 8.8108 27.9456 19.3802
v 8.8008 24.7127 18.7464
v 8.6613 24.8203 16.1657
v 8.6162 27.8960 11.7289
v 8.5366 25.9821 12.9966
v 7.4378 25.5430 11.4120
v 8.5366 25.9821 12.9966
v 8.6162 27.8960 11.7289
v 7.9591 27.5377 10.9592
v 6.6389 27.6470 9.8727
v 6.4504 26.7715 10.4612
v 7.0462 25.2682 11.8195
v 7.3362 24.5782 14.5812
v 7.0462 25.2682 11.8195
v 6.7868 24.3587 17.1618
v 5.9499 25.0049 18.7916
v 7.5588 22.8526 18.6558
v 7.1061 23.2466 18.8369
v 7.1061 23.2466 18.8369
v 8.0922 20.6651 19.2444
v 6.5102 22.2195 19.4255
v 10.1111 21.3704 19.2444
v 10.5443 22.1014 19.2444
v 11.1107 21.0203 19.7424
v 10.5443 22.1014 19.2444
v 11.3750 19.7509 19.1991
v 11.7529 17.7944 19.2897
v 12.3095 13.4804 27.0315
v 12.5225 16.1126 28.7066
v 12.3083 14.6577 28.7972
v 12.2030 12.1642 28.5255
v 12.3265 12.1798 27.8464
v 12.3265 12.1798 27.8464
v 12.2030 12.1642 28.5255
v 12.3265 12.1798 27.8464
v 13.1023 12.2024 27.7106
v 13.9588 12.9616 27.0315
v 13.7080 13.9321 27.0315
v 15.9180 18.2188 26.8504
v 15.7061 14.4093 27.3937
v 15.9141 14.1599 26.8957
v 15.7393 18.0460 27.2126
v 15.6342 20.6132 27.1220
v 14.8719 20.2917 27.7559
v 14.8964 19.5181 27.0768
v 14.4302 20.2110 28.2086
v 13.8404 18.3580 27.8917
v 15.0285 18.8834 28.2539
v 14.4302 20.2110 28.2086
v 12.5385 18.5196 27.8917
v 12.5496 20.5753 27.5295
v 11.8424 20.4111 30.9703
v 10.9665 23.3070 27.0768
v 11.0032 23.4118 31.1967
v 10.0721 23.6202 27.3937
v 9.0039 24.1119 24.5867
v 8.8033 24.8883 24.5414
v 9.0039 24.1119 24.5867
v 8.6833 23.8712 28.8424
v 8.6320 25.2426 28.2539
v 8.9331 26.6082 25.8544
v 9.0199 26.5190 24.2245
v 8.8008 24.7127 18.7464
v 8.9170 24.2012 21.2817
v 8.9855 24.0595 17.2976
v 8.9170 24.2012 21.2817
v 8.0251 24.6901 13.0418
v 7.4378 25.5430 11.4120
v 6.6389 27.6470 9.8727
v 8.0251 24.6901 13.0418
v 7.8207 23.9378 16.4827
v 8.3052 23.2974 17.3429
v 8.6453 22.4133 17.8409
v 8.5743 22.3793 19.2444
v 7.8781 21.7405 19.8329
v 9.0539 21.3876 19.6518
v 9.3586 21.7516 20.2404
v 9.0539 21.3876 19.6518
v 10.1111 21.3704 19.2444
v 10.5443 22.1014 19.2444
v 10.2494 22.4400 19.1086
v 9.3586 21.7516 20.2404
v 10.5443 22.1014 19.2444
v 10.9774 22.8324 19.3802
v 10.2494 22.4400 19.1086
v 12.7710 17.4967 28.7972
v 12.5385 18.5196 27.8917
v 12.1127 18.3157 28.7519
v 13.8404 18.3580 27.8917
v 13.6985 18.2900 29.5216
v 13.8404 18.3580 27.8917
v 12.7710 17.4967 28.7972
v 12.9446 14.7879 27.0768
v 12.9446 14.7879 27.0768
v 12.3095 13.4804 27.0315
v 14.8386 14.1246 29.3405
v 13.6261 14.3727 29.5216
v 13.7839 14.3175 27.4390
v 15.7061 14.4093 27.3937
v 15.7930 14.3200 29.5216
v 15.8665 17.0600 29.4763
v 15.7930 14.3200 29.5216
v 15.7061 14.4093 27.3937
v 15.7393 18.0460 27.2126
v 15.7259 18.3450 29.5215
v 15.0285 18.8834 28.2539
v 15.7259 18.3450 29.5215
v 15.7393 18.0460 27.2126
v 14.8498 18.7106 29.2046
v 14.8498 18.7106 29.2046
v 15.0285 18.8834 28.2539
v 15.7259 18.3450 29.5215
v 14.8498 18.7106 29.2046
v 13.6985 18.2900 29.5216
v 15.8665 17.0600 29.4763
v 15.7930 14.3200 29.5216
v 13.6261 14.3727 29.5216
v 14.8386 14.1246 29.3405
v 12.1691 19.8259 27.7106
v 12.2976 20.1928 29.1594
v 12.1691 19.8259 27.7106
v 12.5496 20.5753 27.5295
v 12.2327 19.3329 28.8424
v 10.8637 23.5195 22.8663
v 8.9170 24.2012 21.2817
v 10.2494 22.4400 19.1086
v 10.8172 22.7120 17.4334
v 8.6453 22.4133 17.8409
v 8.5743 22.3793 19.2444
v 8.5743 22.3793 19.2444
v 9.3586 21.7516 20.2404
v 8.5743 22.3793 19.2444
v 10.9774 22.8324 19.3802
v 21.1110 21.5786 27.3031
v 20.6974 22.2531 27.2578
v 20.4857 20.9738 27.8464
v 20.6509 21.4455 23.8170
v 20.5555 22.1851 23.2737
v 20.3549 22.9615 24.5414
v 20.6974 22.2531 27.2578
v 21.2847 21.4001 23.2737
v 20.5555 22.1851 23.2737
v 20.6509 21.4455 23.8170
v 21.2957 20.9255 18.6105
v 21.6982 20.7257 18.4747
v 24.1723 21.2127 18.5200
v 21.9258 21.8817 17.2976
v 24.9505 21.4109 15.9394
v 21.9258 21.8817 17.2976
v 24.1723 21.2127 18.5200
v 25.3261 21.8090 15.3508
v 24.9505 21.4109 15.9394
v 26.2707 21.3017 17.0259
v 21.1024 22.2289 17.2976
v 20.7928 21.5135 18.5652
v 21.2957 20.9255 18.6105
v 21.1024 22.2289 17.2976
v 21.3337 22.3833 15.8941
v 21.1024 22.2289 17.2976
v 22.6881 22.2032 13.7662
v 22.6881 22.2032 13.7662
v 23.5507 22.1365 13.6757
v 1.2639 30.1766 22.3230
v 1.3190 30.3338 22.1872
v 1.1722 29.9145 21.9608
v 2.8410 28.2709 22.9568
v 0.6397 25.8641 25.2205
v 0.8785 29.0758 23.1379
v 1.1722 29.9145 21.9608
v 0.8050 28.8662 22.6399
v -0.1311 26.1929 25.1753
v -0.2045 25.9833 24.6773
v -0.5349 25.0398 26.2166
v -0.6818 24.6204 25.8544
v -0.7369 24.4632 26.5788
v -0.4371 24.4759 26.6240
v -1.3793 22.6286 30.4270
v -1.3793 22.6286 30.3818
v -1.5812 22.0520 29.9290
v -0.9033 22.6385 30.7440
v -1.6363 21.8948 30.4271
v -1.5812 22.0520 29.9290
v -1.0392 21.7445 30.8798
v -1.7097 21.6851 30.4271
v -1.5812 22.0520 29.9290
v -1.7648 21.5279 30.3365
v -1.5812 22.0520 29.9290
v -1.7281 21.6327 29.7932
v -2.0768 20.6368 29.9290
v -2.0401 20.7416 29.3405
v -2.7377 18.7498 29.4763
v -2.7193 18.8022 28.8878
v -3.5820 16.3386 28.8878
v -3.5453 16.4435 28.2992
v -0.3693 9.1525 30.6987
v -0.8428 9.3184 30.7440
v -0.5271 9.2078 30.1554
v -0.2249 9.3962 30.6987
v -0.2115 9.0973 30.6987
v -0.5271 9.2078 30.1554
v -0.3167 9.1341 30.1554
v 3.2083 7.8997 28.2992
v 3.0505 7.9549 27.8012
v 3.6818 7.7338 27.9823
v 3.5240 7.7891 27.4843
v 4.7867 7.3469 27.2126
v 4.6289 7.4022 26.7146
v 5.8916 6.9600 26.4430
v 5.4181 7.1258 25.7639
v 5.4707 7.1074 19.3803
v 5.4180 7.1258 19.3803
v 5.0498 7.2548 19.1539
v 5.3128 7.1627 18.8370
v 11.8894 4.8596 19.9688
v 11.8894 4.8596 19.6972
v 12.2576 4.7306 19.5161
v 12.3103 4.7122 19.9688
v 11.8367 4.8780 21.9156
v 12.2576 4.7306 22.1872
v 11.8367 4.8780 22.5041
v 11.8516 8.4624 22.4136
v 12.0131 7.4055 24.6320
v 11.8894 4.8596 22.9569
v 12.2576 4.7306 22.1872
v 12.2576 4.7306 22.8663
v 12.0998 4.7859 24.2698
v 12.4681 4.6569 24.2698
v 11.7315 4.9149 27.4390
v 12.0998 4.7859 27.4843
v 11.6789 4.9333 27.9370
v 11.6876 6.8133 27.8917
v 12.6259 4.6017 27.4390
v 12.4229 5.2024 27.6201
v 12.4681 4.6569 27.6201
v 12.0998 4.7859 27.4843
v 12.4155 4.6754 26.9410
v 13.1521 4.4174 26.9863
v 13.0468 4.4543 26.4430
v 16.5719 3.2198 27.1674
v 16.2562 3.3304 26.8052
v 16.4140 3.2751 26.3071
v 16.9402 3.0909 26.9410
v 16.5193 3.2383 29.3405
v 16.5719 3.2198 27.1674
v 16.9402 3.0909 26.9410
v 16.8875 3.1093 29.3858
v 16.4140 3.2751 31.0609
v 16.7297 3.1646 30.6534
v 22.3300 4.1456 18.7011
v 22.2933 4.0407 18.8369
v 22.1648 3.6738 18.7011
v 22.2198 3.8311 18.3389
v 22.4034 4.3552 18.4747
v 22.3300 4.1456 18.0220
v 22.4585 4.5125 18.2937
v 22.4034 4.3552 17.7504
v 22.5135 4.6697 18.2937
v 22.4585 4.5125 18.2937
v 22.4034 4.3552 17.7504
v 22.5135 4.6697 17.7051
v 22.7155 5.2463 18.3389
v 22.7155 5.2463 17.7504
v 24.4042 10.0687 18.4747
v 24.4226 10.1211 17.9314
v 22.6033 12.3470 27.0768
v 20.3372 11.6106 27.9822
v 24.9733 11.6936 27.9822
v 24.9733 11.6936 27.9822
v 24.8631 11.3791 27.3484
v 24.6148 12.5253 27.0768
v 24.9916 11.7460 27.9822
v 24.8631 11.3791 27.3484
v 25.2486 12.4798 27.1220
v 24.8631 11.3791 27.3484
v 25.1752 12.2702 26.6240
v 3.7685 29.0641 22.0966
v 4.7742 27.8881 22.0061
v 1.3089 24.5706 25.2205
v -0.0934 22.5902 26.3977
v -0.5718 22.4047 31.0156
v -0.5780 20.7003 30.7892
v -0.9487 20.6536 30.6987
v -0.8768 14.4498 30.7440
v -0.8768 14.4498 30.7440
v -0.2870 16.3028 30.6987
v 2.6911 15.0245 28.6161
v 2.8267 10.8579 28.5708
v 4.2643 9.0598 27.5748
v 5.8720 8.0849 26.4430
v 5.8967 12.3719 26.4430
v 5.9518 12.5291 19.1991
v 5.1184 9.6434 19.7877
v 11.9077 4.9120 19.7424
v 11.8002 7.3035 19.7877
v 11.6901 9.5192 19.5161
v 11.7624 10.9062 23.3191
v 11.9130 12.8542 25.0395
v 11.7941 8.1294 28.1634
v 13.2868 6.4887 27.0768
v 12.3715 6.5738 27.7106
v 16.5499 4.1690 26.8504
v 16.4532 3.5556 31.0609
v 16.5499 4.1690 26.8504
v 16.6050 4.3263 28.0728
v 16.5707 4.3971 31.1062
v 19.2895 4.7396 18.2484
v 20.2132 4.0042 19.3802
v 22.2823 4.5153 18.2937
v 22.2823 4.5153 18.2937
v 22.2312 10.9473 18.4295
v 18.3722 12.2399 27.2579
v 16.5453 11.4085 28.1181
v 21.1545 12.0894 27.0768
v 23.5385 21.2581 25.2205
v 23.5067 21.5047 27.5295
v 25.5684 21.4888 27.4842
v 24.6801 20.9760 23.9981
v 27.4723 21.5282 27.3484
v 27.8564 21.2760 23.8623
v 16.5886 20.8086 31.9211
v 17.6959 20.5973 31.4683
v 16.4175 23.6930 31.9210
v 2.8325 28.9211 11.1403
v 1.8953 29.9555 11.1403
v 1.5294 30.2601 14.1284
v 3.8406 27.9208 13.5851
v 2.2428 29.5984 17.4787
v 3.3402 28.6845 17.7503
v 3.7685 29.0641 22.0966
v 4.7742 27.8881 22.0061
v 4.7069 26.8525 18.6558
v 5.3150 26.2276 20.4215
v 5.5731 25.7841 22.0966
v 3.1210 24.3479 24.0887
v 3.9248 22.5953 23.5907
v 5.4824 21.8145 26.8957
v 5.9706 22.7027 26.5335
v 1.8289 22.6820 29.1594
v 2.3085 21.6902 29.0688
v -0.5718 22.4047 31.0156
v -0.5780 20.7003 30.7892
v 5.8384 20.8071 26.3977
v 2.7586 18.5904 28.5255
v -0.2870 16.3028 30.6987
v -0.8768 14.4498 30.7440
v 5.8394 17.0996 26.3977
v 5.8394 17.0996 26.3977
v 5.5345 11.6749 19.4255
v 5.5836 15.1884 19.6519
v 5.5345 11.6749 19.4255
v 5.9518 12.5291 19.1991
v 5.8381 15.7466 19.2444
v 11.8689 12.2223 19.4708
v 11.3989 8.8563 19.2897
v 11.6901 9.5192 19.5161
v 11.8689 12.2223 19.4708
v 11.6928 14.7555 22.2325
v 11.8689 12.2223 19.4708
v 11.7624 10.9062 23.3191
v 11.7871 15.1933 24.3151
v 11.9130 12.8542 25.0395
v 12.2141 14.2199 24.9942
v 11.8042 13.8927 28.7519
v 11.7514 11.3808 28.3445
v 11.7514 11.3808 28.3445
v 12.7570 7.6745 26.9863
v 16.4251 5.3308 27.8012
v 16.1781 7.8299 26.9862
v 15.4206 5.3295 26.8504
v 16.4251 5.3308 27.8012
v 17.6805 4.3615 20.9195
v 17.1727 4.5982 24.0887
v 18.2935 4.0880 24.1340
v 18.4195 4.2793 19.2897
v 17.9741 5.2002 18.2031
v 17.4285 6.5093 17.7504
v 17.9741 5.2002 18.2031
v 19.2895 4.7396 18.2484
v 18.1480 7.5520 18.2484
v 20.4667 8.2699 18.4295
v 17.4874 10.7255 18.2484
v 17.4924 11.0769 18.6106
v 20.2503 11.6999 19.0180
v 17.4055 11.1661 22.9569
v 18.5202 11.4819 19.6066
v 18.2889 11.3275 25.2205
v 16.9931 10.6633 24.8584
v 17.3516 9.8316 27.1221
v 18.6841 10.6007 26.5335
v 19.1074 10.6290 27.2579
v 16.5453 11.4085 28.1181
v 16.9441 9.6801 27.9823
v 17.4055 11.1662 27.9370
v 16.6395 9.3160 27.2126
v 16.9441 9.6801 27.9823
v 16.5453 11.4085 28.1181
v 16.3741 11.7627 27.0315
v 16.3741 11.7627 27.0315
v 21.5795 21.0615 25.5827
v 21.1110 21.5786 27.3031
v 23.5911 21.2397 23.5906
v 26.1630 21.1629 23.6812
v 26.8678 21.1514 20.3309
v 28.3875 21.4431 23.6359
v 20.5358 20.7797 30.5628
v 20.4857 20.9738 27.8464
v 20.2496 22.9983 28.1633
v 20.1100 20.5757 27.6200
v 20.4857 20.9738 27.8464
v 20.5358 20.7797 30.5628
v 19.2792 20.3959 31.0156
v 18.1034 20.7488 26.9409
v 20.1100 20.5757 27.6200
v 19.2792 20.3959 31.0156
v 17.6959 20.5973 31.4683
v 16.6571 20.6669 29.7026
v 16.2154 20.5862 31.2419
v 16.5886 20.8086 31.9211
v 13.2130 25.1683 32.9171
v 13.5043 25.8313 32.9171
v 13.3048 25.4304 30.9250
v 13.2447 22.3915 30.9703
v 4.6041 27.0650 15.0339
v 5.9499 25.0049 18.7916
v 6.1665 24.1052 21.8250
v 5.0261 23.2100 22.5494
v 5.4029 22.4308 23.0021
v 5.8213 22.1077 24.4509
v 5.4029 22.4308 23.0021
v 5.2818 22.5909 24.8131
v 5.9706 22.7027 26.5335
v 5.8384 20.8071 26.3977
v 5.8213 22.1077 24.4509
v 5.9706 22.7027 26.5335
v 5.5790 19.8976 25.4469
v 5.8394 17.0996 26.3977
v 5.6461 15.8727 25.3111
v 5.5116 18.8620 23.2738
v 5.5384 15.7339 22.9569
v 5.0576 17.9029 19.6971
v 5.5836 15.1884 19.6519
v 5.0576 17.9029 19.6971
v 5.5349 19.2658 19.1538
v 11.7296 14.8603 19.5613
v 11.2047 16.3975 19.2444
v 11.4016 14.0925 19.1991
v 11.7296 14.8603 19.5613
v 11.5204 16.2870 19.7424
v 11.5706 16.0929 22.6399
v 11.7310 18.7436 24.2245
v 11.9634 17.7207 25.2658
v 11.9364 15.7883 26.5788
v 11.7309 16.2133 28.6614
v 12.3083 14.6577 28.7972
v 11.7309 16.2133 28.6614
v 11.8042 13.8927 28.7519
v 12.2030 12.1642 28.5255
v 11.9252 11.2023 28.6161
v 11.9252 11.2023 28.6161
v 16.5965 7.5069 27.8917
v 16.1781 7.8299 26.9862
v 16.5965 7.5069 27.8917
v 16.8804 7.6428 24.9489
v 17.3453 5.5970 27.3937
v 17.1727 4.5982 24.0887
v 16.9317 6.2714 22.4136
v 16.9684 6.3762 18.2937
v 17.3403 5.2456 18.8369
v 16.9684 6.3762 18.2937
v 17.1727 4.5982 24.0887
v 17.6805 4.3615 20.9195
v 18.4195 4.2793 19.2897
v 17.3403 5.2456 18.8369
v 17.6805 4.3615 20.9195
v 17.9741 5.2002 18.2031
v 16.8143 7.9602 18.4295
v 16.9684 6.3762 18.2937
v 17.4285 6.5093 17.7504
v 16.8143 7.9602 18.4295
v 16.9784 9.6092 18.5653
v 17.0641 10.6972 18.4747
v 17.0641 10.6972 18.4747
v 17.4924 11.0769 18.6106
v 20.2503 11.6999 19.0180
v 16.9784 9.6092 18.5653
v 17.0641 10.6972 18.4747
v 16.9931 10.6633 24.8584
v 17.0604 9.1686 24.3151
v 17.1913 9.7112 26.3977
v 17.2035 8.0593 27.9370
v 17.3516 9.8316 27.1221
v 17.1913 9.7112 26.3977
v 16.8143 7.9602 18.4295
v 19.5815 20.5843 26.9862
v 15.6342 20.6132 27.1220
v 14.4302 20.2110 28.2086
v 15.0322 20.4121 29.5215
v 14.2063 20.5836 30.7892
v 13.1675 20.6532 31.1514
v 14.5908 25.3920 33.0076
v 13.3108 22.0741 32.9624
v 14.6016 22.3871 32.9624
v 13.2130 25.1683 32.9171
v 13.5043 25.8313 32.9171
v 13.3108 22.0741 32.9624
v 8.6320 25.2426 28.2539
v 8.6833 23.8712 28.8424
v 7.8758 24.0951 29.8837
v 7.8318 25.9935 29.4763
v 6.5102 22.2195 19.4255
v 7.1061 23.2466 18.8369
v 6.3586 23.9791 20.5573
v 5.6781 20.6867 19.4708
v 5.7871 22.1785 22.1872
v 5.6781 20.6867 19.4708
v 6.3586 23.9791 20.5573
v 6.1665 24.1052 21.8250
v 5.7871 22.1785 22.1872
v 5.7871 22.1785 22.1872
v 5.5349 19.2658 19.1538
v 5.5349 19.2658 19.1538
v 11.6833 19.1134 21.4175
v 11.1107 21.0203 19.7424
v 11.3750 19.7509 19.1991
v 11.7529 17.7944 19.2897
v 11.5204 16.2870 19.7424
v 11.7529 17.7944 19.2897
v 11.7529 17.7944 19.2897
v 11.7310 18.7436 24.2245
v 11.3004 20.7186 24.7225
v 12.1935 19.0524 24.9489
v 12.1935 19.0524 24.9489
v 11.8105 18.1273 28.5255
v 12.1127 18.3157 28.7519
v 11.8105 18.1273 28.5255
v 11.7309 16.2133 28.6614
v 12.7710 17.4967 28.7972
v 12.5225 16.1126 28.7066
v 12.5225 16.1126 28.7066
v 13.7839 14.3175 27.4390
v 13.7080 13.9321 27.0315
v 15.9141 14.1599 26.8957
v 15.7061 14.4093 27.3937
v 14.8964 19.5181 27.0768
v 15.7393 18.0460 27.2126
v 15.9180 18.2188 26.8504
v 15.0285 18.8834 28.2539
v 14.8719 20.2917 27.7559
v 14.4302 20.2110 28.2086
v 12.5496 20.5753 27.5295
v 12.2976 20.1928 29.1594
v 11.8424 20.4111 30.9703
v 11.3505 20.5245 29.4310
v 11.0532 20.6875 31.2420
v 11.3053 21.0699 27.5295
v 11.3505 20.5245 29.4310
v 11.0532 20.6875 31.2420
v 11.0032 23.4118 31.1967
v 11.1904 22.9344 28.3897
v 10.9665 23.3070 27.0768
v 8.3052 23.2974 17.3429
v 8.9855 24.0595 17.2976
v 8.6613 24.8203 16.1657
v 7.8207 23.9378 16.4827
v 8.0251 24.6901 13.0418
v 7.8207 23.9378 16.4827
v 8.6613 24.8203 16.1657
v 8.5366 25.9821 12.9966
v 7.0462 25.2682 11.8195
v 8.0251 24.6901 13.0418
v 7.4378 25.5430 11.4120
v 6.5102 22.2195 19.4255
v 8.5743 22.3793 19.2444
v 7.5588 22.8526 18.6558
v 7.1061 23.2466 18.8369
v 7.8781 21.7405 19.8329
v 11.1720 22.8819 23.0021
v 10.9774 22.8324 19.3802
v 11.7274 19.7452 28.2086
v 11.7274 19.7452 28.2086
v 12.2327 19.3329 28.8424
v 11.7274 19.7452 28.2086
v 12.5385 18.5196 27.8917
v 12.2327 19.3329 28.8424
v 12.1127 18.3157 28.7519
v 13.1196 15.9624 28.9330
v 13.6985 18.2900 29.5216
v 12.9446 14.7879 27.0768
v 13.1196 15.9624 28.9330
v 12.5225 16.1126 28.7066
v 13.7839 14.3175 27.4390
v 13.7080 13.9321 27.0315
v 13.6261 14.3727 29.5216
v 13.1196 15.9624 28.9330
v 13.7839 14.3175 27.4390
v 13.6261 14.3727 29.5216
v 12.1691 19.8259 27.7106
v 12.2976 20.1928 29.1594
v 11.7274 19.7452 28.2086
v 10.8637 23.5195 22.8663
v 10.5957 23.2603 19.5613
v 10.8637 23.5195 22.8663
v 8.9170 24.2012 21.2817
v 8.9855 24.0595 17.2976
v 10.9774 22.8324 19.3802
v 10.8172 22.7120 17.4334
v 8.3052 23.2974 17.3429
v 10.8172 22.7120 17.4334
v 8.9855 24.0595 17.2976
v 8.6453 22.4133 17.8409
v 21.5795 21.0615 25.5827
v 20.6974 22.2531 27.2578
v 21.1110 21.5786 27.3031
v 20.6509 21.4455 23.8170
v 21.5086 21.0275 23.8623
v 21.5086 21.0275 23.8623
v 21.2847 21.4001 23.2737
v 22.3920 21.1889 22.6852
v 23.5886 21.0640 20.1498
v 24.1723 21.2127 18.5200
v 26.2707 21.3017 17.0259
v 28.4058 21.4955 23.2284
v 28.2590 21.0762 23.6812
v 28.2773 21.1286 24.2697
v 28.2590 21.0762 23.1832
v 21.2847 21.4001 23.2737
v 21.2957 20.9255 18.6105
v 20.5555 22.1851 23.2737
v 21.2847 21.4001 23.2737
v 21.6982 20.7257 18.4747
v 21.6982 20.7257 18.4747
v 24.9505 21.4109 15.9394
v 22.5927 22.9427 12.8155
v 23.5507 22.1365 13.6757
v 23.2841 23.2302 12.1816
v 22.6881 22.2032 13.7662
v 21.1086 23.9332 13.7209
v 22.6881 22.2032 13.7662
v 22.5927 22.9427 12.8155
v 21.3337 22.3833 15.8941
v 20.7928 21.5135 18.5652
v 20.4025 22.5917 18.7916
v 20.5555 22.1851 23.2737
v 20.7928 21.5135 18.5652
v 20.5543 23.3624 17.4787
v 21.1024 22.2289 17.2976
v 21.3337 22.3833 15.8941
v 22.4584 4.5125 18.2923
v 22.5135 4.6698 17.7368
v 22.4034 4.3553 17.7620
v 22.4034 4.3553 18.4690
v 22.4584 4.5125 18.2923
v 22.4034 4.3553 17.7620
v 22.3299 4.1456 18.0145
v 22.3299 4.1456 18.7215
v 22.2198 3.8311 18.3175
v 22.2932 4.0408 18.8478
v 22.1647 3.6739 18.6963
v 24.7896 11.1694 21.5495
v 25.7208 10.9610 21.5494
v 25.7966 11.3464 21.5494
v 24.9365 11.5888 21.5494
v 24.8080 11.2218 20.2365
v 24.9365 11.5888 20.2365
v 24.7896 11.1694 19.3780
v 24.9181 11.5363 19.1760
v 22.7154 5.2463 18.3175
v 24.4041 10.0687 18.4690
v 24.4225 10.1211 17.9135
v 22.7154 5.2463 17.7620
v 22.5135 4.6698 18.2923
v 22.6640 4.0875 18.7720
v 22.3116 4.0932 21.5495
v 22.2932 4.0408 18.8478
v 22.1647 3.6739 18.6963
v 22.1831 3.7263 21.5495
v 22.4878 4.0903 21.5495
v 22.4645 3.6866 21.5495
v 22.7350 4.1215 21.5495
v 22.7643 3.6993 21.5495
v 24.7529 11.0646 19.2770
v 24.7896 11.1694 19.3780
v 24.9181 11.5363 19.1760
v 24.8630 11.3791 18.8730
v 24.6978 10.9073 19.0750
v 24.7713 11.1170 18.6205
v 24.5694 10.5404 18.7467
v 24.6428 10.7501 18.2165
v 24.4041 10.0687 18.4690
v 24.4225 10.1211 17.9135
v 22.6640 4.0875 18.7720
v 22.3300 4.1456 23.5676
v 22.4878 4.0903 21.5545
v 22.3116 4.0932 21.5545
v 22.1647 3.6738 21.5545
v 22.1831 3.7263 23.5990
v 22.3667 4.2504 25.4863
v 22.2198 3.8311 25.5178
v 22.4034 4.3553 27.1849
v 22.2749 3.9884 27.2478
v 22.4034 4.3553 27.4680
v 22.2749 3.9884 27.2478
v 22.3667 4.2504 27.8140
v 22.2198 3.8311 27.7511
v 22.3851 4.3029 30.4247
v 22.2566 3.9359 30.5191
v 22.4034 4.3553 31.1168
v 22.7558 4.3496 31.1168
v 22.3667 4.2504 31.1168
v 22.7558 4.3496 31.1168
v 22.4034 4.3553 31.1168
v 22.2566 3.9359 30.5191
v 22.2566 3.9359 30.5191
v 22.2015 3.7787 31.1168
v 22.2566 3.9359 30.5191
v 22.0547 3.3594 30.9909
v 22.0730 3.4118 30.4247
v 21.7977 2.6255 30.8022
v 21.8160 2.6779 30.2360
v 21.4122 1.5248 30.7708
v 21.4122 1.5248 30.2046
v 21.6227 1.4511 30.7708
v 21.6227 1.4511 30.2046
v 25.2485 12.4799 27.1219
v 25.3036 12.6371 27.0276
v 25.2669 12.5323 26.4614
v 25.1751 12.2702 26.6187
v 24.9916 11.7460 27.9712
v 24.8631 11.3791 27.3421
v 24.9732 11.6936 27.9712
v 24.9732 11.6936 28.0027
v 24.9732 11.6936 28.0027
v 24.8631 11.3791 27.3421
v 24.8631 11.3791 27.3421
v 24.8631 11.3791 27.9712
v 24.8631 11.3791 27.3421
v 24.8447 11.3267 27.9712
v 24.8631 11.3791 27.3421
v 24.7713 11.1170 27.7511
v 24.8447 11.3267 27.9712
v 24.6428 10.7501 27.3107
v 25.2950 10.7571 27.3107
v 24.8631 11.3791 27.3421
v 25.0527 11.0773 23.8821
v 25.2950 10.7571 27.3107
v 24.6428 10.7501 27.3107
v 24.7529 11.0646 24.2281
v 24.8631 11.3791 27.3421
v 24.8998 11.4839 24.1023
v 24.7713 11.1170 23.8821
v 24.7896 11.1694 23.3788
v 24.8998 11.4839 24.1023
v 24.9181 11.5364 23.4103
v 24.7896 11.1694 22.5295
v 24.9365 11.5888 22.5610
v 24.7896 11.1694 21.5544
v 24.9365 11.5888 21.5544
v 25.7207 10.9611 21.5544
v 22.8059 4.1555 24.5741
v 22.7349 4.1215 21.5545
v 28.2589 21.0762 23.1900
v 28.4057 21.4955 23.2215
v 28.2956 21.1810 21.2398
v 28.3874 21.4431 23.6619
v 28.2589 21.0762 23.6933
v 28.2405 21.0238 27.8454
v 28.2773 21.1286 27.7510
v 28.2222 20.9714 27.2477
v 28.6272 20.9472 27.9083
v 28.2222 20.9714 27.9083
v 28.2222 20.9714 27.2477
v 28.1855 20.8665 27.8454
v 28.2222 20.9714 27.2477
v 28.1488 20.7617 27.6881
v 28.2222 20.9714 27.2477
v 28.2222 20.9714 27.2477
v 28.0937 20.6045 27.5623
v 28.1488 20.7617 27.0276
v 28.0570 20.4996 27.4679
v 28.1488 20.7617 27.0276
v 28.0203 20.3948 27.3736
v 28.0753 20.5520 26.8703
v 27.8000 19.7658 27.0276
v 27.8184 19.8182 26.4928
v 27.6899 19.4513 26.9961
v 27.7082 19.5037 26.4299
v 27.3778 18.5602 26.9647
v 27.3962 18.6126 26.3985
v 26.2948 15.4676 26.9647
v 26.2948 15.4676 26.3985
v 25.6340 13.5806 26.9332
v 25.6340 13.5806 26.3670
v 25.3036 12.6371 27.0276
v 25.2669 12.5323 26.4614
v 28.8254 19.9952 27.0905
vt 0.0039138943 0.30919766
vt 0.031311154 0.2857143
vt 0.031311154 0.2857143
vt 0.0039138943 0.30919766
vt 0.8356164 0.2035225
vt 0.84931505 0.18786693
vt 0.84931505 0.18786693
vt 0.8356164 0.2035225
vt 0.81996083 0.22309197
vt 0.81996083 0.22309197
vt 0.79843444 0.2485323
vt 0.79843444 0.2485323
vt 0.7729941 0.2778865
vt 0.7729941 0.2778865
vt 0.73189825 0.32681018
vt 0.73189825 0.32681018
vt 0.6731898 0.39726028
vt 0.6731898 0.39726028
vt 0.46183953 0.19765167
vt 0.4598826 0.19569471
vt 0.4598826 0.19569471
vt 0.4598826 0.25048923
vt 0.5068493 0.23287672
vt 0.46183953 0.19765167
vt 0.5068493 0.23287672
vt 0.2485323 0.5753425
vt 0.2407045 0.57338554
vt 0.2407045 0.57338554
vt 0.2485323 0.5753425
vt 0.2661448 0.5753425
vt 0.2661448 0.5753425
vt 0.27592954 0.5753425
vt 0.2857143 0.6046967
vt 0.2935421 0.57338554
vt 0.27592954 0.5753425
vt 0.5714286 0.2857143
vt 0.5714286 0.2857143
vt 0.5714286 0.2857143
vt 0.5714286 0.2857143
vt 0.58317024 0.29549903
vt 0.5596869 0.29158512
vt 0.5440313 0.42074364
vt 0.6516634 0.3522505
vt 0.58317024 0.29549903
vt 0.6516634 0.3522505
vt 0.6555773 0.35420743
vt 0.6555773 0.35420743
vt 0.667319 0.36399218
vt 0.667319 0.36399218
vt 0.6712329 0.99804306
vt 0.6594912 0.99804306
vt 0.6594912 0.99804306
vt 0.6712329 0.99804306
vt 0.83953035 0.18982388
vt 0.78669274 0.16046967
vt 0.8414873 0.12133072
vt 0.0019569471 0.32093933
vt 0.06849315 0.31702545
vt 0.7964775 0.21526419
vt 0.7729941 0.2661448
vt 0.6731898 0.34246576
vt 0.6947162 0.28767124
vt 0.49119374 0.27984345
vt 0.4403131 0.3072407
vt 0.4598826 0.25048923
vt 0.26418787 0.62818
vt 0.21722114 0.62035227
vt 0.49315068 0.33463797
vt 0.42465752 0.38356164
vt 0.42270058 0.5068493
vt 0.49119374 0.47162426
vt 0.62035227 0.3776908
vt 0.667319 0.9921722
vt 0.7103718 0.21135029
vt 0.7123288 0.09001957
vt 0.78277886 0.19373778
vt 0.7475538 0.24266145
vt 0.6712329 0.26418787
vt 0.46183953 0.32876712
vt 0.46183953 0.32876712
vt 0.3111546 0.4774951
vt 0.3365949 0.46183953
vt 0.3111546 0.45009786
vt 0.6183953 0.7005871
vt 0.6829746 0.7162427
vt 0.6497065 0.64187866
vt 0.34050882 0.48336595
vt 0.20156556 0.54990214
vt 0.15655577 0.5714286
vt 0.16634052 0.54598826
vt 0.19178082 0.54011744
vt 0.16634052 0.54598826
vt 0.19178082 0.54011744
vt 0.20156556 0.53816044
vt 0.20156556 0.53816044
vt 0.3189824 0.22504893
vt 0.29549903 0.23091976
vt 0.29549903 0.23091976
vt 0.3189824 0.22504893
vt 0.33463797 0.22113504
vt 0.33268103 0.23679061
vt 0.89432484 0.37181997
vt 0.84540117 0.40117416
vt 0.8551859 0.38356164
vt 0.8551859 0.38356164
vt 0.89432484 0.37181997
vt 0.8982387 0.37181997
vt 0.8630137 0.4187867
vt 0.8982387 0.369863
vt 0.8982387 0.37181997
vt 0.8982387 0.369863
vt 0.8982387 0.369863
vt 0.8982387 0.369863
vt 0.9197652 0.36399218
vt 0.9197652 0.36399218
vt 0.9197652 0.36399218
vt 0.9197652 0.36399218
vt 0.9197652 0.36399218
vt 0.9197652 0.36399218
vt 0.9197652 0.36399218
vt 0.9197652 0.36399218
vt 0.14285715 0.46183953
vt 0.13502936 0.45009786
vt 0.14285715 0.45009786
vt 0.6888454 0.51272017
vt 0.6771037 0.51272017
vt 0.6771037 0.51272017
vt 0.6888454 0.51272017
vt 0.7240704 0.51272017
vt 0.7240704 0.51272017
vt 0.3776908 0.6516634
vt 0.3776908 0.6438356
vt 0.3776908 0.6438356
vt 0.32093933 0.64579254
vt 0.3776908 0.65753424
vt 0.3776908 0.6516634
vt 0.24266145 0.6516634
vt 0.37181997 0.7573385
vt 0.3776908 0.7514677
vt 0.3776908 0.65753424
vt 0.3776908 0.7514677
vt 0.17612524 0.64579254
vt 0.14285715 0.5968689
vt 0.20156556 0.6223092
vt 0.32289627 0.42465752
vt 0.2935421 0.42270058
vt 0.27984345 0.3561644
vt 0.33072406 0.37964776
vt 0.33072406 0.32681018
vt 0.31702545 0.30332682
vt 0.28375733 0.27592954
vt 0.8297456 0.47358122
vt 0.87279844 0.48336595
vt 0.9080235 0.5029354
vt 0.95694715 0.4403131
vt 0.1409002 0.5440313
vt 0.021526419 0.5322896
vt 0.7240704 0.64579254
vt 0.70254403 0.6516634
vt 0.7221135 0.5694716
vt 0.7240704 0.7221135
vt 0.21917808 0.7514677
vt 0.16438356 0.6497065
vt 0.37964776 0.30136988
vt 0.36399218 0.33855185
vt 0.3365949 0.2994129
vt 0.369863 0.22700587
vt 0.34050882 0.22504893
vt 0.1780822 0.36594912
vt 0.14872798 0.3776908
vt 0.15264188 0.2994129
vt 0.1780822 0.29745597
vt 0.15068494 0.25048923
vt 0.8649706 0.50489235
vt 0.8630137 0.60273975
vt 0.8356164 0.555773
vt 0.83365947 0.49902153
vt 0.8923679 0.5851272
vt 0.95303327 0.57338554
vt 0.9667319 0.5303327
vt 0.07632094 0.57338554
vt 0.021526419 0.6223092
vt 0.1369863 0.6183953
vt 0.6086106 0.40313113
vt 0.5890411 0.39334637
vt 0.592955 0.3189824
vt 0.6183953 0.33463797
vt 0.6379648 0.39921722
vt 0.6947162 0.72798437
vt 0.14285715 0.6614481
vt 0.14677104 0.63013697
vt 0.18786693 0.41291586
vt 0.14481409 0.41682974
vt 0.22700587 0.40117416
vt 0.22309197 0.34246576
vt 0.2074364 0.27984345
vt 0.26810175 0.34637964
vt 0.26810175 0.26810175
vt 0.078277886 0.70841485
vt 0.019569471 0.74168295
vt 0.019569471 0.66340506
vt 0.09393346 0.6555773
vt 0.60273975 0.43639922
vt 0.09393346 0.7729941
vt 0.2661448 0.39138943
vt 0.0704501 0.9960861
vt 0.1369863 0.99804306
vt 0.1369863 0.99804306
vt 0.0704501 0.9960861
vt 0.04892368 0.9941292
vt 0.04892368 0.9941292
vt 0.043052837 0.9941292
vt 0.043052837 0.9941292
vt 0.0332681 0.9941292
vt 0.0332681 0.9941292
vt 0.0019569471 0.9921722
vt 0.0019569471 0.9921722
vt 0.83953035 0.9960861
vt 0.8414873 0.99804306
vt 0.8414873 0.99804306
vt 0.83953035 0.9960861
vt 0.8082192 0.98630136
vt 0.8082192 0.98630136
vt 0.7906067 0.9765166
vt 0.7906067 0.9765166
vt 0.9589041 0.58317024
vt 0.97455966 0.57925636
vt 0.97455966 0.57925636
vt 0.9589041 0.58317024
vt 0.9549902 0.5851272
vt 0.9549902 0.5851272
vt 0.13502936 0.9510763
vt 0.08219178 0.8923679
vt 0.037181996 0.86692756
vt 0.0019569471 0.9373777
vt 0.9041096 0.9295499
vt 0.8767123 0.9315069
vt 0.79452056 0.97455966
vt 0.9549902 0.5772994
vt 0.97455966 0.49902153
vt 0.1409002 0.8923679
vt 0.14677104 0.851272
vt 0.099804305 0.8258317
vt 0.064579256 0.80430526
vt 0.0039138943 0.7514677
vt 0.0039138943 0.8414873
vt 0.04696673 0.72015655
vt 0.007827789 0.71428573
vt 0.039138943 0.6947162
vt 0.0019569471 0.6966732
vt 0.09784736 0.69863015
vt 0.93933463 0.88454014
vt 0.86692756 0.888454
vt 0.7906067 0.8767123
vt 0.8473581 0.80626225
vt 0.7906067 0.7808219
vt 0.9589041 0.407045
vt 0.9726027 0.36594912
vt 0.960861 0.46575344
vt 0.1409002 0.7925636
vt 0.1409002 0.7240704
vt 0.14872798 0.704501
vt 0.6105675 0.8864971
vt 0.6144814 0.93933463
vt 0.61252445 0.99021524
vt 0.54598826 0.93933463
vt 0.5264188 0.9941292
vt 0.90215266 0.851272
vt 0.89041096 0.8121331
vt 0.9589041 0.86692756
vt 0.8238748 0.78277886
vt 0.4324853 0.95303327
vt 0.45401174 0.9960861
vt 0.42270058 0.99804306
vt 0.8434442 0.5303327
vt 0.8864971 0.5362035
vt 0.8806262 0.5812133
vt 0.81996083 0.58317024
vt 0.80430526 0.5029354
vt 0.87279844 0.41095892
vt 0.81604695 0.41291586
vt 0.7592955 0.42270058
vt 0.82778865 0.3620352
vt 0.7847358 0.36399218
vt 0.7573385 0.37964776
vt 0.7455969 0.41682974
vt 0.09001957 0.46183953
vt 0.08219178 0.49510762
vt 0.08219178 0.44618395
vt 0.18199609 0.7123288
vt 0.18003914 0.7338552
vt 0.15264188 0.7455969
vt 0.15264188 0.7064579
vt 0.8923679 0.95303327
vt 0.9197652 0.99804306
vt 0.851272 0.99804306
vt 0.89041096 0.49510762
vt 0.9510763 0.4598826
vt 0.9001957 0.45596868
vt 0.9510763 0.5029354
vt 0.9412916 0.553816
vt 0.8982387 0.56751466
vt 0.92759293 0.5772994
vt 0.5772994 0.8806262
vt 0.5264188 0.8630137
vt 0.49119374 0.9706458
vt 0.4520548 0.96868885
vt 0.42270058 0.8297456
vt 0.46771038 0.8551859
vt 0.43444228 0.7808219
vt 0.8590998 0.3561644
vt 0.8864971 0.3620352
vt 0.5596869 0.6927593
vt 0.52250487 0.69080234
vt 0.52837574 0.7221135
vt 0.5264188 0.7632094
vt 0.5636008 0.7475538
vt 0.5518591 0.7749511
vt 0.26810175 0.83953035
vt 0.25244617 0.8649706
vt 0.23874755 0.83953035
vt 0.6105675 0.35420743
vt 0.5479452 0.36007828
vt 0.6516634 0.36007828
vt 0.4853229 0.57338554
vt 0.46183953 0.57925636
vt 0.4774951 0.59099805
vt 0.50097847 0.5636008
vt 0.93933463 0.28962818
vt 0.89041096 0.30136988
vt 0.99021524 0.32093933
vt 0.9921722 0.27592954
vt 0.93542075 0.2446184
vt 0.9823875 0.22700587
vt 0.88258314 0.22504893
vt 0.97455966 0.19960861
vt 0.94716245 0.58317024
vt 0.56164384 0.8649706
vt 0.56751466 0.7808219
vt 0.5107632 0.7886497
vt 0.4774951 0.7808219
vt 0.21917808 0.9823875
vt 0.2661448 0.9784736
vt 0.22309197 0.96868885
vt 0.16242662 0.8003914
vt 0.16242662 0.8297456
vt 0.14872798 0.8258317
vt 0.5205479 0.65753424
vt 0.58317024 0.6771037
vt 0.50097847 0.555773
vt 0.48336595 0.5479452
vt 0.5029354 0.5303327
vt 0.54990214 0.5596869
vt 0.95303327 0.40508807
vt 0.9295499 0.39530334
vt 0.92367905 0.43835616
vt 0.95303327 0.45596868
vt 0.4598826 0.69863015
vt 0.47945204 0.66536206
vt 0.50097847 0.6966732
vt 0.52250487 0.7573385
vt 0.45401174 0.7632094
vt 0.51272017 0.78277886
vt 0.8864971 0.2818004
vt 0.88258314 0.30136988
vt 0.19960861 0.3894325
vt 0.28375733 0.3894325
vt 0.21330725 0.41291586
vt 0.18786693 0.40313113
vt 0.8864971 0.19960861
vt 0.2994129 0.9765166
vt 0.35029355 0.9882583
vt 0.3522505 0.96868885
vt 0.2857143 0.99804306
vt 0.6046967 0.6086106
vt 0.47358122 0.60078275
vt 0.5851272 0.63013697
vt 0.47358122 0.56164384
vt 0.44227007 0.5303327
vt 0.4324853 0.555773
vt 0.6183953 0.6399217
vt 0.60665363 0.6497065
vt 0.60665363 0.5890411
vt 0.6320939 0.6164383
vt 0.3189824 0.7064579
vt 0.29745597 0.7221135
vt 0.29158512 0.7064579
vt 0.73189825 0.7181996
vt 0.7221135 0.72798437
vt 0.6947162 0.72798437
vt 0.71428573 0.69863015
vt 0.67514676 0.7123288
vt 0.43444228 0.6731898
vt 0.45596868 0.6320939
vt 0.42857143 0.69863015
vt 0.4148728 0.739726
vt 0.36790606 0.78277886
vt 0.3894325 0.7005871
vt 0.3365949 0.7240704
vt 0.41095892 0.6731898
vt 0.32876712 0.59491193
vt 0.37964776 0.6144814
vt 0.36790606 0.59099805
vt 0.28962818 0.74951077
vt 0.25636008 0.739726
vt 0.2446184 0.7221135
vt 0.4187867 0.54011744
vt 0.407045 0.6105675
vt 0.9001957 0.79843444
vt 0.9001957 0.79843444
vt 0.90215266 0.8023483
vt 0.86888456 0.8023483
vt 0.8630137 0.82191783
vt 0.90606654 0.81604695
vt 0.90215266 0.8023483
vt 0.9099804 0.86692756
vt 0.9197652 0.86105675
vt 0.90606654 0.81604695
vt 0.9197652 0.86105675
vt 0.92367905 0.86692756
vt 0.92367905 0.86692756
vt 0.92367905 0.8708415
vt 0.92367905 0.8708415
vt 0.93542075 0.90215266
vt 0.93542075 0.90215266
vt 0.9589041 0.97455966
vt 0.9589041 0.97455966
vt 0.9784736 0.34050882
vt 0.9941292 0.34246576
vt 0.9941292 0.34246576
vt 0.9784736 0.34050882
vt 0.9765166 0.33855185
vt 0.9765166 0.33855185
vt 0.0058708414 0.43835616
vt 0.0019569471 0.40117416
vt 0.0019569471 0.40117416
vt 0.0058708414 0.43835616
vt 0.0058708414 0.45009786
vt 0.009784736 0.45009786
vt 0.0058708414 0.45009786
vt 0.009784736 0.45009786
vt 0.03522505 0.45009786
vt 0.03522505 0.45009786
vt 0.09001957 0.4481409
vt 0.09001957 0.4481409
vt 0.16046967 0.4481409
vt 0.16046967 0.4481409
vt 0.091976516 0.45401174
vt 0.023483366 0.45401174
vt 0.023483366 0.45401174
vt 0.091976516 0.45401174
vt 0.14481409 0.45401174
vt 0.14481409 0.45401174
vt 0.17025441 0.45401174
vt 0.17025441 0.45401174
vt 0.17612524 0.4520548
vt 0.119373776 0.5851272
vt 0.17612524 0.5068493
vt 0.18199609 0.45401174
vt 0.17612524 0.4520548
vt 0.18199609 0.45401174
vt 0.20156556 0.45596868
vt 0.20156556 0.45596868
vt 0.20156556 0.45596868
vt 0.15264188 0.57338554
vt 0.5029354 0.46379647
vt 0.5440313 0.3620352
vt 0.5362035 0.48336595
vt 0.5362035 0.48336595
vt 0.5029354 0.46379647
vt 0.49902153 0.46183953
vt 0.49902153 0.46183953
vt 0.46771038 0.444227
vt 0.46771038 0.444227
vt 0.46575344 0.444227
vt 0.46575344 0.444227
vt 0.47553816 0.46379647
vt 0.4853229 0.4774951
vt 0.4853229 0.4774951
vt 0.4324853 0.444227
vt 0.45009786 0.43444228
vt 0.47553816 0.46379647
vt 0.45009786 0.43444228
vt 0.39530334 0.3620352
vt 0.39530334 0.3620352
vt 0.37181997 0.33268103
vt 0.37181997 0.33268103
vt 0.369863 0.32876712
vt 0.36007828 0.33463797
vt 0.23874755 0.74951077
vt 0.21330725 0.7455969
vt 0.21526419 0.7553816
vt 0.21526419 0.7553816
vt 0.23874755 0.74951077
vt 0.28375733 0.739726
vt 0.28375733 0.739726
vt 0.31506848 0.7338552
vt 0.31506848 0.7338552
vt 0.36594912 0.72602737
vt 0.36594912 0.72602737
vt 0.37573385 0.7240704
vt 0.37573385 0.7240704
vt 0.45009786 0.5205479
vt 0.45009786 0.5205479
vt 0.45009786 0.5205479
vt 0.4853229 0.53816044
vt 0.444227 0.54598826
vt 0.45009786 0.5205479
vt 0.444227 0.54598826
vt 0.43835616 0.57925636
vt 0.43835616 0.57925636
vt 0.43444228 0.60273975
vt 0.43444228 0.60273975
vt 0.0039138943 0.98043054
vt 0.0058708414 0.99804306
vt 0.0058708414 0.99804306
vt 0.0039138943 0.98043054
vt 0.0019569471 0.925636
vt 0.0019569471 0.925636
vt 0.0019569471 0.89432484
vt 0.0019569471 0.89432484
vt 0.0019569471 0.85714287
vt 0.0019569471 0.85714287
vt 0.0039138943 0.81996083
vt 0.0039138943 0.81996083
vt 0.03522505 0.81604695
vt 0.04109589 0.91780823
vt 0.09784736 0.888454
vt 0.14677104 0.81409
vt 0.7573385 0.8003914
vt 0.69863015 0.8238748
vt 0.73189825 0.84540117
vt 0.739726 0.9080235
vt 0.8630137 0.9784736
vt 0.9941292 0.4266145
vt 0.97455966 0.37964776
vt 0.050880626 0.3816047
vt 0.16634052 0.4187867
vt 0.029354207 0.48336595
vt 0.11741683 0.5322896
vt 0.11545988 0.6144814
vt 0.1330724 0.6183953
vt 0.51663405 0.30332682
vt 0.5518591 0.31311154
vt 0.5146771 0.3561644
vt 0.46966732 0.35420743
vt 0.48336595 0.48336595
vt 0.38747555 0.481409
vt 0.32681018 0.37964776
vt 0.2407045 0.74168295
vt 0.2035225 0.6888454
vt 0.3111546 0.7064579
vt 0.369863 0.6966732
vt 0.518591 0.5890411
vt 0.01369863 0.99804306
vt 0.08219178 0.9921722
vt 0.13111547 0.9960861
vt 0.1409002 0.91780823
vt 0.20156556 0.8864971
vt 0.23091976 0.8121331
vt 0.6712329 0.79843444
vt 0.67514676 0.8747554
vt 0.7064579 0.962818
vt 0.8180039 0.99804306
vt 0.85714287 0.9882583
vt 0.9823875 0.43052837
vt 0.13894325 0.3444227
vt 0.08414873 0.592955
vt 0.0019569471 0.56164384
vt 0.46966732 0.2994129
vt 0.46575344 0.2739726
vt 0.30332682 0.42270058
vt 0.2935421 0.48336595
vt 0.27984345 0.64187866
vt 0.19569471 0.64187866
vt 0.36790606 0.6712329
vt 0.27984345 0.9843444
vt 0.28962818 0.99804306
vt 0.26418787 0.99804306
vt 0.19373778 0.99021524
vt 0.21722114 0.9158513
vt 0.22309197 0.8806262
vt 0.22896282 0.8356164
vt 0.25048923 0.369863
vt 0.31702545 0.3483366
vt 0.32485324 0.37181997
vt 0.25831702 0.33268103
vt 0.21722114 0.34050882
vt 0.15459883 0.37181997
vt 0.6712329 0.9726027
vt 0.69080234 0.9784736
vt 0.7592955 0.98630136
vt 0.4520548 0.407045
vt 0.42465752 0.39334637
vt 0.41291586 0.35812134
vt 0.46183953 0.35812134
vt 0.24266145 0.9295499
vt 0.23679061 0.9960861
vt 0.853229 0.21526419
vt 0.90606654 0.23483366
vt 0.88454014 0.19765167
vt 0.851272 0.2818004
vt 0.30919766 0.30528376
vt 0.15068494 0.3189824
vt 0.20547946 0.31702545
vt 0.19373778 0.2778865
vt 0.22309197 0.27201566
vt 0.119373776 0.31311154
vt 0.49315068 0.25636008
vt 0.55772996 0.27592954
vt 0.47358122 0.27201566
vt 0.5870842 0.21917808
vt 0.7162427 0.3561644
vt 0.7103718 0.32876712
vt 0.7749511 0.31506848
vt 0.77690804 0.36007828
vt 0.42857143 0.96868885
vt 0.43052837 0.9960861
vt 0.39138943 0.99804306
vt 0.3894325 0.96868885
vt 0.94716245 0.2818004
vt 0.94716245 0.22700587
vt 0.1409002 0.27592954
vt 0.11154599 0.27201566
vt 0.07632094 0.31506848
vt 0.5988258 0.27592954
vt 0.63013697 0.25440314
vt 0.45792565 0.23287672
vt 0.4853229 0.23287672
vt 0.45401174 0.27984345
vt 0.49315068 0.2035225
vt 0.8356164 0.6555773
vt 0.8473581 0.6086106
vt 0.86105675 0.6614481
vt 0.8082192 0.62426615
vt 0.8180039 0.6594912
vt 0.21917808 0.7749511
vt 0.21526419 0.7592955
vt 0.26027396 0.7592955
vt 0.0665362 0.2739726
vt 0.01369863 0.2857143
vt 0.78277886 0.2778865
vt 0.7749511 0.29745597
vt 0.7749511 0.29745597
vt 0.78277886 0.2778865
vt 0.7847358 0.27592954
vt 0.7847358 0.27592954
vt 0.81409 0.19178082
vt 0.81409 0.19178082
vt 0.82778865 0.16046967
vt 0.82778865 0.16046967
vt 0.82778865 0.16046967
vt 0.82778865 0.16046967
vt 0.83170253 0.14481409
vt 0.83170253 0.14481409
vt 0.83953035 0.12720157
vt 0.83953035 0.12720157
vt 0.0332681 0.9589041
vt 0.009784736 0.9491194
vt 0.009784736 0.9491194
vt 0.04892368 0.9295499
vt 0.043052837 0.960861
vt 0.0332681 0.9589041
vt 0.06066536 0.96868885
vt 0.043052837 0.960861
vt 0.06066536 0.96868885
vt 0.0704501 0.9726027
vt 0.0704501 0.9726027
vt 0.12915851 0.9941292
vt 0.12915851 0.9941292
vt 0.1330724 0.9960861
vt 0.1330724 0.9960861
vt 0.13502936 0.9960861
vt 0.1369863 0.9921722
vt 0.13502936 0.9960861
vt 0.1369863 0.9921722
vt 0.13894325 0.9882583
vt 0.0665362 0.9491194
vt 0.1409002 0.9843444
vt 0.13894325 0.9882583
vt 0.1409002 0.9843444
vt 0.1409002 0.9823875
vt 0.1409002 0.9823875
vt 0.15655577 0.94520545
vt 0.15655577 0.94520545
vt 0.16242662 0.925636
vt 0.16438356 0.9197652
vt 0.16438356 0.9217221
vt 0.16242662 0.925636
vt 0.16438356 0.9217221
vt 0.16634052 0.9197652
vt 0.16634052 0.9197652
vt 0.16829745 0.91193736
vt 0.19960861 0.8297456
vt 0.16829745 0.91193736
vt 0.19960861 0.8297456
vt 0.2035225 0.81996083
vt 0.2035225 0.81996083
vt 0.9765166 0.57925636
vt 0.99021524 0.6046967
vt 0.99021524 0.6046967
vt 0.9765166 0.57925636
vt 0.97455966 0.57925636
vt 0.93933463 0.6046967
vt 0.88258314 0.57925636
vt 0.97455966 0.57925636
vt 0.97455966 0.57925636
vt 0.97455966 0.57925636
vt 0.71428573 0.99804306
vt 0.65753424 0.99804306
vt 0.65753424 0.99804306
vt 0.71428573 0.99804306
vt 0.76125246 0.99804306
vt 0.76125246 0.99804306
vt 0.83170253 0.99804306
vt 0.83170253 0.99804306
vt 0.89041096 0.99804306
vt 0.89041096 0.99804306
vt 0.77103716 0.5068493
vt 0.77103716 0.5851272
vt 0.77103716 0.5851272
vt 0.77103716 0.5068493
vt 0.77103716 0.4892368
vt 0.8551859 0.4970646
vt 0.77103716 0.4598826
vt 0.77103716 0.4892368
vt 0.77103716 0.4598826
vt 0.77103716 0.4148728
vt 0.77103716 0.4148728
vt 0.77103716 0.3483366
vt 0.77103716 0.3483366
vt 0.77103716 0.33268103
vt 0.78669274 0.33463797
vt 0.77103716 0.32289627
vt 0.77103716 0.33268103
vt 0.77103716 0.32289627
vt 0.77103716 0.30332682
vt 0.80430526 0.30528376
vt 0.77103716 0.30332682
vt 0.80430526 0.30528376
vt 0.84931505 0.30528376
vt 0.84931505 0.30528376
vt 0.92759293 0.30528376
vt 0.92759293 0.30528376
vt 0.95303327 0.30332682
vt 0.95303327 0.30332682
vt 0.64579254 0.09589041
vt 0.6477495 0.08806262
vt 0.6477495 0.08806262
vt 0.64579254 0.09589041
vt 0.64187866 0.11741683
vt 0.64187866 0.11741683
vt 0.9941292 0.8375734
vt 0.99021524 0.7964775
vt 0.99021524 0.7964775
vt 0.9941292 0.8375734
vt 0.14481409 0.4266145
vt 0.19765167 0.4853229
vt 0.13502936 0.45596868
vt 0.19765167 0.41682974
vt 0.7064579 0.27201566
vt 0.7455969 0.30528376
vt 0.68101764 0.15655577
vt 0.7690802 0.15655577
vt 0.8082192 0.13111547
vt 0.0058708414 0.9197652
vt 0.009784736 0.87279844
vt 0.043052837 0.84931505
vt 0.08219178 0.87279844
vt 0.1330724 0.86692756
vt 0.16634052 0.7632094
vt 0.19178082 0.7671233
vt 0.21330725 0.70841485
vt 0.1741683 0.5694716
vt 0.21722114 0.5753425
vt 0.6320939 0.95694715
vt 0.72602737 0.8806262
vt 0.79843444 0.94716245
vt 0.8982387 0.9138943
vt 0.83953035 0.54990214
vt 0.9510763 0.56164384
vt 0.9549902 0.39334637
vt 0.8375734 0.39921722
vt 0.85714287 0.34050882
vt 0.73776907 0.08806262
vt 0.68101764 0.11741683
vt 0.9843444 0.7964775
vt 0.9941292 0.8375734
vt 0.9412916 0.8434442
vt 0.87279844 0.8708415
vt 0.87279844 0.81996083
vt 0.9158513 0.8297456
vt 0.9080235 0.87279844
vt 0.5303327 0.08414873
vt 0.5596869 0.03522505
vt 0.52837574 0.037181996
vt 0.52250487 0.04892368
vt 0.48727983 0.07632094
vt 0.6477495 0.12720157
vt 0.60078275 0.28962818
vt 0.51663405 0.19178082
vt 0.47945204 0.14872798
vt 0.5205479 0.14872798
vt 0.87866926 0.072407044
vt 0.80430526 0.029354207
vt 0.7925636 0.072407044
vt 0.8708415 0.029354207
vt 0.91780823 0.045009784
vt 0.0039138943 0.80430526
vt 0.029354207 0.7906067
vt 0.072407044 0.7847358
vt 0.11741683 0.7358121
vt 0.12524462 0.6614481
vt 0.12524462 0.58317024
vt 0.68101764 0.81409
vt 0.73189825 0.8082192
vt 0.6399217 0.7964775
vt 0.83170253 0.8180039
vt 0.9315069 0.09001957
vt 0.99021524 0.07632094
vt 0.90215266 0.07632094
vt 0.9217221 0.11741683
vt 0.2661448 0.22504893
vt 0.23679061 0.25440314
vt 0.24657534 0.19960861
vt 0.3111546 0.18786693
vt 0.5870842 0.064579256
vt 0.6223092 0.050880626
vt 0.7005871 0.06066536
vt 0.67514676 0.08414873
vt 0.5264188 0.14481409
vt 0.54011744 0.2778865
vt 0.57925636 0.15459883
vt 0.58317024 0.09589041
vt 0.086105675 0.6888454
vt 0.04109589 0.6966732
vt 0.009784736 0.76125246
vt 0.050880626 0.7553816
vt 0.48727983 0.19765167
vt 0.444227 0.16829745
vt 0.072407044 0.6438356
vt 0.83953035 0.80430526
vt 0.9843444 0.099804305
vt 0.33268103 0.23287672
vt 0.40508807 0.21722114
vt 0.39334637 0.18003914
vt 0.4266145 0.18590999
vt 0.55772996 0.11545988
vt 0.4598826 0.113502935
vt 0.021526419 0.6712329
vt 0.021526419 0.57338554
vt 0.22896282 0.05479452
vt 0.2857143 0.043052837
vt 0.3111546 0.099804305
vt 0.19373778 0.099804305
vt 0.3776908 0.66340506
vt 0.35812134 0.6223092
vt 0.3776908 0.57338554
vt 0.17221135 0.32681018
vt 0.1741683 0.32681018
vt 0.1741683 0.32681018
vt 0.17221135 0.32681018
vt 0.17025441 0.32485324
vt 0.12524462 0.3365949
vt 0.15264188 0.30919766
vt 0.15459883 0.30919766
vt 0.17025441 0.32485324
vt 0.15459883 0.30919766
vt 0.15459883 0.30919766
vt 0.15459883 0.30919766
vt 0.15264188 0.3072407
vt 0.15264188 0.3072407
vt 0.15068494 0.30528376
vt 0.10763209 0.29549903
vt 0.11154599 0.26810175
vt 0.15068494 0.30528376
vt 0.11154599 0.26810175
vt 0.21917808 0.99804306
vt 0.2074364 0.9960861
vt 0.2074364 0.9960861
vt 0.19765167 0.96868885
vt 0.22896282 0.96868885
vt 0.24657534 0.9941292
vt 0.21917808 0.99804306
vt 0.24657534 0.9941292
vt 0.7299413 0.16634052
vt 0.72798437 0.16046967
vt 0.72798437 0.16046967
vt 0.7299413 0.16634052
vt 0.739726 0.3444227
vt 0.739726 0.3444227
vt 0.7553816 0.3444227
vt 0.7906067 0.26810175
vt 0.7964775 0.3444227
vt 0.7553816 0.3444227
vt 0.7964775 0.3444227
vt 0.8356164 0.3444227
vt 0.8356164 0.3444227
vt 0.8473581 0.3444227
vt 0.84540117 0.3189824
vt 0.91193736 0.3444227
vt 0.8473581 0.3444227
vt 0.91193736 0.3444227
vt 0.9706458 0.3444227
vt 0.9706458 0.3444227
vt 0.9726027 0.89432484
vt 0.9726027 0.9373777
vt 0.9726027 0.9373777
vt 0.9726027 0.89432484
vt 0.9726027 0.89041096
vt 0.9726027 0.89041096
vt 0.9726027 0.81017613
vt 0.9726027 0.81017613
vt 0.9726027 0.76125246
vt 0.9726027 0.76125246
vt 0.70254403 0.9667319
vt 0.69080234 0.99804306
vt 0.69080234 0.99804306
vt 0.70254403 0.9667319
vt 0.72015655 0.9197652
vt 0.72015655 0.9197652
vt 0.26027396 0.7123288
vt 0.26027396 0.7123288
vt 0.26027396 0.7123288
vt 0.26027396 0.7123288
vt 0.47553816 0.27005872
vt 0.5146771 0.33268103
vt 0.45792565 0.33268103
vt 0.42074364 0.30919766
vt 0.13502936 0.70841485
vt 0.16634052 0.7592955
vt 0.086105675 0.74951077
vt 0.853229 0.15459883
vt 0.95303327 0.14677104
vt 0.8180039 0.14285715
vt 0.9001957 0.22700587
vt 0.9432485 0.30332682
vt 0.888454 0.9295499
vt 0.8982387 0.81409
vt 0.90606654 0.72602737
vt 0.6497065 0.9960861
vt 0.7123288 0.9197652
vt 0.51663405 0.2857143
vt 0.52837574 0.28962818
vt 0.9960861 0.25831702
vt 0.9960861 0.33463797
vt 0.9549902 0.3111546
vt 0.06849315 0.555773
vt 0.06066536 0.50097847
vt 0.0019569471 0.43835616
vt 0.01369863 0.5362035
vt 0.22309197 0.70254403
vt 0.22700587 0.7592955
vt 0.62818 0.6105675
vt 0.5440313 0.6086106
vt 0.555773 0.65753424
vt 0.60665363 0.6555773
vt 0.6379648 0.6712329
vt 0.54990214 0.7005871
vt 0.64187866 0.7064579
vt 0.9941292 0.16242662
vt 0.7886497 0.82778865
vt 0.7925636 0.9960861
vt 0.7964775 0.73776907
vt 0.52837574 0.90215266
vt 0.39726028 0.9843444
vt 0.5988258 0.9334638
vt 0.9921722 0.38551858
vt 0.9158513 0.47162426
vt 0.9315069 0.36594912
vt 0.9941292 0.44227007
vt 0.5694716 0.89041096
vt 0.46379647 0.8962818
vt 0.53816044 0.853229
vt 0.6144814 0.84931505
vt 0.007827789 0.59491193
vt 0.043052837 0.6379648
vt 0.25636008 0.7162427
vt 0.56751466 0.5518591
vt 0.48336595 0.555773
vt 0.592955 0.57338554
vt 0.6731898 0.5714286
vt 0.7299413 0.6555773
vt 0.739726 0.66927594
vt 0.74951077 0.70254403
vt 0.778865 0.9882583
vt 0.10958904 0.667319
vt 0.0704501 0.7690802
vt 0.06849315 0.60273975
vt 0.091976516 0.5968689
vt 0.1741683 0.60273975
vt 0.10176125 0.5303327
vt 0.18786693 0.5088063
vt 0.18199609 0.39726028
vt 0.9941292 0.56751466
vt 0.9412916 0.64579254
vt 0.9373777 0.54011744
vt 0.96477497 0.50097847
vt 0.86105675 0.9549902
vt 0.8551859 0.99804306
vt 0.9217221 0.9882583
vt 0.105675146 0.14872798
vt 0.1780822 0.13111547
vt 0.17221135 0.17221135
vt 0.113502935 0.18003914
vt 0.0019569471 0.15264188
vt 0.019569471 0.13111547
vt 0.07436399 0.555773
vt 0.07436399 0.5088063
vt 0.10176125 0.51663405
vt 0.60078275 0.92759293
vt 0.67514676 0.888454
vt 0.70841485 0.853229
vt 0.037181996 0.6927593
vt 0.06066536 0.66340506
vt 0.015655577 0.6497065
vt 0.0019569471 0.6947162
vt 0.5772994 0.48336595
vt 0.57925636 0.34637964
vt 0.47358122 0.33855185
vt 0.48727983 0.47358122
vt 0.553816 0.50489235
vt 0.6594912 0.4853229
vt 0.69863015 0.5205479
vt 0.7573385 0.52837574
vt 0.7671233 0.5772994
vt 0.7964775 0.54011744
vt 0.851272 0.66340506
vt 0.8414873 0.5753425
vt 0.19569471 0.6771037
vt 0.22113504 0.55772996
vt 0.9921722 0.6927593
vt 0.9295499 0.73189825
vt 0.9823875 0.6497065
vt 0.24657534 0.6399217
vt 0.2739726 0.6771037
vt 0.83953035 0.49510762
vt 0.7847358 0.4853229
vt 0.8630137 0.40313113
vt 0.91193736 0.37964776
vt 0.91193736 0.43639922
vt 0.68101764 0.3444227
vt 0.0039138943 0.7906067
vt 0.05479452 0.77690804
vt 0.87866926 0.3483366
vt 0.9960861 0.68688846
vt 0.9315069 0.6849315
vt 0.9960861 0.59491193
vt 0.9960861 0.69080234
vt 0.9491194 0.7005871
vt 0.9960861 0.69863015
vt 0.4598826 0.48336595
vt 0.40900195 0.45596868
vt 0.45401174 0.4481409
vt 0.46183953 0.49510762
vt 0.37964776 0.47945204
vt 0.853229 0.65753424
vt 0.8434442 0.6927593
vt 0.30919766 0.48336595
vt 0.30332682 0.46575344
vt 0.9706458 0.25440314
vt 0.9334638 0.21722114
vt 0.94520545 0.16046967
vt 0.9765166 0.18199609
vt 0.99804306 0.25244617
vt 0.99804306 0.17612524
vt 0.667319 0.2407045
vt 0.5890411 0.25636008
vt 0.5714286 0.23483366
vt 0.7162427 0.25831702
vt 0.57338554 0.5088063
vt 0.53816044 0.49119374
vt 0.42857143 0.5694716
vt 0.47358122 0.57338554
vt 0.42857143 0.59491193
vt 0.4774951 0.6164383
vt 0.4892368 0.6046967
vt 0.5596869 0.5440313
vt 0.56164384 0.60665363
vt 0.37573385 0.31311154
vt 0.4187867 0.33072406
vt 0.36790606 0.3522505
vt 0.36399218 0.28962818
vt 0.18199609 0.6849315
vt 0.19765167 0.7103718
vt 0.19765167 0.7103718
vt 0.18199609 0.6849315
vt 0.6262231 0.045009784
vt 0.6399217 0.064579256
vt 0.6399217 0.064579256
vt 0.6262231 0.045009784
vt 0.60273975 0.017612524
vt 0.60273975 0.017612524
vt 0.56164384 0.91780823
vt 0.5812133 0.92759293
vt 0.5812133 0.92759293
vt 0.56164384 0.91780823
vt 0.38356164 0.81604695
vt 0.3483366 0.8023483
vt 0.3483366 0.8023483
vt 0.38356164 0.81604695
vt 0.38551858 0.81604695
vt 0.38747555 0.8121331
vt 0.38747555 0.8180039
vt 0.38551858 0.81604695
vt 0.26223093 0.7455969
vt 0.26223093 0.7455969
vt 0.26223093 0.7455969
vt 0.26223093 0.7455969
vt 0.26223093 0.74363995
vt 0.26223093 0.74363995
vt 0.23679061 0.38747555
vt 0.2485323 0.3894325
vt 0.2485323 0.3894325
vt 0.23679061 0.38747555
vt 0.20156556 0.3737769
vt 0.20156556 0.3737769
vt 0.14481409 0.36007828
vt 0.14481409 0.36007828
vt 0.10763209 0.3444227
vt 0.10763209 0.3444227
vt 0.06262231 0.31311154
vt 0.06262231 0.31311154
vt 0.0019569471 0.22504893
vt 0.0019569471 0.18786693
vt 0.0019569471 0.18786693
vt 0.0019569471 0.22504893
vt 0.0019569471 0.27005872
vt 0.0019569471 0.27005872
vt 0.0019569471 0.27201566
vt 0.0019569471 0.27201566
vt 0.8708415 0.07632094
vt 0.8708415 0.07436399
vt 0.8708415 0.07436399
vt 0.8708415 0.07632094
vt 0.6262231 0.8023483
vt 0.62426615 0.80430526
vt 0.62426615 0.80430526
vt 0.6262231 0.8023483
vt 0.6555773 0.7925636
vt 0.6555773 0.7925636
vt 0.70841485 0.7749511
vt 0.70841485 0.7749511
vt 0.7123288 0.7729941
vt 0.7123288 0.7729941
vt 0.7221135 0.7690802
vt 0.7123288 0.7808219
vt 0.7847358 0.74951077
vt 0.7221135 0.7690802
vt 0.7847358 0.74951077
vt 0.80626225 0.74168295
vt 0.7906067 0.81017613
vt 0.80626225 0.74168295
vt 0.80626225 0.74168295
vt 0.80626225 0.8473581
vt 0.5107632 0.5812133
vt 0.5655577 0.57925636
vt 0.51663405 0.54011744
vt 0.60273975 0.017612524
vt 0.60273975 0.08806262
vt 0.6320939 0.07436399
vt 0.19765167 0.67906064
vt 0.5596869 0.90606654
vt 0.5890411 0.90606654
vt 0.34246576 0.79452056
vt 0.3561644 0.7847358
vt 0.40117416 0.7847358
vt 0.24266145 0.7299413
vt 0.24266145 0.6947162
vt 0.27201566 0.70254403
vt 0.23483366 0.43052837
vt 0.1409002 0.3776908
vt 0.052837573 0.3561644
vt 0.0332681 0.4148728
vt 0.04892368 0.35029355
vt 0.72015655 0.25440314
vt 0.73189825 0.2407045
vt 0.7455969 0.1741683
vt 0.045009784 0.25636008
vt 0.007827789 0.18786693
vt 0.0019569471 0.27201566
vt 0.8121331 0.07436399
vt 0.8003914 0.04696673
vt 0.83953035 0.04696673
vt 0.67906064 0.851272
vt 0.6183953 0.8708415
vt 0.7221135 0.8121331
vt 0.7808219 0.9197652
vt 0.7964775 0.9882583
vt 0.80626225 0.9882583
vt 0.3111546 0.93933463
vt 0.32681018 0.90606654
vt 0.32681018 0.960861
vt 0.3111546 0.89041096
vt 0.24657534 0.2935421
vt 0.23483366 0.2935421
vt 0.21722114 0.27201566
vt 0.23091976 0.2446184
vt 0.24657534 0.25048923
vt 0.31311154 0.46183953
vt 0.32681018 0.481409
vt 0.28767124 0.49902153
vt 0.2778865 0.46183953
vt 0.21330725 0.5264188
vt 0.25048923 0.54598826
vt 0.21330725 0.54990214
vt 0.8806262 0.72602737
vt 0.9197652 0.72602737
vt 0.92759293 0.704501
vt 0.9001957 0.6947162
vt 0.27005872 0.6829746
vt 0.21917808 0.46379647
vt 0.23874755 0.45009786
vt 0.119373776 0.43835616
vt 0.10958904 0.48336595
vt 0.052837573 0.46575344
vt 0.74951077 0.29158512
vt 0.68688846 0.25440314
vt 0.0019569471 0.6164383
vt 0.017612524 0.60665363
vt 0.017612524 0.6379648
vt 0.6614481 0.3776908
vt 0.6497065 0.29549903
vt 0.5812133 0.3620352
vt 0.86888456 0.94520545
vt 0.82778865 0.89041096
vt 0.81017613 0.9726027
vt 0.9295499 0.9882583
vt 0.8375734 0.99804306
vt 0.47162426 0.38356164
vt 0.39530334 0.38356164
vt 0.39921722 0.36007828
vt 0.88258314 0.65362036
vt 0.8551859 0.62426615
vt 0.8982387 0.62426615
vt 0.8923679 0.6516634
vt 0.7240704 0.9843444
vt 0.6086106 0.99021524
vt 0.61252445 0.9823875
vt 0.6712329 0.96868885
vt 0.6594912 0.92367905
vt 0.592955 0.9099804
vt 0.7749511 0.07632094
vt 0.7358121 0.9334638
vt 0.7005871 0.9921722
vt 0.7906067 0.99804306
vt 0.6927593 0.47162426
vt 0.69080234 0.4266145
vt 0.67514676 0.43639922
vt 0.029354207 0.08806262
vt 0.0332681 0.052837573
vt 0.045009784 0.10176125
vt 0.0019569471 0.058708414
vt 0.0019569471 0.10958904
vt 0.4520548 0.45401174
vt 0.4148728 0.42465752
vt 0.44618395 0.46379647
vt 0.4187867 0.40117416
vt 0.47358122 0.38747555
vt 0.47358122 0.4403131
vt 0.26418787 0.52250487
vt 0.27984345 0.54990214
vt 0.9882583 0.90215266
vt 0.9960861 0.96868885
vt 0.9510763 0.93933463
vt 0.94716245 0.90606654
vt 0.9960861 0.87279844
vt 0.2857143 0.5205479
vt 0.27201566 0.46379647
vt 0.16438356 0.49510762
vt 0.078277886 0.5440313
vt 0.7749511 0.36790606
vt 0.853229 0.853229
vt 0.81604695 0.7749511
vt 0.88454014 0.88258314
vt 0.9158513 0.9138943
vt 0.98043054 0.9726027
vt 0.113502935 0.5596869
vt 0.18003914 0.5264188
vt 0.119373776 0.5303327
vt 0.091976516 0.5518591
vt 0.058708414 0.59099805
vt 0.0019569471 0.5322896
vt 0.04109589 0.67514676
vt 0.68688846 0.39921722
vt 0.7103718 0.42270058
vt 0.667319 0.42270058
vt 0.26223093 0.17221135
vt 0.31311154 0.2407045
vt 0.23091976 0.23483366
vt 0.23874755 0.18395303
vt 0.61252445 0.119373776
vt 0.6731898 0.09589041
vt 0.6888454 0.119373776
vt 0.64187866 0.0704501
vt 0.8356164 0.7005871
vt 0.8258317 0.7299413
vt 0.84540117 0.78277886
vt 0.8767123 0.7514677
vt 0.86888456 0.68101764
vt 0.7455969 0.4774951
vt 0.75342464 0.4266145
vt 0.9099804 0.72798437
vt 0.9510763 0.7671233
vt 0.9041096 0.77690804
vt 0.8923679 0.73189825
vt 0.88258314 0.7553816
vt 0.28375733 0.16046967
vt 0.22309197 0.14677104
vt 0.21526419 0.18003914
vt 0.27201566 0.08219178
vt 0.3072407 0.13502936
vt 0.2857143 0.086105675
vt 0.58317024 0.5205479
vt 0.6731898 0.45401174
vt 0.704501 0.49510762
vt 0.66340506 0.42465752
vt 0.60078275 0.45596868
vt 0.53424656 0.41291586
vt 0.4970646 0.47162426
vt 0.4774951 0.42270058
vt 0.8630137 0.7964775
vt 0.91780823 0.82191783
vt 0.9412916 0.84931505
vt 0.9706458 0.87866926
vt 0.12133072 0.6086106
vt 0.18982388 0.6183953
vt 0.24657534 0.58317024
vt 0.09001957 0.6379648
vt 0.06262231 0.7553816
vt 0.01369863 0.73189825
vt 0.49119374 0.7592955
vt 0.5440313 0.74951077
vt 0.5322896 0.7808219
vt 0.5088063 0.74951077
vt 0.73189825 0.40508807
vt 0.7455969 0.41682974
vt 0.7064579 0.38551858
vt 0.62035227 0.5264188
vt 0.6516634 0.553816
vt 0.65753424 0.5264188
vt 0.12720157 0.99804306
vt 0.1369863 0.98630136
vt 0.14872798 0.99804306
vt 0.33072406 0.18199609
vt 0.36594912 0.2485323
vt 0.2818004 0.18199609
vt 0.22113504 0.5518591
vt 0.25831702 0.5772994
vt 0.2661448 0.5518591
vt 0.1780822 0.3483366
vt 0.19960861 0.2857143
vt 0.25636008 0.30919766
vt 0.2818004 0.3365949
vt 0.22700587 0.3776908
vt 0.77690804 0.7221135
vt 0.79452056 0.68101764
vt 0.8180039 0.65753424
vt 0.87279844 0.65753424
vt 0.8767123 0.6594912
vt 0.7671233 0.7475538
vt 0.76516634 0.6927593
vt 0.7338552 0.7123288
vt 0.7338552 0.75342464
vt 0.7749511 0.45401174
vt 0.95303327 0.7358121
vt 0.9843444 0.77690804
vt 0.21526419 0.099804305
vt 0.21526419 0.05479452
vt 0.26027396 0.03522505
vt 0.2857143 0.05479452
vt 0.26027396 0.029354207
vt 0.40117416 0.1330724
vt 0.3776908 0.12915851
vt 0.3561644 0.16242662
vt 0.43639922 0.16046967
vt 0.44227007 0.17221135
vt 0.5812133 0.3816047
vt 0.5636008 0.32876712
vt 0.48727983 0.34246576
vt 0.9412916 0.78669274
vt 0.96477497 0.77690804
vt 0.9921722 0.81409
vt 0.105675146 0.6829746
vt 0.16829745 0.68101764
vt 0.19569471 0.7162427
vt 0.6144814 0.5420744
vt 0.07632094 0.26810175
vt 0.031311154 0.27201566
vt 0.08219178 0.23874755
vt 0.119373776 0.24266145
vt 0.3816047 0.17221135
vt 0.40508807 0.22504893
vt 0.04892368 0.9960861
vt 0.007827789 0.9726027
vt 0.04892368 0.96868885
vt 0.0019569471 0.99804306
vt 0.42074364 0.18199609
vt 0.43052837 0.21330725
vt 0.5636008 0.10958904
vt 0.555773 0.078277886
vt 0.5968689 0.06849315
vt 0.09393346 0.29745597
vt 0.37181997 0.9843444
vt 0.39921722 0.99021524
vt 0.39530334 0.9726027
vt 0.19569471 0.21917808
vt 0.22700587 0.22896282
vt 0.22700587 0.19178082
vt 0.20547946 0.18590999
vt 0.6731898 0.38551858
vt 0.6712329 0.40508807
vt 0.6379648 0.407045
vt 0.6320939 0.38551858
vt 0.12133072 0.3072407
vt 0.15068494 0.33855185
vt 0.79843444 0.57925636
vt 0.81017613 0.5714286
vt 0.8414873 0.6379648
vt 0.79843444 0.6516634
vt 0.8590998 0.63600785
vt 0.46771038 0.12915851
vt 0.4970646 0.3189824
vt 0.553816 0.29158512
vt 0.9510763 0.072407044
vt 0.9960861 0.04892368
vt 0.9960861 0.12915851
vt 0.9589041 0.099804305
vt 0.94716245 0.12720157
vt 0.9706458 0.16438356
vt 0.18786693 0.10176125
vt 0.21526419 0.13894325
vt 0.16829745 0.13894325
vt 0.5812133 0.6966732
vt 0.54011744 0.7181996
vt 0.5420744 0.68688846
vt 0.5772994 0.6712329
vt 0.5812133 0.6046967
vt 0.52446187 0.65362036
vt 0.553816 0.6183953
vt 0.5714286 0.7475538
vt 0.078277886 0.8434442
vt 0.04696673 0.81604695
vt 0.086105675 0.78277886
vt 0.9921722 0.6223092
vt 0.94716245 0.66536206
vt 0.94520545 0.6262231
vt 0.9882583 0.592955
vt 0.9941292 0.74168295
vt 0.04696673 0.8434442
vt 0.086105675 0.8747554
vt 0.9921722 0.69080234
vt 0.69863015 0.9432485
vt 0.9197652 0.6262231
vt 0.9412916 0.6379648
vt 0.9197652 0.667319
vt 0.6849315 0.76125246
vt 0.6712329 0.7671233
vt 0.6712329 0.7671233
vt 0.68101764 0.78277886
vt 0.7181996 0.78277886
vt 0.704501 0.75342464
vt 0.6849315 0.76125246
vt 0.704501 0.75342464
vt 0.27005872 0.89041096
vt 0.27592954 0.84540117
vt 0.27592954 0.84540117
vt 0.27005872 0.89041096
vt 0.26027396 0.9491194
vt 0.26027396 0.9491194
vt 0.25440314 0.9882583
vt 0.25440314 0.9882583
vt 0.25440314 0.9921722
vt 0.25440314 0.9921722
vt 0.25440314 0.9941292
vt 0.23874755 0.9823875
vt 0.25440314 0.9960861
vt 0.25440314 0.9941292
vt 0.25440314 0.9960861
vt 0.94520545 0.17025441
vt 0.94520545 0.16634052
vt 0.94520545 0.16634052
vt 0.94520545 0.17025441
vt 0.94520545 0.20939335
vt 0.94520545 0.20939335
vt 0.82191783 0.5362035
vt 0.82191783 0.4598826
vt 0.82191783 0.4598826
vt 0.82191783 0.5362035
vt 0.82191783 0.59491193
vt 0.82191783 0.59491193
vt 0.39334637 0.7455969
vt 0.40313113 0.74363995
vt 0.40313113 0.74363995
vt 0.40313113 0.74168295
vt 0.30528376 0.7514677
vt 0.34637964 0.7573385
vt 0.39334637 0.7455969
vt 0.34637964 0.7573385
vt 0.9882583 0.5655577
vt 0.9882583 0.5655577
vt 0.9882583 0.5655577
vt 0.9882583 0.5655577
vt 0.9960861 0.5362035
vt 0.9882583 0.5655577
vt 0.9960861 0.5362035
vt 0.9960861 0.5322896
vt 0.9491194 0.5420744
vt 0.9921722 0.5322896
vt 0.9960861 0.5322896
vt 0.99804306 0.50489235
vt 0.9921722 0.5322896
vt 0.99804306 0.50489235
vt 0.031311154 0.99804306
vt 0.03522505 0.9941292
vt 0.037181996 0.99804306
vt 0.037181996 0.99804306
vt 0.3522505 0.30528376
vt 0.3737769 0.33855185
vt 0.369863 0.34050882
vt 0.3522505 0.3365949
vt 0.369863 0.34050882
vt 0.091976516 0.16046967
vt 0.0665362 0.1330724
vt 0.06066536 0.16046967
vt 0.086105675 0.16242662
vt 0.06066536 0.16046967
vt 0.086105675 0.16242662
vt 0.091976516 0.16438356
vt 0.091976516 0.16438356
vt 0.09393346 0.16438356
vt 0.09393346 0.16438356
vt 0.1037182 0.16634052
vt 0.10763209 0.14872798
vt 0.1330724 0.16438356
vt 0.1037182 0.16634052
vt 0.1330724 0.16438356
vt 0.15068494 0.16438356
vt 0.15068494 0.16438356
vt 0.15851273 0.16634052
vt 0.15851273 0.16634052
vt 0.16242662 0.16634052
vt 0.16829745 0.15459883
vt 0.16634052 0.16634052
vt 0.16242662 0.16634052
vt 0.16634052 0.16634052
vt 0.17025441 0.12524462
vt 0.16829745 0.15459883
vt 0.17025441 0.12524462
vt 0.75342464 0.96477497
vt 0.7573385 0.9921722
vt 0.7573385 0.9921722
vt 0.75342464 0.96477497
vt 0.74951077 0.9432485
vt 0.74951077 0.9432485
vt 0.74951077 0.9412916
vt 0.74951077 0.9412916
vt 0.5753425 0.73189825
vt 0.58317024 0.7455969
vt 0.58317024 0.7455969
vt 0.5714286 0.7103718
vt 0.5694716 0.7181996
vt 0.5753425 0.73189825
vt 0.5655577 0.7103718
vt 0.5694716 0.7181996
vt 0.5655577 0.7103718
vt 0.9041096 0.444227
vt 0.9041096 0.44227007
vt 0.9041096 0.44227007
vt 0.9041096 0.444227
vt 0.9099804 0.46575344
vt 0.9099804 0.46575344
vt 0.6379648 0.25636008
vt 0.6438356 0.25636008
vt 0.6438356 0.25636008
vt 0.6164383 0.2739726
vt 0.61252445 0.25636008
vt 0.6379648 0.25636008
vt 0.61252445 0.25636008
vt 0.60665363 0.25636008
vt 0.45792565 0.32681018
vt 0.50097847 0.25636008
vt 0.60665363 0.25636008
vt 0.50097847 0.25636008
vt 0.43444228 0.25636008
vt 0.43444228 0.25636008
vt 0.050880626 0.81017613
vt 0.037181996 0.80626225
vt 0.037181996 0.80626225
vt 0.03522505 0.739726
vt 0.050880626 0.81017613
vt 0.26223093 0.60273975
vt 0.26223093 0.6046967
vt 0.26223093 0.60273975
vt 0.26223093 0.60273975
vt 0.26223093 0.60273975
vt 0.26027396 0.60273975
vt 0.1780822 0.67906064
vt 0.16046967 0.60273975
vt 0.26027396 0.60273975
vt 0.16046967 0.60273975
vt 0.1409002 0.60273975
vt 0.1409002 0.60273975
vt 0.13111547 0.60273975
vt 0.13111547 0.60273975
vt 0.11741683 0.60273975
vt 0.08023483 0.6966732
vt 0.078277886 0.6438356
vt 0.058708414 0.60273975
vt 0.11741683 0.60273975
vt 0.058708414 0.60273975
vt 0.045009784 0.60273975
vt 0.043052837 0.6340509
vt 0.87279844 0.99804306
vt 0.83170253 0.99804306
vt 0.851272 0.97455966
vt 0.851272 0.97455966
vt 0.87279844 0.99804306
vt 0.7221135 0.7886497
vt 0.6183953 0.7886497
vt 0.7221135 0.78669274
vt 0.7221135 0.78669274
vt 0.67514676 0.86692756
vt 0.72015655 0.83170253
vt 0.7221135 0.7886497
vt 0.72015655 0.83170253
vt 0.7181996 0.8630137
vt 0.7181996 0.8630137
vt 0.72015655 0.8864971
vt 0.72015655 0.8864971
vt 0.72015655 0.9491194
vt 0.72015655 0.9491194
vt 0.72015655 0.9765166
vt 0.72015655 0.9765166
vt 0.43835616 0.7592955
vt 0.45401174 0.76125246
vt 0.45401174 0.76125246
vt 0.43835616 0.7592955
vt 0.30332682 0.7592955
vt 0.30332682 0.7592955
vt 0.29549903 0.7592955
vt 0.29549903 0.7592955
vt 0.0058708414 0.86692756
vt 0.0058708414 0.86692756
vt 0.0058708414 0.86692756
vt 0.0058708414 0.86692756
vt 0.023483366 0.86888456
vt 0.023483366 0.86888456
vt 0.32681018 0.15459883
vt 0.3072407 0.15264188
vt 0.3072407 0.15264188
vt 0.32681018 0.15459883
vt 0.3444227 0.15851273
vt 0.3444227 0.15851273
vt 0.35420743 0.15851273
vt 0.33463797 0.1780822
vt 0.32093933 0.27201566
vt 0.35812134 0.16046967
vt 0.35420743 0.15851273
vt 0.35812134 0.16046967
vt 0.3620352 0.16046967
vt 0.3620352 0.16046967
vt 0.3483366 0.24266145
vt 0.3483366 0.24266145
vt 0.34050882 0.2994129
vt 0.34050882 0.2994129
vt 0.33463797 0.33463797
vt 0.33463797 0.33463797
vt 0.33072406 0.36594912
vt 0.33072406 0.36594912
vt 0.60273975 0.6927593
vt 0.5812133 0.6947162
vt 0.5812133 0.6947162
vt 0.60273975 0.6927593
vt 0.62035227 0.6888454
vt 0.62035227 0.6888454
vt 0.65362036 0.6849315
vt 0.65362036 0.6849315
vt 0.15655577 0.8356164
vt 0.24657534 0.8551859
vt 0.11545988 0.9549902
vt 0.2074364 0.9921722
vt 0.9001957 0.16046967
vt 0.9080235 0.20156556
vt 0.8551859 0.4598826
vt 0.8238748 0.59491193
vt 0.8923679 0.5264188
vt 0.84540117 0.58317024
vt 0.30528376 0.72015655
vt 0.39334637 0.7181996
vt 0.92367905 0.5518591
vt 0.92759293 0.5264188
vt 0.9843444 0.4892368
vt 0.38356164 0.30919766
vt 0.3522505 0.26027396
vt 0.08806262 0.09001957
vt 0.11741683 0.09001957
vt 0.1369863 0.12328767
vt 0.72602737 0.99804306
vt 0.72602737 0.9412916
vt 0.58317024 0.7064579
vt 0.9041096 0.44227007
vt 0.95694715 0.46575344
vt 0.65753424 0.2994129
vt 0.5088063 0.3620352
vt 0.45792565 0.36399218
vt 0.050880626 0.7358121
vt 0.043052837 0.7064579
vt 0.28375733 0.6829746
vt 0.091976516 0.7553816
vt 0.11545988 0.21917808
vt 0.12720157 0.2407045
vt 0.18786693 0.2485323
vt 0.19178082 0.21917808
vt 0.21722114 0.2485323
vt 0.0665362 0.6712329
vt 0.5420744 0.851272
vt 0.47945204 0.7964775
vt 0.592955 0.81996083
vt 0.6086106 0.89432484
vt 0.6927593 0.8962818
vt 0.6771037 0.9667319
vt 0.40900195 0.79843444
vt 0.46379647 0.80430526
vt 0.29549903 0.82191783
vt 0.0019569471 0.8121331
vt 0.021526419 0.8023483
vt 0.27005872 0.22113504
vt 0.27201566 0.29549903
vt 0.32093933 0.36790606
vt 0.58317024 0.6849315
vt 0.6438356 0.65753424
vt 0.04892368 0.84540117
vt 0.023483366 0.8767123
vt 0.07436399 0.9667319
vt 0.9941292 0.96477497
vt 0.9941292 0.99804306
vt 0.9823875 0.9667319
vt 0.80430526 0.16634052
vt 0.8003914 0.16046967
vt 0.86105675 0.21330725
vt 0.91780823 0.50097847
vt 0.90215266 0.46771038
vt 0.34050882 0.667319
vt 0.38551858 0.6046967
vt 0.38747555 0.64187866
vt 0.9589041 0.481409
vt 0.92367905 0.47162426
vt 0.39138943 0.2778865
vt 0.4148728 0.29745597
vt 0.407045 0.22700587
vt 0.60078275 0.15264188
vt 0.5870842 0.15851273
vt 0.6497065 0.18590999
vt 0.67514676 0.16438356
vt 0.61252445 0.12720157
vt 0.64187866 0.11741683
vt 0.7064579 0.18590999
vt 0.704501 0.12524462
vt 0.6731898 0.1037182
vt 0.9510763 0.4403131
vt 0.5988258 0.33463797
vt 0.6497065 0.31506848
vt 0.47358122 0.37573385
vt 0.16634052 0.7514677
vt 0.22700587 0.75342464
vt 0.30332682 0.7103718
vt 0.12328767 0.7729941
vt 0.119373776 0.7886497
vt 0.65362036 0.34050882
vt 0.57925636 0.36399218
vt 0.5772994 0.3483366
vt 0.49315068 0.84931505
vt 0.481409 0.8708415
vt 0.4892368 0.91780823
vt 0.518591 0.92367905
vt 0.553816 0.962818
vt 0.62035227 0.9706458
vt 0.46183953 0.86105675
vt 0.37181997 0.89041096
vt 0.2935421 0.8864971
vt 0.007827789 0.75342464
vt 0.031311154 0.73189825
vt 0.24266145 0.2994129
vt 0.23091976 0.3816047
vt 0.65362036 0.60078275
vt 0.5968689 0.5968689
vt 0.63013697 0.57338554
vt 0.7690802 0.9510763
vt 0.82191783 0.9197652
vt 0.74363995 0.9197652
vt 0.7906067 0.99804306
vt 0.011741683 0.99804306
vt 0.0019569471 0.92367905
vt 0.91780823 0.10763209
vt 0.95694715 0.09001957
vt 0.95694715 0.15851273
vt 0.9315069 0.16046967
vt 0.91193736 0.8434442
vt 0.94716245 0.81604695
vt 0.9510763 0.8434442
vt 0.9217221 0.8180039
vt 0.7906067 0.18786693
vt 0.53816044 0.5068493
vt 0.5029354 0.5205479
vt 0.57338554 0.54011744
vt 0.57925636 0.5029354
vt 0.56751466 0.49119374
vt 0.3444227 0.6144814
vt 0.41095892 0.24266145
vt 0.10176125 0.9726027
vt 0.08219178 0.99804306
vt 0.06849315 0.9882583
vt 0.07436399 0.97455966
vt 0.12915851 0.9726027
vt 0.17612524 0.77103716
vt 0.6771037 0.39530334
vt 0.75342464 0.4853229
vt 0.6086106 0.4481409
vt 0.6614481 0.3620352
vt 0.69863015 0.3365949
vt 0.67514676 0.54990214
vt 0.6947162 0.5440313
vt 0.67514676 0.5029354
vt 0.4970646 0.45401174
vt 0.47358122 0.49315068
vt 0.45596868 0.47945204
vt 0.4598826 0.45401174
vt 0.42857143 0.4892368
vt 0.49510762 0.94716245
vt 0.4324853 0.9667319
vt 0.4853229 0.9823875
vt 0.46771038 0.925636
vt 0.41291586 0.92367905
vt 0.28962818 0.9373777
vt 0.0019569471 0.70841485
vt 0.019569471 0.66340506
vt 0.19178082 0.3620352
vt 0.6105675 0.5420744
vt 0.5753425 0.555773
vt 0.6164383 0.4892368
vt 0.25831702 0.78669274
vt 0.28962818 0.7906067
vt 0.2739726 0.8414873
vt 0.2485323 0.81604695
vt 0.9373777 0.87279844
vt 0.8982387 0.86692756
vt 0.94520545 0.9099804
vt 0.9197652 0.9373777
vt 0.8630137 0.960861
vt 0.76125246 0.1780822
vt 0.78669274 0.25244617
vt 0.78669274 0.16829745
vt 0.14677104 0.29549903
vt 0.16438356 0.3620352
vt 0.1037182 0.33268103
vt 0.099804305 0.2778865
vt 0.13894325 0.25636008
vt 0.09589041 0.25244617
vt 0.5029354 0.47553816
vt 0.5303327 0.39921722
vt 0.56164384 0.42857143
vt 0.25831702 0.22113504
vt 0.22309197 0.23679061
vt 0.22700587 0.25636008
vt 0.2485323 0.25244617
vt 0.13111547 0.99804306
vt 0.79452056 0.43444228
vt 0.81017613 0.4598826
vt 0.7690802 0.31506848
vt 0.72798437 0.32093933
vt 0.51272017 0.99804306
vt 0.4892368 0.98630136
vt 0.49510762 0.94716245
vt 0.35812134 0.99804306
vt 0.444227 0.99021524
vt 0.28375733 0.99804306
vt 0.0039138943 0.65362036
vt 0.5851272 0.52446187
vt 0.5968689 0.4403131
vt 0.9510763 0.851272
vt 0.97455966 0.8414873
vt 0.5655577 0.43444228
vt 0.59099805 0.46379647
vt 0.59099805 0.4187867
vt 0.56751466 0.4148728
vt 0.9491194 0.8923679
vt 0.8121331 0.6183953
vt 0.81604695 0.65362036
vt 0.83365947 0.66340506
vt 0.83365947 0.6046967
vt 0.80626225 0.26223093
vt 0.79452056 0.22504893
vt 0.86105675 0.22504893
vt 0.8414873 0.26810175
vt 0.74363995 0.2935421
vt 0.78277886 0.31702545
vt 0.73776907 0.25244617
vt 0.73776907 0.21526419
vt 0.72602737 0.17221135
vt 0.69863015 0.21135029
vt 0.9960861 0.2074364
vt 0.96868885 0.13894325
vt 0.9960861 0.1330724
vt 0.22896282 0.2661448
vt 0.22700587 0.30332682
vt 0.20547946 0.25244617
vt 0.5107632 0.407045
vt 0.9706458 0.47945204
vt 0.9960861 0.47553816
vt 0.9941292 0.45009786
vt 0.960861 0.45009786
vt 0.19569471 0.20156556
vt 0.22309197 0.18395303
vt 0.26418787 0.1741683
vt 0.8473581 0.28962818
vt 0.7906067 0.26223093
vt 0.8297456 0.39334637
vt 0.87866926 0.39334637
vt 0.8747554 0.4481409
vt 0.81996083 0.43639922
vt 0.80430526 0.44227007
vt 0.19765167 0.42074364
vt 0.16634052 0.39138943
vt 0.18199609 0.39530334
vt 0.22309197 0.54011744
vt 0.15459883 0.49510762
vt 0.14481409 0.57338554
vt 0.22896282 0.5518591
vt 0.119373776 0.5518591
vt 0.07436399 0.5988258
vt 0.064579256 0.5870842
vt 0.06262231 0.51272017
vt 0.050880626 0.5518591
vt 0.07436399 0.38356164
vt 0.12524462 0.35029355
vt 0.16046967 0.369863
vt 0.06262231 0.6771037
vt 0.03522505 0.6947162
vt 0.06262231 0.7181996
vt 0.34637964 0.12720157
vt 0.34637964 0.08023483
vt 0.38747555 0.11741683
vt 0.04696673 0.65362036
vt 0.93933463 0.99804306
vt 0.9726027 0.9510763
vt 0.98043054 0.99021524
vt 0.23679061 0.407045
vt 0.27201566 0.39921722
vt 0.21917808 0.39921722
vt 0.55772996 0.96868885
vt 0.51272017 0.9726027
vt 0.518591 0.99804306
vt 0.5655577 0.99804306
vt 0.20547946 0.11154599
vt 0.21526419 0.12720157
vt 0.18395303 0.14285715
vt 0.16634052 0.11154599
vt 0.25440314 0.42074364
vt 0.04892368 0.43052837
vt 0.0058708414 0.42270058
vt 0.0019569471 0.39530334
vt 0.050880626 0.37964776
vt 0.99804306 0.38356164
vt 0.9334638 0.42465752
vt 0.98043054 0.4403131
vt 0.94716245 0.3522505
vt 0.9843444 0.34637964
vt 0.9491194 0.31311154
vt 0.98630136 0.3189824
vt 0.70841485 0.28962818
vt 0.7162427 0.31506848
vt 0.6731898 0.26223093
vt 0.6497065 0.22896282
vt 0.56164384 0.39530334
vt 0.4892368 0.39530334
vt 0.5303327 0.36007828
vt 0.94716245 0.24266145
vt 0.960861 0.21526419
vt 0.9882583 0.25244617
vt 0.96477497 0.2739726
vt 0.93542075 0.3111546
vt 0.90606654 0.2818004
vt 0.87279844 0.2818004
vt 0.50097847 0.105675146
vt 0.51663405 0.13894325
vt 0.5518591 0.105675146
vt 0.06849315 0.32681018
vt 0.09393346 0.36399218
vt 0.06262231 0.35029355
vt 0.8649706 0.27592954
vt 0.85714287 0.25244617
vt 0.8962818 0.3365949
vt 0.11154599 0.40117416
vt 0.9217221 0.3189824
vt 0.6516634 0.24266145
vt 0.9315069 0.21526419
vt 0.87866926 0.21917808
vt 0.09393346 0.30136988
vt 0.08023483 0.26223093
vt 0.8864971 0.29549903
vt 0.962818 0.19960861
vt 0.9784736 0.22896282
vt 0.36790606 0.19765167
vt 0.39921722 0.22504893
vt 0.407045 0.19765167
vt 0.35812134 0.22309197
vt 0.17221135 0.16438356
vt 0.23679061 0.12524462
vt 0.26418787 0.12915851
vt 0.32093933 0.119373776
vt 0.33855185 0.14285715
vt 0.30136988 0.14872798
vt 0.6262231 0.9784736
vt 0.64579254 0.99804306
vt 0.6712329 0.9726027
vt 0.8434442 0.72602737
vt 0.9041096 0.7455969
vt 0.9041096 0.7455969
vt 0.8434442 0.72602737
vt 0.739726 0.6927593
vt 0.739726 0.6927593
vt 0.7338552 0.69080234
vt 0.72798437 0.7925636
vt 0.7064579 0.79452056
vt 0.73189825 0.69080234
vt 0.7338552 0.69080234
vt 0.73189825 0.69080234
vt 0.71428573 0.6849315
vt 0.71428573 0.6849315
vt 0.70841485 0.6829746
vt 0.70841485 0.6888454
vt 0.7064579 0.9549902
vt 0.7064579 0.9549902
vt 0.7064579 0.9549902
vt 0.7064579 0.9549902
vt 0.7064579 0.9706458
vt 0.7064579 0.9706458
vt 0.7064579 0.9726027
vt 0.7123288 0.96868885
vt 0.7221135 0.9941292
vt 0.7064579 0.99804306
vt 0.7064579 0.9726027
vt 0.7064579 0.99804306
vt 0.0019569471 0.99804306
vt 0.0058708414 0.9921722
vt 0.0058708414 0.9921722
vt 0.0019569471 0.99804306
vt 0.29549903 0.74168295
vt 0.28375733 0.7358121
vt 0.28375733 0.7358121
vt 0.29549903 0.74168295
vt 0.15655577 0.056751467
vt 0.14872798 0.058708414
vt 0.14872798 0.058708414
vt 0.15655577 0.056751467
vt 0.62035227 0.1409002
vt 0.62035227 0.18982388
vt 0.62035227 0.18982388
vt 0.62035227 0.1409002
vt 0.6223092 0.11545988
vt 0.6223092 0.11545988
vt 0.62035227 0.0665362
vt 0.62035227 0.0665362
vt 0.62035227 0.050880626
vt 0.6829746 0.05479452
vt 0.29745597 0.96477497
vt 0.29745597 0.9667319
vt 0.29745597 0.9667319
vt 0.29745597 0.9667319
vt 0.29745597 0.96477497
vt 0.29745597 0.95303327
vt 0.29745597 0.925636
vt 0.29745597 0.95303327
vt 0.29745597 0.925636
vt 0.29745597 0.9158513
vt 0.29745597 0.9158513
vt 0.46183953 0.29745597
vt 0.46379647 0.29745597
vt 0.46379647 0.29745597
vt 0.46183953 0.29745597
vt 0.42857143 0.30528376
vt 0.42857143 0.30528376
vt 0.6379648 0.6614481
vt 0.56751466 0.66536206
vt 0.56751466 0.66536206
vt 0.6379648 0.6614481
vt 0.64187866 0.66536206
vt 0.64579254 0.6477495
vt 0.64579254 0.66536206
vt 0.64187866 0.66536206
vt 0.64579254 0.66536206
vt 0.6614481 0.66536206
vt 0.6614481 0.66536206
vt 0.6849315 0.66536206
vt 0.6849315 0.66536206
vt 0.7514677 0.6614481
vt 0.7514677 0.6614481
vt 0.75342464 0.6614481
vt 0.75342464 0.6614481
vt 0.64579254 0.27005872
vt 0.6888454 0.27201566
vt 0.66340506 0.2035225
vt 0.6594912 0.2035225
vt 0.66340506 0.2035225
vt 0.6477495 0.2035225
vt 0.6594912 0.2035225
vt 0.6399217 0.20939335
vt 0.6399217 0.2035225
vt 0.6477495 0.2035225
vt 0.6379648 0.2035225
vt 0.6399217 0.2035225
vt 0.6379648 0.2035225
vt 0.63600785 0.2035225
vt 0.63600785 0.2035225
vt 0.62035227 0.2035225
vt 0.62035227 0.2035225
vt 0.2407045 0.17612524
vt 0.16438356 0.21330725
vt 0.2407045 0.21526419
vt 0.2407045 0.21526419
vt 0.2407045 0.17612524
vt 0.2407045 0.12915851
vt 0.2407045 0.12915851
vt 0.9217221 0.49510762
vt 0.9158513 0.47553816
vt 0.9158513 0.47553816
vt 0.9217221 0.49510762
vt 0.92367905 0.5029354
vt 0.92367905 0.5029354
vt 0.9334638 0.7475538
vt 0.9491194 0.74951077
vt 0.9491194 0.74951077
vt 0.9334638 0.7475538
vt 0.9217221 0.7455969
vt 0.9217221 0.7592955
vt 0.0019569471 0.5772994
vt 0.019569471 0.555773
vt 0.007827789 0.555773
vt 0.007827789 0.555773
vt 0.01369863 0.58317024
vt 0.0019569471 0.5812133
vt 0.0019569471 0.5772994
vt 0.0039138943 0.40313113
vt 0.0019569471 0.39138943
vt 0.0019569471 0.39138943
vt 0.0039138943 0.40313113
vt 0.0039138943 0.45792565
vt 0.0039138943 0.45792565
vt 0.0039138943 0.5107632
vt 0.0039138943 0.5107632
vt 0.0039138943 0.5264188
vt 0.0039138943 0.5264188
vt 0.0058708414 0.5420744
vt 0.09393346 0.52837574
vt 0.0058708414 0.5479452
vt 0.0058708414 0.5420744
vt 0.099804305 0.5479452
vt 0.18395303 0.32681018
vt 0.21917808 0.21917808
vt 0.21722114 0.31506848
vt 0.21722114 0.31506848
vt 0.18395303 0.32681018
vt 0.14677104 0.33855185
vt 0.14677104 0.33855185
vt 0.13111547 0.3444227
vt 0.13111547 0.3444227
vt 0.019569471 0.37964776
vt 0.019569471 0.37964776
vt 0.015655577 0.3816047
vt 0.015655577 0.23287672
vt 0.0039138943 0.3620352
vt 0.0039138943 0.38747555
vt 0.015655577 0.3816047
vt 0.0332681 0.63013697
vt 0.07632094 0.57338554
vt 0.052837573 0.5714286
vt 0.052837573 0.5714286
vt 0.0332681 0.63013697
vt 0.019569471 0.6712329
vt 0.019569471 0.6712329
vt 0.0019569471 0.72015655
vt 0.0019569471 0.72015655
vt 0.01369863 0.72602737
vt 0.037181996 0.6712329
vt 0.09784736 0.76125246
vt 0.01369863 0.72602737
vt 0.09784736 0.76125246
vt 0.1037182 0.7632094
vt 0.1037182 0.7632094
vt 0.10763209 0.76516634
vt 0.10763209 0.76516634
vt 0.119373776 0.7690802
vt 0.16046967 0.6731898
vt 0.2818004 0.7553816
vt 0.12328767 0.77103716
vt 0.119373776 0.7690802
vt 0.25440314 0.7729941
vt 0.27592954 0.17612524
vt 0.27005872 0.30919766
vt 0.26810175 0.1780822
vt 0.26810175 0.1780822
vt 0.2994129 0.21135029
vt 0.30919766 0.16046967
vt 0.27592954 0.17612524
vt 0.30919766 0.16046967
vt 0.3365949 0.16046967
vt 0.3365949 0.16046967
vt 0.3444227 0.15459883
vt 0.33855185 0.16634052
vt 0.39921722 0.12133072
vt 0.3444227 0.15459883
vt 0.39921722 0.12133072
vt 0.41682974 0.119373776
vt 0.41682974 0.119373776
vt 0.42074364 0.12524462
vt 0.42074364 0.12524462
vt 0.88454014 0.050880626
vt 0.88454014 0.043052837
vt 0.88454014 0.043052837
vt 0.88454014 0.050880626
vt 0.88454014 0.19569471
vt 0.88454014 0.19569471
vt 0.88454014 0.2661448
vt 0.88454014 0.2661448
vt 0.86105675 0.14872798
vt 0.82778865 0.15459883
vt 0.82778865 0.15459883
vt 0.86105675 0.14872798
vt 0.42270058 0.49119374
vt 0.43052837 0.32681018
vt 0.43052837 0.32681018
vt 0.42270058 0.49119374
vt 0.42074364 0.49510762
vt 0.42074364 0.49510762
vt 0.42074364 0.49510762
vt 0.42074364 0.49510762
vt 0.4187867 0.49510762
vt 0.4187867 0.49510762
vt 0.40508807 0.51272017
vt 0.4187867 0.49510762
vt 0.40508807 0.51272017
vt 0.2485323 0.5107632
vt 0.25048923 0.52250487
vt 0.25048923 0.52250487
vt 0.2485323 0.5107632
vt 0.2485323 0.5107632
vt 0.2485323 0.5107632
vt 0.2485323 0.50489235
vt 0.2485323 0.50489235
vt 0.2485323 0.37573385
vt 0.2485323 0.37573385
vt 0.8864971 0.32876712
vt 0.9099804 0.32876712
vt 0.9099804 0.32876712
vt 0.8864971 0.32876712
vt 0.8708415 0.33072406
vt 0.8708415 0.33072406
vt 0.81409 0.33072406
vt 0.81409 0.33072406
vt 0.7906067 0.32876712
vt 0.7906067 0.32876712
vt 0.7847358 0.33072406
vt 0.77690804 0.30528376
vt 0.7729941 0.33072406
vt 0.7847358 0.33072406
vt 0.7729941 0.33072406
vt 0.704501 0.32681018
vt 0.704501 0.32681018
vt 0.70254403 0.32681018
vt 0.6966732 0.27005872
vt 0.6947162 0.32681018
vt 0.7005871 0.32681018
vt 0.70254403 0.32681018
vt 0.6947162 0.32876712
vt 0.7005871 0.32681018
vt 0.9080235 0.7162427
vt 0.9080235 0.71428573
vt 0.9080235 0.71428573
vt 0.9080235 0.7162427
vt 0.90606654 0.7162427
vt 0.9080235 0.7103718
vt 0.8630137 0.7103718
vt 0.87866926 0.73189825
vt 0.90606654 0.7162427
vt 0.87866926 0.73189825
vt 0.9041096 0.81409
vt 0.91780823 0.8180039
vt 0.9158513 0.74951077
vt 0.9158513 0.74951077
vt 0.9158513 0.74951077
vt 0.9158513 0.74951077
vt 0.76516634 0.7906067
vt 0.5264188 0.9921722
vt 0.49902153 0.960861
vt 0.5440313 0.98630136
vt 0.47358122 0.99804306
vt 0.0019569471 0.59491193
vt 0.0019569471 0.65753424
vt 0.0332681 0.6105675
vt 0.32093933 0.7240704
vt 0.27984345 0.7240704
vt 0.19569471 0.11154599
vt 0.08806262 0.09393346
vt 0.15655577 0.06066536
vt 0.26810175 0.0704501
vt 0.15655577 0.06066536
vt 0.64579254 0.18590999
vt 0.68101764 0.11154599
vt 0.72602737 0.1037182
vt 0.72015655 0.037181996
vt 0.33463797 0.9882583
vt 0.32093933 0.99804306
vt 0.30332682 0.9510763
vt 0.33463797 0.92759293
vt 0.46966732 0.26418787
vt 0.43835616 0.2661448
vt 0.6379648 0.65362036
vt 0.5694716 0.592955
vt 0.555773 0.6614481
vt 0.6438356 0.5812133
vt 0.667319 0.58317024
vt 0.7553816 0.6144814
vt 0.6829746 0.6594912
vt 0.75342464 0.6614481
vt 0.62035227 0.2857143
vt 0.667319 0.29745597
vt 0.0039138943 0.21526419
vt 0.02739726 0.18395303
vt 0.0019569471 0.18199609
vt 0.08219178 0.19178082
vt 0.05479452 0.21135029
vt 0.13111547 0.12133072
vt 0.18590999 0.12133072
vt 0.23091976 0.13111547
vt 0.8864971 0.4774951
vt 0.8806262 0.5029354
vt 0.94716245 0.7964775
vt 0.9217221 0.8121331
vt 0.0665362 0.56164384
vt 0.007827789 0.39138943
vt 0.0665362 0.3894325
vt 0.11741683 0.4774951
vt 0.21135029 0.518591
vt 0.26810175 0.54990214
vt 0.12524462 0.9373777
vt 0.18982388 0.9960861
vt 0.015655577 0.99804306
vt 0.015655577 0.86692756
vt 0.08806262 0.21917808
vt 0.20547946 0.79452056
vt 0.0019569471 0.79452056
vt 0.01369863 0.7808219
vt 0.0019569471 0.22113504
vt 0.21526419 0.5753425
vt 0.34050882 0.8258317
vt 0.34246576 0.99804306
vt 0.5205479 0.9295499
vt 0.43835616 0.83365947
vt 0.54011744 0.81604695
vt 0.54011744 0.9589041
vt 0.30528376 0.33855185
vt 0.36007828 0.25831702
vt 0.42270058 0.17221135
vt 0.4187867 0.13111547
vt 0.89041096 0.045009784
vt 0.9158513 0.23091976
vt 0.9921722 0.33855185
vt 0.82778865 0.16242662
vt 0.4148728 0.2935421
vt 0.3620352 0.2818004
vt 0.32876712 0.33463797
vt 0.33463797 0.43639922
vt 0.25048923 0.5107632
vt 0.32289627 0.5146771
vt 0.37964776 0.51272017
vt 0.27592954 0.52250487
vt 0.27201566 0.3620352
vt 0.8962818 0.30528376
vt 0.86692756 0.2485323
vt 0.81409 0.21526419
vt 0.77103716 0.24657534
vt 0.6966732 0.18982388
vt 0.7455969 0.42074364
vt 0.7553816 0.45596868
vt 0.7181996 0.45596868
vt 0.9041096 0.8434442
vt 0.9158513 0.86888456
vt 0.76125246 0.82778865
vt 0.33463797 0.9001957
vt 0.30919766 0.88258314
vt 0.30919766 0.9138943
vt 0.32289627 0.86692756
vt 0.9921722 0.45596868
vt 0.9921722 0.37573385
vt 0.9823875 0.33855185
vt 0.9138943 0.33463797
vt 0.9001957 0.46379647
vt 0.8023483 0.41095892
vt 0.86692756 0.33855185
vt 0.45596868 0.960861
vt 0.4324853 0.9784736
vt 0.70254403 0.39138943
vt 0.70254403 0.45401174
vt 0.72798437 0.4324853
vt 0.7925636 0.33463797
vt 0.7573385 0.3365949
vt 0.76125246 0.444227
vt 0.7064579 0.9138943
vt 0.74363995 0.87866926
vt 0.74168295 0.9295499
vt 0.7064579 0.8590998
vt 0.2446184 0.12524462
vt 0.29549903 0.11154599
vt 0.92367905 0.12133072
vt 0.9882583 0.12915851
vt 0.9941292 0.08219178
vt 0.9432485 0.09589041
vt 0.70841485 0.16046967
vt 0.7221135 0.13502936
vt 0.31506848 0.08806262
vt 0.3111546 0.12720157
vt 0.34246576 0.12720157
vt 0.3894325 0.11741683
vt 0.04109589 0.7749511
vt 0.037181996 0.74168295
vt 0.0019569471 0.7749511
vt 0.06849315 0.7749511
vt 0.33463797 0.94716245
vt 0.39530334 0.09784736
vt 0.33463797 0.064579256
vt 0.8121331 0.15068494
vt 0.7925636 0.10176125
vt 0.8473581 0.13894325
vt 0.45401174 0.22896282
vt 0.42465752 0.18982388
vt 0.6223092 0.52446187
vt 0.67906064 0.5303327
vt 0.7553816 0.5772994
vt 0.7690802 0.5440313
vt 0.7573385 0.5146771
vt 0.7690802 0.52250487
vt 0.6497065 0.31506848
vt 0.037181996 0.12133072
vt 0.105675146 0.12133072
vt 0.83365947 0.4892368
vt 0.9510763 0.8982387
vt 0.962818 0.84540117
vt 0.9217221 0.8434442
vt 0.12133072 0.39138943
vt 0.16829745 0.43052837
vt 0.18982388 0.39530334
vt 0.2446184 0.3894325
vt 0.54598826 0.79452056
vt 0.54598826 0.70254403
vt 0.6712329 0.66927594
vt 0.6477495 0.8121331
vt 0.6771037 0.79452056
vt 0.70254403 0.72798437
vt 0.70254403 0.8375734
vt 0.27592954 0.9589041
vt 0.30136988 0.9941292
vt 0.33463797 0.7925636
vt 0.18786693 0.7808219
vt 0.29745597 0.778865
vt 0.3444227 0.7181996
vt 0.481409 0.6731898
vt 0.6320939 0.3189824
vt 0.5479452 0.3816047
vt 0.69080234 0.32289627
vt 0.37573385 0.5968689
vt 0.37181997 0.52250487
vt 0.3111546 0.52250487
vt 0.30919766 0.66927594
vt 0.2446184 0.5753425
vt 0.4148728 0.28962818
vt 0.92367905 0.14285715
vt 0.962818 0.18395303
vt 0.97455966 0.23874755
vt 0.9941292 0.2857143
vt 0.5890411 0.3816047
vt 0.5772994 0.40900195
vt 0.5636008 0.41095892
vt 0.6086106 0.41095892
vt 0.8082192 0.18786693
vt 0.79452056 0.1780822
vt 0.82778865 0.16242662
vt 0.7592955 0.19765167
vt 0.70254403 0.16829745
vt 0.91193736 0.99804306
vt 0.76516634 0.9334638
vt 0.7573385 0.88258314
vt 0.5146771 0.74363995
vt 0.51663405 0.69863015
vt 0.5420744 0.7103718
vt 0.54011744 0.75342464
vt 0.5420744 0.7886497
vt 0.9784736 0.7005871
vt 0.99804306 0.7475538
vt 0.9589041 0.7475538
vt 0.9080235 0.7240704
vt 0.3737769 0.6888454
vt 0.31311154 0.7221135
vt 0.26418787 0.6888454
vt 0.78669274 0.4598826
vt 0.7005871 0.41682974
vt 0.67906064 0.3776908
vt 0.7005871 0.35029355
vt 0.26810175 0.13894325
vt 0.3072407 0.15655577
vt 0.9941292 0.1741683
vt 0.93542075 0.14677104
vt 0.30136988 0.11154599
vt 0.7553816 0.099804305
vt 0.7358121 0.15068494
vt 0.4324853 0.14677104
vt 0.46966732 0.15459883
vt 0.66927594 0.4774951
vt 0.60273975 0.4853229
vt 0.7690802 0.4892368
vt 0.92367905 0.98630136
vt 0.960861 0.9667319
vt 0.92759293 0.9138943
vt 0.9217221 0.8864971
vt 0.98043054 0.85714287
vt 0.96868885 0.9315069
vt 0.9726027 0.9589041
vt 0.9921722 0.853229
vt 0.9941292 0.9099804
vt 0.9823875 0.9549902
vt 0.5968689 0.8414873
vt 0.54598826 0.82778865
vt 0.6438356 0.88454014
vt 0.68101764 0.94520545
vt 0.70254403 0.95303327
vt 0.80430526 0.66536206
vt 0.77690804 0.63013697
vt 0.77690804 0.5146771
vt 0.81409 0.48727983
vt 0.9823875 0.5479452
vt 0.9823875 0.66340506
vt 0.9960861 0.5088063
vt 0.9941292 0.6594912
vt 0.44227007 0.518591
vt 0.592955 0.51663405
vt 0.43444228 0.30919766
vt 0.4853229 0.32093933
vt 0.4481409 0.6262231
vt 0.518591 0.52250487
vt 0.4266145 0.66927594
vt 0.37964776 0.66927594
vt 0.6183953 0.99804306
vt 0.66927594 0.99804306
vt 0.6555773 0.9823875
vt 0.5479452 0.9843444
vt 0.5694716 0.99804306
vt 0.5420744 0.62035227
vt 0.5303327 0.66536206
vt 0.5518591 0.6731898
vt 0.5322896 0.555773
vt 0.555773 0.54598826
vt 0.5714286 0.5264188
vt 0.9882583 0.6849315
vt 0.8003914 0.7064579
vt 0.7221135 0.9765166
vt 0.7123288 0.93542075
vt 0.9941292 0.79452056
vt 0.9549902 0.7632094
vt 0.95694715 0.8003914
vt 0.32876712 0.7299413
vt 0.33855185 0.7690802
vt 0.30528376 0.7690802
vt 0.2857143 0.75342464
vt 0.35420743 0.70841485
vt 0.92759293 0.481409
vt 0.9823875 0.5146771
vt 0.9334638 0.5264188
vt 0.9823875 0.481409
vt 0.6614481 0.39530334
vt 0.6262231 0.36399218
vt 0.68101764 0.45596868
vt 0.6497065 0.41291586
vt 0.6516634 0.44227007
vt 0.5694716 0.57925636
vt 0.54598826 0.5596869
vt 0.54598826 0.6164383
vt 0.56164384 0.55772996
vt 0.7553816 0.8434442
vt 0.7123288 0.81017613
vt 0.7064579 0.8434442
vt 0.74951077 0.80430526
vt 0.7299413 0.10763209
vt 0.46771038 0.119373776
vt 0.61252445 0.4598826
vt 0.6516634 0.45596868
vt 0.6829746 0.4598826
vt 0.77690804 0.4598826
vt 0.962818 0.82191783
vt 0.9941292 0.81604695
vt 0.9667319 0.80430526
vt 0.9510763 0.99804306
vt 0.555773 0.8708415
vt 0.54598826 0.9491194
vt 0.6046967 0.9373777
vt 0.6144814 0.96868885
vt 0.67906064 0.96868885
vt 0.70254403 0.99804306
vt 0.7749511 0.6771037
vt 0.60273975 0.41682974
vt 0.5772994 0.45401174
vt 0.6144814 0.45401174
vt 0.9941292 0.75342464
vt 0.6086106 0.23679061
vt 0.6164383 0.3111546
vt 0.6164383 0.15851273
vt 0.6086106 0.13111547
vt 0.5303327 0.27592954
vt 0.5440313 0.15068494
vt 0.5362035 0.1330724
vt 0.49119374 0.13111547
vt 0.47945204 0.19373778
vt 0.6183953 0.38551858
vt 0.54990214 0.31311154
vt 0.4853229 0.3072407
vt 0.47945204 0.31506848
vt 0.54598826 0.9706458
vt 0.6771037 0.9941292
vt 0.5714286 0.4266145
vt 0.47358122 0.5870842
vt 0.481409 0.667319
vt 0.25831702 0.6712329
vt 0.70841485 0.9549902
vt 0.007827789 0.99804306
vt 0.9706458 0.9667319
vt 0.99021524 0.99804306
vt 0.96868885 0.9960861
vt 0.39530334 0.6947162
vt 0.37573385 0.6849315
vt 0.39530334 0.6731898
vt 0.3816047 0.99804306
vt 0.4148728 0.9765166
vt 0.42270058 0.99804306
vt 0.99021524 0.9589041
vt 0.24266145 0.518591
vt 0.22504893 0.481409
vt 0.2446184 0.49119374
vt 0.0019569471 0.7632094
vt 0.015655577 0.7553816
vt 0.0019569471 0.7338552
vt 0.3776908 0.69863015
vt 0.22504893 0.5205479
vt 0.7221135 0.20156556
vt 0.7358121 0.19569471
vt 0.7358121 0.19960861
vt 0.7358121 0.19960861
vt 0.7103718 0.113502935
vt 0.7103718 0.20156556
vt 0.7221135 0.20156556
vt 0.7103718 0.20156556
vt 0.8551859 0.49315068
vt 0.8551859 0.49315068
vt 0.8551859 0.49315068
vt 0.8551859 0.49315068
vt 0.8551859 0.49119374
vt 0.8551859 0.49119374
vt 0.853229 0.4853229
vt 0.853229 0.4853229
vt 0.84931505 0.46771038
vt 0.84931505 0.46771038
vt 0.83170253 0.39921722
vt 0.83170253 0.39921722
vt 0.8258317 0.37181997
vt 0.8414873 0.36007828
vt 0.82778865 0.3561644
vt 0.5655577 0.23091976
vt 0.5420744 0.21135029
vt 0.5440313 0.22896282
vt 0.5440313 0.22896282
vt 0.61252445 0.2446184
vt 0.5655577 0.23091976
vt 0.61252445 0.2446184
vt 0.67906064 0.23679061
vt 0.67906064 0.23679061
vt 0.704501 0.23679061
vt 0.704501 0.23679061
vt 0.7240704 0.23679061
vt 0.7240704 0.23679061
vt 0.7358121 0.23483366
vt 0.7358121 0.23483366
vt 0.7358121 0.23287672
vt 0.7358121 0.23287672
vt 0.5205479 0.7162427
vt 0.5205479 0.74168295
vt 0.5205479 0.74168295
vt 0.5205479 0.7162427
vt 0.5205479 0.7064579
vt 0.49902153 0.7123288
vt 0.5068493 0.70841485
vt 0.5205479 0.7064579
vt 0.49902153 0.70841485
vt 0.5068493 0.70841485
vt 0.49902153 0.70841485
vt 0.2778865 0.7925636
vt 0.2778865 0.7592955
vt 0.2778865 0.7592955
vt 0.2778865 0.7925636
vt 0.27005872 0.8434442
vt 0.27005872 0.8434442
vt 0.2857143 0.86105675
vt 0.2857143 0.86105675
vt 0.54011744 0.16242662
vt 0.6046967 0.15851273
vt 0.6046967 0.15851273
vt 0.54011744 0.16242662
vt 0.8356164 0.3111546
vt 0.83365947 0.3111546
vt 0.83365947 0.3111546
vt 0.89432484 0.30919766
vt 0.86105675 0.30528376
vt 0.8356164 0.3111546
vt 0.2661448 0.6888454
vt 0.22504893 0.60665363
vt 0.25636008 0.60665363
vt 0.25636008 0.60665363
vt 0.2661448 0.6888454
vt 0.2661448 0.69080234
vt 0.2661448 0.69080234
vt 0.2661448 0.69080234
vt 0.2661448 0.69080234
vt 0.2661448 0.7749511
vt 0.2661448 0.7749511
vt 0.2661448 0.7847358
vt 0.2661448 0.7847358
vt 0.26223093 0.7925636
vt 0.26223093 0.7925636
vt 0.9510763 0.73189825
vt 0.96477497 0.72015655
vt 0.96477497 0.72015655
vt 0.9510763 0.73189825
vt 0.93542075 0.72798437
vt 0.9491194 0.73776907
vt 0.8551859 0.7162427
vt 0.93542075 0.72798437
vt 0.8551859 0.7162427
vt 0.8414873 0.7162427
vt 0.8414873 0.7162427
vt 0.83953035 0.7162427
vt 0.83953035 0.7162427
vt 0.8356164 0.7162427
vt 0.8356164 0.7162427
vt 0.8082192 0.7181996
vt 0.8082192 0.7181996
vt 0.42465752 0.99804306
vt 0.407045 0.99804306
vt 0.407045 0.99804306
vt 0.42465752 0.99804306
vt 0.5851272 0.13894325
vt 0.6262231 0.12915851
vt 0.6262231 0.12915851
vt 0.5851272 0.13894325
vt 0.56751466 0.14285715
vt 0.56751466 0.14285715
vt 0.5205479 0.15655577
vt 0.5205479 0.15655577
vt 0.51663405 0.15655577
vt 0.518591 0.15264188
vt 0.36790606 0.19373778
vt 0.3737769 0.19569471
vt 0.51663405 0.15655577
vt 0.3737769 0.19569471
vt 0.029354207 0.7064579
vt 0.0058708414 0.6555773
vt 0.0058708414 0.6555773
vt 0.029354207 0.7064579
vt 0.3072407 0.42074364
vt 0.32289627 0.44618395
vt 0.25831702 0.444227
vt 0.2994129 0.42270058
vt 0.25831702 0.444227
vt 0.2994129 0.42270058
vt 0.3072407 0.4187867
vt 0.96868885 0.7358121
vt 0.9706458 0.7358121
vt 0.96868885 0.7358121
vt 0.96868885 0.7358121
vt 0.96868885 0.73776907
vt 0.96868885 0.7358121
vt 0.96868885 0.73776907
vt 0.96868885 0.7671233
vt 0.96868885 0.7671233
vt 0.96868885 0.8003914
vt 0.96868885 0.8003914
vt 0.96868885 0.8003914
vt 0.96868885 0.8003914
vt 0.25244617 0.39334637
vt 0.25244617 0.39530334
vt 0.25244617 0.39530334
vt 0.25244617 0.39334637
vt 0.25440314 0.3365949
vt 0.25440314 0.3365949
vt 0.25440314 0.31702545
vt 0.25440314 0.31702545
vt 0.25244617 0.28767124
vt 0.25244617 0.28767124
vt 0.25244617 0.28767124
vt 0.27984345 0.2778865
vt 0.25244617 0.27592954
vt 0.25244617 0.28767124
vt 0.25244617 0.27592954
vt 0.2485323 0.27201566
vt 0.25244617 0.27201566
vt 0.25048923 0.26027396
vt 0.2485323 0.27201566
vt 0.25048923 0.26027396
vt 0.7906067 0.2485323
vt 0.7906067 0.2485323
vt 0.7906067 0.2485323
vt 0.7906067 0.2485323
vt 0.7886497 0.2485323
vt 0.7886497 0.2485323
vt 0.74951077 0.23483366
vt 0.74951077 0.23483366
vt 0.739726 0.23287672
vt 0.74168295 0.15851273
vt 0.66536206 0.5518591
vt 0.66536206 0.53816044
vt 0.66536206 0.53816044
vt 0.66536206 0.5518591
vt 0.66536206 0.5694716
vt 0.6712329 0.5694716
vt 0.518591 0.19373778
vt 0.5107632 0.18395303
vt 0.51663405 0.18395303
vt 0.5205479 0.19373778
vt 0.51663405 0.18395303
vt 0.5205479 0.19373778
vt 0.5205479 0.19373778
vt 0.5205479 0.19373778
vt 0.52446187 0.2035225
vt 0.52446187 0.2074364
vt 0.52446187 0.2035225
vt 0.52446187 0.2074364
vt 0.52446187 0.2074364
vt 0.52446187 0.2074364
vt 0.53816044 0.24657534
vt 0.53816044 0.24657534
vt 0.54598826 0.2661448
vt 0.54598826 0.2661448
vt 0.54990214 0.2778865
vt 0.5440313 0.28962818
vt 0.5596869 0.36007828
vt 0.56164384 0.31311154
vt 0.54990214 0.2778865
vt 0.56164384 0.31311154
vt 0.5753425 0.35029355
vt 0.5753425 0.35029355
vt 0.5812133 0.369863
vt 0.5812133 0.369863
vt 0.58317024 0.37573385
vt 0.49315068 0.40508807
vt 0.58317024 0.37573385
vt 0.49315068 0.40508807
vt 0.4892368 0.407045
vt 0.4892368 0.407045
vt 0.48727983 0.407045
vt 0.48727983 0.407045
vt 0.43835616 0.42270058
vt 0.43835616 0.42270058
vt 0.43835616 0.42270058
vt 0.46183953 0.2994129
vt 0.44227007 0.34637964
vt 0.015655577 0.5714286
vt 0.0058708414 0.56751466
vt 0.0058708414 0.56751466
vt 0.015655577 0.5714286
vt 0.021526419 0.57338554
vt 0.021526419 0.57338554
vt 0.08219178 0.59491193
vt 0.08219178 0.59491193
vt 0.10763209 0.6046967
vt 0.10763209 0.6046967
vt 0.47358122 0.6829746
vt 0.4853229 0.6966732
vt 0.4853229 0.6829746
vt 0.4853229 0.6829746
vt 0.47358122 0.6829746
vt 0.40508807 0.68688846
vt 0.40508807 0.68688846
vt 0.37573385 0.6849315
vt 0.37573385 0.6849315
vt 0.36399218 0.6849315
vt 0.36594912 0.704501
vt 0.3522505 0.6849315
vt 0.36399218 0.6849315
vt 0.3522505 0.6849315
vt 0.30919766 0.6849315
vt 0.30919766 0.6849315
vt 0.30332682 0.6849315
vt 0.30332682 0.6849315
vt 0.29549903 0.6829746
vt 0.29549903 0.6829746
vt 0.29549903 0.68101764
vt 0.29549903 0.68101764
vt 0.5753425 0.62035227
vt 0.5812133 0.6046967
vt 0.5812133 0.6046967
vt 0.5753425 0.62035227
vt 0.53424656 0.7181996
vt 0.53424656 0.7181996
vt 0.518591 0.7553816
vt 0.518591 0.7553816
vt 0.5107632 0.77690804
vt 0.5107632 0.77690804
vt 0.5088063 0.778865
vt 0.5088063 0.778865
vt 0.5088063 0.7808219
vt 0.5088063 0.7808219
vt 0.9784736 0.9706458
vt 0.99021524 0.99804306
vt 0.99021524 0.99804306
vt 0.9784736 0.9706458
vt 0.9726027 0.9589041
vt 0.9726027 0.9589041
vt 0.96868885 0.9510763
vt 0.96868885 0.9510763
vt 0.9667319 0.9432485
vt 0.9667319 0.9432485
vt 0.54011744 0.45401174
vt 0.54011744 0.39726028
vt 0.54011744 0.39726028
vt 0.54011744 0.45401174
vt 0.54011744 0.49510762
vt 0.54011744 0.49510762
vt 0.5420744 0.5655577
vt 0.5420744 0.5655577
vt 0.5420744 0.56751466
vt 0.5420744 0.56751466
vt 0.5420744 0.59491193
vt 0.5420744 0.59491193
vt 0.5420744 0.6555773
vt 0.5420744 0.6555773
vt 0.5420744 0.6888454
vt 0.5420744 0.6888454
vt 0.15655577 0.5205479
vt 0.15459883 0.52837574
vt 0.15459883 0.52837574
vt 0.15655577 0.5205479
vt 0.1741683 0.45792565
vt 0.1741683 0.45792565
vt 0.17612524 0.45401174
vt 0.1369863 0.4520548
vt 0.13894325 0.407045
vt 0.17612524 0.4520548
vt 0.17612524 0.45401174
vt 0.17612524 0.4520548
vt 0.17612524 0.4520548
vt 0.17612524 0.4520548
vt 0.17612524 0.4481409
vt 0.1741683 0.39334637
vt 0.1780822 0.444227
vt 0.17612524 0.4481409
vt 0.1780822 0.444227
vt 0.18003914 0.43444228
vt 0.18395303 0.39530334
vt 0.18786693 0.40313113
vt 0.18786693 0.407045
vt 0.18003914 0.43444228
vt 0.18786693 0.407045
vt 0.18982388 0.40508807
vt 0.18982388 0.40508807
vt 0.18982388 0.40313113
vt 0.18982388 0.39921722
vt 0.18982388 0.40313113
vt 0.18982388 0.39921722
vt 0.19178082 0.39530334
vt 0.19178082 0.39530334
vt 0.18786693 0.39530334
vt 0.18786693 0.39530334
vt 0.18395303 0.39530334
vt 0.15655577 0.3894325
vt 0.1741683 0.39334637
vt 0.15655577 0.3894325
vt 0.1369863 0.38356164
vt 0.1369863 0.38356164
vt 0.8238748 0.704501
vt 0.82778865 0.70841485
vt 0.8258317 0.70841485
vt 0.8258317 0.70841485
vt 0.86105675 0.68688846
vt 0.8082192 0.66536206
vt 0.8238748 0.704501
vt 0.8082192 0.66536206
vt 0.8003914 0.6477495
vt 0.8003914 0.6477495
vt 0.79843444 0.64187866
vt 0.85714287 0.5812133
vt 0.77690804 0.5870842
vt 0.79843444 0.64187866
vt 0.77690804 0.5870842
vt 0.76125246 0.5518591
vt 0.76125246 0.5518591
vt 0.7592955 0.54598826
vt 0.7592955 0.54598826
vt 0.56751466 0.80626225
vt 0.5714286 0.7925636
vt 0.5714286 0.7925636
vt 0.59491193 0.8023483
vt 0.57338554 0.9001957
vt 0.5479452 0.8590998
vt 0.56751466 0.80626225
vt 0.5479452 0.8590998
vt 0.50489235 0.9843444
vt 0.50489235 0.9843444
vt 0.50489235 0.9882583
vt 0.57338554 0.9882583
vt 0.9960861 0.26027396
vt 0.9726027 0.2446184
vt 0.9706458 0.27592954
vt 0.9960861 0.32093933
vt 0.7338552 0.08806262
vt 0.9882583 0.45401174
vt 0.9432485 0.50489235
vt 0.96868885 0.40508807
vt 0.87279844 0.40117416
vt 0.8767123 0.35812134
vt 0.9158513 0.3444227
vt 0.9882583 0.3189824
vt 0.1780822 0.6105675
vt 0.12915851 0.6086106
vt 0.21135029 0.6947162
vt 0.20547946 0.7181996
vt 0.2074364 0.7925636
vt 0.96477497 0.7749511
vt 0.9589041 0.9041096
vt 0.91193736 0.83953035
vt 0.90215266 0.76516634
vt 0.8414873 0.7573385
vt 0.80626225 0.74168295
vt 0.4187867 0.98630136
vt 0.60273975 0.11154599
vt 0.5694716 0.1409002
vt 0.54990214 0.11545988
vt 0.5088063 0.099804305
vt 0.31702545 0.68101764
vt 0.27201566 0.66536206
vt 0.26810175 0.61252445
vt 0.34637964 0.65753424
vt 0.35029355 0.61252445
vt 0.43639922 0.16046967
vt 0.029354207 0.73189825
vt 0.0019569471 0.7592955
vt 0.0019569471 0.6555773
vt 0.3483366 0.4187867
vt 0.3620352 0.43052837
vt 0.9726027 0.76516634
vt 0.9941292 0.7690802
vt 0.30528376 0.32681018
vt 0.29549903 0.40900195
vt 0.32289627 0.25831702
vt 0.7906067 0.2485323
vt 0.7906067 0.20156556
vt 0.7906067 0.16634052
vt 0.7886497 0.13502936
vt 0.8434442 0.99804306
vt 0.86692756 0.9823875
vt 0.81409 0.9823875
vt 0.74168295 0.5694716
vt 0.7358121 0.5362035
vt 0.45596868 0.20156556
vt 0.43835616 0.18395303
vt 0.48336595 0.23287672
vt 0.518591 0.28767124
vt 0.43835616 0.23679061
vt 0.0058708414 0.55772996
vt 0.017612524 0.5636008
vt 0.11154599 0.5714286
vt 0.49119374 0.7671233
vt 0.5029354 0.7553816
vt 0.41682974 0.7455969
vt 0.40313113 0.6966732
vt 0.40313113 0.739726
vt 0.2994129 0.7338552
vt 0.29158512 0.7906067
vt 0.6888454 0.61252445
vt 0.6516634 0.70841485
vt 0.57338554 0.7847358
vt 0.5146771 0.7808219
vt 0.8356164 0.23287672
vt 0.79843444 0.34637964
vt 0.8003914 0.2035225
vt 0.9765166 0.9510763
vt 0.9921722 0.9921722
vt 0.9706458 0.93933463
vt 0.43444228 0.46966732
vt 0.45009786 0.5988258
vt 0.50097847 0.6829746
vt 0.53816044 0.6947162
vt 0.14481409 0.50489235
vt 0.96477497 0.7123288
vt 0.88454014 0.7123288
vt 0.98043054 0.68688846
vt 0.9334638 0.64187866
vt 0.8767123 0.65753424
vt 0.853229 0.6183953
vt 0.9138943 0.55772996
vt 0.81409 0.5362035
vt 0.7632094 0.54598826
vt 0.7847358 0.5088063
vt 0.66927594 0.5714286
vt 0.62035227 0.6046967
vt 0.61252445 0.5714286
vt 0.69863015 0.81017613
vt 0.65362036 0.80430526
vt 0.64579254 0.9001957
vt 0.62426615 0.99021524
vt 0.9823875 0.3561644
vt 0.078277886 0.6712329
vt 0.021526419 0.6086106
vt 0.13111547 0.6947162
vt 0.09001957 0.7553816
vt 0.08023483 0.79843444
vt 0.0019569471 0.79843444
vt 0.91780823 0.99804306
vt 0.960861 0.98043054
vt 0.8375734 0.88454014
vt 0.79843444 0.8747554
vt 0.7749511 0.778865
vt 0.8023483 0.9217221
vt 0.8356164 0.962818
vt 0.32485324 0.22700587
vt 0.31311154 0.24657534
vt 0.36007828 0.22309197
vt 0.3483366 0.19765167
vt 0.36399218 0.1780822
vt 0.25048923 0.1780822
vt 0.29549903 0.22700587
vt 0.23874755 0.21526419
vt 0.19960861 0.18395303
vt 0.35812134 0.4187867
vt 0.4266145 0.4187867
vt 0.38551858 0.45009786
vt 0.3561644 0.32681018
vt 0.37964776 0.4148728
vt 0.38356164 0.27201566
vt 0.3894325 0.20547946
vt 0.88454014 0.9941292
vt 0.27005872 0.7455969
vt 0.28767124 0.7299413
vt 0.28767124 0.7632094
vt 0.98630136 0.14481409
vt 0.9432485 0.17612524
vt 0.9315069 0.1369863
vt 0.9941292 0.119373776
vt 0.007827789 0.5107632
vt 0.009784736 0.42857143
vt 0.0019569471 0.45596868
vt 0.12524462 0.5146771
vt 0.40117416 0.99804306
vt 0.3620352 0.99804306
vt 0.33463797 0.9882583
vt 0.40508807 0.9882583
vt 0.49902153 0.8375734
vt 0.4148728 0.8551859
vt 0.40900195 0.79452056
vt 0.37181997 0.8356164
vt 0.29745597 0.8414873
vt 0.778865 0.6320939
vt 0.739726 0.6105675
vt 0.7592955 0.7103718
vt 0.7553816 0.7906067
vt 0.63013697 0.78669274
vt 0.851272 0.27984345
vt 0.9041096 0.2407045
vt 0.8747554 0.18786693
vt 0.888454 0.15068494
vt 0.9412916 0.18199609
vt 0.9823875 0.8375734
vt 0.9667319 0.8375734
vt 0.41291586 0.481409
vt 0.4324853 0.41682974
vt 0.39530334 0.54011744
vt 0.36399218 0.64579254
vt 0.4481409 0.66340506
vt 0.5068493 0.93542075
vt 0.5303327 0.8708415
vt 0.5205479 0.92367905
vt 0.98630136 0.7064579
vt 0.99021524 0.6829746
vt 0.9843444 0.56164384
vt 0.9726027 0.53424656
vt 0.8806262 0.5303327
vt 0.84540117 0.5107632
vt 0.67906064 0.60273975
vt 0.71428573 0.5714286
vt 0.7358121 0.6046967
vt 0.75342464 0.5714286
vt 0.7240704 0.89041096
vt 0.739726 0.8082192
vt 0.7553816 0.99804306
vt 0.18003914 0.81604695
vt 0.21917808 0.80430526
vt 0.16634052 0.8003914
vt 0.25636008 0.82191783
vt 0.27005872 0.8003914
vt 0.5890411 0.37181997
vt 0.60665363 0.25440314
vt 0.57925636 0.2407045
vt 0.29158512 0.518591
vt 0.3737769 0.45401174
vt 0.37181997 0.58317024
vt 0.2661448 0.60665363
vt 0.043052837 0.7123288
vt 0.26027396 0.52446187
vt 0.1780822 0.5655577
vt 0.18786693 0.518591
vt 0.6086106 0.40900195
vt 0.6105675 0.38747555
vt 0.5636008 0.39726028
vt 0.5812133 0.4403131
vt 0.6399217 0.43835616
vt 0.6086106 0.4892368
vt 0.54598826 0.52250487
vt 0.60665363 0.53816044
vt 0.9706458 0.7299413
vt 0.99804306 0.7553816
vt 0.99804306 0.7005871
vt 0.2818004 0.26223093
vt 0.23287672 0.25244617
vt 0.20547946 0.22309197
vt 0.1741683 0.19569471
vt 0.8258317 0.19373778
vt 0.853229 0.16634052
vt 0.853229 0.19569471
vt 0.28962818 0.6927593
vt 0.27201566 0.7162427
vt 0.28962818 0.72602737
vt 0.853229 0.12133072
vt 0.8082192 0.12915851
vt 0.7964775 0.15655577
vt 0.79452056 0.19373778
vt 0.407045 0.33072406
vt 0.42857143 0.4148728
vt 0.42857143 0.22504893
vt 0.6086106 0.60273975
vt 0.5870842 0.5772994
vt 0.592955 0.60078275
vt 0.6086106 0.5753425
vt 0.9941292 0.22504893
vt 0.95303327 0.22113504
vt 0.962818 0.19178082
vt 0.0019569471 0.35812134
vt 0.11545988 0.34246576
vt 0.02739726 0.3444227
vt 0.1330724 0.39138943
vt 0.11741683 0.4598826
vt 0.1330724 0.4598826
vt 0.4403131 0.8747554
vt 0.50097847 0.88454014
vt 0.40900195 0.8923679
vt 0.40117416 0.8747554
vt 0.33463797 0.88258314
vt 0.28962818 0.88454014
vt 0.32876712 0.95303327
vt 0.28962818 0.9706458
vt 0.15264188 0.91193736
vt 0.17612524 0.8258317
vt 0.26223093 0.8297456
vt 0.27984345 0.9080235
vt 0.2857143 0.9882583
vt 0.19178082 0.99021524
vt 0.15851273 0.99804306
vt 0.38747555 0.52250487
vt 0.021526419 0.2446184
vt 0.0019569471 0.2485323
vt 0.0039138943 0.19569471
vt 0.0665362 0.2035225
vt 0.5068493 0.84540117
vt 0.5264188 0.7886497
vt 0.16829745 0.25244617
vt 0.16242662 0.19569471
vt 0.18199609 0.22113504
vt 0.19569471 0.3111546
vt 0.17221135 0.3111546
vt 0.08023483 0.26223093
vt 0.04696673 0.31506848
vt 0.0058708414 0.31311154
vt 0.9960861 0.52446187
vt 0.8180039 0.9510763
vt 0.81017613 0.9843444
vt 0.7847358 0.99804306
vt 0.7847358 0.9315069
vt 0.90606654 0.50489235
vt 0.7729941 0.78669274
vt 0.7808219 0.9941292
vt 0.6731898 0.27005872
vt 0.78277886 0.25831702
vt 0.7455969 0.2407045
vt 0.7358121 0.28962818
vt 0.6614481 0.32681018
vt 0.63013697 0.26810175
vt 0.62035227 0.37181997
vt 0.592955 0.3816047
vt 0.29745597 0.45596868
vt 0.36594912 0.44227007
vt 0.25440314 0.4481409
vt 0.18003914 0.46183953
vt 0.66927594 0.39726028
vt 0.6731898 0.5068493
vt 0.6516634 0.5518591
vt 0.8180039 0.43835616
vt 0.84931505 0.49315068
vt 0.8180039 0.50489235
vt 0.8082192 0.35420743
vt 0.7749511 0.39138943
vt 0.7749511 0.36399218
vt 0.55772996 0.62426615
vt 0.58317024 0.5988258
vt 0.58317024 0.5596869
vt 0.54598826 0.5753425
vt 0.10176125 0.1409002
vt 0.0019569471 0.13111547
vt 0.021526419 0.17025441
vt 0.19373778 0.16829745
vt 0.09784736 0.19373778
vt 0.16242662 0.13502936
vt 0.19178082 0.13111547
vt 0.39334637 0.6829746
vt 0.40117416 0.6594912
vt 0.37181997 0.66927594
vt 0.12720157 0.34637964
vt 0.1741683 0.36399218
vt 0.16242662 0.32876712
vt 0.14481409 0.36399218
vt 0.1330724 0.36007828
vt 0.407045 0.9823875
vt 0.5029354 0.9765166
vt 0.5029354 0.9412916
vt 0.39921722 0.9334638
vt 0.3365949 0.92367905
vt 0.36594912 0.9315069
vt 0.37573385 0.9784736
vt 0.14872798 0.5420744
vt 0.1741683 0.5694716
vt 0.1741683 0.5146771
vt 0.6086106 0.5714286
vt 0.62035227 0.5518591
vt 0.57925636 0.5518591
vt 0.32876712 0.9882583
vt 0.2935421 0.99804306
vt 0.0704501 0.853229
vt 0.14872798 0.82191783
vt 0.01369863 0.99021524
vt 0.03522505 0.99804306
vt 0.79452056 0.30332682
vt 0.7749511 0.33268103
vt 0.72602737 0.32485324
vt 0.77103716 0.35812134
vt 0.017612524 0.81017613
vt 0.0019569471 0.86888456
vt 0.0058708414 0.8082192
vt 0.2074364 0.4148728
vt 0.24657534 0.43639922
vt 0.75342464 0.46183953
vt 0.7162427 0.369863
vt 0.74363995 0.50489235
vt 0.80626225 0.6849315
vt 0.7749511 0.73776907
vt 0.7749511 0.6712329
vt 0.8121331 0.7064579
vt 0.12524462 0.555773
vt 0.113502935 0.60273975
vt 0.15459883 0.60273975
vt 0.17612524 0.5851272
vt 0.16829745 0.5714286
vt 0.7573385 0.5068493
vt 0.75342464 0.5479452
vt 0.81604695 0.39138943
vt 0.80626225 0.50097847
vt 0.7906067 0.40313113
vt 0.8180039 0.39530334
vt 0.24657534 0.31702545
vt 0.1741683 0.34246576
vt 0.18199609 0.31506848
vt 0.2446184 0.38551858
vt 0.0704501 0.80430526
vt 0.1409002 0.8023483
vt 0.5322896 0.8023483
vt 0.555773 0.82778865
vt 0.53424656 0.83170253
vt 0.555773 0.7925636
vt 0.41291586 0.6829746
vt 0.0058708414 0.9823875
vt 0.94716245 0.2935421
vt 0.95303327 0.23679061
vt 0.9412916 0.21135029
vt 0.9921722 0.81017613
vt 0.9882583 0.7847358
vt 0.7005871 0.79452056
vt 0.62818 0.16046967
vt 0.62818 0.21917808
vt 0.72015655 0.22309197
vt 0.7358121 0.23287672
vt 0.7005871 0.19569471
vt 0.69863015 0.15851273
vt 0.5068493 0.7455969
vt 0.2857143 0.8375734
vt 0.2857143 0.7690802
vt 0.66927594 0.23287672
vt 0.667319 0.23483366
vt 0.667319 0.23091976
vt 0.667319 0.19178082
vt 0.7358121 0.18590999
vt 0.9941292 0.26418787
vt 0.92367905 0.21722114
vt 0.9941292 0.21135029
vt 0.9941292 0.32681018
vt 0.925636 0.37573385
vt 0.9941292 0.369863
vt 0.9941292 0.42074364
vt 0.60665363 0.6731898
vt 0.6164383 0.6712329
vt 0.6164383 0.6712329
vt 0.60665363 0.6731898
vt 0.59491193 0.6771037
vt 0.59491193 0.6771037
vt 0.9706458 0.90215266
vt 0.96477497 0.8962818
vt 0.96477497 0.8962818
vt 0.9706458 0.90215266
vt 0.9197652 0.8434442
vt 0.90215266 0.8414873
vt 0.92367905 0.8414873
vt 0.92367905 0.8414873
vt 0.90606654 0.84931505
vt 0.9197652 0.8434442
vt 0.90215266 0.851272
vt 0.90606654 0.84931505
vt 0.90215266 0.851272
vt 0.89432484 0.8551859
vt 0.89432484 0.8551859
vt 0.8003914 0.9001957
vt 0.8003914 0.9001957
vt 0.78669274 0.90606654
vt 0.7808219 0.8414873
vt 0.78277886 0.8923679
vt 0.78669274 0.90606654
vt 0.7671233 0.8414873
vt 0.78277886 0.8923679
vt 0.7671233 0.8414873
vt 0.9784736 0.9882583
vt 0.98043054 0.98630136
vt 0.98043054 0.98630136
vt 0.9784736 0.9882583
vt 0.962818 0.9960861
vt 0.962818 0.9960861
vt 0.4187867 0.5636008
vt 0.44618395 0.65753424
vt 0.44618395 0.65753424
vt 0.4187867 0.5636008
vt 0.407045 0.5205479
vt 0.407045 0.5205479
vt 0.407045 0.51663405
vt 0.407045 0.51663405
vt 0.40313113 0.5068493
vt 0.40313113 0.5068493
vt 0.38747555 0.4520548
vt 0.38747555 0.4520548
vt 0.3816047 0.4324853
vt 0.5029354 0.44227007
vt 0.3816047 0.42857143
vt 0.3816047 0.4324853
vt 0.39921722 0.42857143
vt 0.667319 0.42270058
vt 0.6927593 0.4403131
vt 0.667319 0.43835616
vt 0.667319 0.35029355
vt 0.74168295 0.30919766
vt 0.667319 0.3072407
vt 0.47945204 0.65753424
vt 0.52250487 0.5518591
vt 0.52250487 0.67906064
vt 0.98043054 0.9373777
vt 0.95694715 0.9197652
vt 0.9765166 0.9765166
vt 0.95303327 0.9667319
vt 0.5440313 0.518591
vt 0.73776907 0.33463797
vt 0.5322896 0.851272
vt 0.54598826 0.81409
vt 0.55772996 0.83953035
vt 0.5870842 0.851272
vt 0.76125246 0.35812134
vt 0.85714287 0.28962818
vt 0.81409 0.35812134
vt 0.70841485 0.28962818
vt 0.704501 0.35812134
vt 0.6927593 0.35812134
vt 0.6614481 0.28962818
vt 0.65753424 0.35812134
vt 0.6086106 0.32876712
vt 0.6223092 0.35812134
vt 0.60665363 0.35812134
vt 0.60665363 0.35812134
vt 0.6086106 0.32876712
vt 0.60078275 0.29158512
vt 0.60078275 0.29158512
vt 0.8082192 0.39530334
vt 0.8180039 0.35812134
vt 0.8180039 0.35812134
vt 0.8082192 0.39530334
vt 0.7886497 0.46575344
vt 0.7886497 0.46575344
vt 0.778865 0.49902153
vt 0.778865 0.49902153
vt 0.77690804 0.50097847
vt 0.77690804 0.50097847
vt 0.75342464 0.5812133
vt 0.75342464 0.5812133
vt 0.739726 0.63013697
vt 0.739726 0.63013697
vt 0.60665363 0.7338552
vt 0.5870842 0.8003914
vt 0.5870842 0.8003914
vt 0.60665363 0.7338552
vt 0.6320939 0.65362036
vt 0.6320939 0.65362036
vt 0.49510762 0.87279844
vt 0.44618395 0.7005871
vt 0.44618395 0.7005871
vt 0.49510762 0.87279844
vt 0.4970646 0.88258314
vt 0.4970646 0.88258314
vt 0.5068493 0.91780823
vt 0.5029354 0.9041096
vt 0.5029354 0.9041096
vt 0.5068493 0.91780823
vt 0.51663405 0.95303327
vt 0.51663405 0.95303327
vt 0.17221135 0.5088063
vt 0.17612524 0.48727983
vt 0.17612524 0.48727983
vt 0.17221135 0.5088063
vt 0.19765167 0.57925636
vt 0.19765167 0.57925636
vt 0.2035225 0.5890411
vt 0.14677104 0.5362035
vt 0.1369863 0.5968689
vt 0.19373778 0.62035227
vt 0.2035225 0.5890411
vt 0.19373778 0.62035227
vt 0.20156556 0.6594912
vt 0.20156556 0.6594912
vt 0.2035225 0.6712329
vt 0.18199609 0.66536206
vt 0.052837573 0.592955
vt 0.039138943 0.63013697
vt 0.039138943 0.63013697
vt 0.052837573 0.592955
vt 0.056751467 0.5812133
vt 0.056751467 0.5812133
vt 0.058708414 0.57338554
vt 0.058708414 0.57338554
vt 0.0665362 0.5479452
vt 0.0665362 0.5479452
vt 0.09001957 0.46575344
vt 0.09001957 0.46575344
vt 0.2407045 0.2935421
vt 0.25440314 0.24657534
vt 0.23874755 0.24657534
vt 0.23874755 0.24657534
vt 0.2407045 0.2935421
vt 0.2407045 0.31311154
vt 0.2407045 0.31311154
vt 0.25831702 0.31311154
vt 0.2661448 0.31311154
vt 0.2818004 0.31311154
vt 0.35812134 0.24266145
vt 0.34050882 0.31506848
vt 0.407045 0.28767124
vt 0.38356164 0.31506848
vt 0.40900195 0.31506848
vt 0.30919766 0.79452056
vt 0.28375733 0.81604695
vt 0.28962818 0.6927593
vt 0.51272017 0.7886497
vt 0.49119374 0.5596869
vt 0.47162426 0.6614481
vt 0.4853229 0.82191783
vt 0.8356164 0.46379647
vt 0.81409 0.64187866
vt 0.8414873 0.6105675
vt 0.8258317 0.41682974
vt 0.7925636 0.4970646
vt 0.778865 0.50097847
vt 0.78669274 0.6516634
vt 0.5420744 0.7808219
vt 0.5812133 0.54990214
vt 0.39726028 0.80430526
vt 0.3776908 0.9765166
vt 0.5068493 0.9765166
vt 0.1369863 0.481409
vt 0.08023483 0.5851272
vt 0.052837573 0.6340509
vt 0.099804305 0.46771038
vt 0.34637964 0.80430526
vt 0.3444227 0.95694715
vt 0.26810175 0.99804306
vt 0.30528376 0.85714287
vt 0.27984345 0.83953035
vt 0.51272017 0.24266145
vt 0.25440314 0.81409
vt 0.30919766 0.79452056
vt 0.5303327 0.54990214
vt 0.49315068 0.40313113
vt 0.43444228 0.40117416
vt 0.43444228 0.40117416
vt 0.49315068 0.40313113
vt 0.4970646 0.40313113
vt 0.4970646 0.40313113
vt 0.22113504 0.71428573
vt 0.21526419 0.6966732
vt 0.21526419 0.6966732
vt 0.22113504 0.71428573
vt 0.22309197 0.72015655
vt 0.20939335 0.7123288
vt 0.21917808 0.7221135
vt 0.22309197 0.72015655
vt 0.21917808 0.7221135
vt 0.8121331 0.27984345
vt 0.8023483 0.27592954
vt 0.8023483 0.27592954
vt 0.80626225 0.26027396
vt 0.81409 0.2818004
vt 0.8121331 0.27984345
vt 0.81409 0.2818004
vt 0.8180039 0.28375733
vt 0.8180039 0.28375733
vt 0.8414873 0.28962818
vt 0.8414873 0.28962818
vt 0.853229 0.2994129
vt 0.853229 0.2994129
vt 0.85714287 0.30136988
vt 0.8806262 0.2818004
vt 0.79452056 0.2778865
vt 0.80626225 0.30528376
vt 0.8180039 0.29745597
vt 0.8180039 0.29745597
vt 0.79452056 0.2778865
vt 0.778865 0.2661448
vt 0.778865 0.2661448
vt 0.7123288 0.3894325
vt 0.7299413 0.34246576
vt 0.7475538 0.3522505
vt 0.7475538 0.3522505
vt 0.7123288 0.3894325
vt 0.66536206 0.43444228
vt 0.66536206 0.43444228
vt 0.2035225 0.56751466
vt 0.20156556 0.53424656
vt 0.20156556 0.53424656
vt 0.2035225 0.56751466
vt 0.2035225 0.5694716
vt 0.2035225 0.5694716
vt 0.62426615 0.77103716
vt 0.62426615 0.7690802
vt 0.62426615 0.7690802
vt 0.62426615 0.77103716
vt 0.62426615 0.77690804
vt 0.62426615 0.77690804
vt 0.6262231 0.7808219
vt 0.6262231 0.7808219
vt 0.5479452 0.74363995
vt 0.51272017 0.739726
vt 0.51272017 0.739726
vt 0.5479452 0.74363995
vt 0.407045 0.9412916
vt 0.41095892 0.9941292
vt 0.41095892 0.9941292
vt 0.407045 0.9412916
vt 0.40313113 0.9041096
vt 0.40313113 0.9041096
vt 0.444227 0.37573385
vt 0.5068493 0.39138943
vt 0.8238748 0.26027396
vt 0.8473581 0.2818004
vt 0.7671233 0.28375733
vt 0.6497065 0.41682974
vt 0.19960861 0.5694716
vt 0.1780822 0.5303327
vt 0.6223092 0.7690802
vt 0.39138943 0.962818
vt 0.05479452 0.5479452
vt 0.050880626 0.54011744
vt 0.050880626 0.54011744
vt 0.05479452 0.5479452
vt 0.056751467 0.5636008
vt 0.056751467 0.5636008
vt 0.056751467 0.5890411
vt 0.056751467 0.5890411
vt 0.82191783 0.6731898
vt 0.81996083 0.67514676
vt 0.82191783 0.6731898
vt 0.8180039 0.67514676
vt 0.8003914 0.6594912
vt 0.81996083 0.67514676
vt 0.7925636 0.6888454
vt 0.8180039 0.67514676
vt 0.7925636 0.6888454
vt 0.5714286 0.553816
vt 0.58317024 0.5362035
vt 0.58317024 0.5362035
vt 0.5714286 0.553816
vt 0.5714286 0.57925636
vt 0.5714286 0.57925636
vt 0.5753425 0.57925636
vt 0.5772994 0.57925636
vt 0.7162427 0.4970646
vt 0.71428573 0.49510762
vt 0.71428573 0.49510762
vt 0.71428573 0.49510762
vt 0.7162427 0.4970646
vt 0.73776907 0.5107632
vt 0.73776907 0.5107632
vt 0.73776907 0.5107632
vt 0.74168295 0.7514677
vt 0.74168295 0.7221135
vt 0.74168295 0.7221135
vt 0.74168295 0.7514677
vt 0.739726 0.7906067
vt 0.739726 0.7906067
vt 0.73776907 0.8003914
vt 0.73776907 0.7632094
vt 0.71428573 0.79843444
vt 0.70254403 0.5479452
vt 0.6966732 0.52837574
vt 0.6966732 0.52837574
vt 0.70254403 0.5479452
vt 0.7064579 0.56164384
vt 0.043052837 0.59491193
vt 0.043052837 0.54598826
vt 0.7221135 0.7240704
vt 0.5968689 0.56751466
vt 0.9765166 0.27005872
vt 0.96868885 0.30528376
vt 0.96868885 0.30528376
vt 0.9765166 0.27005872
vt 0.9784736 0.26810175
vt 0.9784736 0.26810175
vt 0.056751467 0.6516634
vt 0.08023483 0.6594912
vt 0.058708414 0.6516634
vt 0.058708414 0.6516634
vt 0.056751467 0.6516634
vt 0.050880626 0.65753424
vt 0.0019569471 0.7123288
vt 0.011741683 0.69080234
vt 0.050880626 0.65753424
vt 0.011741683 0.69080234
vt 0.9667319 0.74363995
vt 0.99804306 0.79452056
vt 0.99804306 0.79452056
vt 0.9667319 0.74363995
vt 0.962818 0.73776907
vt 0.962818 0.73776907
vt 0.88454014 0.31311154
vt 0.89432484 0.29549903
vt 0.89432484 0.29549903
vt 0.88454014 0.31311154
vt 0.8630137 0.3522505
vt 0.8630137 0.3522505
vt 0.85714287 0.36399218
vt 0.85714287 0.36399218
vt 0.8434442 0.3894325
vt 0.8434442 0.3894325
vt 0.9373777 0.12133072
vt 0.9080235 0.119373776
vt 0.9080235 0.119373776
vt 0.9373777 0.12133072
vt 0.93933463 0.12133072
vt 0.93933463 0.12133072
vt 0.9412916 0.12133072
vt 0.9412916 0.12133072
vt 0.9549902 0.119373776
vt 0.9549902 0.119373776
vt 0.41095892 0.40313113
vt 0.4148728 0.4324853
vt 0.37964776 0.42270058
vt 0.39530334 0.41095892
vt 0.37964776 0.42270058
vt 0.39530334 0.41095892
vt 0.40313113 0.40313113
vt 0.40313113 0.40313113
vt 0.18982388 0.6399217
vt 0.18982388 0.64187866
vt 0.18982388 0.64187866
vt 0.18982388 0.6399217
vt 0.18982388 0.54990214
vt 0.18982388 0.54990214
vt 0.44227007 0.9941292
vt 0.44227007 0.96477497
vt 0.44227007 0.96477497
vt 0.45009786 0.9941292
vt 0.44227007 0.99804306
vt 0.44227007 0.9941292
vt 0.19178082 0.6438356
vt 0.20939335 0.62426615
vt 0.20939335 0.62426615
vt 0.19178082 0.6438356
vt 0.42857143 0.38747555
vt 0.4187867 0.39334637
vt 0.4187867 0.39334637
vt 0.42857143 0.38747555
vt 0.7475538 0.091976516
vt 0.7475538 0.09393346
vt 0.7475538 0.09393346
vt 0.72015655 0.07436399
vt 0.74168295 0.072407044
vt 0.7475538 0.086105675
vt 0.7475538 0.091976516
vt 0.7475538 0.086105675
vt 0.7475538 0.072407044
vt 0.7475538 0.072407044
vt 0.74168295 0.072407044
vt 0.72015655 0.07436399
vt 0.9726027 0.17025441
vt 0.9784736 0.17025441
vt 0.9784736 0.17025441
vt 0.9726027 0.17025441
vt 0.91193736 0.17025441
vt 0.91193736 0.17025441
vt 0.90606654 0.7181996
vt 0.8982387 0.7162427
vt 0.8982387 0.7162427
vt 0.90606654 0.7181996
vt 0.9080235 0.7123288
vt 0.9158513 0.6927593
vt 0.9080235 0.7123288
vt 0.9158513 0.6927593
vt 0.9295499 0.65362036
vt 0.9295499 0.65362036
vt 0.9412916 0.6164383
vt 0.9412916 0.6164383
vt 0.94716245 0.60273975
vt 0.92759293 0.5870842
vt 0.9549902 0.5812133
vt 0.94716245 0.60273975
vt 0.9549902 0.5812133
vt 0.9706458 0.54011744
vt 0.9706458 0.54011744
vt 0.9706458 0.54011744
vt 0.9706458 0.54011744
vt 0.9706458 0.5362035
vt 0.9706458 0.5362035
vt 0.97455966 0.5264188
vt 0.97455966 0.5264188
vt 0.97455966 0.5264188
vt 0.97455966 0.5264188
vt 0.9784736 0.5146771
vt 0.0019569471 0.42465752
vt 0.0019569471 0.44618395
vt 0.0019569471 0.42465752
vt 0.0019569471 0.44618395
vt 0.0019569471 0.46183953
vt 0.0019569471 0.46183953
vt 0.6340509 0.052837573
vt 0.6477495 0.058708414
vt 0.6477495 0.058708414
vt 0.6340509 0.052837573
vt 0.6320939 0.052837573
vt 0.6320939 0.052837573
vt 0.63013697 0.052837573
vt 0.63013697 0.052837573
vt 0.62426615 0.04892368
vt 0.61252445 0.045009784
vt 0.6086106 0.052837573
vt 0.62426615 0.04892368
vt 0.6086106 0.043052837
vt 0.61252445 0.045009784
vt 0.01369863 0.12133072
vt 0.0039138943 0.12915851
vt 0.0039138943 0.119373776
vt 0.0039138943 0.119373776
vt 0.056751467 0.13111547
vt 0.01369863 0.12133072
vt 0.056751467 0.13111547
vt 0.058708414 0.1330724
vt 0.058708414 0.1330724
vt 0.06066536 0.1330724
vt 0.06066536 0.1330724
vt 0.9667319 0.30528376
vt 0.97455966 0.27005872
vt 0.9960861 0.74168295
vt 0.86692756 0.3620352
vt 0.8375734 0.4324853
vt 0.93933463 0.12328767
vt 0.91193736 0.16438356
vt 0.9921722 0.13502936
vt 0.18982388 0.64187866
vt 0.21722114 0.553816
vt 0.9765166 0.16829745
vt 0.96868885 0.54011744
vt 0.27201566 0.9765166
vt 0.2739726 0.91780823
vt 0.27201566 0.9765166
vt 0.27201566 0.9784736
vt 0.27201566 0.9784736
vt 0.7729941 0.039138943
vt 0.7729941 0.029354207
vt 0.7729941 0.029354207
vt 0.7729941 0.039138943
vt 0.7729941 0.072407044
vt 0.7729941 0.072407044
vt 0.7729941 0.086105675
vt 0.7729941 0.086105675
vt 0.7729941 0.086105675
vt 0.7729941 0.086105675
vt 0.7729941 0.08806262
vt 0.7553816 0.11741683
vt 0.7690802 0.12328767
vt 0.7729941 0.08806262
vt 0.7690802 0.12328767
vt 0.6262231 0.62426615
vt 0.5988258 0.61252445
vt 0.5988258 0.61252445
vt 0.6262231 0.62426615
vt 0.62818 0.62426615
vt 0.5988258 0.5968689
vt 0.62818 0.60078275
vt 0.25440314 0.6144814
vt 0.25440314 0.63013697
vt 0.25440314 0.63013697
vt 0.23091976 0.6320939
vt 0.25244617 0.5636008
vt 0.25440314 0.6144814
vt 0.25244617 0.5636008
vt 0.25048923 0.53816044
vt 0.25048923 0.53816044
vt 0.2485323 0.48727983
vt 0.2485323 0.48727983
vt 0.66927594 0.14481409
vt 0.74363995 0.2778865
vt 0.74363995 0.2778865
vt 0.66927594 0.14481409
vt 0.66536206 0.1409002
vt 0.66536206 0.1409002
vt 0.6399217 0.09589041
vt 0.6399217 0.09589041
vt 0.79843444 0.0665362
vt 0.88454014 0.06849315
vt 0.88454014 0.06849315
vt 0.79843444 0.0665362
vt 0.7808219 0.06849315
vt 0.77690804 0.031311154
vt 0.6164383 0.85714287
vt 0.6164383 0.8473581
vt 0.6164383 0.8473581
vt 0.6164383 0.85714287
vt 0.6164383 0.94520545
vt 0.6164383 0.94520545
vt 0.6164383 0.94520545
vt 0.6164383 0.94520545
vt 0.8434442 0.72798437
vt 0.778865 0.72798437
vt 0.7808219 0.7162427
vt 0.7808219 0.7162427
vt 0.8434442 0.72798437
vt 0.63013697 0.8923679
vt 0.6183953 0.94520545
vt 0.6183953 0.94520545
vt 0.63013697 0.8923679
vt 0.6340509 0.85714287
vt 0.6340509 0.85714287
vt 0.518591 0.025440313
vt 0.518591 0.025440313
vt 0.54011744 0.039138943
vt 0.26810175 0.6477495
vt 0.26810175 0.6477495
vt 0.26810175 0.6477495
vt 0.26810175 0.6477495
vt 0.26418787 0.7181996
vt 0.26418787 0.7181996
vt 0.2661448 0.74168295
vt 0.2661448 0.74168295
vt 0.2661448 0.7573385
vt 0.2661448 0.7573385
vt 0.26810175 0.7632094
vt 0.26810175 0.7632094
vt 0.27005872 0.7671233
vt 0.2407045 0.7690802
vt 0.2661448 0.83953035
vt 0.27005872 0.7671233
vt 0.2661448 0.83953035
vt 0.2661448 0.851272
vt 0.2661448 0.851272
vt 0.27005872 0.8551859
vt 0.24266145 0.8551859
vt 0.27005872 0.86692756
vt 0.27005872 0.8551859
vt 0.27005872 0.86692756
vt 0.27201566 0.86692756
vt 0.23287672 0.87866926
vt 0.27201566 0.86692756
vt 0.27201566 0.8982387
vt 0.27201566 0.8982387
vt 0.2739726 0.91780823
vt 0.27005872 0.9784736
vt 0.77103716 0.02739726
vt 0.2074364 0.6262231
vt 0.18590999 0.48336595
vt 0.84931505 0.045009784
vt 0.6262231 0.84931505
vt 0.6183953 0.94520545
vt 0.7553816 0.14677104
vt 0.7455969 0.14285715
vt 0.7455969 0.14285715
vt 0.7553816 0.14677104
vt 0.8023483 0.16634052
vt 0.8023483 0.16634052
vt 0.8297456 0.1780822
vt 0.8297456 0.1780822
vt 0.8708415 0.19569471
vt 0.8708415 0.19569471
vt 0.8923679 0.20547946
vt 0.8923679 0.20547946
vt 0.95694715 0.46379647
vt 0.95694715 0.52250487
vt 0.96477497 0.5205479
vt 0.96477497 0.4970646
vt 0.96477497 0.5205479
vt 0.96477497 0.4970646
vt 0.96477497 0.46379647
vt 0.96477497 0.46379647
vt 0.69863015 0.2485323
vt 0.69863015 0.2485323
vt 0.69863015 0.2485323
vt 0.69863015 0.2485323
vt 0.7005871 0.25048923
vt 0.7005871 0.25048923
vt 0.7162427 0.2818004
vt 0.7162427 0.2818004
vt 0.72015655 0.28767124
vt 0.72015655 0.28767124
vt 0.7358121 0.32289627
vt 0.7358121 0.32289627
vt 0.22113504 0.25048923
vt 0.15459883 0.2739726
vt 0.15459883 0.2739726
vt 0.22113504 0.25048923
vt 0.2739726 0.23091976
vt 0.2739726 0.23091976
vt 0.2994129 0.22113504
vt 0.2994129 0.22113504
vt 0.30136988 0.22113504
vt 0.30136988 0.22113504
vt 0.31506848 0.26810175
vt 0.31506848 0.26810175
vt 0.32681018 0.30528376
vt 0.32681018 0.30528376
vt 0.34246576 0.3620352
vt 0.34246576 0.3620352
vt 0.93933463 0.7808219
vt 0.93933463 0.7847358
vt 0.93933463 0.7847358
vt 0.9080235 0.7847358
vt 0.9373777 0.76516634
vt 0.93933463 0.7808219
vt 0.9217221 0.76516634
vt 0.8962818 0.74363995
vt 0.9373777 0.7514677
vt 0.9373777 0.76516634
vt 0.9373777 0.7514677
vt 0.9373777 0.704501
vt 0.9373777 0.704501
vt 0.93542075 0.6555773
vt 0.93542075 0.6555773
vt 0.93542075 0.6438356
vt 0.93542075 0.6438356
vt 0.6340509 0.56164384
vt 0.6379648 0.56164384
vt 0.6379648 0.56164384
vt 0.6340509 0.56164384
vt 0.6144814 0.553816
vt 0.6144814 0.553816
vt 0.57925636 0.5420744
vt 0.57925636 0.5420744
vt 0.48336595 0.5107632
vt 0.48336595 0.5107632
vt 0.46966732 0.50489235
vt 0.46966732 0.50489235
vt 0.35420743 0.39334637
vt 0.35812134 0.39138943
vt 0.35812134 0.39138943
vt 0.35420743 0.39334637
vt 0.34637964 0.39334637
vt 0.34637964 0.39334637
vt 0.739726 0.11154599
vt 0.73776907 0.1330724
vt 0.6947162 0.13111547
vt 0.6947162 0.12720157
vt 0.6947162 0.13111547
vt 0.69080234 0.10763209
vt 0.6947162 0.12720157
vt 0.9706458 0.481409
vt 0.9921722 0.52446187
vt 0.9941292 0.46966732
vt 0.9843444 0.46771038
vt 0.9941292 0.46966732
vt 0.9706458 0.46575344
vt 0.9843444 0.46771038
vt 0.6829746 0.5851272
vt 0.68101764 0.5596869
vt 0.68101764 0.5596869
vt 0.6829746 0.5851272
vt 0.68688846 0.64187866
vt 0.68688846 0.64187866
vt 0.68688846 0.6477495
vt 0.68688846 0.6477495
vt 0.15264188 0.18590999
vt 0.15068494 0.18590999
vt 0.15068494 0.18590999
vt 0.15068494 0.19373778
vt 0.19569471 0.17221135
vt 0.19569471 0.17025441
vt 0.15264188 0.18590999
vt 0.19569471 0.17025441
vt 0.19569471 0.17025441
vt 0.19569471 0.17025441
vt 0.19960861 0.16829745
vt 0.19960861 0.16829745
vt 0.27984345 0.13894325
vt 0.27984345 0.13894325
vt 0.28962818 0.16829745
vt 0.28962818 0.16829745
vt 0.29745597 0.18982388
vt 0.29745597 0.18982388
vt 0.30136988 0.20156556
vt 0.26810175 0.20156556
vt 0.30528376 0.21330725
vt 0.30136988 0.20156556
vt 0.23483366 0.21722114
vt 0.30528376 0.21722114
vt 0.30528376 0.21330725
vt 0.04109589 0.72015655
vt 0.07436399 0.7906067
vt 0.0019569471 0.7886497
vt 0.0019569471 0.7749511
vt 0.0019569471 0.7886497
vt 0.0039138943 0.7240704
vt 0.0019569471 0.7749511
vt 0.0039138943 0.7240704
vt 0.0039138943 0.7162427
vt 0.0039138943 0.7162427
vt 0.0039138943 0.7103718
vt 0.029354207 0.7123288
vt 0.0058708414 0.67514676
vt 0.0039138943 0.7103718
vt 0.0058708414 0.67514676
vt 0.007827789 0.6379648
vt 0.007827789 0.6379648
vt 0.009784736 0.5420744
vt 0.009784736 0.5420744
vt 0.017612524 0.41095892
vt 0.0019569471 0.40900195
vt 0.0019569471 0.40900195
vt 0.017612524 0.41095892
vt 0.029354207 0.41095892
vt 0.029354207 0.41095892
vt 0.037181996 0.41095892
vt 0.037181996 0.41095892
vt 0.039138943 0.41095892
vt 0.039138943 0.41095892
vt 0.26418787 0.54598826
vt 0.2661448 0.5636008
vt 0.2661448 0.5636008
vt 0.26418787 0.54598826
vt 0.26418787 0.49902153
vt 0.26418787 0.49902153
vt 0.26418787 0.48336595
vt 0.26418787 0.48336595
vt 0.26418787 0.47358122
vt 0.26418787 0.47358122
vt 0.26418787 0.46575344
vt 0.33855185 0.47358122
vt 0.33268103 0.39726028
vt 0.26418787 0.40117416
vt 0.26418787 0.46575344
vt 0.26418787 0.40117416
vt 0.4970646 0.18003914
vt 0.49510762 0.19178082
vt 0.49510762 0.19178082
vt 0.42857143 0.18786693
vt 0.49902153 0.17221135
vt 0.4970646 0.18003914
vt 0.40900195 0.16634052
vt 0.50097847 0.17025441
vt 0.49902153 0.17221135
vt 0.38747555 0.15851273
vt 0.5029354 0.16046967
vt 0.50097847 0.17025441
vt 0.52250487 0.9412916
vt 0.52250487 0.94520545
vt 0.52250487 0.94520545
vt 0.52250487 0.9412916
vt 0.52446187 0.9138943
vt 0.52446187 0.9138943
vt 0.52837574 0.86105675
vt 0.52837574 0.86105675
vt 0.53424656 0.7729941
vt 0.53424656 0.7729941
vt 0.5362035 0.7475538
vt 0.5362035 0.7475538
vt 0.5362035 0.739726
vt 0.5362035 0.739726
vt 0.62426615 0.25636008
vt 0.6046967 0.25048923
vt 0.6046967 0.25048923
vt 0.62426615 0.25636008
vt 0.62818 0.25831702
vt 0.62818 0.25831702
vt 0.6320939 0.25831702
vt 0.63013697 0.2485323
vt 0.63600785 0.26027396
vt 0.6320939 0.25831702
vt 0.63600785 0.26027396
vt 0.64187866 0.26223093
vt 0.62426615 0.18395303
vt 0.64187866 0.16242662
vt 0.6438356 0.26223093
vt 0.64187866 0.26223093
vt 0.97455966 0.1330724
vt 0.9921722 0.10176125
vt 0.9960861 0.19765167
vt 0.9941292 0.19960861
vt 0.9960861 0.19765167
vt 0.97455966 0.18003914
vt 0.99021524 0.19960861
vt 0.9941292 0.19960861
vt 0.7475538 0.1369863
vt 0.80430526 0.16046967
vt 0.9197652 0.1369863
vt 0.9315069 0.47553816
vt 0.6966732 0.30332682
vt 0.667319 0.2661448
vt 0.6927593 0.25636008
vt 0.72798437 0.33463797
vt 0.64579254 0.34050882
vt 0.7221135 0.3444227
vt 0.2035225 0.35812134
vt 0.2994129 0.26810175
vt 0.81996083 0.76516634
vt 0.79452056 0.7847358
vt 0.83365947 0.7162427
vt 0.86692756 0.6516634
vt 0.5890411 0.60665363
vt 0.6262231 0.70841485
vt 0.46966732 0.52446187
vt 0.3561644 0.3776908
vt 0.34637964 0.39334637
vt 0.7690802 0.12720157
vt 0.7671233 0.10763209
vt 0.9726027 0.51663405
vt 0.9941292 0.55772996
vt 0.72798437 0.60665363
vt 0.7338552 0.5420744
vt 0.7103718 0.64579254
vt 0.15459883 0.21722114
vt 0.11154599 0.73189825
vt 0.15851273 0.7925636
vt 0.078277886 0.7123288
vt 0.113502935 0.6516634
vt 0.0665362 0.553816
vt 0.0019569471 0.46771038
vt 0.029354207 0.46575344
vt 0.039138943 0.4266145
vt 0.2818004 0.5636008
vt 0.32485324 0.56751466
vt 0.39334637 0.5068493
vt 0.43444228 0.4403131
vt 0.37573385 0.42465752
vt 0.41095892 0.39726028
vt 0.3561644 0.18982388
vt 0.31311154 0.16634052
vt 0.2935421 0.15851273
vt 0.6594912 0.9941292
vt 0.6223092 0.99804306
vt 0.5890411 0.9765166
vt 0.553816 0.91780823
vt 0.54011744 0.9510763
vt 0.5851272 0.8003914
vt 0.54990214 0.74951077
vt 0.60078275 0.23679061
vt 0.6105675 0.75342464
vt 0.6594912 0.7847358
vt 0.61252445 0.12720157
vt 0.64579254 0.09784736
vt 0.9706458 0.08219178
vt 0.98630136 0.04109589
vt 0.74363995 0.6223092
vt 0.7338552 0.64187866
vt 0.81017613 0.6379648
vt 0.8414873 0.6144814
vt 0.7671233 0.60665363
vt 0.12915851 0.95303327
vt 0.21526419 0.98043054
vt 0.1409002 0.99021524
vt 0.81996083 0.13894325
vt 0.68688846 0.21526419
vt 0.6516634 0.2074364
vt 0.6477495 0.26223093
vt 0.5440313 0.2661448
vt 0.52250487 0.30332682
vt 0.6105675 0.33463797
vt 0.5205479 0.3444227
vt 0.667319 0.78277886
vt 0.7005871 0.76125246
vt 0.70254403 0.71428573
vt 0.81409 0.6438356
vt 0.29745597 0.99021524
vt 0.34050882 0.8375734
vt 0.25440314 0.8414873
vt 0.4774951 0.6105675
vt 0.4774951 0.75342464
vt 0.3444227 0.34246576
vt 0.3620352 0.30919766
vt 0.35029355 0.29549903
vt 0.79843444 0.11545988
vt 0.8434442 0.12720157
vt 0.962818 0.5851272
vt 0.99021524 0.592955
vt 0.9549902 0.5479452
vt 0.80626225 0.555773
vt 0.7573385 0.5146771
vt 0.7964775 0.5988258
vt 0.39530334 0.82778865
vt 0.3737769 0.79843444
vt 0.35420743 0.82778865
vt 0.3444227 0.10763209
vt 0.369863 0.086105675
vt 0.3444227 0.09001957
vt 0.14285715 0.72798437
vt 0.15851273 0.73189825
vt 0.11741683 0.7123288
vt 0.12524462 0.7103718
vt 0.16438356 0.6555773
vt 0.15851273 0.7123288
vt 0.113502935 0.553816
vt 0.1330724 0.5870842
vt 0.007827789 0.5205479
vt 0.38551858 0.5694716
vt 0.4324853 0.553816
vt 0.81996083 0.2778865
vt 0.82778865 0.31702545
vt 0.86888456 0.3111546
vt 0.86888456 0.2778865
vt 0.42270058 0.41095892
vt 0.3111546 0.18395303
vt 0.3111546 0.20939335
vt 0.8806262 0.5988258
vt 0.851272 0.6105675
vt 0.83953035 0.5988258
vt 0.93933463 0.59491193
vt 0.8962818 0.56164384
vt 0.9295499 0.6086106
vt 0.95694715 0.6399217
vt 0.95303327 0.6771037
vt 0.78277886 0.38551858
vt 0.8864971 0.3620352
vt 0.86888456 0.3189824
vt 0.7064579 0.9001957
vt 0.72798437 0.9080235
vt 0.6594912 0.9941292
vt 0.6966732 0.35812134
vt 0.7729941 0.36399218
vt 0.6223092 0.8982387
vt 0.7005871 0.8238748
vt 0.59099805 0.078277886
vt 0.6320939 0.05479452
vt 0.64579254 0.064579256
vt 0.962818 0.025440313
vt 0.9843444 0.007827789
vt 0.72798437 0.62426615
vt 0.23679061 0.9001957
vt 0.25440314 0.9941292
vt 0.2407045 0.9921722
vt 0.21526419 0.9412916
vt 0.22309197 0.96868885
vt 0.19373778 0.9510763
vt 0.9667319 0.1780822
vt 0.925636 0.16634052
vt 0.9217221 0.105675146
vt 0.9667319 0.099804305
vt 0.16438356 0.6399217
vt 0.1330724 0.6046967
vt 0.14481409 0.64579254
vt 0.16438356 0.5968689
vt 0.19960861 0.8297456
vt 0.23091976 0.84931505
vt 0.19373778 0.84931505
vt 0.1780822 0.888454
vt 0.20547946 0.9158513
vt 0.12328767 0.9197652
vt 0.1330724 0.89041096
vt 0.1409002 0.81409
vt 0.113502935 0.8414873
vt 0.08414873 0.8003914
vt 0.15851273 0.7964775
vt 0.9491194 0.80430526
vt 0.9921722 0.70841485
vt 0.9921722 0.78277886
vt 0.9667319 0.7240704
vt 0.95303327 0.7103718
vt 0.9432485 0.76125246
vt 0.66927594 0.62818
vt 0.6731898 0.592955
vt 0.6438356 0.58317024
vt 0.64187866 0.6183953
vt 0.65362036 0.66927594
vt 0.9960861 0.3894325
vt 0.94520545 0.42270058
vt 0.9921722 0.45009786
vt 0.9373777 0.34637964
vt 0.9921722 0.3483366
vt 0.6477495 0.15851273
vt 0.6927593 0.15655577
vt 0.7123288 0.17612524
vt 0.5029354 0.27201566
vt 0.7181996 0.6497065
vt 0.45009786 0.98630136
vt 0.43639922 0.82778865
vt 0.36007828 0.9823875
vt 0.83953035 0.119373776
vt 0.9589041 0.62426615
vt 0.9921722 0.6438356
vt 0.8590998 0.4970646
vt 0.8258317 0.47945204
vt 0.7906067 0.49315068
vt 0.9491194 0.5264188
vt 0.8375734 0.59491193
vt 0.4266145 0.09001957
vt 0.4403131 0.10763209
vt 0.4520548 0.46575344
vt 0.43639922 0.4148728
vt 0.43639922 0.49510762
vt 0.70254403 0.99804306
vt 0.70254403 0.960861
vt 0.6731898 0.9843444
vt 0.12524462 0.64187866
vt 0.2778865 0.960861
vt 0.2818004 0.9941292
vt 0.26027396 0.99804306
vt 0.26027396 0.960861
vt 0.92367905 0.6086106
vt 0.87279844 0.62035227
vt 0.481409 0.099804305
vt 0.7749511 0.47358122
vt 0.8767123 0.4324853
vt 0.6771037 0.40900195
vt 0.62818 0.04109589
vt 0.6888454 0.4481409
vt 0.75342464 0.51272017
vt 0.7181996 0.5068493
vt 0.25244617 0.91193736
vt 0.25048923 0.853229
vt 0.17612524 0.8551859
vt 0.7338552 0.88454014
vt 0.7221135 0.8434442
vt 0.69863015 0.851272
vt 0.69863015 0.8962818
vt 0.0058708414 0.53424656
vt 0.029354207 0.5029354
vt 0.029354207 0.54011744
vt 0.14481409 0.8747554
vt 0.16046967 0.8356164
vt 0.9726027 0.9726027
vt 0.9315069 0.9960861
vt 0.96868885 0.9960861
vt 0.96868885 0.704501
vt 0.9726027 0.9510763
vt 0.9941292 0.9706458
vt 0.19569471 0.4481409
vt 0.14872798 0.46575344
vt 0.15264188 0.3776908
vt 0.19178082 0.3737769
vt 0.07436399 0.29745597
vt 0.08414873 0.2407045
vt 0.045009784 0.23874755
vt 0.1330724 0.2485323
vt 0.13111547 0.30136988
vt 0.04892368 0.39138943
vt 0.099804305 0.36594912
vt 0.0332681 0.4774951
vt 0.07632094 0.46183953
vt 0.09393346 0.51663405
vt 0.06849315 0.5205479
vt 0.6966732 0.71428573
vt 0.6731898 0.72602737
vt 0.64187866 0.76516634
vt 0.9099804 0.28767124
vt 0.8864971 0.34246576
vt 0.95303327 0.25440314
vt 0.9960861 0.2485323
vt 0.9412916 0.20156556
vt 0.95694715 0.20939335
vt 0.68101764 0.11545988
vt 0.47358122 0.8962818
vt 0.51663405 0.8551859
vt 0.49315068 0.9510763
vt 0.51272017 0.96477497
vt 0.87279844 0.27005872
vt 0.89041096 0.2407045
vt 0.8747554 0.30136988
vt 0.39726028 0.99804306
vt 0.29549903 0.099804305
vt 0.3620352 0.1409002
vt 0.32485324 0.1409002
vt 0.26223093 0.13111547
vt 0.26223093 0.11545988
vt 0.9726027 0.667319
vt 0.98630136 0.667319
vt 0.8630137 0.45596868
vt 0.87279844 0.47553816
vt 0.9001957 0.4892368
vt 0.9217221 0.47358122
vt 0.33855185 0.39530334
vt 0.25831702 0.37964776
vt 0.25440314 0.39530334
vt 0.33463797 0.38356164
vt 0.67906064 0.7886497
vt 0.70254403 0.7906067
vt 0.7005871 0.81604695
vt 0.7162427 0.7886497
vt 0.08023483 0.099804305
vt 0.06066536 0.0704501
vt 0.031311154 0.091976516
vt 0.08219178 0.1369863
vt 0.031311154 0.14872798
vt 0.25831702 0.8767123
vt 0.9080235 0.9158513
vt 0.9080235 0.99804306
vt 0.9334638 0.92367905
vt 0.96477497 0.86692756
vt 0.23483366 0.481409
vt 0.25636008 0.48336595
vt 0.26027396 0.56751466
vt 0.22309197 0.555773
vt 0.18590999 0.5068493
vt 0.18982388 0.47358122
vt 0.2407045 0.36594912
vt 0.25440314 0.41682974
vt 0.15068494 0.2778865
vt 0.14481409 0.19765167
vt 0.04696673 0.43639922
vt 0.65753424 0.7690802
vt 0.0332681 0.5440313
vt 0.8767123 0.30528376
vt 0.9197652 0.24657534
vt 0.9158513 0.21917808
vt 0.90606654 0.19569471
vt 0.92759293 0.1741683
vt 0.5029354 0.89041096
vt 0.49315068 0.92367905
vt 0.09784736 0.52837574
vt 0.10176125 0.54598826
vt 0.07632094 0.54990214
vt 0.064579256 0.52837574
vt 0.5968689 0.7221135
vt 0.62035227 0.7514677
vt 0.5890411 0.73189825
vt 0.87279844 0.22504893
vt 0.8982387 0.23287672
vt 0.9041096 0.79452056
vt 0.92367905 0.8238748
vt 0.9041096 0.8238748
vt 0.9432485 0.79452056
vt 0.19178082 0.25440314
vt 0.18199609 0.22113504
vt 0.21917808 0.23287672
vt 0.33072406 0.099804305
vt 0.93542075 0.44618395
vt 0.8962818 0.444227
vt 0.67906064 0.099804305
vt 0.6497065 0.1037182
vt 0.6516634 0.06066536
vt 0.7005871 0.058708414
vt 0.70254403 0.1037182
vt 0.16438356 0.14872798
vt 0.23483366 0.14872798
vt 0.23091976 0.1037182
vt 0.1369863 0.10176125
vt 0.13111547 0.14872798
vt 0.70254403 0.5107632
vt 0.68101764 0.53816044
vt 0.72798437 0.53816044
vt 0.6849315 0.51272017
vt 0.16046967 0.25440314
vt 0.15264188 0.23483366
vt 0.40117416 0.81996083
vt 0.39334637 0.79452056
vt 0.40313113 0.76125246
vt 0.43639922 0.8238748
vt 0.5088063 0.82191783
vt 0.5088063 0.76125246
vt 0.51272017 0.79452056
vt 0.052837573 0.15459883
vt 0.98043054 0.7005871
vt 0.9589041 0.67906064
vt 0.9432485 0.6947162
vt 0.98630136 0.67906064
vt 0.91193736 0.83365947
vt 0.9667319 0.8023483
vt 0.12133072 0.11545988
vt 0.08806262 0.1330724
vt 0.09784736 0.072407044
vt 0.12524462 0.06849315
vt 0.6379648 0.7221135
vt 0.5029354 0.9315069
vt 0.5205479 0.9099804
vt 0.12524462 0.13894325
vt 0.0019569471 0.0332681
vt 0.007827789 0.050880626
vt 0.021526419 0.017612524
vt 0.5088063 0.99804306
vt 0.50489235 0.97455966
vt 0.53424656 0.960861
vt 0.5772994 0.99804306
vt 0.5205479 0.9373777
vt 0.5205479 0.960861
vt 0.50097847 0.94716245
vt 0.555773 0.064579256
vt 0.54598826 0.064579256
vt 0.4853229 0.1037182
vt 0.553816 0.10958904
vt 0.0704501 0.23679061
vt 0.12133072 0.16634052
vt 0.12720157 0.23287672
vt 0.74951077 0.26223093
vt 0.7299413 0.26418787
vt 0.7299413 0.22113504
vt 0.481409 0.83170253
vt 0.5088063 0.84540117
vt 0.5205479 0.83170253
vt 0.5772994 0.10958904
vt 0.09784736 0.1409002
vt 0.12720157 0.14481409
vt 0.04696673 0.16242662
vt 0.7455969 0.34050882
vt 0.7573385 0.32093933
vt 0.4187867 0.81604695
vt 0.4148728 0.81996083
vt 0.4148728 0.81996083
vt 0.407045 0.7514677
vt 0.49902153 0.7103718
vt 0.44618395 0.7925636
vt 0.4187867 0.81604695
vt 0.44618395 0.7925636
vt 0.51272017 0.72798437
vt 0.51272017 0.72798437
vt 0.5420744 0.7005871
vt 0.5420744 0.7005871
vt 0.555773 0.6888454
vt 0.5479452 0.68688846
vt 0.9706458 0.8649706
vt 0.9706458 0.8649706
vt 0.9706458 0.8649706
vt 0.9843444 0.8649706
vt 0.96477497 0.84540117
vt 0.9706458 0.8649706
vt 0.9823875 0.8414873
vt 0.962818 0.83953035
vt 0.96477497 0.84540117
vt 0.960861 0.8356164
vt 0.962818 0.83953035
vt 0.960861 0.8356164
vt 0.9510763 0.8121331
vt 0.9510763 0.8121331
vt 0.9315069 0.7592955
vt 0.9315069 0.7592955
vt 0.9080235 0.6947162
vt 0.9080235 0.6947162
vt 0.72015655 0.8082192
vt 0.7240704 0.79843444
vt 0.7240704 0.79843444
vt 0.72798437 0.8121331
vt 0.7181996 0.8121331
vt 0.72015655 0.8082192
vt 0.7181996 0.8121331
vt 0.68688846 0.9158513
vt 0.68688846 0.9158513
vt 0.6829746 0.9315069
vt 0.6829746 0.9315069
vt 0.6712329 0.96477497
vt 0.6712329 0.96477497
vt 0.6614481 0.99804306
vt 0.6614481 0.99804306
vt 0.2994129 0.20156556
vt 0.30136988 0.20156556
vt 0.30136988 0.20156556
vt 0.2994129 0.20156556
vt 0.14481409 0.79843444
vt 0.13894325 0.79843444
vt 0.13894325 0.79843444
vt 0.14481409 0.79843444
vt 0.18395303 0.79843444
vt 0.18395303 0.79843444
vt 0.19569471 0.8003914
vt 0.19569471 0.70254403
vt 0.23874755 0.73189825
vt 0.2035225 0.8003914
vt 0.19569471 0.8003914
vt 0.2035225 0.8003914
vt 0.23091976 0.8023483
vt 0.23091976 0.8023483
vt 0.2935421 0.8003914
vt 0.2935421 0.8003914
vt 0.30528376 0.8003914
vt 0.30528376 0.74951077
vt 0.20547946 0.39530334
vt 0.19178082 0.3894325
vt 0.2035225 0.38747555
vt 0.2035225 0.38747555
vt 0.20547946 0.39530334
vt 0.21135029 0.41291586
vt 0.21135029 0.41291586
vt 0.22896282 0.99804306
vt 0.2407045 0.9921722
vt 0.2407045 0.9921722
vt 0.22896282 0.99804306
vt 0.88258314 0.6399217
vt 0.88258314 0.68101764
vt 0.88258314 0.68101764
vt 0.88258314 0.6399217
vt 0.88258314 0.60665363
vt 0.88258314 0.60665363
vt 0.015655577 0.16438356
vt 0.019569471 0.16438356
vt 0.019569471 0.16438356
vt 0.015655577 0.16438356
vt 0.007827789 0.16634052
vt 0.007827789 0.16634052
vt 0.0019569471 0.16634052
vt 0.0019569471 0.16634052
vt 0.555773 0.47945204
vt 0.5518591 0.47945204
vt 0.5518591 0.47945204
vt 0.555773 0.47945204
vt 0.57338554 0.47945204
vt 0.57338554 0.47945204
vt 0.71428573 0.4853229
vt 0.71428573 0.4853229
vt 0.23287672 0.39726028
vt 0.25636008 0.45596868
vt 0.26027396 0.33463797
vt 0.26027396 0.33463797
vt 0.26027396 0.33463797
vt 0.23091976 0.3444227
vt 0.26027396 0.33463797
vt 0.26027396 0.33463797
vt 0.23287672 0.32681018
vt 0.26027396 0.33463797
vt 0.23287672 0.32681018
vt 0.37181997 0.76125246
vt 0.35812134 0.72015655
vt 0.49510762 0.6712329
vt 0.553816 0.6340509
vt 0.9941292 0.86105675
vt 0.9941292 0.81409
vt 0.9843444 0.8121331
vt 0.99021524 0.64579254
vt 0.8630137 0.7964775
vt 0.9138943 0.81017613
vt 0.87866926 0.9001957
vt 0.7671233 0.90606654
vt 0.7181996 0.9491194
vt 0.6927593 0.9960861
vt 0.8082192 0.99804306
vt 0.28375733 0.072407044
vt 0.31311154 0.1409002
vt 0.13894325 0.7964775
vt 0.14285715 0.73189825
vt 0.13894325 0.6731898
vt 0.21526419 0.63600785
vt 0.25048923 0.58317024
vt 0.3111546 0.71428573
vt 0.16046967 0.4187867
vt 0.15851273 0.38747555
vt 0.22896282 0.9706458
vt 0.89041096 0.60665363
vt 0.9099804 0.6849315
vt 0.9138943 0.66340506
vt 0.9138943 0.6046967
vt 0.007827789 0.09001957
vt 0.03522505 0.113502935
vt 0.0019569471 0.16242662
vt 0.54990214 0.48336595
vt 0.71428573 0.5479452
vt 0.23287672 0.50489235
vt 0.26027396 0.553816
vt 0.23679061 0.43444228
vt 0.04892368 0.93542075
vt 0.0019569471 0.9334638
vt 0.0058708414 0.8767123
vt 0.07632094 0.90606654
vt 0.011741683 0.8258317
vt 0.08414873 0.8180039
vt 0.9667319 0.22504893
vt 0.93542075 0.21917808
vt 0.9706458 0.30136988
vt 0.2074364 0.29158512
vt 0.23287672 0.32093933
vt 0.19569471 0.36790606
vt 0.14481409 0.29549903
vt 0.12720157 0.39334637
vt 0.09784736 0.369863
vt 0.0332681 0.4266145
vt 0.0058708414 0.39530334
vt 0.043052837 0.33463797
vt 0.0019569471 0.34050882
vt 0.36007828 0.6594912
vt 0.44618395 0.6477495
vt 0.43835616 0.5968689
vt 0.74168295 0.6086106
vt 0.7181996 0.592955
vt 0.72015655 0.7162427
vt 0.7455969 0.704501
vt 0.72602737 0.7925636
vt 0.7729941 0.7886497
vt 0.7690802 0.59491193
vt 0.8297456 0.6888454
vt 0.89041096 0.78277886
vt 0.93933463 0.79452056
vt 0.86888456 0.59491193
vt 0.93542075 0.9960861
vt 0.2994129 0.091976516
vt 0.2778865 0.12524462
vt 0.2778865 0.04109589
vt 0.26223093 0.06066536
vt 0.2661448 0.13894325
vt 0.84931505 0.13111547
vt 0.76516634 0.14481409
vt 0.78277886 0.13502936
vt 0.13894325 0.5988258
vt 0.6105675 0.89432484
vt 0.667319 0.960861
vt 0.59099805 0.99804306
vt 0.56751466 0.88258314
vt 0.555773 0.94520545
vt 0.555773 0.9080235
vt 0.47945204 0.9197652
vt 0.4892368 0.9882583
vt 0.31702545 0.6262231
vt 0.13111547 0.407045
vt 0.19178082 0.9412916
vt 0.22504893 0.99804306
vt 0.22504893 0.9334638
vt 0.9412916 0.667319
vt 0.0019569471 0.5322896
vt 0.03522505 0.47945204
vt 0.0019569471 0.46966732
vt 0.03522505 0.0704501
vt 0.0019569471 0.056751467
vt 0.5518591 0.62426615
vt 0.52446187 0.5988258
vt 0.5264188 0.5596869
vt 0.5851272 0.6164383
vt 0.62818 0.5655577
vt 0.6614481 0.66536206
vt 0.6712329 0.66927594
vt 0.71428573 0.6046967
vt 0.46966732 0.5440313
vt 0.39530334 0.54598826
vt 0.5029354 0.5851272
vt 0.51272017 0.54598826
vt 0.5988258 0.78669274
vt 0.6379648 0.7729941
vt 0.6477495 0.78669274
vt 0.43444228 0.49119374
vt 0.39334637 0.49119374
vt 0.4266145 0.46575344
vt 0.46771038 0.8590998
vt 0.45009786 0.84931505
vt 0.45401174 0.8023483
vt 0.4774951 0.7925636
vt 0.23679061 0.5596869
vt 0.039138943 0.9882583
vt 0.0039138943 0.99804306
vt 0.08219178 0.93542075
vt 0.08414873 0.8649706
vt 0.15459883 0.84931505
vt 0.08806262 0.8023483
vt 0.2994129 0.22700587
vt 0.2935421 0.2818004
vt 0.23874755 0.27592954
vt 0.9941292 0.89432484
vt 0.9941292 0.87866926
vt 0.94520545 0.86105675
vt 0.92759293 0.89432484
vt 0.40508807 0.16438356
vt 0.3894325 0.11154599
vt 0.32093933 0.13502936
vt 0.31506848 0.1780822
vt 0.35029355 0.20547946
vt 0.32093933 0.21917808
vt 0.30528376 0.20939335
vt 0.98043054 0.98043054
vt 0.98043054 0.99804306
vt 0.93933463 0.9882583
vt 0.93933463 0.9080235
vt 0.1037182 0.29158512
vt 0.0019569471 0.29158512
vt 0.35812134 0.61252445
vt 0.39921722 0.60078275
vt 0.40117416 0.5753425
vt 0.25440314 0.8434442
vt 0.2818004 0.8590998
vt 0.24657534 0.86105675
vt 0.21330725 0.8434442
vt 0.54598826 0.47162426
vt 0.5812133 0.43444228
vt 0.59491193 0.47553816
vt 0.5205479 0.45401174
vt 0.44618395 0.47358122
vt 0.41291586 0.45009786
vt 0.49315068 0.41095892
vt 0.41095892 0.40313113
vt 0.46771038 0.33855185
vt 0.39530334 0.33855185
vt 0.29158512 0.18982388
vt 0.27201566 0.22309197
vt 0.9158513 0.12915851
vt 0.9549902 0.14481409
vt 0.8982387 0.14285715
vt 0.66340506 0.888454
vt 0.6594912 0.84931505
vt 0.60078275 0.85714287
vt 0.56751466 0.7847358
vt 0.5479452 0.81409
vt 0.52250487 0.86692756
vt 0.47945204 0.8551859
vt 0.3189824 0.3072407
vt 0.30136988 0.3483366
vt 0.30136988 0.28767124
vt 0.3111546 0.24266145
vt 0.30332682 0.21917808
vt 0.48336595 0.9921722
vt 0.45596868 0.90606654
vt 0.4774951 0.9001957
vt 0.20156556 0.9960861
vt 0.704501 0.35420743
vt 0.6399217 0.38551858
vt 0.6888454 0.43639922
vt 0.7358121 0.407045
vt 0.8121331 0.43639922
vt 0.064579256 0.14285715
vt 0.039138943 0.16438356
vt 0.039138943 0.045009784
vt 0.072407044 0.09784736
vt 0.66927594 0.8356164
vt 0.69863015 0.86105675
vt 0.69863015 0.8121331
vt 0.67906064 0.86888456
vt 0.2739726 0.87279844
vt 0.2407045 0.8923679
vt 0.23679061 0.87279844
vt 0.58317024 0.65362036
vt 0.62818 0.66536206
vt 0.65753424 0.67514676
vt 0.39138943 0.49510762
vt 0.38747555 0.5107632
vt 0.36594912 0.5851272
vt 0.8414873 0.35420743
vt 0.853229 0.32681018
vt 0.7358121 0.27984345
vt 0.7299413 0.32093933
vt 0.69863015 0.29158512
vt 0.65362036 0.32093933
vt 0.68688846 0.2818004
vt 0.592955 0.7729941
vt 0.8258317 0.39530334
vt 0.40313113 0.12524462
vt 0.40508807 0.23091976
vt 0.38551858 0.26418787
vt 0.35812134 0.2485323
vt 0.33268103 0.27201566
vt 0.32681018 0.2994129
vt 0.12524462 0.61252445
vt 0.08806262 0.6966732
vt 0.12524462 0.6888454
vt 0.086105675 0.6183953
vt 0.09393346 0.60078275
vt 0.98043054 0.8982387
vt 0.44227007 0.16634052
vt 0.407045 0.17612524
vt 0.41291586 0.2074364
vt 0.46183953 0.20156556
vt 0.4892368 0.51272017
vt 0.51663405 0.53424656
vt 0.54011744 0.49315068
vt 0.44618395 0.49315068
vt 0.58317024 0.38747555
vt 0.5420744 0.33268103
vt 0.6320939 0.3561644
vt 0.6340509 0.3816047
vt 0.38747555 0.5655577
vt 0.29745597 0.8473581
vt 0.50489235 0.32681018
vt 0.407045 0.49510762
vt 0.28767124 0.39530334
vt 0.3483366 0.3776908
vt 0.3189824 0.35812134
vt 0.26418787 0.34637964
vt 0.9510763 0.13111547
vt 0.99021524 0.13111547
vt 0.667319 0.8082192
vt 0.26418787 0.44618395
vt 0.31506848 0.46966732
vt 0.2661448 0.46183953
vt 0.553816 0.77690804
vt 0.481409 0.80430526
vt 0.77690804 0.15851273
vt 0.77103716 0.17025441
vt 0.7221135 0.17221135
vt 0.75342464 0.14285715
vt 0.7181996 0.15068494
vt 0.32485324 0.3444227
vt 0.18003914 0.5988258
vt 0.1780822 0.6144814
vt 0.22504893 0.6144814
vt 0.22113504 0.5988258
vt 0.57925636 0.6927593
vt 0.62035227 0.6829746
vt 0.62035227 0.6927593
vt 0.59099805 0.66340506
vt 0.5596869 0.68688846
vt 0.555773 0.6731898
vt 0.40117416 0.31506848
vt 0.36790606 0.32289627
vt 0.33268103 0.3365949
vt 0.36399218 0.3483366
vt 0.32681018 0.35812134
vt 0.3072407 0.5264188
vt 0.28375733 0.5596869
vt 0.27984345 0.59491193
vt 0.3522505 0.61252445
vt 0.3522505 0.555773
vt 0.37181997 0.5322896
vt 0.043052837 0.4403131
vt 0.01369863 0.43835616
vt 0.0019569471 0.46771038
vt 0.037181996 0.46771038
vt 0.6614481 0.44227007
vt 0.592955 0.4481409
vt 0.6086106 0.4774951
vt 0.6771037 0.4774951
vt 0.007827789 0.7221135
vt 0.043052837 0.7358121
vt 0.0019569471 0.7358121
vt 0.03522505 0.739726
vt 0.009784736 0.7886497
vt 0.0039138943 0.7573385
vt 0.0019569471 0.74363995
vt 0.03522505 0.7808219
vt 0.3816047 0.4520548
vt 0.40117416 0.38356164
vt 0.26810175 0.5303327
vt 0.48727983 0.7592955
vt 0.8023483 0.15459883
vt 0.81409 0.17221135
vt 0.8962818 0.7455969
vt 0.9197652 0.76516634
vt 0.91780823 0.739726
vt 0.71428573 0.1330724
vt 0.7729941 0.11154599
vt 0.5518591 0.97455966
vt 0.5146771 0.99804306
vt 0.5088063 0.98043054
vt 0.5636008 0.99804306
vt 0.57338554 0.9941292
vt 0.59491193 0.41682974
vt 0.63013697 0.38551858
vt 0.63013697 0.4403131
vt 0.6712329 0.11741683
vt 0.8962818 0.778865
vt 0.8238748 0.14872798
vt 0.3894325 0.3365949
vt 0.40117416 0.45401174
vt 0.7064579 0.23287672
vt 0.70254403 0.16829745
vt 0.7573385 0.19765167
vt 0.7573385 0.27592954
vt 0.69080234 0.23874755
vt 0.6966732 0.27592954
vt 0.08219178 0.6262231
vt 0.019569471 0.5988258
vt 0.08023483 0.5988258
vt 0.06066536 0.64187866
vt 0.18982388 0.45596868
vt 0.23091976 0.42074364
vt 0.22700587 0.44227007
vt 0.15851273 0.42074364
vt 0.15459883 0.4481409
vt 0.07436399 0.9921722
vt 0.086105675 0.99804306
vt 0.099804305 0.96868885
vt 0.15264188 0.93933463
vt 0.18786693 0.925636
vt 0.22113504 0.86888456
vt 0.09589041 0.8023483
vt 0.08806262 0.8023483
vt 0.078277886 0.8023483
vt 0.09589041 0.8023483
vt 0.14677104 0.43444228
vt 0.21526419 0.82778865
vt 0.3072407 0.81017613
vt 0.30136988 0.83953035
vt 0.21135029 0.83953035
vt 0.18395303 0.9941292
vt 0.2407045 0.90606654
vt 0.9843444 0.18199609
vt 0.9706458 0.21722114
vt 0.962818 0.1741683
vt 0.9921722 0.2074364
vt 0.011741683 0.6594912
vt 0.058708414 0.70254403
vt 0.06262231 0.67514676
vt 0.0019569471 0.7162427
vt 0.6771037 0.2739726
vt 0.6477495 0.26418787
vt 0.6183953 0.3483366
vt 0.21917808 0.80626225
vt 0.6438356 0.23091976
vt 0.67514676 0.24266145
vt 0.68688846 0.21526419
vt 0.39921722 0.29158512
vt 0.39334637 0.29158512
vt 0.39921722 0.29158512
vt 0.23287672 0.62035227
vt 0.22700587 0.6223092
vt 0.22700587 0.6223092
vt 0.23287672 0.62035227
vt 0.2446184 0.6164383
vt 0.2446184 0.6164383
vt 0.25048923 0.6164383
vt 0.25048923 0.6164383
vt 0.1330724 0.43052837
vt 0.10176125 0.43052837
vt 0.10176125 0.43052837
vt 0.1330724 0.43052837
vt 0.13502936 0.39921722
vt 0.13502936 0.39921722
vt 0.13502936 0.3776908
vt 0.13502936 0.3776908
vt 0.37181997 0.29549903
vt 0.19569471 0.32289627
vt 0.19569471 0.32289627
vt 0.37181997 0.29549903
vt 0.39334637 0.29158512
vt 0.2485323 0.6262231
vt 0.01369863 0.5264188
vt 0.08219178 0.52250487
vt 0.08219178 0.52250487
vt 0.01369863 0.5264188
vt 0.01369863 0.52250487
vt 0.01369863 0.52250487
vt 0.01369863 0.51272017
vt 0.01369863 0.51272017
vt 0.49119374 0.34246576
vt 0.48727983 0.34050882
vt 0.48727983 0.34050882
vt 0.49119374 0.34246576
vt 0.49902153 0.34246576
vt 0.49902153 0.34246576
vt 0.5146771 0.34246576
vt 0.5146771 0.34246576
vt 0.53424656 0.3444227
vt 0.53424656 0.3444227
vt 0.08414873 0.5107632
vt 0.5440313 0.9412916
vt 0.53816044 0.99804306
vt 0.5440313 0.99804306
vt 0.5440313 0.99804306
vt 0.5440313 0.9412916
vt 0.5440313 0.888454
vt 0.5440313 0.888454
vt 0.5420744 0.83953035
vt 0.5420744 0.83953035
vt 0.5420744 0.83170253
vt 0.5420744 0.83170253
vt 0.5440313 0.82191783
vt 0.5440313 0.82191783
vt 0.5440313 0.74951077
vt 0.5440313 0.74951077
vt 0.5440313 0.7299413
vt 0.5303327 0.7299413
vt 0.69863015 0.47358122
vt 0.704501 0.4598826
vt 0.70254403 0.47358122
vt 0.70254403 0.47358122
vt 0.69863015 0.47358122
vt 0.68101764 0.4774951
vt 0.68101764 0.4774951
vt 0.66340506 0.481409
vt 0.66340506 0.481409
vt 0.6340509 0.48727983
vt 0.6340509 0.48727983
vt 0.5890411 0.49510762
vt 0.5890411 0.49510762
vt 0.5870842 0.4853229
vt 0.5870842 0.4853229
vt 0.10176125 0.55772996
vt 0.10763209 0.555773
vt 0.10763209 0.555773
vt 0.10176125 0.55772996
vt 0.06262231 0.5655577
vt 0.06262231 0.5655577
vt 0.06262231 0.5655577
vt 0.06262231 0.5655577
vt 0.06262231 0.56751466
vt 0.06262231 0.5655577
vt 0.06262231 0.56751466
vt 0.050880626 0.5714286
vt 0.050880626 0.5714286
vt 0.04892368 0.5714286
vt 0.031311154 0.9941292
vt 0.04109589 0.9960861
vt 0.031311154 0.9941292
vt 0.06066536 0.99804306
vt 0.056751467 0.97455966
vt 0.04109589 0.9960861
vt 0.5205479 0.2739726
vt 0.5088063 0.1780822
vt 0.5303327 0.1780822
vt 0.5303327 0.2661448
vt 0.5303327 0.1780822
vt 0.5303327 0.2661448
vt 0.5303327 0.27592954
vt 0.5303327 0.28962818
vt 0.5303327 0.27592954
vt 0.5303327 0.28962818
vt 0.5303327 0.31311154
vt 0.5303327 0.31311154
vt 0.5303327 0.34050882
vt 0.5303327 0.34050882
vt 0.49510762 0.34050882
vt 0.52446187 0.9138943
vt 0.5264188 0.99804306
vt 0.011741683 0.7240704
vt 0.011741683 0.7240704
vt 0.050880626 0.7240704
vt 0.0019569471 0.7240704
vt 0.0019569471 0.7240704
vt 0.0019569471 0.96868885
vt 0.0019569471 0.9726027
vt 0.0019569471 0.9726027
vt 0.015655577 0.9706458
vt 0.0019569471 0.96477497
vt 0.0019569471 0.96868885
vt 0.0019569471 0.962818
vt 0.0019569471 0.96477497
vt 0.0019569471 0.95694715
vt 0.0019569471 0.962818
vt 0.0019569471 0.95694715
vt 0.0019569471 0.9510763
vt 0.0019569471 0.9510763
vt 0.0019569471 0.94520545
vt 0.0019569471 0.94520545
vt 0.0019569471 0.9412916
vt 0.0019569471 0.9412916
vt 0.0019569471 0.9138943
vt 0.0019569471 0.9138943
vt 0.0019569471 0.9041096
vt 0.0019569471 0.9041096
vt 0.0019569471 0.86692756
vt 0.0019569471 0.86692756
vt 0.0019569471 0.74168295
vt 0.0019569471 0.74168295
vt 0.0019569471 0.66536206
vt 0.0019569471 0.66536206
vt 0.0019569471 0.6262231
vt 0.0019569471 0.6262231
vt 0.037181996 0.93542075
usemtl mtl_26_0
f 1/1 2/2 3/3
f 4/4 1/1 3/3
f 5/5 6/6 7/7
f 8/8 5/5 7/7
f 9/9 5/5 8/8
f 10/10 9/9 8/8
f 11/11 9/9 10/10
f 12/12 11/11 10/10
f 13/13 11/11 12/12
f 14/14 13/13 12/12
f 15/15 13/13 14/14
f 16/16 15/15 14/14
f 17/17 15/15 16/16
f 18/18 17/17 16/16
f 19/19 20/20 21/21
f 22/22 20/20 19/19
f 23/23 22/22 19/19
f 24/24 23/23 19/19
f 25/25 23/23 24/24
f 26/26 27/27 28/28
f 29/29 26/26 28/28
f 30/30 26/26 29/29
f 31/31 30/30 29/29
f 32/32 30/30 31/31
f 33/33 30/30 32/32
f 34/34 33/33 32/32
f 35/35 34/34 32/32
f 36/36 37/37 38/38
f 39/39 36/36 38/38
f 40/40 36/36 39/39
f 41/41 36/36 40/40
f 42/42 41/41 40/40
f 43/43 42/42 40/40
f 44/44 43/43 40/40
f 45/45 43/43 44/44
f 46/46 43/43 45/45
f 47/47 46/46 45/45
f 48/48 46/46 47/47
f 49/49 48/48 47/47
f 50/50 51/51 52/52
f 53/53 50/50 52/52
f 54/54 55/55 56/56
f 2/2 57/57 58/58
f 1/1 57/57 2/2
f 5/5 54/54 6/6
f 59/59 54/54 5/5
f 9/9 59/59 5/5
f 60/60 59/59 9/9
f 11/11 60/60 9/9
f 13/13 60/60 11/11
f 61/61 60/60 13/13
f 15/15 61/61 13/13
f 17/17 61/61 15/15
f 62/62 60/60 61/61
f 63/63 64/64 65/65
f 30/30 66/66 67/67
f 26/26 30/30 67/67
f 27/27 26/26 67/67
f 33/33 66/66 30/30
f 42/42 68/68 41/41
f 69/69 68/68 42/42
f 70/70 69/69 42/42
f 71/71 70/70 42/42
f 43/43 72/72 42/42
f 46/46 72/72 43/43
f 48/48 72/72 46/46
f 51/51 50/50 73/73
f 74/74 75/75 55/55
f 76/76 74/74 55/55
f 54/54 76/76 55/55
f 59/59 76/76 54/54
f 77/77 76/76 59/59
f 60/60 77/77 59/59
f 62/62 77/77 60/60
f 78/78 77/77 62/62
f 63/63 79/79 64/64
f 74/74 77/77 78/78
f 68/68 69/69 80/80
f 76/76 77/77 74/74
f 81/81 82/82 83/83
f 84/84 85/85 86/86
f 87/87 82/82 81/81
f 37/37 36/36 41/41
usemtl mtl_26_1
f 88/88 89/89 90/90
f 91/91 88/88 90/90
f 92/92 91/91 90/90
f 93/93 91/91 92/92
f 94/94 91/91 93/93
f 95/95 94/94 93/93
f 96/96 97/97 98/98
f 99/99 96/96 98/98
f 100/100 96/96 99/99
f 101/101 96/96 100/100
f 102/102 103/103 104/104
f 105/105 102/102 104/104
f 106/106 102/102 105/105
f 107/107 102/102 106/106
f 103/103 102/102 107/107
f 108/108 103/103 107/107
f 109/109 108/108 107/107
f 110/110 109/109 107/107
f 111/111 109/109 110/110
f 112/112 109/109 111/111
f 113/113 112/112 111/111
f 114/114 112/112 113/113
f 115/115 114/114 113/113
f 116/116 114/114 115/115
f 117/117 114/114 116/116
f 118/118 117/117 116/116
f 119/119 118/118 116/116
f 120/120 118/118 119/119
f 121/121 118/118 120/120
f 117/117 118/118 121/121
f 122/122 123/123 124/124
f 125/125 126/126 127/127
f 128/128 129/129 125/125
f 130/130 129/129 128/128
f 131/131 132/132 133/133
f 134/134 132/132 131/131
f 135/135 134/134 131/131
f 136/136 135/135 131/131
f 137/137 134/134 135/135
f 138/138 137/137 135/135
f 139/139 138/138 135/135
f 140/140 139/139 135/135
f 141/141 139/139 140/140
f 142/142 143/143 89/89
f 144/144 142/142 89/89
f 88/88 144/144 89/89
f 145/145 146/146 147/147
f 148/148 145/145 147/147
f 149/149 148/148 147/147
f 150/150 149/149 147/147
f 151/151 150/150 147/147
f 96/96 151/151 97/97
f 101/101 151/151 96/96
f 150/150 151/151 101/101
f 108/108 152/152 103/103
f 153/153 152/152 108/108
f 154/154 153/153 108/108
f 109/109 154/154 108/108
f 155/155 154/154 109/109
f 112/112 155/155 109/109
f 117/117 155/155 112/112
f 114/114 117/117 112/112
f 156/156 157/157 122/122
f 158/158 159/159 160/160
f 161/161 159/159 158/158
f 162/162 163/163 137/137
f 164/164 165/165 166/166
f 167/167 164/164 166/166
f 168/168 167/167 166/166
f 169/169 170/170 171/171
f 172/172 169/169 171/171
f 173/173 172/172 171/171
f 174/174 175/175 176/176
f 177/177 174/174 176/176
f 152/152 174/174 177/177
f 153/153 174/174 152/152
f 154/154 174/174 153/153
f 178/178 174/174 154/154
f 179/179 178/178 154/154
f 155/155 179/179 154/154
f 180/180 179/179 155/155
f 181/181 182/182 157/157
f 156/156 181/181 157/157
f 183/183 181/181 156/156
f 184/184 185/185 186/186
f 187/187 184/184 186/186
f 188/188 184/184 187/187
f 161/161 189/189 159/159
f 190/190 191/191 163/163
f 162/162 190/190 163/163
f 170/170 192/192 193/193
f 169/169 192/192 170/170
f 194/194 192/192 169/169
f 195/195 194/194 169/169
f 172/172 195/195 169/169
f 196/196 195/195 172/172
f 174/174 178/178 175/175
f 197/197 195/195 196/196
f 198/198 197/197 196/196
f 199/199 200/200 201/201
f 202/202 199/199 201/201
f 182/182 202/202 201/201
f 183/183 202/202 182/182
f 181/181 183/183 182/182
f 190/190 202/202 183/183
f 184/184 203/203 185/185
f 199/199 202/202 190/190
f 204/204 199/199 190/190
f 195/195 205/205 194/194
f 197/197 205/205 195/195
f 91/91 94/94 88/88
usemtl mtl_27_0
f 409/409 410/410 411/411
f 412/412 409/409 411/411
f 413/413 412/412 411/411
f 414/414 413/413 411/411
f 415/415 414/414 411/411
f 416/416 413/413 414/414
f 417/417 416/416 414/414
f 418/418 417/417 414/414
f 419/419 417/417 418/418
f 420/420 417/417 419/419
f 421/421 420/420 419/419
f 422/422 420/420 421/421
f 423/423 422/422 421/421
f 424/424 422/422 423/423
f 425/425 424/424 423/423
f 426/426 424/424 425/425
f 427/427 426/426 425/425
f 428/428 429/429 430/430
f 431/431 428/428 430/430
f 432/432 428/428 431/431
f 433/433 432/432 431/431
f 434/434 435/435 436/436
f 437/437 434/434 436/436
f 438/438 434/434 437/437
f 439/439 434/434 438/438
f 440/440 439/439 438/438
f 441/441 439/439 440/440
f 442/442 439/439 441/441
f 443/443 442/442 441/441
f 444/444 442/442 443/443
f 445/445 444/444 443/443
f 446/446 444/444 445/445
f 447/447 446/446 445/445
f 448/448 449/449 450/450
f 451/451 448/448 450/450
f 452/452 448/448 451/451
f 453/453 452/452 451/451
f 454/454 452/452 453/453
f 455/455 454/454 453/453
f 456/456 454/454 455/455
f 457/457 454/454 456/456
f 458/458 457/457 456/456
f 459/459 458/458 456/456
f 460/460 459/459 456/456
f 461/461 459/459 460/460
f 462/462 459/459 461/461
f 458/458 459/459 462/462
f 463/463 458/458 462/462
f 464/464 463/463 462/462
f 465/465 458/458 463/463
f 466/466 467/467 468/468
f 469/469 466/466 468/468
f 470/470 466/466 469/469
f 471/471 466/466 470/470
f 472/472 471/471 470/470
f 473/473 471/471 472/472
f 474/474 473/473 472/472
f 475/475 473/473 474/474
f 476/476 475/475 474/474
f 477/477 478/478 479/479
f 480/480 478/478 477/477
f 481/481 480/480 477/477
f 482/482 481/481 477/477
f 483/483 481/481 482/482
f 484/484 481/481 483/483
f 485/485 484/484 483/483
f 486/486 484/484 485/485
f 487/487 486/486 485/485
f 488/488 486/486 487/487
f 489/489 486/486 488/488
f 490/490 491/491 492/492
f 493/493 490/490 492/492
f 494/494 490/490 493/493
f 495/495 490/490 494/494
f 496/496 495/495 494/494
f 497/497 495/495 496/496
f 498/498 497/497 496/496
f 499/499 497/497 498/498
f 500/500 499/499 498/498
f 501/501 499/499 500/500
f 502/502 501/501 500/500
f 503/503 504/504 505/505
f 506/506 504/504 503/503
f 507/507 506/506 503/503
f 508/508 507/507 503/503
f 509/509 507/507 508/508
f 510/510 507/507 509/509
f 511/511 510/510 509/509
f 512/512 510/510 511/511
f 513/513 512/512 511/511
f 514/514 515/515 516/516
f 517/517 514/514 516/516
f 518/518 514/514 517/517
f 519/519 518/518 517/517
f 520/520 518/518 519/519
f 521/521 520/520 519/519
f 522/522 520/520 521/521
f 523/523 522/522 521/521
f 524/524 522/522 523/523
f 525/525 524/524 523/523
f 526/526 522/522 524/524
f 520/520 522/522 526/526
f 527/527 520/520 526/526
f 528/528 527/527 526/526
f 529/529 528/528 526/526
f 413/413 530/530 412/412
f 531/531 530/530 413/413
f 532/532 531/531 413/413
f 416/416 532/532 413/413
f 533/533 532/532 416/416
f 534/534 533/533 416/416
f 424/424 534/534 416/416
f 422/422 424/424 416/416
f 420/420 422/422 416/416
f 417/417 420/420 416/416
f 426/426 534/534 424/424
f 428/428 535/535 429/429
f 536/536 535/535 428/428
f 432/432 536/536 428/428
f 439/439 537/537 435/435
f 434/434 439/439 435/435
f 442/442 537/537 439/439
f 444/444 537/537 442/442
f 538/538 537/537 444/444
f 446/446 538/538 444/444
f 448/448 539/539 449/449
f 540/540 539/539 448/448
f 452/452 540/540 448/448
f 454/454 540/540 452/452
f 457/457 540/540 454/454
f 541/541 540/540 457/457
f 542/542 541/541 457/457
f 465/465 542/542 457/457
f 458/458 465/465 457/457
f 543/543 544/544 467/467
f 545/545 543/543 467/467
f 466/466 545/545 467/467
f 471/471 545/545 466/466
f 473/473 545/545 471/471
f 546/546 545/545 473/473
f 475/475 546/546 473/473
f 480/480 547/547 478/478
f 548/548 547/547 480/480
f 549/549 548/548 480/480
f 489/489 549/549 480/480
f 481/481 489/489 480/480
f 484/484 489/489 481/481
f 486/486 489/489 484/484
f 550/550 551/551 491/491
f 490/490 550/550 491/491
f 495/495 550/550 490/490
f 497/497 550/550 495/495
f 552/552 550/550 497/497
f 499/499 552/552 497/497
f 501/501 552/552 499/499
f 553/553 552/552 501/501
f 510/510 554/554 506/506
f 507/507 510/510 506/506
f 512/512 554/554 510/510
f 514/514 555/555 515/515
f 527/527 555/555 514/514
f 518/518 527/527 514/514
f 520/520 527/527 518/518
f 556/556 555/555 527/527
f 528/528 556/556 527/527
f 557/557 556/556 528/528
f 558/558 557/557 528/528
f 529/529 558/558 528/528
f 559/559 558/558 529/529
f 560/560 559/559 529/529
f 531/531 561/561 530/530
f 562/562 561/561 531/531
f 533/533 562/562 531/531
f 532/532 533/533 531/531
f 563/563 562/562 533/533
f 564/564 563/563 533/533
f 534/534 564/564 533/533
f 565/565 564/564 534/534
f 536/536 566/566 535/535
f 538/538 567/567 537/537
f 568/568 569/569 539/539
f 540/540 568/568 539/539
f 541/541 568/568 540/540
f 570/570 571/571 543/543
f 545/545 570/570 543/543
f 546/546 570/570 545/545
f 572/572 573/573 548/548
f 549/549 572/572 548/548
f 574/574 575/575 551/551
f 552/552 574/574 551/551
f 550/550 552/552 551/551
f 576/576 574/574 552/552
f 553/553 576/576 552/552
f 577/577 578/578 579/579
f 556/556 557/557 555/555
f 558/558 580/580 557/557
f 559/559 580/580 558/558
f 581/581 580/580 559/559
f 582/582 581/581 559/559
f 583/583 582/582 559/559
f 560/560 583/583 559/559
f 584/584 585/585 586/586
f 587/587 585/585 584/584
f 588/588 587/587 584/584
f 589/589 588/588 584/584
f 563/563 590/590 562/562
f 591/591 590/590 563/563
f 592/592 591/591 563/563
f 564/564 592/592 563/563
f 593/593 594/594 595/595
f 596/596 593/593 595/595
f 581/581 597/597 598/598
f 580/580 581/581 598/598
f 599/599 600/600 601/601
f 602/602 600/600 599/599
f 585/585 587/587 603/603
f 589/589 604/604 588/588
f 605/605 606/606 607/607
f 608/608 606/606 605/605
f 609/609 610/610 611/611
f 612/612 610/610 609/609
f 613/613 614/614 615/615
f 616/616 613/613 615/615
f 617/617 618/618 619/619
f 620/620 617/617 619/619
f 621/621 622/622 600/600
f 602/602 621/621 600/600
f 608/608 623/623 606/606
f 624/624 623/623 608/608
f 625/625 624/624 608/608
f 612/612 626/626 610/610
f 627/627 626/626 612/612
f 628/628 629/629 630/630
f 631/631 629/629 628/628
f 632/632 633/633 634/634
f 635/635 633/633 632/632
f 636/636 635/635 632/632
f 637/637 638/638 639/639
f 625/625 640/640 624/624
f 641/641 640/640 625/625
usemtl mtl_27_1
f 206/206 207/207 208/208
f 209/209 206/206 208/208
f 210/210 206/206 209/209
f 211/211 210/210 209/209
f 212/212 210/210 211/211
f 213/213 212/212 211/211
f 214/214 212/212 213/213
f 215/215 214/214 213/213
f 216/216 214/214 215/215
f 217/217 216/216 215/215
f 218/218 219/219 220/220
f 221/221 218/218 220/220
f 222/222 218/218 221/221
f 223/223 222/222 221/221
f 224/224 222/222 223/223
f 225/225 224/224 223/223
f 226/226 227/227 228/228
f 229/229 226/226 228/228
f 230/230 226/226 229/229
f 231/231 230/230 229/229
f 206/206 232/232 207/207
f 233/233 232/232 206/206
f 210/210 233/233 206/206
f 234/234 233/233 210/210
f 212/212 234/234 210/210
f 235/235 234/234 212/212
f 214/214 235/235 212/212
f 216/216 235/235 214/214
f 218/218 236/236 219/219
f 237/237 236/236 218/218
f 222/222 237/237 218/218
f 238/238 237/237 222/222
f 224/224 238/238 222/222
f 239/239 240/240 227/227
f 226/226 239/239 227/227
f 230/230 239/239 226/226
f 233/233 241/241 232/232
f 234/234 241/241 233/233
f 242/242 241/241 234/234
f 243/243 242/242 234/234
f 244/244 243/243 234/234
f 245/245 244/244 234/234
f 246/246 245/245 234/234
f 235/235 246/246 234/234
f 247/247 245/245 248/248
f 249/249 247/247 248/248
f 250/250 249/249 248/248
f 251/251 247/247 249/249
f 237/237 252/252 236/236
f 253/253 252/252 237/237
f 238/238 253/253 237/237
f 254/254 253/253 238/238
f 255/255 253/253 254/254
f 256/256 255/255 254/254
f 257/257 258/258 240/240
f 259/259 257/257 240/240
f 239/239 259/259 240/240
f 243/243 260/260 242/242
f 244/244 260/260 243/243
f 261/261 260/260 244/244
f 245/245 261/261 244/244
f 247/247 261/261 245/245
f 262/262 261/261 247/247
f 251/251 262/262 247/247
f 263/263 264/264 265/265
f 266/266 263/263 265/265
f 267/267 266/266 265/265
f 268/268 269/269 270/270
f 252/252 268/268 270/270
f 253/253 268/268 252/252
f 255/255 268/268 253/253
f 269/269 268/268 255/255
f 271/271 269/269 255/255
f 256/256 271/271 255/255
f 272/272 273/273 274/274
f 275/275 276/276 277/277
f 278/278 275/275 277/277
f 279/279 275/275 278/278
f 280/280 275/275 279/279
f 281/281 280/280 279/279
f 282/282 281/281 279/279
f 283/283 281/281 282/282
f 284/284 283/283 282/282
f 285/285 284/284 282/282
f 286/286 285/285 282/282
f 287/287 288/288 289/289
f 290/290 291/291 292/292
f 293/293 290/290 292/292
f 294/294 295/295 296/296
f 297/297 298/298 299/299
f 300/300 298/298 297/297
f 301/301 300/300 297/297
f 302/302 301/301 297/297
f 303/303 301/301 302/302
f 266/266 304/304 263/263
f 305/305 304/304 266/266
f 306/306 305/305 266/266
f 267/267 306/306 266/266
f 273/273 306/306 267/267
f 307/307 306/306 273/273
f 272/272 307/307 273/273
f 308/308 307/307 272/272
f 275/275 280/280 276/276
f 309/309 307/307 308/308
f 310/310 309/309 308/308
f 311/311 312/312 280/280
f 281/281 311/311 280/280
f 283/283 311/311 281/281
f 313/313 314/314 315/315
f 316/316 313/313 315/315
f 317/317 313/313 316/316
f 318/318 317/317 316/316
f 319/319 320/320 321/321
f 322/322 323/323 324/324
f 325/325 326/326 327/327
f 328/328 325/325 327/327
f 329/329 330/330 331/331
f 332/332 329/329 331/331
f 333/333 329/329 332/332
f 334/334 333/333 332/332
f 335/335 333/333 334/334
f 336/336 335/335 334/334
f 303/303 337/337 301/301
f 305/305 338/338 304/304
f 339/339 338/338 305/305
f 340/340 339/339 305/305
f 309/309 340/340 305/305
f 306/306 309/309 305/305
f 307/307 309/309 306/306
f 341/341 340/340 309/309
f 310/310 341/341 309/309
f 342/342 343/343 344/344
f 345/345 346/346 347/347
f 313/313 348/348 314/314
f 349/349 348/348 313/313
f 350/350 351/351 352/352
f 353/353 350/350 352/352
f 354/354 355/355 356/356
f 357/357 354/354 356/356
f 358/358 359/359 360/360
f 361/361 358/358 360/360
f 362/362 358/358 361/361
f 363/363 362/362 361/361
f 364/364 365/365 330/330
f 329/329 364/364 330/330
f 333/333 364/364 329/329
f 335/335 364/364 333/333
f 365/365 364/364 335/335
f 366/366 367/367 368/368
f 369/369 366/366 368/368
f 336/336 370/370 335/335
f 371/371 372/372 373/373
f 374/374 372/372 371/371
f 343/343 374/374 371/371
f 342/342 374/374 343/343
f 375/375 376/376 348/348
f 377/377 375/375 348/348
f 349/349 377/377 348/348
f 378/378 379/379 351/351
f 350/350 378/378 351/351
f 380/380 379/379 378/378
f 381/381 382/382 383/383
f 384/384 381/381 383/383
f 385/385 386/386 387/387
f 388/388 389/389 390/390
f 391/391 388/388 390/390
f 392/392 391/391 390/390
f 393/393 394/394 359/359
f 358/358 393/393 359/359
f 395/395 393/393 358/358
f 362/362 395/395 358/358
f 396/396 395/395 362/362
f 397/397 396/396 362/362
f 398/398 396/396 397/397
f 399/399 398/398 397/397
f 400/400 398/398 399/399
f 401/401 400/400 399/399
f 402/402 400/400 401/401
f 403/403 402/402 401/401
f 386/386 404/404 405/405
f 406/406 386/386 405/405
f 379/379 380/380 407/407
f 393/393 408/408 394/394
f 402/402 408/408 393/393
f 400/400 402/402 393/393
f 395/395 400/400 393/393
f 398/398 400/400 395/395
f 396/396 398/398 395/395
usemtl mtl_29_0
f 642/642 643/643 644/644
f 645/645 642/642 644/644
f 646/646 642/642 645/645
f 647/647 646/646 645/645
f 648/648 646/646 647/647
f 649/649 648/648 647/647
f 650/650 648/648 649/649
f 651/651 650/650 649/649
f 652/652 650/650 651/651
f 653/653 652/652 651/651
f 654/654 652/652 653/653
f 655/655 654/654 653/653
f 656/656 654/654 655/655
f 657/657 656/656 655/655
f 658/658 659/659 660/660
f 661/661 659/659 658/658
f 662/662 661/661 658/658
f 663/663 662/662 658/658
f 664/664 661/661 662/662
f 665/665 664/664 662/662
f 666/666 664/664 665/665
f 667/667 664/664 666/666
f 668/668 667/667 666/666
f 669/669 667/667 668/668
f 670/670 669/669 668/668
f 671/671 669/669 670/670
f 672/672 671/671 670/670
f 673/673 671/671 672/672
f 674/674 671/671 673/673
f 675/675 674/674 673/673
f 676/676 674/674 675/675
f 677/677 674/674 676/676
f 669/669 674/674 677/677
f 667/667 669/669 677/677
f 678/678 667/667 677/677
f 679/679 678/678 677/677
f 680/680 679/679 677/677
f 681/681 679/679 680/680
f 682/682 679/679 681/681
f 683/683 682/682 681/681
f 684/684 682/682 683/683
f 685/685 684/684 683/683
f 686/686 684/684 685/685
f 687/687 684/684 686/686
f 688/688 687/687 686/686
f 689/689 688/688 686/686
f 690/690 688/688 689/689
f 691/691 688/688 690/690
f 692/692 691/691 690/690
f 693/693 691/691 692/692
f 687/687 691/691 693/693
f 694/694 687/687 693/693
f 695/695 694/694 693/693
f 696/696 694/694 695/695
f 697/697 694/694 696/696
f 698/698 697/697 696/696
f 699/699 700/700 701/701
f 702/702 699/699 701/701
f 703/703 699/699 702/702
f 704/704 699/699 703/703
f 705/705 704/704 703/703
f 706/706 705/705 703/703
f 707/707 706/706 703/703
f 708/708 706/706 707/707
f 709/709 710/710 711/711
f 712/712 709/709 711/711
f 713/713 709/709 712/712
f 714/714 713/713 712/712
f 715/715 713/713 714/714
f 716/716 715/715 714/714
f 717/717 715/715 716/716
f 718/718 717/717 716/716
f 719/719 720/720 721/721
f 722/722 719/719 721/721
f 723/723 719/719 722/722
f 724/724 719/719 723/723
f 725/725 724/724 723/723
f 726/726 725/725 723/723
f 727/727 725/725 726/726
f 728/728 725/725 727/727
f 729/729 728/728 727/727
f 730/730 728/728 729/729
f 731/731 730/730 729/729
f 732/732 730/730 731/731
f 733/733 730/730 732/732
f 734/734 733/733 732/732
f 735/735 734/734 732/732
f 736/736 734/734 735/735
f 737/737 734/734 736/736
f 733/733 734/734 737/737
f 738/738 733/733 737/737
f 739/739 738/738 737/737
f 740/740 738/738 739/739
f 741/741 738/738 740/740
f 742/742 741/741 740/740
f 743/743 741/741 742/742
f 744/744 743/743 742/742
f 745/745 743/743 744/744
f 746/746 745/745 744/744
f 747/747 748/748 749/749
f 750/750 747/747 749/749
f 751/751 747/747 750/750
f 752/752 751/751 750/750
f 753/753 754/754 755/755
f 756/756 753/753 755/755
f 757/757 758/758 759/759
f 760/760 758/758 757/757
f 643/643 761/761 762/762
f 642/642 761/761 643/643
f 646/646 761/761 642/642
f 648/648 761/761 646/646
f 763/763 761/761 648/648
f 650/650 763/763 648/648
f 764/764 763/763 650/650
f 652/652 764/764 650/650
f 765/765 764/764 652/652
f 654/654 765/765 652/652
f 656/656 765/765 654/654
f 661/661 766/766 659/659
f 767/767 766/766 661/661
f 768/768 767/767 661/661
f 678/678 769/769 661/661
f 664/664 678/678 661/661
f 667/667 678/678 664/664
f 679/679 769/769 678/678
f 770/770 769/769 679/679
f 682/682 770/770 679/679
f 687/687 770/770 682/682
f 684/684 687/687 682/682
f 771/771 770/770 687/687
f 694/694 771/771 687/687
f 772/772 771/771 694/694
f 697/697 772/772 694/694
f 699/699 704/704 700/700
f 773/773 771/771 772/772
f 774/774 771/771 773/773
f 775/775 774/774 773/773
f 709/709 776/776 710/710
f 777/777 776/776 709/709
f 778/778 777/777 709/709
f 713/713 778/778 709/709
f 715/715 778/778 713/713
f 717/717 778/778 715/715
f 779/779 778/778 717/717
f 719/719 780/780 720/720
f 724/724 780/780 719/719
f 781/781 780/780 724/724
f 782/782 781/781 724/724
f 783/783 782/782 724/724
f 725/725 783/783 724/724
f 728/728 783/783 725/725
f 733/733 783/783 728/728
f 730/730 733/733 728/728
f 784/784 783/783 733/733
f 741/741 784/784 733/733
f 738/738 741/741 733/733
f 743/743 784/784 741/741
f 745/745 784/784 743/743
f 782/782 784/784 745/745
f 747/747 785/785 748/748
f 786/786 785/785 747/747
f 751/751 786/786 747/747
f 753/753 787/787 754/754
f 788/788 787/787 753/753
f 789/789 787/787 788/788
f 790/790 791/791 792/792
f 793/793 790/790 792/792
f 794/794 795/795 796/796
f 797/797 794/794 796/796
f 794/794 797/797 798/798
f 799/799 800/800 761/761
f 763/763 799/799 761/761
f 801/801 802/802 803/803
f 804/804 805/805 806/806
f 807/807 805/805 804/804
f 808/808 807/807 804/804
f 768/768 809/809 767/767
f 810/810 809/809 768/768
f 770/770 811/811 769/769
f 812/812 811/811 770/770
f 771/771 812/812 770/770
f 813/813 812/812 771/771
f 774/774 813/813 771/771
f 814/814 813/813 774/774
f 815/815 816/816 817/817
f 777/777 815/815 776/776
f 816/816 815/815 777/777
f 818/818 816/816 777/777
f 778/778 818/818 777/777
f 779/779 818/818 778/778
f 819/819 820/820 821/821
f 822/822 819/819 821/821
f 786/786 822/822 821/821
f 785/785 786/786 821/821
f 823/823 824/824 825/825
f 826/826 823/823 825/825
f 827/827 828/828 795/795
f 794/794 827/827 795/795
f 829/829 828/828 827/827
f 830/830 829/829 827/827
f 831/831 832/832 800/800
f 833/833 831/831 800/800
f 834/834 833/833 800/800
f 799/799 834/834 800/800
f 835/835 836/836 837/837
f 838/838 835/835 837/837
f 839/839 840/840 802/802
f 801/801 839/839 802/802
f 835/835 838/838 811/811
f 812/812 835/835 811/811
f 813/813 835/835 812/812
f 841/841 835/835 813/813
f 814/814 841/841 813/813
f 818/818 842/842 816/816
f 819/819 843/843 820/820
f 822/822 843/843 819/819
f 823/823 844/844 824/824
f 826/826 844/844 823/823
f 845/845 844/844 826/826
f 846/846 845/845 826/826
f 847/847 845/845 846/846
f 848/848 849/849 831/831
f 833/833 848/848 831/831
f 834/834 848/848 833/833
f 841/841 850/850 836/836
f 835/835 841/841 836/836
f 851/851 850/850 841/841
f 852/852 853/853 854/854
f 855/855 852/852 854/854
f 856/856 857/857 858/858
f 783/783 784/784 782/782
f 688/688 691/691 687/687
f 671/671 674/674 669/669
usemtl mtl_29_1
f 859/859 860/860 861/861
f 862/862 859/859 861/861
f 863/863 859/859 862/862
f 864/864 859/859 863/863
f 865/865 864/864 863/863
f 866/866 865/865 863/863
f 867/867 866/866 863/863
f 868/868 866/866 867/867
f 869/869 866/866 868/868
f 870/870 869/869 868/868
f 871/871 869/869 870/870
f 872/872 871/871 870/870
f 873/873 871/871 872/872
f 865/865 871/871 873/873
f 874/874 865/865 873/873
f 875/875 874/874 873/873
f 876/876 875/875 873/873
f 877/877 875/875 876/876
f 878/878 879/879 880/880
f 881/881 879/879 878/878
f 882/882 881/881 878/878
f 883/883 882/882 878/878
f 884/884 883/883 878/878
f 885/885 883/883 884/884
f 886/886 887/887 888/888
f 889/889 886/886 888/888
f 890/890 886/886 889/889
f 891/891 890/890 889/889
f 892/892 890/890 891/891
f 893/893 890/890 892/892
f 894/894 893/893 892/892
f 895/895 894/894 892/892
f 896/896 894/894 895/895
f 897/897 894/894 896/896
f 898/898 897/897 896/896
f 899/899 897/897 898/898
f 900/900 897/897 899/899
f 901/901 900/900 899/899
f 902/902 901/901 899/899
f 903/903 901/901 902/902
f 904/904 901/901 903/903
f 905/905 904/904 903/903
f 906/906 907/907 908/908
f 909/909 906/906 908/908
f 910/910 906/906 909/909
f 911/911 910/910 909/909
f 912/912 910/910 911/911
f 913/913 912/912 911/911
f 914/914 912/912 913/913
f 915/915 914/914 913/913
f 916/916 917/917 918/918
f 919/919 916/916 918/918
f 920/920 916/916 919/919
f 921/921 920/920 919/919
f 922/922 923/923 924/924
f 925/925 923/923 922/922
f 859/859 864/864 860/860
f 926/926 927/927 928/928
f 929/929 926/926 928/928
f 865/865 874/874 864/864
f 930/930 931/931 932/932
f 933/933 934/934 935/935
f 887/887 933/933 935/935
f 893/893 933/933 887/887
f 886/886 893/893 887/887
f 890/890 893/893 886/886
f 900/900 933/933 893/893
f 894/894 900/900 893/893
f 897/897 900/900 894/894
f 936/936 933/933 900/900
f 937/937 936/936 900/900
f 901/901 937/937 900/900
f 904/904 937/937 901/901
f 906/906 938/938 907/907
f 910/910 938/938 906/906
f 939/939 938/938 910/910
f 912/912 939/939 910/910
f 914/914 939/939 912/912
f 940/940 939/939 914/914
f 916/916 941/941 917/917
f 920/920 941/941 916/916
f 942/942 941/941 920/920
f 927/927 943/943 944/944
f 926/926 943/943 927/927
f 945/945 946/946 947/947
f 948/948 949/949 950/950
f 951/951 948/948 950/950
f 952/952 953/953 931/931
f 930/930 952/952 931/931
f 954/954 955/955 956/956
f 957/957 954/954 956/956
f 958/958 957/957 956/956
f 959/959 958/958 956/956
f 960/960 958/958 959/959
f 936/936 961/961 934/934
f 933/933 936/936 934/934
f 937/937 961/961 936/936
f 962/962 963/963 938/938
f 939/939 962/962 938/938
f 964/964 962/962 939/939
f 940/940 964/964 939/939
f 965/965 966/966 941/941
f 967/967 965/965 941/941
f 942/942 967/967 941/941
f 968/968 969/969 970/970
f 971/971 969/969 968/968
f 972/972 973/973 974/974
f 975/975 972/972 974/974
f 976/976 977/977 948/948
f 951/951 976/976 948/948
f 952/952 978/978 953/953
f 979/979 980/980 955/955
f 981/981 979/979 955/955
f 954/954 981/981 955/955
f 982/982 981/981 954/954
f 983/983 982/982 954/954
f 957/957 983/983 954/954
f 958/958 983/983 957/957
f 984/984 983/983 958/958
f 960/960 984/984 958/958
f 985/985 984/984 960/960
f 962/962 986/986 963/963
f 987/987 988/988 989/989
f 990/990 987/987 989/989
f 991/991 990/990 992/992
f 993/993 991/991 992/992
f 994/994 993/993 992/992
f 995/995 996/996 997/997
f 998/998 995/995 997/997
f 969/969 998/998 997/997
f 971/971 998/998 969/969
f 999/999 1000/1000 1001/1001
f 1002/1002 1003/1003 1004/1004
f 1005/1005 1002/1002 1004/1004
f 1006/1006 1002/1002 1005/1005
f 1007/1007 1002/1002 1006/1006
f 1008/1008 1009/1009 1010/1010
f 975/975 1011/1011 972/972
f 1012/1012 1011/1011 975/975
f 1013/1013 1012/1012 975/975
f 977/977 1014/1014 1015/1015
f 1016/1016 1014/1014 977/977
f 976/976 1016/1016 977/977
f 1017/1017 1016/1016 976/976
f 1018/1018 1019/1019 1020/1020
f 1021/1021 1018/1018 1020/1020
f 1022/1022 1018/1018 1021/1021
f 979/979 1022/1022 980/980
f 1018/1018 1022/1022 979/979
f 981/981 1018/1018 979/979
f 982/982 1018/1018 981/981
f 1023/1023 1018/1018 982/982
f 1024/1024 1023/1023 982/982
f 1025/1025 1024/1024 982/982
f 1026/1026 1025/1025 982/982
f 983/983 1026/1026 982/982
f 1027/1027 1026/1026 983/983
f 1028/1028 1027/1027 983/983
f 984/984 1028/1028 983/983
f 985/985 1028/1028 984/984
f 1029/1029 1027/1027 1028/1028
f 991/991 1030/1030 987/987
f 990/990 991/991 987/987
f 1031/1031 1030/1030 991/991
f 996/996 1032/1032 1033/1033
f 1034/1034 1032/1032 996/996
f 995/995 1034/1034 996/996
f 1035/1035 1030/1030 1031/1031
f 1036/1036 1030/1030 1035/1035
f 1027/1027 1029/1029 1037/1037
f 1038/1038 1027/1027 1037/1037
f 1039/1039 1040/1040 1041/1041
f 1042/1042 1023/1023 1038/1038
f 1043/1043 1044/1044 1014/1014
f 1017/1017 1043/1043 1014/1014
f 1016/1016 1017/1017 1014/1014
f 1023/1023 1042/1042 1019/1019
f 1018/1018 1023/1023 1019/1019
f 1045/1045 1040/1040 1039/1039
f 869/869 871/871 865/865
f 866/866 869/869 865/865
usemtl mtl_33_0
f 1046/1046 1047/1047 1048/1048
f 1049/1049 1047/1047 1046/1046
f 1050/1050 1047/1047 1049/1049
f 1051/1051 1050/1050 1049/1049
f 1052/1052 1053/1053 1054/1054
f 1055/1055 1053/1053 1052/1052
f 1056/1056 1053/1053 1055/1055
f 1050/1050 1057/1057 1047/1047
f 1058/1058 1057/1057 1050/1050
f 1059/1059 1060/1060 1053/1053
f 1056/1056 1059/1059 1053/1053
usemtl mtl_33_1
f 1061/1061 1062/1062 1063/1063
f 1064/1064 1061/1061 1063/1063
f 1065/1065 1061/1061 1064/1064
f 1066/1066 1065/1065 1064/1064
f 1067/1067 1068/1068 1069/1069
f 1070/1070 1068/1068 1067/1067
f 1071/1071 1072/1072 1073/1073
f 1074/1074 1071/1071 1073/1073
f 1075/1075 1074/1074 1073/1073
f 1076/1076 1074/1074 1075/1075
f 1077/1077 1074/1074 1076/1076
f 1074/1074 1078/1078 1071/1071
f 1077/1077 1078/1078 1074/1074
f 1079/1079 1078/1078 1077/1077
f 1080/1080 1081/1081 1082/1082
f 1083/1083 1080/1080 1082/1082
usemtl mtl_34_0
f 1084/1084 1085/1085 1086/1086
f 1087/1087 1084/1084 1086/1086
f 1088/1088 1089/1089 1090/1090
f 1091/1091 1088/1088 1090/1090
f 1092/1092 1088/1088 1091/1091
f 1093/1093 1092/1092 1091/1091
f 1094/1094 1095/1095 1096/1096
f 1097/1097 1094/1094 1096/1096
f 1098/1098 1099/1099 1100/1100
f 1101/1101 1098/1098 1100/1100
f 1102/1102 1098/1098 1101/1101
f 1103/1103 1098/1098 1102/1102
f 1104/1104 1103/1103 1102/1102
f 1105/1105 1104/1104 1102/1102
f 1106/1106 1107/1107 1108/1108
f 1109/1109 1106/1106 1108/1108
f 1110/1110 1106/1106 1109/1109
f 1111/1111 1110/1110 1109/1109
f 1112/1112 1113/1113 1114/1114
f 1115/1115 1112/1112 1114/1114
f 1116/1116 1112/1112 1115/1115
f 1117/1117 1116/1116 1115/1115
f 1118/1118 1116/1116 1117/1117
f 1119/1119 1118/1118 1117/1117
f 1120/1120 1118/1118 1119/1119
f 1121/1121 1120/1120 1119/1119
f 1122/1122 1120/1120 1121/1121
f 1123/1123 1122/1122 1121/1121
f 1124/1124 1125/1125 1126/1126
f 1127/1127 1124/1124 1126/1126
f 1128/1128 1124/1124 1127/1127
f 1129/1129 1128/1128 1127/1127
f 1130/1130 1128/1128 1129/1129
f 1131/1131 1130/1130 1129/1129
f 1132/1132 1133/1133 1134/1134
f 1135/1135 1132/1132 1134/1134
f 1136/1136 1137/1137 1138/1138
f 1139/1139 1136/1136 1138/1138
f 1140/1140 1136/1136 1139/1139
f 1141/1141 1140/1140 1139/1139
f 1142/1142 1140/1140 1141/1141
f 1143/1143 1142/1142 1141/1141
f 1144/1144 1142/1142 1143/1143
f 1145/1145 1144/1144 1143/1143
f 1146/1146 1144/1144 1145/1145
f 1147/1147 1144/1144 1146/1146
f 1148/1148 1147/1147 1146/1146
f 1149/1149 1148/1148 1146/1146
f 1150/1150 1148/1148 1149/1149
f 1151/1151 1148/1148 1150/1150
f 1152/1152 1148/1148 1151/1151
f 1153/1153 1152/1152 1151/1151
f 1154/1154 1153/1153 1151/1151
f 1155/1155 1152/1152 1153/1153
f 1156/1156 1157/1157 1158/1158
f 1159/1159 1160/1160 1161/1161
f 1088/1088 1159/1159 1161/1161
f 1089/1089 1088/1088 1161/1161
f 1085/1085 1084/1084 1162/1162
f 1092/1092 1159/1159 1088/1088
f 1163/1163 1164/1164 1095/1095
f 1094/1094 1163/1163 1095/1095
f 1103/1103 1165/1165 1099/1099
f 1098/1098 1103/1103 1099/1099
f 1166/1166 1165/1165 1103/1103
f 1167/1167 1166/1166 1103/1103
f 1106/1106 1168/1168 1107/1107
f 1169/1169 1168/1168 1106/1106
f 1110/1110 1169/1169 1106/1106
f 1170/1170 1169/1169 1110/1110
f 1112/1112 1171/1171 1113/1113
f 1172/1172 1171/1171 1112/1112
f 1116/1116 1172/1172 1112/1112
f 1118/1118 1172/1172 1116/1116
f 1173/1173 1172/1172 1118/1118
f 1120/1120 1173/1173 1118/1118
f 1122/1122 1173/1173 1120/1120
f 1174/1174 1173/1173 1175/1175
f 1176/1176 1177/1177 1178/1178
f 1125/1125 1179/1179 1180/1180
f 1124/1124 1179/1179 1125/1125
f 1181/1181 1179/1179 1124/1124
f 1128/1128 1181/1181 1124/1124
f 1130/1130 1181/1181 1128/1128
f 1182/1182 1183/1183 1184/1184
f 1132/1132 1182/1182 1184/1184
f 1133/1133 1132/1132 1184/1184
f 1185/1185 1186/1186 1137/1137
f 1136/1136 1185/1185 1137/1137
f 1147/1147 1185/1185 1136/1136
f 1140/1140 1147/1147 1136/1136
f 1142/1142 1147/1147 1140/1140
f 1144/1144 1147/1147 1142/1142
f 1187/1187 1185/1185 1147/1147
f 1152/1152 1187/1187 1147/1147
f 1148/1148 1152/1152 1147/1147
f 1185/1185 1187/1187 1152/1152
f 1188/1188 1185/1185 1152/1152
f 1155/1155 1188/1188 1152/1152
f 1189/1189 1188/1188 1155/1155
f 1190/1190 1189/1189 1155/1155
f 1191/1191 1192/1192 1193/1193
f 1194/1194 1192/1192 1191/1191
f 1195/1195 1196/1196 1197/1197
f 1198/1198 1195/1195 1197/1197
f 1199/1199 1195/1195 1198/1198
f 1200/1200 1201/1201 1202/1202
f 1203/1203 1200/1200 1202/1202
f 1204/1204 1205/1205 1206/1206
f 1207/1207 1208/1208 1209/1209
f 1210/1210 1207/1207 1209/1209
f 1170/1170 1211/1211 1169/1169
f 1212/1212 1213/1213 1171/1171
f 1214/1214 1212/1212 1171/1171
f 1172/1172 1214/1214 1171/1171
f 1173/1173 1214/1214 1172/1172
f 1174/1174 1214/1214 1173/1173
f 1215/1215 1214/1214 1174/1174
f 1216/1216 1215/1215 1174/1174
f 1176/1176 1217/1217 1177/1177
f 1218/1218 1217/1217 1176/1176
f 1219/1219 1220/1220 1221/1221
f 1222/1222 1223/1223 1224/1224
f 1225/1225 1226/1226 1227/1227
f 1228/1228 1225/1225 1227/1227
f 1229/1229 1228/1228 1227/1227
f 1230/1230 1231/1231 1232/1232
f 1233/1233 1234/1234 1235/1235
f 1236/1236 1233/1233 1235/1235
f 1237/1237 1238/1238 1239/1239
f 1240/1240 1237/1237 1239/1239
f 1241/1241 1240/1240 1239/1239
f 1242/1242 1241/1241 1239/1239
f 1185/1185 1241/1241 1242/1242
f 1186/1186 1185/1185 1242/1242
f 1183/1183 1182/1182 1243/1243
f 1188/1188 1241/1241 1185/1185
f 1244/1244 1241/1241 1188/1188
f 1237/1237 1244/1244 1188/1188
f 1189/1189 1237/1237 1188/1188
f 1245/1245 1237/1237 1189/1189
f 1246/1246 1245/1245 1189/1189
f 1190/1190 1246/1246 1189/1189
f 1247/1247 1248/1248 1249/1249
f 1250/1250 1251/1251 1252/1252
f 1253/1253 1251/1251 1250/1250
f 1254/1254 1253/1253 1250/1250
f 1255/1255 1256/1256 1257/1257
f 1258/1258 1256/1256 1255/1255
f 1259/1259 1258/1258 1255/1255
f 1260/1260 1259/1259 1255/1255
f 1205/1205 1261/1261 1262/1262
f 1204/1204 1261/1261 1205/1205
f 1263/1263 1264/1264 1265/1265
f 1266/1266 1263/1263 1265/1265
f 1267/1267 1263/1263 1266/1266
f 1212/1212 1268/1268 1269/1269
f 1213/1213 1212/1212 1269/1269
f 1270/1270 1268/1268 1212/1212
f 1214/1214 1270/1270 1212/1212
f 1215/1215 1270/1270 1214/1214
f 1271/1271 1270/1270 1215/1215
f 1216/1216 1271/1271 1215/1215
f 1222/1222 1272/1272 1217/1217
f 1218/1218 1222/1222 1217/1217
f 1223/1223 1222/1222 1218/1218
f 1273/1273 1274/1274 1226/1226
f 1275/1275 1273/1273 1226/1226
f 1225/1225 1275/1275 1226/1226
f 1276/1276 1275/1275 1225/1225
f 1228/1228 1276/1276 1225/1225
f 1277/1277 1276/1276 1228/1228
f 1278/1278 1279/1279 1280/1280
f 1281/1281 1278/1278 1280/1280
f 1282/1282 1278/1278 1281/1281
f 1283/1283 1282/1282 1281/1281
f 1237/1237 1245/1245 1238/1238
f 1284/1284 1282/1282 1283/1283
f 1285/1285 1286/1286 1287/1287
f 1288/1288 1289/1289 1290/1290
f 1291/1291 1288/1288 1290/1290
f 1292/1292 1293/1293 1294/1294
f 1295/1295 1293/1293 1292/1292
f 1296/1296 1297/1297 1298/1298
f 1299/1299 1296/1296 1298/1298
f 1300/1300 1296/1296 1299/1299
f 1301/1301 1302/1302 1248/1248
f 1247/1247 1301/1301 1248/1248
f 1303/1303 1304/1304 1305/1305
f 1306/1306 1303/1303 1305/1305
f 1307/1307 1306/1306 1305/1305
f 1308/1308 1309/1309 1310/1310
f 1311/1311 1309/1309 1308/1308
f 1312/1312 1311/1311 1308/1308
f 1313/1313 1311/1311 1312/1312
f 1314/1314 1315/1315 1316/1316
f 1317/1317 1315/1315 1314/1314
f 1318/1318 1317/1317 1314/1314
f 1319/1319 1318/1318 1314/1314
f 1320/1320 1319/1319 1314/1314
f 1321/1321 1319/1319 1320/1320
f 1273/1273 1322/1322 1274/1274
f 1275/1275 1322/1322 1273/1273
f 1323/1323 1322/1322 1275/1275
f 1324/1324 1323/1323 1275/1275
f 1276/1276 1324/1324 1275/1275
f 1325/1325 1324/1324 1276/1276
f 1326/1326 1327/1327 1328/1328
f 1279/1279 1326/1326 1328/1328
f 1278/1278 1326/1326 1279/1279
f 1329/1329 1326/1326 1278/1278
f 1282/1282 1329/1329 1278/1278
f 1284/1284 1329/1329 1282/1282
f 1330/1330 1329/1329 1284/1284
f 1331/1331 1330/1330 1284/1284
f 1332/1332 1333/1333 1334/1334
f 1335/1335 1333/1333 1332/1332
f 1286/1286 1336/1336 1337/1337
f 1285/1285 1336/1336 1286/1286
f 1338/1338 1336/1336 1285/1285
f 1339/1339 1340/1340 1341/1341
f 1342/1342 1343/1343 1344/1344
f 1345/1345 1346/1346 1289/1289
f 1347/1347 1345/1345 1289/1289
f 1288/1288 1347/1347 1289/1289
f 1348/1348 1349/1349 1350/1350
f 1351/1351 1352/1352 1353/1353
f 1354/1354 1351/1351 1353/1353
f 1355/1355 1351/1351 1354/1354
f 1296/1296 1356/1356 1297/1297
f 1357/1357 1356/1356 1296/1296
f 1358/1358 1357/1357 1296/1296
f 1359/1359 1358/1358 1296/1296
f 1300/1300 1359/1359 1296/1296
f 1360/1360 1359/1359 1300/1300
f 1361/1361 1362/1362 1363/1363
f 1364/1364 1361/1361 1363/1363
f 1301/1301 1365/1365 1302/1302
f 1366/1366 1367/1367 1304/1304
f 1303/1303 1366/1366 1304/1304
f 1311/1311 1368/1368 1309/1309
f 1369/1369 1368/1368 1311/1311
f 1370/1370 1369/1369 1311/1311
f 1371/1371 1370/1370 1311/1311
f 1313/1313 1371/1371 1311/1311
f 1372/1372 1370/1370 1371/1371
f 1373/1373 1374/1374 1375/1375
f 1376/1376 1373/1373 1375/1375
f 1377/1377 1376/1376 1375/1375
f 1318/1318 1378/1378 1317/1317
f 1319/1319 1378/1378 1318/1318
f 1379/1379 1378/1378 1319/1319
f 1380/1380 1379/1379 1319/1319
f 1321/1321 1380/1380 1319/1319
f 1323/1323 1381/1381 1322/1322
f 1324/1324 1381/1381 1323/1323
f 1382/1382 1381/1381 1324/1324
f 1325/1325 1382/1382 1324/1324
f 1383/1383 1382/1382 1325/1325
f 1384/1384 1385/1385 1327/1327
f 1326/1326 1384/1384 1327/1327
f 1329/1329 1384/1384 1326/1326
f 1330/1330 1384/1384 1329/1329
f 1386/1386 1384/1384 1330/1330
f 1340/1340 1339/1339 1387/1387
f 1388/1388 1389/1389 1390/1390
f 1391/1391 1388/1388 1390/1390
f 1392/1392 1393/1393 1346/1346
f 1345/1345 1392/1392 1346/1346
f 1394/1394 1395/1395 1396/1396
f 1397/1397 1395/1395 1394/1394
f 1398/1398 1399/1399 1393/1393
f 1392/1392 1398/1398 1393/1393
f 1400/1400 1401/1401 1402/1402
f 1403/1403 1388/1388 1391/1391
f 1404/1404 1405/1405 1406/1406
f 1407/1407 1408/1408 1409/1409
f 1410/1410 1407/1407 1409/1409
f 1411/1411 1412/1412 1413/1413
f 1414/1414 1411/1411 1413/1413
f 1415/1415 1403/1403 1352/1352
f 1416/1416 1415/1415 1352/1352
f 1351/1351 1416/1416 1352/1352
f 1417/1417 1418/1418 1419/1419
f 1420/1420 1417/1417 1419/1419
f 1359/1359 1421/1421 1358/1358
f 1376/1376 1422/1422 1373/1373
f 1377/1377 1422/1422 1376/1376
f 1423/1423 1424/1424 1379/1379
f 1380/1380 1423/1423 1379/1379
f 1425/1425 1426/1426 1427/1427
f 1428/1428 1425/1425 1427/1427
f 1429/1429 1428/1428 1427/1427
f 1430/1430 1429/1429 1427/1427
f 1431/1431 1432/1432 1433/1433
f 1434/1434 1435/1435 1436/1436
f 1437/1437 1434/1434 1436/1436
f 1438/1438 1437/1437 1436/1436
f 1439/1439 1438/1438 1436/1436
f 1440/1440 1438/1438 1439/1439
f 1434/1434 1441/1441 1435/1435
f 1385/1385 1384/1384 1386/1386
f 1442/1442 1443/1443 1444/1444
f 1445/1445 1446/1446 1447/1447
f 1448/1448 1445/1445 1447/1447
f 1366/1366 1449/1449 1367/1367
f 1442/1442 1450/1450 1443/1443
f 1451/1451 1450/1450 1442/1442
f 1445/1445 1452/1452 1446/1446
f 1453/1453 1244/1244 1237/1237
f 1240/1240 1453/1453 1237/1237
f 1241/1241 1453/1453 1240/1240
f 1244/1244 1453/1453 1241/1241
f 1454/1454 1455/1455 1456/1456
usemtl mtl_34_1
f 1457/1457 1458/1458 1459/1459
f 1460/1460 1458/1458 1457/1457
f 1461/1461 1460/1460 1457/1457
f 1462/1462 1461/1461 1457/1457
f 1463/1463 1462/1462 1457/1457
f 1464/1464 1462/1462 1463/1463
f 1465/1465 1466/1466 1467/1467
f 1468/1468 1465/1465 1467/1467
f 1469/1469 1465/1465 1468/1468
f 1470/1470 1469/1469 1468/1468
f 1471/1471 1469/1469 1470/1470
f 1472/1472 1471/1471 1470/1470
f 1473/1473 1471/1471 1472/1472
f 1474/1474 1473/1473 1472/1472
f 1475/1475 1473/1473 1474/1474
f 1476/1476 1473/1473 1475/1475
f 1477/1477 1476/1476 1475/1475
f 1478/1478 1477/1477 1475/1475
f 1479/1479 1477/1477 1478/1478
f 1480/1480 1481/1481 1482/1482
f 1483/1483 1480/1480 1482/1482
f 1484/1484 1480/1480 1483/1483
f 1485/1485 1484/1484 1483/1483
f 1486/1486 1487/1487 1488/1488
f 1489/1489 1486/1486 1488/1488
f 1490/1490 1486/1486 1489/1489
f 1491/1491 1490/1490 1489/1489
f 1492/1492 1493/1493 1494/1494
f 1495/1495 1493/1493 1492/1492
f 1496/1496 1495/1495 1492/1492
f 1497/1497 1496/1496 1492/1492
f 1498/1498 1497/1497 1492/1492
f 1499/1499 1497/1497 1498/1498
f 1500/1500 1501/1501 1502/1502
f 1503/1503 1501/1501 1500/1500
f 1504/1504 1503/1503 1500/1500
f 1505/1505 1504/1504 1500/1500
f 1506/1506 1504/1504 1505/1505
f 1507/1507 1504/1504 1506/1506
f 1503/1503 1504/1504 1507/1507
f 1508/1508 1503/1503 1507/1507
f 1509/1509 1508/1508 1507/1507
f 1510/1510 1509/1509 1507/1507
f 1511/1511 1508/1508 1509/1509
f 1512/1512 1511/1511 1509/1509
f 1513/1513 1511/1511 1512/1512
f 1514/1514 1515/1515 1516/1516
f 1517/1517 1514/1514 1516/1516
f 1518/1518 1519/1519 1520/1520
f 1521/1521 1518/1518 1520/1520
f 1522/1522 1521/1521 1520/1520
f 1523/1523 1524/1524 1525/1525
f 1526/1526 1523/1523 1525/1525
f 1527/1527 1526/1526 1525/1525
f 1528/1528 1526/1526 1527/1527
f 1529/1529 1526/1526 1528/1528
f 1530/1530 1529/1529 1528/1528
f 1531/1531 1529/1529 1530/1530
f 1532/1532 1531/1531 1530/1530
f 1533/1533 1531/1531 1532/1532
f 1534/1534 1531/1531 1533/1533
f 1535/1535 1534/1534 1533/1533
f 1536/1536 1535/1535 1533/1533
f 1537/1537 1535/1535 1536/1536
f 1538/1538 1535/1535 1537/1537
f 1539/1539 1538/1538 1537/1537
f 1540/1540 1538/1538 1539/1539
f 1541/1541 1540/1540 1539/1539
f 1542/1542 1540/1540 1541/1541
f 1543/1543 1540/1540 1542/1542
f 1544/1544 1543/1543 1542/1542
f 1545/1545 1544/1544 1542/1542
f 1546/1546 1544/1544 1545/1545
f 1543/1543 1544/1544 1546/1546
f 1547/1547 1540/1540 1543/1543
f 1548/1548 1547/1547 1543/1543
f 1549/1549 1547/1547 1548/1548
f 1550/1550 1551/1551 1552/1552
f 1553/1553 1550/1550 1552/1552
f 1554/1554 1550/1550 1553/1553
f 1555/1555 1554/1554 1553/1553
f 1556/1556 1554/1554 1555/1555
f 1557/1557 1556/1556 1555/1555
f 1558/1558 1559/1559 1560/1560
f 1561/1561 1559/1559 1558/1558
f 1562/1562 1561/1561 1558/1558
f 1563/1563 1562/1562 1558/1558
f 1564/1564 1561/1561 1562/1562
f 1565/1565 1564/1564 1562/1562
f 1566/1566 1564/1564 1565/1565
f 1567/1567 1568/1568 1569/1569
f 1570/1570 1567/1567 1569/1569
f 1571/1571 1567/1567 1570/1570
f 1572/1572 1571/1571 1570/1570
f 1573/1573 1574/1574 1575/1575
f 1576/1576 1574/1574 1573/1573
f 1577/1577 1576/1576 1573/1573
f 1578/1578 1577/1577 1573/1573
f 1579/1579 1577/1577 1578/1578
f 1580/1580 1577/1577 1579/1579
f 1576/1576 1577/1577 1580/1580
f 1581/1581 1576/1576 1580/1580
f 1582/1582 1581/1581 1580/1580
f 1583/1583 1582/1582 1580/1580
f 1584/1584 1582/1582 1583/1583
f 1585/1585 1582/1582 1584/1584
f 1586/1586 1585/1585 1584/1584
f 1587/1587 1588/1588 1589/1589
f 1590/1590 1588/1588 1587/1587
f 1591/1591 1590/1590 1587/1587
f 1592/1592 1593/1593 1594/1594
f 1595/1595 1592/1592 1594/1594
f 1596/1596 1592/1592 1595/1595
f 1597/1597 1592/1592 1596/1596
f 1593/1593 1592/1592 1597/1597
f 1598/1598 1593/1593 1597/1597
f 1599/1599 1598/1598 1597/1597
f 1600/1600 1599/1599 1597/1597
f 1601/1601 1599/1599 1600/1600
f 1602/1602 1599/1599 1601/1601
f 1603/1603 1602/1602 1601/1601
f 1604/1604 1602/1602 1603/1603
f 1605/1605 1604/1604 1603/1603
f 1606/1606 1604/1604 1605/1605
f 1607/1607 1604/1604 1606/1606
f 1608/1608 1607/1607 1606/1606
f 1609/1609 1608/1608 1606/1606
f 1610/1610 1609/1609 1606/1606
f 1611/1611 1609/1609 1610/1610
f 1612/1612 1609/1609 1611/1611
f 1608/1608 1609/1609 1612/1612
f 1613/1613 1608/1608 1612/1612
f 1614/1614 1615/1615 1616/1616
f 1617/1617 1614/1614 1616/1616
f 1618/1618 1614/1614 1617/1617
f 1619/1619 1620/1620 1621/1621
f 1622/1622 1619/1619 1621/1621
f 1623/1623 1620/1620 1619/1619
f 1624/1624 1623/1623 1619/1619
f 1625/1625 1624/1624 1619/1619
f 1626/1626 1624/1624 1625/1625
f 1627/1627 1624/1624 1626/1626
f 1628/1628 1627/1627 1626/1626
f 1629/1629 1627/1627 1628/1628
f 1630/1630 1629/1629 1628/1628
f 1631/1631 1629/1629 1630/1630
f 1632/1632 1631/1631 1630/1630
f 1633/1633 1631/1631 1632/1632
f 1634/1634 1633/1633 1632/1632
f 1635/1635 1636/1636 1637/1637
f 1638/1638 1635/1635 1637/1637
f 1639/1639 1635/1635 1638/1638
f 1640/1640 1639/1639 1638/1638
f 1641/1641 1639/1639 1640/1640
f 1642/1642 1641/1641 1640/1640
f 1643/1643 1644/1644 1645/1645
f 1646/1646 1643/1643 1645/1645
f 1647/1647 1643/1643 1646/1646
f 1648/1648 1647/1647 1646/1646
f 1649/1649 1650/1650 1651/1651
f 1652/1652 1649/1649 1651/1651
f 1653/1653 1649/1649 1652/1652
f 1654/1654 1653/1653 1652/1652
f 1655/1655 1653/1653 1654/1654
f 1656/1656 1653/1653 1655/1655
f 1657/1657 1656/1656 1655/1655
f 1658/1658 1657/1657 1655/1655
f 1659/1659 1658/1658 1655/1655
f 1660/1660 1658/1658 1659/1659
f 1661/1661 1658/1658 1660/1660
f 1662/1662 1661/1661 1660/1660
f 1663/1663 1661/1661 1662/1662
f 1664/1664 1663/1663 1662/1662
f 1665/1665 1663/1663 1664/1664
f 1666/1666 1665/1665 1664/1664
f 1667/1667 1665/1665 1666/1666
f 1668/1668 1667/1667 1666/1666
f 1669/1669 1667/1667 1668/1668
f 1670/1670 1669/1669 1668/1668
f 1671/1671 1672/1672 1673/1673
f 1674/1674 1671/1671 1673/1673
f 1675/1675 1671/1671 1674/1674
f 1676/1676 1675/1675 1674/1674
f 1677/1677 1675/1675 1676/1676
f 1678/1678 1677/1677 1676/1676
f 1476/1476 1679/1679 1680/1680
f 1465/1465 1476/1476 1680/1680
f 1466/1466 1465/1465 1680/1680
f 1469/1469 1476/1476 1465/1465
f 1471/1471 1476/1476 1469/1469
f 1473/1473 1476/1476 1471/1471
f 1681/1681 1679/1679 1476/1476
f 1682/1682 1681/1681 1476/1476
f 1477/1477 1682/1682 1476/1476
f 1480/1480 1683/1683 1481/1481
f 1684/1684 1683/1683 1480/1480
f 1484/1484 1684/1684 1480/1480
f 1486/1486 1685/1685 1487/1487
f 1686/1686 1685/1685 1486/1486
f 1490/1490 1686/1686 1486/1486
f 1687/1687 1685/1685 1686/1686
f 1688/1688 1687/1687 1686/1686
f 1689/1689 1690/1690 1495/1495
f 1496/1496 1689/1689 1495/1495
f 1508/1508 1691/1691 1503/1503
f 1692/1692 1691/1691 1508/1508
f 1693/1693 1692/1692 1508/1508
f 1511/1511 1693/1693 1508/1508
f 1518/1518 1694/1694 1519/1519
f 1695/1695 1694/1694 1518/1518
f 1523/1523 1696/1696 1524/1524
f 1534/1534 1696/1696 1523/1523
f 1531/1531 1534/1534 1523/1523
f 1529/1529 1531/1531 1523/1523
f 1526/1526 1529/1529 1523/1523
f 1697/1697 1696/1696 1534/1534
f 1698/1698 1697/1697 1534/1534
f 1535/1535 1698/1698 1534/1534
f 1538/1538 1698/1698 1535/1535
f 1547/1547 1698/1698 1538/1538
f 1540/1540 1547/1547 1538/1538
f 1550/1550 1699/1699 1551/1551
f 1554/1554 1699/1699 1550/1550
f 1556/1556 1699/1699 1554/1554
f 1700/1700 1699/1699 1556/1556
f 1561/1561 1701/1701 1559/1559
f 1567/1567 1702/1702 1568/1568
f 1571/1571 1702/1702 1567/1567
f 1703/1703 1702/1702 1571/1571
f 1576/1576 1704/1704 1574/1574
f 1705/1705 1704/1704 1576/1576
f 1706/1706 1705/1705 1576/1576
f 1581/1581 1706/1706 1576/1576
f 1707/1707 1708/1708 1590/1590
f 1591/1591 1707/1707 1590/1590
f 1598/1598 1709/1709 1593/1593
f 1710/1710 1709/1709 1598/1598
f 1602/1602 1710/1710 1598/1598
f 1599/1599 1602/1602 1598/1598
f 1607/1607 1710/1710 1602/1602
f 1604/1604 1607/1607 1602/1602
f 1711/1711 1712/1712 1713/1713
f 1714/1714 1711/1711 1713/1713
f 1715/1715 1714/1714 1713/1713
f 1608/1608 1716/1716 1607/1607
f 1613/1613 1716/1716 1608/1608
f 1717/1717 1718/1718 1620/1620
f 1719/1719 1717/1717 1620/1620
f 1623/1623 1719/1719 1620/1620
f 1720/1720 1719/1719 1623/1623
f 1721/1721 1720/1720 1623/1623
f 1629/1629 1721/1721 1623/1623
f 1627/1627 1629/1629 1623/1623
f 1624/1624 1627/1627 1623/1623
f 1631/1631 1721/1721 1629/1629
f 1633/1633 1721/1721 1631/1631
f 1722/1722 1721/1721 1633/1633
f 1723/1723 1724/1724 1636/1636
f 1635/1635 1723/1723 1636/1636
f 1639/1639 1723/1723 1635/1635
f 1641/1641 1723/1723 1639/1639
f 1725/1725 1723/1723 1641/1641
f 1643/1643 1726/1726 1644/1644
f 1727/1727 1726/1726 1643/1643
f 1647/1647 1727/1727 1643/1643
f 1649/1649 1728/1728 1650/1650
f 1656/1656 1728/1728 1649/1649
f 1653/1653 1656/1656 1649/1649
f 1729/1729 1728/1728 1656/1656
f 1657/1657 1729/1729 1656/1656
f 1730/1730 1729/1729 1657/1657
f 1665/1665 1730/1730 1657/1657
f 1663/1663 1665/1665 1657/1657
f 1661/1661 1663/1663 1657/1657
f 1658/1658 1661/1661 1657/1657
f 1667/1667 1730/1730 1665/1665
f 1669/1669 1730/1730 1667/1667
f 1671/1671 1731/1731 1672/1672
f 1675/1675 1731/1731 1671/1671
f 1732/1732 1731/1731 1675/1675
f 1677/1677 1732/1732 1675/1675
f 1681/1681 1733/1733 1679/1679
f 1734/1734 1733/1733 1681/1681
f 1735/1735 1734/1734 1681/1681
f 1736/1736 1737/1737 1738/1738
f 1683/1683 1739/1739 1740/1740
f 1741/1741 1739/1739 1683/1683
f 1684/1684 1741/1741 1683/1683
f 1742/1742 1743/1743 1685/1685
f 1687/1687 1742/1742 1685/1685
f 1744/1744 1745/1745 1746/1746
f 1690/1690 1744/1744 1746/1746
f 1689/1689 1744/1744 1690/1690
f 1747/1747 1748/1748 1692/1692
f 1693/1693 1747/1747 1692/1692
f 1749/1749 1750/1750 1694/1694
f 1695/1695 1749/1749 1694/1694
f 1751/1751 1749/1749 1695/1695
f 1752/1752 1753/1753 1754/1754
f 1755/1755 1752/1752 1754/1754
f 1756/1756 1752/1752 1755/1755
f 1757/1757 1756/1756 1755/1755
f 1758/1758 1757/1757 1755/1755
f 1759/1759 1757/1757 1758/1758
f 1760/1760 1757/1757 1759/1759
f 1702/1702 1703/1703 1761/1761
f 1762/1762 1763/1763 1704/1704
f 1705/1705 1762/1762 1704/1704
f 1706/1706 1764/1764 1705/1705
f 1765/1765 1766/1766 1767/1767
f 1710/1710 1765/1765 1767/1767
f 1709/1709 1710/1710 1767/1767
f 1768/1768 1765/1765 1710/1710
f 1769/1769 1768/1768 1710/1710
f 1770/1770 1771/1771 1772/1772
f 1773/1773 1774/1774 1718/1718
f 1717/1717 1773/1773 1718/1718
f 1775/1775 1773/1773 1717/1717
f 1776/1776 1775/1775 1717/1717
f 1720/1720 1776/1776 1717/1717
f 1719/1719 1720/1720 1717/1717
f 1777/1777 1776/1776 1720/1720
f 1778/1778 1777/1777 1720/1720
f 1721/1721 1778/1778 1720/1720
f 1722/1722 1778/1778 1721/1721
f 1723/1723 1779/1779 1724/1724
f 1780/1780 1779/1779 1723/1723
f 1725/1725 1780/1780 1723/1723
f 1781/1781 1780/1780 1725/1725
f 1727/1727 1782/1782 1726/1726
f 1783/1783 1782/1782 1727/1727
f 1729/1729 1784/1784 1728/1728
f 1785/1785 1784/1784 1729/1729
f 1730/1730 1785/1785 1729/1729
f 1786/1786 1787/1787 1731/1731
f 1732/1732 1786/1786 1731/1731
f 1788/1788 1787/1787 1786/1786
f 1789/1789 1790/1790 1791/1791
f 1792/1792 1790/1790 1789/1789
f 1793/1793 1794/1794 1734/1734
f 1735/1735 1793/1793 1734/1734
f 1795/1795 1796/1796 1797/1797
f 1798/1798 1795/1795 1797/1797
f 1799/1799 1800/1800 1801/1801
f 1802/1802 1800/1800 1799/1799
f 1741/1741 1803/1803 1739/1739
f 1804/1804 1805/1805 1806/1806
f 1807/1807 1804/1804 1806/1806
f 1808/1808 1804/1804 1807/1807
f 1744/1744 1809/1809 1745/1745
f 1749/1749 1810/1810 1750/1750
f 1751/1751 1810/1810 1749/1749
f 1811/1811 1812/1812 1813/1813
f 1814/1814 1811/1811 1813/1813
f 1815/1815 1812/1812 1811/1811
f 1765/1765 1816/1816 1766/1766
f 1768/1768 1816/1816 1765/1765
f 1769/1769 1816/1816 1768/1768
f 1817/1817 1818/1818 1819/1819
f 1820/1820 1817/1817 1819/1819
f 1771/1771 1820/1820 1819/1819
f 1770/1770 1820/1820 1771/1771
f 1821/1821 1820/1820 1770/1770
f 1822/1822 1823/1823 1824/1824
f 1773/1773 1775/1775 1774/1774
f 1825/1825 1826/1826 1827/1827
f 1828/1828 1825/1825 1827/1827
f 1829/1829 1828/1828 1827/1827
f 1777/1777 1830/1830 1776/1776
f 1831/1831 1832/1832 1833/1833
f 1834/1834 1831/1831 1833/1833
f 1779/1779 1834/1834 1833/1833
f 1780/1780 1834/1834 1779/1779
f 1835/1835 1834/1834 1780/1780
f 1781/1781 1835/1835 1780/1780
f 1783/1783 1836/1836 1782/1782
f 1837/1837 1836/1836 1783/1783
f 1785/1785 1838/1838 1784/1784
f 1839/1839 1840/1840 1787/1787
f 1788/1788 1839/1839 1787/1787
f 1841/1841 1839/1839 1788/1788
f 1842/1842 1843/1843 1844/1844
f 1845/1845 1842/1842 1844/1844
f 1846/1846 1847/1847 1790/1790
f 1848/1848 1846/1846 1790/1790
f 1849/1849 1848/1848 1790/1790
f 1850/1850 1849/1849 1790/1790
f 1792/1792 1850/1850 1790/1790
f 1851/1851 1852/1852 1853/1853
f 1854/1854 1855/1855 1856/1856
f 1857/1857 1854/1854 1856/1856
f 1858/1858 1854/1854 1857/1857
f 1859/1859 1858/1858 1857/1857
f 1804/1804 1860/1860 1805/1805
f 1861/1861 1860/1860 1804/1804
f 1862/1862 1861/1861 1804/1804
f 1808/1808 1862/1862 1804/1804
f 1863/1863 1864/1864 1865/1865
f 1866/1866 1863/1863 1865/1865
f 1812/1812 1815/1815 1867/1867
f 1868/1868 1869/1869 1818/1818
f 1870/1870 1868/1868 1818/1818
f 1817/1817 1870/1870 1818/1818
f 1820/1820 1870/1870 1817/1817
f 1871/1871 1870/1870 1820/1820
f 1821/1821 1871/1871 1820/1820
f 1872/1872 1873/1873 1874/1874
f 1875/1875 1876/1876 1831/1831
f 1877/1877 1875/1875 1831/1831
f 1834/1834 1877/1877 1831/1831
f 1835/1835 1877/1877 1834/1834
f 1837/1837 1878/1878 1836/1836
f 1839/1839 1879/1879 1840/1840
f 1880/1880 1879/1879 1839/1839
f 1841/1841 1880/1880 1839/1839
f 1881/1881 1882/1882 1847/1847
f 1846/1846 1881/1881 1847/1847
f 1883/1883 1884/1884 1885/1885
f 1886/1886 1883/1883 1885/1885
f 1848/1848 1887/1887 1846/1846
f 1888/1888 1889/1889 1890/1890
f 1891/1891 1888/1888 1890/1890
f 1892/1892 1893/1893 1894/1894
f 1895/1895 1892/1892 1894/1894
f 1852/1852 1896/1896 1897/1897
f 1898/1898 1896/1896 1852/1852
f 1899/1899 1898/1898 1852/1852
f 1851/1851 1899/1899 1852/1852
f 1900/1900 1899/1899 1851/1851
f 1901/1901 1899/1899 1900/1900
f 1902/1902 1903/1903 1904/1904
f 1905/1905 1906/1906 1855/1855
f 1854/1854 1905/1905 1855/1855
f 1907/1907 1905/1905 1854/1854
f 1858/1858 1907/1907 1854/1854
f 1861/1861 1908/1908 1860/1860
f 1909/1909 1910/1910 1911/1911
f 1912/1912 1909/1909 1911/1911
f 1863/1863 1913/1913 1864/1864
f 1914/1914 1913/1913 1863/1863
f 1915/1915 1914/1914 1863/1863
f 1916/1916 1917/1917 1918/1918
f 1919/1919 1916/1916 1918/1918
f 1920/1920 1919/1919 1918/1918
f 1921/1921 1920/1920 1918/1918
f 1922/1922 1921/1921 1918/1918
f 1923/1923 1924/1924 1925/1925
f 1926/1926 1924/1924 1923/1923
f 1927/1927 1924/1924 1926/1926
f 1928/1928 1927/1927 1926/1926
f 1929/1929 1928/1928 1926/1926
f 1930/1930 1927/1927 1928/1928
f 1931/1931 1930/1930 1928/1928
f 1932/1932 1930/1930 1931/1931
f 1933/1933 1930/1930 1932/1932
f 1934/1934 1933/1933 1932/1932
f 1935/1935 1936/1936 1937/1937
f 1938/1938 1939/1939 1940/1940
f 1941/1941 1942/1942 1943/1943
f 1938/1938 1944/1944 1939/1939
f 1945/1945 1946/1946 1947/1947
f 1948/1948 1949/1949 1950/1950
f 1951/1951 1952/1952 1953/1953
f 1954/1954 1951/1951 1953/1953
f 1955/1955 1956/1956 1957/1957
f 1958/1958 1955/1955 1957/1957
f 1949/1949 1948/1948 1959/1959
f 1960/1960 1961/1961 1962/1962
f 1963/1963 1960/1960 1962/1962
f 1964/1964 1965/1965 1966/1966
f 1967/1967 1965/1965 1964/1964
f 1968/1968 1967/1967 1964/1964
f 1969/1969 1967/1967 1968/1968
f 1970/1970 1969/1969 1968/1968
f 1896/1896 1971/1971 1972/1972
f 1898/1898 1971/1971 1896/1896
f 1973/1973 1971/1971 1898/1898
f 1899/1899 1973/1973 1898/1898
f 1974/1974 1973/1973 1899/1899
f 1901/1901 1974/1974 1899/1899
f 1975/1975 1976/1976 1977/1977
f 1978/1978 1979/1979 1980/1980
f 1981/1981 1978/1978 1980/1980
f 1982/1982 1978/1978 1981/1981
f 1983/1983 1978/1978 1982/1982
f 1984/1984 1983/1983 1982/1982
f 1985/1985 1986/1986 1987/1987
f 1988/1988 1989/1989 1990/1990
f 1916/1916 1991/1991 1992/1992
f 1993/1993 1991/1991 1916/1916
f 1919/1919 1993/1993 1916/1916
f 1965/1965 1993/1993 1919/1919
f 1920/1920 1965/1965 1919/1919
f 1960/1960 1963/1963 1994/1994
f 1927/1927 1960/1960 1994/1994
f 1924/1924 1927/1927 1994/1994
f 1933/1933 1960/1960 1927/1927
f 1930/1930 1933/1933 1927/1927
f 1967/1967 1993/1993 1965/1965
f 1995/1995 1993/1993 1967/1967
f 1969/1969 1995/1995 1967/1967
f 1974/1974 1996/1996 1973/1973
f 1978/1978 1997/1997 1979/1979
f 1998/1998 1997/1997 1978/1978
f 1983/1983 1998/1998 1978/1978
f 1984/1984 1998/1998 1983/1983
f 1988/1988 1999/1999 1989/1989
f 2000/2000 1999/1999 1988/1988
f 1995/1995 2001/2001 1993/1993
f 1902/1902 2002/2002 1903/1903
f 2003/2003 2002/2002 1902/1902
f 2004/2004 2005/2005 2006/2006
f 2007/2007 2005/2005 2004/2004
f 1914/1914 2008/2008 1913/1913
f 2009/2009 2008/2008 1914/1914
f 1915/1915 2009/2009 1914/1914
f 2010/2010 2009/2009 1915/1915
f 1582/1582 1585/1585 1581/1581
f 2011/2011 2012/2012 2013/2013
f 2014/2014 2015/2015 2016/2016
usemtl mtl_35_0
f 2017/2017 2018/2018 2019/2019
f 2020/2020 2017/2017 2019/2019
f 2021/2021 2017/2017 2020/2020
f 2022/2022 2021/2021 2020/2020
f 2023/2023 2021/2021 2022/2022
f 2024/2024 2021/2021 2023/2023
f 2025/2025 2024/2024 2023/2023
f 2026/2026 2025/2025 2023/2023
f 2027/2027 2026/2026 2023/2023
f 2028/2028 2026/2026 2027/2027
f 2029/2029 2026/2026 2028/2028
f 2030/2030 2029/2029 2028/2028
f 2031/2031 2029/2029 2030/2030
f 2032/2032 2029/2029 2031/2031
f 2033/2033 2034/2034 2035/2035
f 2036/2036 2033/2033 2035/2035
f 2037/2037 2033/2033 2036/2036
f 2038/2038 2037/2037 2036/2036
f 2039/2039 2037/2037 2038/2038
f 2040/2040 2037/2037 2039/2039
f 2041/2041 2040/2040 2039/2039
f 2042/2042 2041/2041 2039/2039
f 2043/2043 2042/2042 2039/2039
f 2044/2044 2042/2042 2043/2043
f 2045/2045 2046/2046 2047/2047
f 2048/2048 2045/2045 2047/2047
f 2049/2049 2050/2050 2051/2051
f 2052/2052 2049/2049 2051/2051
f 2053/2053 2054/2054 2055/2055
f 2056/2056 2053/2053 2055/2055
f 2057/2057 2058/2058 2059/2059
f 2060/2060 2057/2057 2059/2059
f 2061/2061 2057/2057 2060/2060
f 2062/2062 2061/2061 2060/2060
f 2063/2063 2061/2061 2062/2062
f 2064/2064 2063/2063 2062/2062
f 2065/2065 2063/2063 2064/2064
f 2066/2066 2063/2063 2065/2065
f 2067/2067 2068/2068 2069/2069
f 2070/2070 2067/2067 2069/2069
f 2071/2071 2067/2067 2070/2070
f 2072/2072 2067/2067 2071/2071
f 2068/2068 2067/2067 2072/2072
f 2073/2073 2068/2068 2072/2072
f 2074/2074 2073/2073 2072/2072
f 2075/2075 2073/2073 2074/2074
f 2076/2076 2073/2073 2075/2075
f 2077/2077 2076/2076 2075/2075
f 2078/2078 2079/2079 2080/2080
f 2081/2081 2078/2078 2080/2080
f 2082/2082 2078/2078 2081/2081
f 2083/2083 2082/2082 2081/2081
f 2084/2084 2085/2085 2086/2086
f 2087/2087 2084/2084 2086/2086
f 2088/2088 2084/2084 2087/2087
f 2089/2089 2084/2084 2088/2088
f 2090/2090 2089/2089 2088/2088
f 2091/2091 2090/2090 2088/2088
f 2092/2092 2090/2090 2091/2091
f 2093/2093 2090/2090 2092/2092
f 2094/2094 2093/2093 2092/2092
f 2095/2095 2093/2093 2094/2094
f 2096/2096 2095/2095 2094/2094
f 2097/2097 2095/2095 2096/2096
f 2098/2098 2097/2097 2096/2096
f 2099/2099 2097/2097 2098/2098
f 2100/2100 2099/2099 2098/2098
f 2101/2101 2102/2102 2103/2103
f 2104/2104 2101/2101 2103/2103
f 2105/2105 2104/2104 2103/2103
f 2106/2106 2101/2101 2104/2104
f 2107/2107 2106/2106 2104/2104
f 2108/2108 2101/2101 2106/2106
f 2109/2109 2108/2108 2106/2106
f 2110/2110 2109/2109 2106/2106
f 2111/2111 2108/2108 2109/2109
f 2112/2112 2111/2111 2109/2109
f 2113/2113 2111/2111 2112/2112
f 2114/2114 2111/2111 2113/2113
f 2115/2115 2114/2114 2113/2113
f 2116/2116 2114/2114 2115/2115
f 2117/2117 2116/2116 2115/2115
f 2118/2118 2119/2119 2120/2120
f 2121/2121 2118/2118 2120/2120
f 2122/2122 2118/2118 2121/2121
f 2123/2123 2118/2118 2122/2122
f 2124/2124 2123/2123 2122/2122
f 2125/2125 2126/2126 2127/2127
f 2128/2128 2125/2125 2127/2127
f 2129/2129 2125/2125 2128/2128
f 2130/2130 2129/2129 2128/2128
f 2131/2131 2132/2132 2133/2133
f 2134/2134 2131/2131 2133/2133
f 2135/2135 2131/2131 2134/2134
f 2136/2136 2131/2131 2135/2135
f 2137/2137 2138/2138 2139/2139
f 2140/2140 2137/2137 2139/2139
f 2141/2141 2138/2138 2137/2137
f 2142/2142 2141/2141 2137/2137
f 2143/2143 2142/2142 2137/2137
f 2144/2144 2145/2145 2146/2146
f 2147/2147 2144/2144 2146/2146
f 2148/2148 2144/2144 2147/2147
f 2149/2149 2148/2148 2147/2147
f 2150/2150 2148/2148 2149/2149
f 2151/2151 2150/2150 2149/2149
f 2152/2152 2150/2150 2151/2151
f 2153/2153 2152/2152 2151/2151
f 2154/2154 2152/2152 2153/2153
f 2155/2155 2152/2152 2154/2154
f 2156/2156 2155/2155 2154/2154
f 2157/2157 2156/2156 2154/2154
f 2158/2158 2155/2155 2156/2156
f 2159/2159 2160/2160 2161/2161
f 2162/2162 2159/2159 2161/2161
f 2163/2163 2159/2159 2162/2162
f 2164/2164 2159/2159 2163/2163
f 2165/2165 2164/2164 2163/2163
f 2166/2166 2164/2164 2165/2165
f 2167/2167 2166/2166 2165/2165
f 2168/2168 2166/2166 2167/2167
f 2169/2169 2168/2168 2167/2167
f 2170/2170 2168/2168 2169/2169
f 2171/2171 2168/2168 2170/2170
f 2172/2172 2171/2171 2170/2170
f 2173/2173 2172/2172 2170/2170
f 2174/2174 2173/2173 2170/2170
f 2175/2175 2176/2176 2177/2177
f 2178/2178 2175/2175 2177/2177
f 2179/2179 2175/2175 2178/2178
f 2180/2180 2175/2175 2179/2179
f 2181/2181 2180/2180 2179/2179
f 2182/2182 2180/2180 2181/2181
f 2183/2183 2182/2182 2181/2181
f 2184/2184 2182/2182 2183/2183
f 2185/2185 2182/2182 2184/2184
f 2186/2186 2185/2185 2184/2184
f 2187/2187 2186/2186 2184/2184
f 2188/2188 2186/2186 2187/2187
f 2189/2189 2186/2186 2188/2188
f 2190/2190 2189/2189 2188/2188
f 2191/2191 2189/2189 2190/2190
f 2192/2192 2191/2191 2190/2190
f 2193/2193 2191/2191 2192/2192
f 2194/2194 2191/2191 2193/2193
f 2195/2195 2194/2194 2193/2193
f 2196/2196 2195/2195 2193/2193
f 2197/2197 2196/2196 2193/2193
f 2198/2198 2195/2195 2196/2196
f 2199/2199 2200/2200 2201/2201
f 2202/2202 2199/2199 2201/2201
f 2203/2203 2200/2200 2199/2199
f 2204/2204 2203/2203 2199/2199
f 2205/2205 2204/2204 2199/2199
f 2206/2206 2204/2204 2205/2205
f 2207/2207 2204/2204 2206/2206
f 2208/2208 2207/2207 2206/2206
f 2209/2209 2207/2207 2208/2208
f 2210/2210 2207/2207 2209/2209
f 2211/2211 2210/2210 2209/2209
f 2212/2212 2211/2211 2209/2209
f 2213/2213 2211/2211 2212/2212
f 2214/2214 2211/2211 2213/2213
f 2215/2215 2214/2214 2213/2213
f 2216/2216 2214/2214 2215/2215
f 2217/2217 2216/2216 2215/2215
f 2218/2218 2219/2219 2220/2220
f 2221/2221 2218/2218 2220/2220
f 2222/2222 2218/2218 2221/2221
f 2223/2223 2222/2222 2221/2221
f 2224/2224 2222/2222 2223/2223
f 2225/2225 2224/2224 2223/2223
f 2226/2226 2227/2227 2228/2228
f 2229/2229 2226/2226 2228/2228
f 2230/2230 2231/2231 2232/2232
f 2233/2233 2230/2230 2232/2232
f 2234/2234 2230/2230 2233/2233
f 2235/2235 2234/2234 2233/2233
f 2236/2236 2234/2234 2235/2235
f 2237/2237 2236/2236 2235/2235
f 2238/2238 2236/2236 2237/2237
f 2239/2239 2236/2236 2238/2238
f 2240/2240 2239/2239 2238/2238
f 2241/2241 2240/2240 2238/2238
f 2242/2242 2240/2240 2241/2241
f 2243/2243 2244/2244 2245/2245
f 2246/2246 2243/2243 2245/2245
f 2247/2247 2243/2243 2246/2246
f 2248/2248 2247/2247 2246/2246
f 2249/2249 2247/2247 2248/2248
f 2250/2250 2249/2249 2248/2248
f 2251/2251 2249/2249 2250/2250
f 2252/2252 2251/2251 2250/2250
f 2253/2253 2254/2254 2255/2255
f 2256/2256 2253/2253 2255/2255
f 2257/2257 2253/2253 2256/2256
f 2258/2258 2257/2257 2256/2256
f 2259/2259 2257/2257 2258/2258
f 2260/2260 2259/2259 2258/2258
f 2261/2261 2259/2259 2260/2260
f 2262/2262 2261/2261 2260/2260
f 2263/2263 2261/2261 2262/2262
f 2264/2264 2261/2261 2263/2263
f 2265/2265 2264/2264 2263/2263
f 2266/2266 2265/2265 2263/2263
f 2267/2267 2265/2265 2266/2266
f 2268/2268 2265/2265 2267/2267
f 2269/2269 2268/2268 2267/2267
f 2270/2270 2268/2268 2269/2269
f 2271/2271 2268/2268 2270/2270
f 2272/2272 2271/2271 2270/2270
f 2273/2273 2272/2272 2270/2270
f 2274/2274 2273/2273 2270/2270
f 2275/2275 2272/2272 2273/2273
f 2276/2276 2275/2275 2273/2273
f 2277/2277 2278/2278 2279/2279
f 2280/2280 2277/2277 2279/2279
f 2281/2281 2277/2277 2280/2280
f 2282/2282 2277/2277 2281/2281
f 2283/2283 2282/2282 2281/2281
f 2284/2284 2283/2283 2281/2281
f 2285/2285 2284/2284 2281/2281
f 2286/2286 2284/2284 2285/2285
f 2287/2287 2288/2288 2289/2289
f 2290/2290 2287/2287 2289/2289
f 2291/2291 2290/2290 2289/2289
f 2292/2292 2290/2290 2291/2291
f 2018/2018 2290/2290 2292/2292
f 2287/2287 2290/2290 2018/2018
f 2017/2017 2287/2287 2018/2018
f 2293/2293 2287/2287 2017/2017
f 2021/2021 2293/2293 2017/2017
f 2024/2024 2293/2293 2021/2021
f 2294/2294 2295/2295 2296/2296
f 2297/2297 2295/2295 2294/2294
f 2298/2298 2299/2299 2300/2300
f 2029/2029 2032/2032 2025/2025
f 2026/2026 2029/2029 2025/2025
f 2301/2301 2302/2302 2050/2050
f 2049/2049 2301/2301 2050/2050
f 2303/2303 2304/2304 2305/2305
f 2306/2306 2303/2303 2305/2305
f 2054/2054 2053/2053 2307/2307
f 2057/2057 2308/2308 2058/2058
f 2061/2061 2308/2308 2057/2057
f 2309/2309 2308/2308 2061/2061
f 2063/2063 2309/2309 2061/2061
f 2066/2066 2309/2309 2063/2063
f 2310/2310 2309/2309 2066/2066
f 2311/2311 2310/2310 2066/2066
f 2312/2312 2313/2313 2068/2068
f 2314/2314 2312/2312 2068/2068
f 2073/2073 2314/2314 2068/2068
f 2076/2076 2314/2314 2073/2073
f 2315/2315 2314/2314 2076/2076
f 2078/2078 2316/2316 2079/2079
f 2317/2317 2316/2316 2078/2078
f 2082/2082 2317/2317 2078/2078
f 2318/2318 2319/2319 2320/2320
f 2085/2085 2318/2318 2320/2320
f 2084/2084 2318/2318 2085/2085
f 2089/2089 2318/2318 2084/2084
f 2321/2321 2318/2318 2089/2089
f 2322/2322 2321/2321 2089/2089
f 2323/2323 2322/2322 2089/2089
f 2324/2324 2323/2323 2089/2089
f 2093/2093 2324/2324 2089/2089
f 2090/2090 2093/2093 2089/2089
f 2095/2095 2324/2324 2093/2093
f 2325/2325 2324/2324 2095/2095
f 2097/2097 2325/2325 2095/2095
f 2099/2099 2325/2325 2097/2097
f 2326/2326 2327/2327 2102/2102
f 2101/2101 2326/2326 2102/2102
f 2328/2328 2329/2329 2330/2330
f 2108/2108 2116/2116 2101/2101
f 2114/2114 2116/2116 2108/2108
f 2111/2111 2114/2114 2108/2108
f 2331/2331 2332/2332 2119/2119
f 2333/2333 2331/2331 2119/2119
f 2334/2334 2333/2333 2119/2119
f 2335/2335 2334/2334 2119/2119
f 2118/2118 2335/2335 2119/2119
f 2123/2123 2335/2335 2118/2118
f 2125/2125 2336/2336 2126/2126
f 2129/2129 2336/2336 2125/2125
f 2337/2337 2336/2336 2129/2129
f 2131/2131 2338/2338 2132/2132
f 2136/2136 2338/2338 2131/2131
f 2339/2339 2338/2338 2136/2136
f 2141/2141 2340/2340 2138/2138
f 2144/2144 2341/2341 2145/2145
f 2342/2342 2341/2341 2144/2144
f 2148/2148 2342/2342 2144/2144
f 2150/2150 2342/2342 2148/2148
f 2155/2155 2342/2342 2150/2150
f 2152/2152 2155/2155 2150/2150
f 2343/2343 2342/2342 2155/2155
f 2344/2344 2343/2343 2155/2155
f 2345/2345 2344/2344 2155/2155
f 2158/2158 2345/2345 2155/2155
f 2346/2346 2347/2347 2348/2348
f 2349/2349 2346/2346 2348/2348
f 2164/2164 2350/2350 2160/2160
f 2159/2159 2164/2164 2160/2160
f 2166/2166 2350/2350 2164/2164
f 2171/2171 2350/2350 2166/2166
f 2168/2168 2171/2171 2166/2166
f 2351/2351 2349/2349 2352/2352
f 2353/2353 2351/2351 2352/2352
f 2172/2172 2354/2354 2171/2171
f 2194/2194 2355/2355 2176/2176
f 2191/2191 2194/2194 2176/2176
f 2189/2189 2191/2191 2176/2176
f 2186/2186 2189/2189 2176/2176
f 2185/2185 2186/2186 2176/2176
f 2175/2175 2185/2185 2176/2176
f 2180/2180 2185/2185 2175/2175
f 2182/2182 2185/2185 2180/2180
f 2195/2195 2355/2355 2194/2194
f 2356/2356 2357/2357 2358/2358
f 2359/2359 2356/2356 2358/2358
f 2360/2360 2359/2359 2358/2358
f 2361/2361 2360/2360 2358/2358
f 2203/2203 2362/2362 2200/2200
f 2363/2363 2362/2362 2203/2203
f 2364/2364 2363/2363 2203/2203
f 2210/2210 2364/2364 2203/2203
f 2204/2204 2210/2210 2203/2203
f 2207/2207 2210/2210 2204/2204
f 2365/2365 2364/2364 2210/2210
f 2211/2211 2365/2365 2210/2210
f 2214/2214 2365/2365 2211/2211
f 2216/2216 2365/2365 2214/2214
f 2218/2218 2366/2366 2219/2219
f 2367/2367 2366/2366 2218/2218
f 2222/2222 2367/2367 2218/2218
f 2224/2224 2367/2367 2222/2222
f 2368/2368 2367/2367 2224/2224
f 2226/2226 2369/2369 2227/2227
f 2230/2230 2370/2370 2231/2231
f 2239/2239 2370/2370 2230/2230
f 2234/2234 2239/2239 2230/2230
f 2236/2236 2239/2239 2234/2234
f 2371/2371 2370/2370 2239/2239
f 2372/2372 2371/2371 2239/2239
f 2373/2373 2372/2372 2239/2239
f 2374/2374 2373/2373 2239/2239
f 2375/2375 2374/2374 2239/2239
f 2376/2376 2375/2375 2239/2239
f 2240/2240 2376/2376 2239/2239
f 2377/2377 2374/2374 2375/2375
f 2244/2244 2374/2374 2377/2377
f 2243/2243 2374/2374 2244/2244
f 2247/2247 2374/2374 2243/2243
f 2249/2249 2374/2374 2247/2247
f 2378/2378 2374/2374 2249/2249
f 2251/2251 2378/2378 2249/2249
f 2253/2253 2379/2379 2254/2254
f 2257/2257 2379/2379 2253/2253
f 2380/2380 2379/2379 2257/2257
f 2264/2264 2380/2380 2257/2257
f 2259/2259 2264/2264 2257/2257
f 2261/2261 2264/2264 2259/2259
f 2381/2381 2380/2380 2264/2264
f 2382/2382 2381/2381 2264/2264
f 2271/2271 2382/2382 2264/2264
f 2268/2268 2271/2271 2264/2264
f 2265/2265 2268/2268 2264/2264
f 2383/2383 2382/2382 2271/2271
f 2277/2277 2282/2282 2278/2278
f 2384/2384 2385/2385 2386/2386
f 2387/2387 2388/2388 2288/2288
f 2287/2287 2387/2387 2288/2288
f 2389/2389 2387/2387 2287/2287
f 2293/2293 2389/2389 2287/2287
f 2390/2390 2391/2391 2392/2392
f 2393/2393 2391/2391 2390/2390
f 2394/2394 2395/2395 2396/2396
f 2397/2397 2394/2394 2396/2396
f 2398/2398 2394/2394 2397/2397
f 2399/2399 2398/2398 2397/2397
f 2400/2400 2399/2399 2397/2397
f 2297/2297 2401/2401 2295/2295
f 2402/2402 2401/2401 2297/2297
f 2403/2403 2404/2404 2405/2405
f 2399/2399 2406/2406 2407/2407
f 2408/2408 2399/2399 2407/2407
f 2409/2409 2410/2410 2411/2411
f 2412/2412 2410/2410 2409/2409
f 2306/2306 2413/2413 2303/2303
f 2414/2414 2413/2413 2306/2306
f 2415/2415 2416/2416 2417/2417
f 2418/2418 2415/2415 2417/2417
f 2309/2309 2419/2419 2308/2308
f 2420/2420 2419/2419 2309/2309
f 2310/2310 2420/2420 2309/2309
f 2421/2421 2422/2422 2423/2423
f 2424/2424 2421/2421 2423/2423
f 2425/2425 2426/2426 2427/2427
f 2428/2428 2425/2425 2427/2427
f 2426/2426 2425/2425 2428/2428
f 2314/2314 2429/2429 2312/2312
f 2315/2315 2429/2429 2314/2314
f 2421/2421 2424/2424 2430/2430
f 2431/2431 2421/2421 2430/2430
f 2432/2432 2433/2433 2434/2434
f 2317/2317 2435/2435 2316/2316
f 2436/2436 2435/2435 2317/2317
f 2321/2321 2437/2437 2319/2319
f 2318/2318 2321/2321 2319/2319
f 2322/2322 2437/2437 2321/2321
f 2438/2438 2437/2437 2322/2322
f 2439/2439 2438/2438 2322/2322
f 2323/2323 2439/2439 2322/2322
f 2440/2440 2438/2438 2439/2439
f 2441/2441 2438/2438 2440/2440
f 2442/2442 2441/2441 2440/2440
f 2326/2326 2443/2443 2327/2327
f 2332/2332 2444/2444 2329/2329
f 2328/2328 2332/2332 2329/2329
f 2331/2331 2444/2444 2332/2332
f 2445/2445 2444/2444 2331/2331
f 2333/2333 2445/2445 2331/2331
f 2337/2337 2446/2446 2336/2336
f 2447/2447 2448/2448 2338/2338
f 2449/2449 2447/2447 2338/2338
f 2339/2339 2449/2449 2338/2338
f 2343/2343 2450/2450 2342/2342
f 2451/2451 2450/2450 2343/2343
f 2344/2344 2451/2451 2343/2343
f 2452/2452 2451/2451 2344/2344
f 2453/2453 2452/2452 2344/2344
f 2454/2454 2455/2455 2456/2456
f 2457/2457 2454/2454 2456/2456
f 2458/2458 2457/2457 2456/2456
f 2459/2459 2458/2458 2456/2456
f 2460/2460 2458/2458 2459/2459
f 2461/2461 2462/2462 2347/2347
f 2346/2346 2461/2461 2347/2347
f 2351/2351 2461/2461 2346/2346
f 2349/2349 2351/2351 2346/2346
f 2463/2463 2461/2461 2351/2351
f 2464/2464 2463/2463 2351/2351
f 2353/2353 2464/2464 2351/2351
f 2465/2465 2463/2463 2464/2464
f 2359/2359 2466/2466 2356/2356
f 2467/2467 2466/2466 2359/2359
f 2360/2360 2467/2467 2359/2359
f 2468/2468 2469/2469 2470/2470
f 2471/2471 2472/2472 2473/2473
f 2474/2474 2471/2471 2473/2473
f 2475/2475 2474/2474 2473/2473
f 2364/2364 2476/2476 2363/2363
f 2367/2367 2477/2477 2366/2366
f 2478/2478 2477/2477 2367/2367
f 2479/2479 2478/2478 2367/2367
f 2368/2368 2479/2479 2367/2367
f 2480/2480 2479/2479 2368/2368
f 2481/2481 2482/2482 2483/2483
f 2484/2484 2482/2482 2481/2481
f 2485/2485 2486/2486 2487/2487
f 2381/2381 2485/2485 2487/2487
f 2488/2488 2485/2485 2381/2381
f 2382/2382 2488/2488 2381/2381
f 2383/2383 2488/2488 2382/2382
f 2489/2489 2488/2488 2383/2383
f 2387/2387 2490/2490 2388/2388
f 2491/2491 2490/2490 2387/2387
f 2389/2389 2491/2491 2387/2387
f 2492/2492 2491/2491 2389/2389
f 2493/2493 2494/2494 2495/2495
f 2496/2496 2493/2493 2495/2495
f 2497/2497 2496/2496 2495/2495
f 2498/2498 2499/2499 2500/2500
f 2501/2501 2498/2498 2500/2500
f 2502/2502 2503/2503 2504/2504
f 2399/2399 2505/2505 2398/2398
f 2408/2408 2505/2505 2399/2399
f 2506/2506 2507/2507 2508/2508
f 2414/2414 2509/2509 2413/2413
f 2510/2510 2509/2509 2414/2414
f 2415/2415 2511/2511 2416/2416
f 2512/2512 2511/2511 2415/2415
f 2422/2422 2421/2421 2513/2513
f 2432/2432 2514/2514 2433/2433
f 2515/2515 2514/2514 2432/2432
f 2516/2516 2517/2517 2435/2435
f 2436/2436 2516/2516 2435/2435
f 2518/2518 2519/2519 2437/2437
f 2438/2438 2518/2518 2437/2437
f 2441/2441 2518/2518 2438/2438
f 2520/2520 2518/2518 2441/2441
f 2521/2521 2522/2522 2447/2447
f 2523/2523 2521/2521 2447/2447
f 2524/2524 2523/2523 2447/2447
f 2449/2449 2524/2524 2447/2447
f 2525/2525 2526/2526 2527/2527
f 2528/2528 2525/2525 2527/2527
f 2529/2529 2528/2528 2527/2527
f 2530/2530 2529/2529 2527/2527
f 2531/2531 2532/2532 2454/2454
f 2457/2457 2531/2531 2454/2454
f 2533/2533 2531/2531 2457/2457
f 2458/2458 2533/2533 2457/2457
f 2534/2534 2533/2533 2458/2458
f 2535/2535 2534/2534 2458/2458
f 2460/2460 2535/2535 2458/2458
f 2536/2536 2537/2537 2538/2538
f 2539/2539 2536/2536 2538/2538
f 2540/2540 2536/2536 2539/2539
f 2541/2541 2536/2536 2540/2540
f 2542/2542 2541/2541 2540/2540
f 2543/2543 2541/2541 2542/2542
f 2469/2469 2544/2544 2545/2545
f 2546/2546 2544/2544 2469/2469
f 2547/2547 2546/2546 2469/2469
f 2468/2468 2547/2547 2469/2469
f 2548/2548 2549/2549 2472/2472
f 2471/2471 2548/2548 2472/2472
f 2550/2550 2548/2548 2471/2471
f 2551/2551 2550/2550 2471/2471
f 2474/2474 2551/2551 2471/2471
f 2552/2552 2553/2553 2554/2554
f 2555/2555 2552/2552 2554/2554
f 2556/2556 2552/2552 2555/2555
f 2557/2557 2558/2558 2559/2559
f 2488/2488 2489/2489 2486/2486
f 2485/2485 2488/2488 2486/2486
f 2549/2549 2560/2560 2561/2561
f 2562/2562 2549/2549 2561/2561
f 2541/2541 2543/2543 2563/2563
f 2536/2536 2541/2541 2563/2563
f 2564/2564 2536/2536 2563/2563
f 2491/2491 2565/2565 2490/2490
f 2566/2566 2565/2565 2491/2491
f 2567/2567 2568/2568 2569/2569
f 2570/2570 2571/2571 2572/2572
f 2573/2573 2570/2570 2572/2572
f 2502/2502 2574/2574 2503/2503
f 2575/2575 2576/2576 2577/2577
f 2578/2578 2576/2576 2575/2575
f 2579/2579 2580/2580 2507/2507
f 2506/2506 2579/2579 2507/2507
f 2581/2581 2579/2579 2506/2506
f 2582/2582 2579/2579 2581/2581
f 2583/2583 2582/2582 2581/2581
f 2584/2584 2585/2585 2586/2586
f 2587/2587 2585/2585 2584/2584
f 2588/2588 2589/2589 2590/2590
f 2591/2591 2589/2589 2588/2588
f 2514/2514 2515/2515 2592/2592
f 2516/2516 2593/2593 2517/2517
f 2518/2518 2594/2594 2519/2519
f 2595/2595 2594/2594 2518/2518
f 2596/2596 2595/2595 2518/2518
f 2520/2520 2596/2596 2518/2518
f 2597/2597 2596/2596 2520/2520
f 2598/2598 2599/2599 2600/2600
f 2528/2528 2599/2599 2598/2598
f 2525/2525 2528/2528 2598/2598
f 2521/2521 2601/2601 2522/2522
f 2602/2602 2603/2603 2532/2532
f 2531/2531 2602/2602 2532/2532
f 2604/2604 2602/2602 2531/2531
f 2533/2533 2604/2604 2531/2531
f 2534/2534 2604/2604 2533/2533
f 2605/2605 2604/2604 2534/2534
f 2606/2606 2605/2605 2534/2534
f 2535/2535 2606/2606 2534/2534
f 2607/2607 2606/2606 2535/2535
f 2536/2536 2608/2608 2537/2537
f 2564/2564 2608/2608 2536/2536
f 2609/2609 2610/2610 2611/2611
f 2567/2567 2612/2612 2568/2568
f 2613/2613 2614/2614 2615/2615
f 2616/2616 2613/2613 2615/2615
f 2617/2617 2613/2613 2616/2616
f 2618/2618 2617/2617 2616/2616
f 2619/2619 2618/2618 2616/2616
f 2620/2620 2618/2618 2619/2619
f 2621/2621 2618/2618 2620/2620
f 2579/2579 2622/2622 2580/2580
f 2582/2582 2622/2622 2579/2579
f 2623/2623 2624/2624 2625/2625
f 2603/2603 2605/2605 2626/2626
f 2604/2604 2605/2605 2603/2603
f 2602/2602 2604/2604 2603/2603
f 2617/2617 2624/2624 2623/2623
f 2614/2614 2617/2617 2623/2623
f 2613/2613 2617/2617 2614/2614
f 2621/2621 2624/2624 2617/2617
f 2618/2618 2621/2621 2617/2617
f 2607/2607 2627/2627 2606/2606
f 2609/2609 2628/2628 2610/2610
f 2557/2557 2560/2560 2549/2549
f 2629/2629 2557/2557 2549/2549
f 2548/2548 2629/2629 2549/2549
f 2630/2630 2629/2629 2548/2548
f 2550/2550 2630/2630 2548/2548
f 2558/2558 2629/2629 2630/2630
f 2557/2557 2629/2629 2558/2558
f 2475/2475 2631/2631 2474/2474
f 2451/2451 2452/2452 2450/2450
f 2400/2400 2406/2406 2399/2399
f 2373/2373 2378/2378 2372/2372
f 2374/2374 2378/2378 2373/2373
f 2324/2324 2325/2325 2323/2323
f 2033/2033 2632/2632 2034/2034
f 2040/2040 2632/2632 2033/2033
f 2037/2037 2040/2040 2033/2033
f 2046/2046 2045/2045 2633/2633
f 2634/2634 2635/2635 2636/2636
f 2637/2637 2638/2638 2639/2639
f 2640/2640 2641/2641 2642/2642
f 2634/2634 2643/2643 2635/2635
f 2644/2644 2645/2645 2646/2646
f 2647/2647 2648/2648 2649/2649
f 2637/2637 2650/2650 2638/2638
f 2645/2645 2644/2644 2651/2651
usemtl mtl_35_1
f 2652/2652 2653/2653 2654/2654
f 2655/2655 2652/2652 2654/2654
f 2656/2656 2653/2653 2652/2652
f 2657/2657 2656/2656 2652/2652
f 2658/2658 2657/2657 2652/2652
f 2659/2659 2657/2657 2658/2658
f 2660/2660 2661/2661 2662/2662
f 2663/2663 2660/2660 2662/2662
f 2664/2664 2660/2660 2663/2663
f 2665/2665 2664/2664 2663/2663
f 2666/2666 2664/2664 2665/2665
f 2667/2667 2666/2666 2665/2665
f 2668/2668 2666/2666 2667/2667
f 2669/2669 2668/2668 2667/2667
f 2670/2670 2668/2668 2669/2669
f 2671/2671 2670/2670 2669/2669
f 2672/2672 2670/2670 2671/2671
f 2673/2673 2670/2670 2672/2672
f 2674/2674 2673/2673 2672/2672
f 2675/2675 2676/2676 2677/2677
f 2678/2678 2675/2675 2677/2677
f 2679/2679 2676/2676 2675/2675
f 2680/2680 2679/2679 2675/2675
f 2681/2681 2679/2679 2680/2680
f 2682/2682 2679/2679 2681/2681
f 2683/2683 2682/2682 2681/2681
f 2684/2684 2682/2682 2683/2683
f 2685/2685 2684/2684 2683/2683
f 2686/2686 2684/2684 2685/2685
f 2687/2687 2686/2686 2685/2685
f 2688/2688 2686/2686 2687/2687
f 2689/2689 2688/2688 2687/2687
f 2690/2690 2688/2688 2689/2689
f 2691/2691 2690/2690 2689/2689
f 2692/2692 2693/2693 2694/2694
f 2695/2695 2692/2692 2694/2694
f 2696/2696 2692/2692 2695/2695
f 2697/2697 2692/2692 2696/2696
f 2698/2698 2697/2697 2696/2696
f 2699/2699 2698/2698 2696/2696
f 2700/2700 2697/2697 2698/2698
f 2701/2701 2700/2700 2698/2698
f 2702/2702 2700/2700 2701/2701
f 2703/2703 2704/2704 2705/2705
f 2706/2706 2703/2703 2705/2705
f 2707/2707 2703/2703 2706/2706
f 2708/2708 2707/2707 2706/2706
f 2709/2709 2707/2707 2708/2708
f 2710/2710 2709/2709 2708/2708
f 2711/2711 2712/2712 2713/2713
f 2714/2714 2711/2711 2713/2713
f 2715/2715 2716/2716 2717/2717
f 2673/2673 2716/2716 2715/2715
f 2718/2718 2673/2673 2715/2715
f 2719/2719 2718/2718 2715/2715
f 2720/2720 2719/2719 2715/2715
f 2721/2721 2722/2722 2723/2723
f 2724/2724 2721/2721 2723/2723
f 2725/2725 2721/2721 2724/2724
f 2726/2726 2721/2721 2725/2725
f 2727/2727 2726/2726 2725/2725
f 2728/2728 2726/2726 2727/2727
f 2729/2729 2728/2728 2727/2727
f 2730/2730 2728/2728 2729/2729
f 2731/2731 2730/2730 2729/2729
f 2732/2732 2730/2730 2731/2731
f 2733/2733 2732/2732 2731/2731
f 2734/2734 2732/2732 2733/2733
f 2735/2735 2734/2734 2733/2733
f 2736/2736 2737/2737 2738/2738
f 2739/2739 2736/2736 2738/2738
f 2740/2740 2736/2736 2739/2739
f 2741/2741 2736/2736 2740/2740
f 2742/2742 2741/2741 2740/2740
f 2743/2743 2742/2742 2740/2740
f 2744/2744 2742/2742 2743/2743
f 2745/2745 2742/2742 2744/2744
f 2746/2746 2745/2745 2744/2744
f 2747/2747 2745/2745 2746/2746
f 2748/2748 2747/2747 2746/2746
f 2749/2749 2747/2747 2748/2748
f 2750/2750 2749/2749 2748/2748
f 2751/2751 2749/2749 2750/2750
f 2752/2752 2751/2751 2750/2750
f 2753/2753 2754/2754 2755/2755
f 2756/2756 2753/2753 2755/2755
f 2757/2757 2758/2758 2759/2759
f 2760/2760 2757/2757 2759/2759
f 2761/2761 2757/2757 2760/2760
f 2762/2762 2761/2761 2760/2760
f 2763/2763 2761/2761 2762/2762
f 2764/2764 2763/2763 2762/2762
f 2765/2765 2763/2763 2764/2764
f 2766/2766 2763/2763 2765/2765
f 2767/2767 2766/2766 2765/2765
f 2768/2768 2767/2767 2765/2765
f 2769/2769 2768/2768 2765/2765
f 2770/2770 2768/2768 2769/2769
f 2771/2771 2772/2772 2773/2773
f 2774/2774 2771/2771 2773/2773
f 2775/2775 2776/2776 2777/2777
f 2778/2778 2775/2775 2777/2777
f 2779/2779 2778/2778 2777/2777
f 2780/2780 2778/2778 2779/2779
f 2781/2781 2778/2778 2780/2780
f 2775/2775 2778/2778 2781/2781
f 2782/2782 2783/2783 2784/2784
f 2785/2785 2782/2782 2784/2784
f 2786/2786 2783/2783 2782/2782
f 2787/2787 2786/2786 2782/2782
f 2788/2788 2786/2786 2787/2787
f 2789/2789 2786/2786 2788/2788
f 2790/2790 2789/2789 2788/2788
f 2791/2791 2789/2789 2790/2790
f 2792/2792 2791/2791 2790/2790
f 2793/2793 2791/2791 2792/2792
f 2794/2794 2791/2791 2793/2793
f 2795/2795 2796/2796 2797/2797
f 2798/2798 2795/2795 2797/2797
f 2799/2799 2795/2795 2798/2798
f 2800/2800 2799/2799 2798/2798
f 2801/2801 2799/2799 2800/2800
f 2802/2802 2801/2801 2800/2800
f 2803/2803 2801/2801 2802/2802
f 2804/2804 2803/2803 2802/2802
f 2805/2805 2803/2803 2804/2804
f 2806/2806 2803/2803 2805/2805
f 2807/2807 2806/2806 2805/2805
f 2808/2808 2807/2807 2805/2805
f 2809/2809 2807/2807 2808/2808
f 2810/2810 2807/2807 2809/2809
f 2811/2811 2807/2807 2810/2810
f 2812/2812 2811/2811 2810/2810
f 2813/2813 2812/2812 2810/2810
f 2814/2814 2812/2812 2813/2813
f 2815/2815 2816/2816 2817/2817
f 2818/2818 2815/2815 2817/2817
f 2819/2819 2815/2815 2818/2818
f 2820/2820 2819/2819 2818/2818
f 2821/2821 2819/2819 2820/2820
f 2822/2822 2821/2821 2820/2820
f 2823/2823 2821/2821 2822/2822
f 2824/2824 2821/2821 2823/2823
f 2825/2825 2826/2826 2827/2827
f 2828/2828 2825/2825 2827/2827
f 2829/2829 2825/2825 2828/2828
f 2830/2830 2825/2825 2829/2829
f 2831/2831 2832/2832 2833/2833
f 2834/2834 2831/2831 2833/2833
f 2835/2835 2834/2834 2833/2833
f 2836/2836 2831/2831 2834/2834
f 2837/2837 2836/2836 2834/2834
f 2838/2838 2836/2836 2837/2837
f 2839/2839 2836/2836 2838/2838
f 2831/2831 2836/2836 2839/2839
f 2840/2840 2831/2831 2839/2839
f 2841/2841 2840/2840 2839/2839
f 2842/2842 2840/2840 2841/2841
f 2843/2843 2840/2840 2842/2842
f 2844/2844 2843/2843 2842/2842
f 2845/2845 2843/2843 2844/2844
f 2846/2846 2845/2845 2844/2844
f 2847/2847 2845/2845 2846/2846
f 2848/2848 2847/2847 2846/2846
f 2849/2849 2847/2847 2848/2848
f 2850/2850 2847/2847 2849/2849
f 2851/2851 2850/2850 2849/2849
f 2852/2852 2851/2851 2849/2849
f 2853/2853 2852/2852 2849/2849
f 2854/2854 2852/2852 2853/2853
f 2855/2855 2852/2852 2854/2854
f 2856/2856 2855/2855 2854/2854
f 2857/2857 2855/2855 2856/2856
f 2858/2858 2857/2857 2856/2856
f 2859/2859 2857/2857 2858/2858
f 2851/2851 2857/2857 2859/2859
f 2860/2860 2851/2851 2859/2859
f 2861/2861 2860/2860 2859/2859
f 2862/2862 2860/2860 2861/2861
f 2863/2863 2860/2860 2862/2862
f 2864/2864 2863/2863 2862/2862
f 2865/2865 2863/2863 2864/2864
f 2866/2866 2865/2865 2864/2864
f 2867/2867 2865/2865 2866/2866
f 2868/2868 2867/2867 2866/2866
f 2869/2869 2867/2867 2868/2868
f 2870/2870 2867/2867 2869/2869
f 2871/2871 2870/2870 2869/2869
f 2872/2872 2873/2873 2874/2874
f 2875/2875 2872/2872 2874/2874
f 2876/2876 2872/2872 2875/2875
f 2877/2877 2876/2876 2875/2875
f 2878/2878 2876/2876 2877/2877
f 2879/2879 2878/2878 2877/2877
f 2880/2880 2878/2878 2879/2879
f 2881/2881 2880/2880 2879/2879
f 2882/2882 2883/2883 2884/2884
f 2885/2885 2882/2882 2884/2884
f 2886/2886 2882/2882 2885/2885
f 2887/2887 2882/2882 2886/2886
f 2888/2888 2887/2887 2886/2886
f 2889/2889 2887/2887 2888/2888
f 2890/2890 2889/2889 2888/2888
f 2891/2891 2889/2889 2890/2890
f 2892/2892 2889/2889 2891/2891
f 2893/2893 2892/2892 2891/2891
f 2894/2894 2893/2893 2891/2891
f 2895/2895 2893/2893 2894/2894
f 2896/2896 2893/2893 2895/2895
f 2897/2897 2896/2896 2895/2895
f 2898/2898 2896/2896 2897/2897
f 2899/2899 2898/2898 2897/2897
f 2900/2900 2898/2898 2899/2899
f 2901/2901 2900/2900 2899/2899
f 2902/2902 2900/2900 2901/2901
f 2903/2903 2902/2902 2901/2901
f 2904/2904 2905/2905 2906/2906
f 2907/2907 2904/2904 2906/2906
f 2908/2908 2904/2904 2907/2907
f 2909/2909 2908/2908 2907/2907
f 2910/2910 2908/2908 2909/2909
f 2911/2911 2910/2910 2909/2909
f 2912/2912 2910/2910 2911/2911
f 2913/2913 2912/2912 2911/2911
f 2914/2914 2912/2912 2913/2913
f 2915/2915 2914/2914 2913/2913
f 2916/2916 2914/2914 2915/2915
f 2917/2917 2916/2916 2915/2915
f 2918/2918 2919/2919 2920/2920
f 2921/2921 2918/2918 2920/2920
f 2922/2922 2918/2918 2921/2921
f 2923/2923 2922/2922 2921/2921
f 2924/2924 2922/2922 2923/2923
f 2925/2925 2924/2924 2923/2923
f 2926/2926 2924/2924 2925/2925
f 2927/2927 2926/2926 2925/2925
f 2928/2928 2929/2929 2930/2930
f 2931/2931 2928/2928 2930/2930
f 2932/2932 2928/2928 2931/2931
f 2933/2933 2932/2932 2931/2931
f 2934/2934 2932/2932 2933/2933
f 2935/2935 2934/2934 2933/2933
f 2936/2936 2934/2934 2935/2935
f 2937/2937 2936/2936 2935/2935
f 2938/2938 2936/2936 2937/2937
f 2939/2939 2938/2938 2937/2937
f 2940/2940 2938/2938 2939/2939
f 2941/2941 2940/2940 2939/2939
f 2942/2942 2940/2940 2941/2941
f 2943/2943 2942/2942 2941/2941
f 2944/2944 2945/2945 2946/2946
f 2947/2947 2944/2944 2946/2946
f 2948/2948 2944/2944 2947/2947
f 2949/2949 2948/2948 2947/2947
f 2950/2950 2948/2948 2949/2949
f 2951/2951 2948/2948 2950/2950
f 2952/2952 2951/2951 2950/2950
f 2953/2953 2952/2952 2950/2950
f 2954/2954 2953/2953 2950/2950
f 2955/2955 2953/2953 2954/2954
f 2956/2956 2953/2953 2955/2955
f 2957/2957 2956/2956 2955/2955
f 2958/2958 2956/2956 2957/2957
f 2959/2959 2956/2956 2958/2958
f 2960/2960 2959/2959 2958/2958
f 2961/2961 2960/2960 2958/2958
f 2962/2962 2960/2960 2961/2961
f 2963/2963 2960/2960 2962/2962
f 2964/2964 2960/2960 2963/2963
f 2965/2965 2964/2964 2963/2963
f 2966/2966 2965/2965 2963/2963
f 2967/2967 2966/2966 2963/2963
f 2968/2968 2966/2966 2967/2967
f 2969/2969 2966/2966 2968/2968
f 2970/2970 2969/2969 2968/2968
f 2971/2971 2969/2969 2970/2970
f 2965/2965 2969/2969 2971/2971
f 2972/2972 2965/2965 2971/2971
f 2973/2973 2972/2972 2971/2971
f 2974/2974 2972/2972 2973/2973
f 2975/2975 2972/2972 2974/2974
f 2976/2976 2975/2975 2974/2974
f 2977/2977 2975/2975 2976/2976
f 2978/2978 2977/2977 2976/2976
f 2964/2964 2977/2977 2978/2978
f 2979/2979 2964/2964 2978/2978
f 2959/2959 2964/2964 2979/2979
f 2960/2960 2964/2964 2959/2959
f 2965/2965 2977/2977 2964/2964
f 2975/2975 2977/2977 2965/2965
f 2972/2972 2975/2975 2965/2965
f 2966/2966 2969/2969 2965/2965
f 2980/2980 2956/2956 2959/2959
f 2981/2981 2980/2980 2959/2959
f 2982/2982 2980/2980 2981/2981
f 2983/2983 2980/2980 2982/2982
f 2984/2984 2983/2983 2982/2982
f 2985/2985 2986/2986 2987/2987
f 2988/2988 2985/2985 2987/2987
f 2989/2989 2986/2986 2985/2985
f 2990/2990 2989/2989 2985/2985
f 2991/2991 2990/2990 2985/2985
f 2992/2992 2990/2990 2991/2991
f 2993/2993 2990/2990 2992/2992
f 2994/2994 2993/2993 2992/2992
f 2995/2995 2993/2993 2994/2994
f 2996/2996 2993/2993 2995/2995
f 2997/2997 2996/2996 2995/2995
f 2998/2998 2997/2997 2995/2995
f 2999/2999 2997/2997 2998/2998
f 3000/3000 2997/2997 2999/2999
f 3001/3001 3000/3000 2999/2999
f 3002/3002 3000/3000 3001/3001
f 3003/3003 3002/3002 3001/3001
f 3004/3004 3005/3005 3006/3006
f 3007/3007 3005/3005 3004/3004
f 3008/3008 3007/3007 3004/3004
f 3009/3009 3008/3008 3004/3004
f 3010/3010 3009/3009 3004/3004
f 3011/3011 3009/3009 3010/3010
f 3012/3012 3009/3009 3011/3011
f 3013/3013 3012/3012 3011/3011
f 3014/3014 3012/3012 3013/3013
f 3015/3015 3012/3012 3014/3014
f 3016/3016 3017/3017 3018/3018
f 3019/3019 3016/3016 3018/3018
f 2653/2653 2656/2656 3020/3020
f 2660/2660 3021/3021 3022/3022
f 2661/2661 2660/2660 3022/3022
f 2664/2664 3021/3021 2660/2660
f 3023/3023 3021/3021 2664/2664
f 2666/2666 3023/3023 2664/2664
f 3024/3024 3023/3023 2666/2666
f 2668/2668 3024/3024 2666/2666
f 2673/2673 3024/3024 2668/2668
f 2670/2670 2673/2673 2668/2668
f 3025/3025 3024/3024 2673/2673
f 2718/2718 3025/3025 2673/2673
f 3026/3026 3025/3025 2718/2718
f 3027/3027 3026/3026 2718/2718
f 3028/3028 3029/3029 2722/2722
f 3030/3030 3028/3028 2722/2722
f 2721/2721 3030/3030 2722/2722
f 2726/2726 3030/3030 2721/2721
f 2728/2728 3030/3030 2726/2726
f 3031/3031 3030/3030 2728/2728
f 2730/2730 3031/3031 2728/2728
f 2732/2732 3031/3031 2730/2730
f 3032/3032 3031/3031 2732/2732
f 2734/2734 3032/3032 2732/2732
f 2741/2741 3033/3033 2737/2737
f 2736/2736 2741/2741 2737/2737
f 3034/3034 3033/3033 2741/2741
f 3035/3035 3034/3034 2741/2741
f 3036/3036 3035/3035 2741/2741
f 2745/2745 3036/3036 2741/2741
f 2742/2742 2745/2745 2741/2741
f 2747/2747 3036/3036 2745/2745
f 3037/3037 3036/3036 2747/2747
f 3038/3038 3037/3037 2747/2747
f 2749/2749 3038/3038 2747/2747
f 2751/2751 3038/3038 2749/2749
f 2753/2753 3039/3039 2754/2754
f 2757/2757 3040/3040 2758/2758
f 3041/3041 3040/3040 2757/2757
f 2761/2761 3041/3041 2757/2757
f 2766/2766 3041/3041 2761/2761
f 2763/2763 2766/2766 2761/2761
f 3042/3042 3041/3041 2766/2766
f 3043/3043 3042/3042 2766/2766
f 3044/3044 3045/3045 3046/3046
f 3047/3047 3044/3044 3046/3046
f 3048/3048 3047/3047 3046/3046
f 2767/2767 3049/3049 2766/2766
f 3050/3050 3051/3051 3052/3052
f 2771/2771 3050/3050 3052/3052
f 2772/2772 2771/2771 3052/3052
f 3053/3053 3054/3054 2776/2776
f 2775/2775 3053/3053 2776/2776
f 3055/3055 3056/3056 2783/2783
f 2786/2786 3055/3055 2783/2783
f 2789/2789 3055/3055 2786/2786
f 2794/2794 3055/3055 2789/2789
f 2791/2791 2794/2794 2789/2789
f 3056/3056 3055/3055 2794/2794
f 3057/3057 3058/3058 2796/2796
f 2795/2795 3057/3057 2796/2796
f 2799/2799 3057/3057 2795/2795
f 2801/2801 3057/3057 2799/2799
f 2803/2803 3057/3057 2801/2801
f 2806/2806 3057/3057 2803/2803
f 3059/3059 3057/3057 2806/2806
f 2811/2811 3059/3059 2806/2806
f 2807/2807 2811/2811 2806/2806
f 2815/2815 3060/3060 2816/2816
f 2819/2819 3060/3060 2815/2815
f 3061/3061 3060/3060 2819/2819
f 2821/2821 3061/3061 2819/2819
f 2824/2824 3061/3061 2821/2821
f 3062/3062 3061/3061 2824/2824
f 3063/3063 3062/3062 2824/2824
f 3064/3064 3065/3065 3066/3066
f 2830/2830 3067/3067 3068/3068
f 2825/2825 2830/2830 3068/3068
f 2826/2826 2825/2825 3068/3068
f 3069/3069 3070/3070 2832/2832
f 2831/2831 3069/3069 2832/2832
f 2840/2840 3069/3069 2831/2831
f 3071/3071 3069/3069 2840/2840
f 2843/2843 3071/3071 2840/2840
f 2845/2845 3071/3071 2843/2843
f 2847/2847 3071/3071 2845/2845
f 3072/3072 3071/3071 2847/2847
f 2850/2850 3072/3072 2847/2847
f 2851/2851 3072/3072 2850/2850
f 2863/2863 3072/3072 2851/2851
f 2860/2860 2863/2863 2851/2851
f 2865/2865 3072/3072 2863/2863
f 2870/2870 3072/3072 2865/2865
f 2867/2867 2870/2870 2865/2865
f 3071/3071 3072/3072 2870/2870
f 3069/3069 3071/3071 2870/2870
f 3073/3073 3069/3069 2870/2870
f 2871/2871 3073/3073 2870/2870
f 2872/2872 3074/3074 2873/2873
f 3075/3075 3074/3074 2872/2872
f 2876/2876 3075/3075 2872/2872
f 2878/2878 3075/3075 2876/2876
f 3076/3076 3075/3075 2878/2878
f 2880/2880 3076/3076 2878/2878
f 3077/3077 3078/3078 2883/2883
f 3079/3079 3077/3077 2883/2883
f 3080/3080 3079/3079 2883/2883
f 2887/2887 3080/3080 2883/2883
f 2882/2882 2887/2887 2883/2883
f 2889/2889 3080/3080 2887/2887
f 2892/2892 3080/3080 2889/2889
f 3081/3081 3080/3080 2892/2892
f 3082/3082 3081/3081 2892/2892
f 2896/2896 3082/3082 2892/2892
f 2893/2893 2896/2896 2892/2892
f 2898/2898 3082/3082 2896/2896
f 2900/2900 3082/3082 2898/2898
f 2902/2902 3082/3082 2900/2900
f 3083/3083 3082/3082 2902/2902
f 2904/2904 3084/3084 2905/2905
f 3085/3085 3084/3084 2904/2904
f 2908/2908 3085/3085 2904/2904
f 2910/2910 3085/3085 2908/2908
f 3086/3086 3085/3085 2910/2910
f 2912/2912 3086/3086 2910/2910
f 3087/3087 3086/3086 2912/2912
f 2914/2914 3087/3087 2912/2912
f 2916/2916 3087/3087 2914/2914
f 3088/3088 3089/3089 3090/3090
f 3091/3091 3092/3092 2919/2919
f 2918/2918 3091/3091 2919/2919
f 2922/2922 3091/3091 2918/2918
f 3093/3093 3091/3091 2922/2922
f 2924/2924 3093/3093 2922/2922
f 2926/2926 3093/3093 2924/2924
f 2928/2928 3094/3094 2929/2929
f 3095/3095 3094/3094 2928/2928
f 2932/2932 3095/3095 2928/2928
f 2934/2934 3095/3095 2932/2932
f 2936/2936 3095/3095 2934/2934
f 3096/3096 3095/3095 2936/2936
f 2938/2938 3096/3096 2936/2936
f 2940/2940 3096/3096 2938/2938
f 2942/2942 3096/3096 2940/2940
f 3097/3097 3096/3096 2942/2942
f 2944/2944 3098/3098 2945/2945
f 2948/2948 3098/3098 2944/2944
f 2951/2951 3098/3098 2948/2948
f 2980/2980 2983/2983 2952/2952
f 2953/2953 2980/2980 2952/2952
f 2956/2956 2980/2980 2953/2953
f 2989/2989 3099/3099 3100/3100
f 2986/2986 2989/2989 3100/3100
f 3101/3101 3099/3099 2989/2989
f 3102/3102 3101/3101 2989/2989
f 3103/3103 3102/3102 2989/2989
f 3104/3104 3103/3103 2989/2989
f 2990/2990 3104/3104 2989/2989
f 2993/2993 3104/3104 2990/2990
f 2996/2996 3104/3104 2993/2993
f 3103/3103 3104/3104 2996/2996
f 3102/3102 3103/3103 2996/2996
f 3105/3105 3102/3102 2996/2996
f 3106/3106 3105/3105 2996/2996
f 3107/3107 3106/3106 2996/2996
f 2997/2997 3107/3107 2996/2996
f 3000/3000 3107/3107 2997/2997
f 3002/3002 3107/3107 3000/3000
f 3108/3108 3106/3106 3107/3107
f 3109/3109 3110/3110 3111/3111
f 3112/3112 3113/3113 3007/3007
f 3114/3114 3112/3112 3007/3007
f 3008/3008 3114/3114 3007/3007
f 3115/3115 3114/3114 3008/3008
f 3015/3015 3115/3115 3008/3008
f 3012/3012 3015/3015 3008/3008
f 3009/3009 3012/3012 3008/3008
f 3026/3026 3116/3116 3023/3023
f 3024/3024 3026/3026 3023/3023
f 3025/3025 3026/3026 3024/3024
f 3027/3027 3116/3116 3026/3026
f 3117/3117 3118/3118 3029/3029
f 3028/3028 3117/3117 3029/3029
f 3119/3119 3117/3117 3028/3028
f 3030/3030 3119/3119 3028/3028
f 3031/3031 3119/3119 3030/3030
f 3120/3120 3119/3119 3031/3031
f 3032/3032 3120/3120 3031/3031
f 3121/3121 3120/3120 3032/3032
f 3122/3122 3120/3120 3121/3121
f 3123/3123 3124/3124 3034/3034
f 3125/3125 3123/3123 3034/3034
f 3035/3035 3125/3125 3034/3034
f 3037/3037 3125/3125 3035/3035
f 3036/3036 3037/3037 3035/3035
f 3126/3126 3125/3125 3037/3037
f 3127/3127 3126/3126 3037/3037
f 3038/3038 3127/3127 3037/3037
f 3042/3042 3043/3043 3040/3040
f 3041/3041 3042/3042 3040/3040
f 3128/3128 3125/3125 3126/3126
f 3129/3129 3125/3125 3128/3128
f 3130/3130 3131/3131 3132/3132
f 3133/3133 3130/3130 3132/3132
f 3134/3134 3133/3133 3132/3132
f 3135/3135 3133/3133 3134/3134
f 3136/3136 3133/3133 3135/3135
f 3137/3137 3136/3136 3135/3135
f 3138/3138 3137/3137 3135/3135
f 3139/3139 3140/3140 3141/3141
f 3142/3142 3143/3143 3058/3058
f 3057/3057 3142/3142 3058/3058
f 3059/3059 3142/3142 3057/3057
f 3144/3144 3142/3142 3059/3059
f 3145/3145 3144/3144 3059/3059
f 3064/3064 3146/3146 3065/3065
f 3147/3147 3148/3148 3149/3149
f 3150/3150 3151/3151 3152/3152
f 3153/3153 3150/3150 3152/3152
f 3069/3069 3073/3073 3070/3070
f 3154/3154 3155/3155 3156/3156
f 3157/3157 3155/3155 3154/3154
f 3075/3075 3157/3157 3154/3154
f 3074/3074 3075/3075 3154/3154
f 3076/3076 3157/3157 3075/3075
f 3158/3158 3159/3159 3160/3160
f 3161/3161 3158/3158 3160/3160
f 3077/3077 3162/3162 3078/3078
f 3079/3079 3162/3162 3077/3077
f 3163/3163 3162/3162 3079/3079
f 3164/3164 3163/3163 3079/3079
f 3081/3081 3164/3164 3079/3079
f 3080/3080 3081/3081 3079/3079
f 3165/3165 3164/3164 3081/3081
f 3082/3082 3165/3165 3081/3081
f 3166/3166 3165/3165 3082/3082
f 3083/3083 3166/3166 3082/3082
f 3167/3167 3168/3168 3084/3084
f 3169/3169 3167/3167 3084/3084
f 3085/3085 3169/3169 3084/3084
f 3170/3170 3169/3169 3085/3085
f 3171/3171 3170/3170 3085/3085
f 3086/3086 3171/3171 3085/3085
f 3088/3088 3172/3172 3089/3089
f 3173/3173 3172/3172 3088/3088
f 3174/3174 3173/3173 3088/3088
f 3175/3175 3174/3174 3088/3088
f 3176/3176 3174/3174 3175/3175
f 3093/3093 3177/3177 3091/3091
f 3178/3178 3177/3177 3093/3093
f 3179/3179 3180/3180 3094/3094
f 3181/3181 3179/3179 3094/3094
f 3095/3095 3181/3181 3094/3094
f 3182/3182 3181/3181 3095/3095
f 3183/3183 3182/3182 3095/3095
f 3096/3096 3183/3183 3095/3095
f 3184/3184 3185/3185 3186/3186
f 3101/3101 3187/3187 3099/3099
f 3188/3188 3187/3187 3101/3101
f 3189/3189 3188/3188 3101/3101
f 3190/3190 3189/3189 3101/3101
f 3102/3102 3190/3190 3101/3101
f 3105/3105 3190/3190 3102/3102
f 3191/3191 3190/3190 3105/3105
f 3106/3106 3191/3191 3105/3105
f 3192/3192 3191/3191 3106/3106
f 3108/3108 3192/3192 3106/3106
f 3109/3109 3193/3193 3110/3110
f 3194/3194 3193/3193 3109/3109
f 3195/3195 3193/3193 3194/3194
f 3196/3196 3195/3195 3194/3194
f 3197/3197 3198/3198 3112/3112
f 3114/3114 3197/3197 3112/3112
f 3115/3115 3197/3197 3114/3114
f 3199/3199 3197/3197 3115/3115
f 3200/3200 3201/3201 3202/3202
f 3203/3203 3201/3201 3200/3200
f 3204/3204 3201/3201 3203/3203
f 3205/3205 3206/3206 3207/3207
f 3208/3208 3209/3209 3210/3210
f 3211/3211 3208/3208 3210/3210
f 3117/3117 3212/3212 3118/3118
f 3119/3119 3212/3212 3117/3117
f 3120/3120 3212/3212 3119/3119
f 3122/3122 3212/3212 3120/3120
f 3213/3213 3211/3211 3214/3214
f 3215/3215 3213/3213 3214/3214
f 3216/3216 3217/3217 3218/3218
f 3219/3219 3216/3216 3218/3218
f 3220/3220 3216/3216 3219/3219
f 3221/3221 3220/3220 3219/3219
f 3222/3222 3221/3221 3219/3219
f 3125/3125 3129/3129 3123/3123
f 3223/3223 3221/3221 3222/3222
f 3224/3224 3225/3225 3226/3226
f 3136/3136 3227/3227 3131/3131
f 3130/3130 3136/3136 3131/3131
f 3133/3133 3136/3136 3130/3130
f 3228/3228 3227/3227 3136/3136
f 3137/3137 3228/3228 3136/3136
f 3229/3229 3228/3228 3137/3137
f 3138/3138 3230/3230 3137/3137
f 3231/3231 3232/3232 3233/3233
f 3234/3234 3235/3235 3236/3236
f 3237/3237 3232/3232 3231/3231
f 3238/3238 3237/3237 3231/3231
f 3239/3239 3238/3238 3231/3231
f 3240/3240 3239/3239 3231/3231
f 3241/3241 3242/3242 3143/3143
f 3142/3142 3241/3241 3143/3143
f 3144/3144 3241/3241 3142/3142
f 3243/3243 3241/3241 3144/3144
f 3145/3145 3243/3243 3144/3144
f 3244/3244 3245/3245 3246/3246
f 3247/3247 3245/3245 3244/3244
f 3248/3248 3249/3249 3250/3250
f 3150/3150 3248/3248 3250/3250
f 3151/3151 3150/3150 3250/3250
f 3251/3251 3252/3252 3253/3253
f 3254/3254 3252/3252 3251/3251
f 3155/3155 3254/3254 3251/3251
f 3255/3255 3254/3254 3155/3155
f 3157/3157 3255/3255 3155/3155
f 3256/3256 3255/3255 3157/3157
f 3254/3254 3255/3255 3256/3256
f 3257/3257 3258/3258 3162/3162
f 3163/3163 3257/3257 3162/3162
f 3259/3259 3257/3257 3163/3163
f 3260/3260 3259/3259 3163/3163
f 3165/3165 3260/3260 3163/3163
f 3164/3164 3165/3165 3163/3163
f 3166/3166 3260/3260 3165/3165
f 3261/3261 3260/3260 3166/3166
f 3262/3262 3261/3261 3166/3166
f 3263/3263 3261/3261 3262/3262
f 3264/3264 3263/3263 3262/3262
f 3265/3265 3266/3266 3267/3267
f 3268/3268 3265/3265 3267/3267
f 3269/3269 3265/3265 3268/3268
f 3270/3270 3265/3265 3269/3269
f 3271/3271 3265/3265 3270/3270
f 3181/3181 3272/3272 3179/3179
f 3273/3273 3274/3274 3275/3275
f 3276/3276 3273/3273 3275/3275
f 3185/3185 3277/3277 3278/3278
f 3184/3184 3277/3277 3185/3185
f 3279/3279 3276/3276 3280/3280
f 3281/3281 3279/3279 3280/3280
f 3282/3282 3279/3279 3281/3281
f 3283/3283 3279/3279 3282/3282
f 3284/3284 3279/3279 3283/3283
f 3285/3285 3284/3284 3283/3283
f 3273/3273 3284/3284 3285/3285
f 3286/3286 3273/3273 3285/3285
f 3190/3190 3287/3287 3189/3189
f 3288/3288 3289/3289 3290/3290
f 3291/3291 3288/3288 3290/3290
f 3191/3191 3292/3292 3190/3190
f 3192/3192 3292/3292 3191/3191
f 3197/3197 3293/3293 3198/3198
f 3294/3294 3293/3293 3197/3197
f 3199/3199 3294/3294 3197/3197
f 3295/3295 3296/3296 3297/3297
f 3298/3298 3296/3296 3295/3295
f 3299/3299 3298/3298 3295/3295
f 3300/3300 3299/3299 3295/3295
f 3301/3301 3300/3300 3206/3206
f 3205/3205 3301/3301 3206/3206
f 3302/3302 3301/3301 3205/3205
f 3303/3303 3304/3304 3209/3209
f 3208/3208 3303/3303 3209/3209
f 3213/3213 3303/3303 3208/3208
f 3211/3211 3213/3213 3208/3208
f 3305/3305 3303/3303 3213/3213
f 3306/3306 3305/3305 3213/3213
f 3215/3215 3306/3306 3213/3213
f 3216/3216 3307/3307 3217/3217
f 3220/3220 3307/3307 3216/3216
f 3308/3308 3307/3307 3220/3220
f 3221/3221 3308/3308 3220/3220
f 3309/3309 3308/3308 3221/3221
f 3223/3223 3309/3309 3221/3221
f 3310/3310 3311/3311 3312/3312
f 3313/3313 3314/3314 3315/3315
f 3316/3316 3317/3317 3318/3318
f 3319/3319 3316/3316 3318/3318
f 3320/3320 3321/3321 3322/3322
f 3323/3323 3320/3320 3322/3322
f 3324/3324 3323/3323 3322/3322
f 3325/3325 3320/3320 3323/3323
f 3326/3326 3325/3325 3323/3323
f 3327/3327 3328/3328 3329/3329
f 3330/3330 3331/3331 3332/3332
f 3333/3333 3331/3331 3330/3330
f 3254/3254 3334/3334 3252/3252
f 3335/3335 3336/3336 3337/3337
f 3338/3338 3335/3335 3337/3337
f 3259/3259 3338/3338 3337/3337
f 3257/3257 3259/3259 3337/3337
f 3258/3258 3257/3257 3337/3337
f 3260/3260 3338/3338 3259/3259
f 3261/3261 3338/3338 3260/3260
f 3339/3339 3338/3338 3261/3261
f 3263/3263 3339/3339 3261/3261
f 3340/3340 3339/3339 3263/3263
f 3341/3341 3340/3340 3263/3263
f 3342/3342 3343/3343 3344/3344
f 3345/3345 3346/3346 3347/3347
f 3264/3264 3348/3348 3263/3263
f 3349/3349 3348/3348 3264/3264
f 3350/3350 3351/3351 3266/3266
f 3265/3265 3350/3350 3266/3266
f 3352/3352 3350/3350 3265/3265
f 3353/3353 3352/3352 3265/3265
f 3271/3271 3353/3353 3265/3265
f 3298/3298 3354/3354 3296/3296
f 3355/3355 3354/3354 3298/3298
f 3356/3356 3355/3355 3298/3298
f 3299/3299 3356/3356 3298/3298
f 3301/3301 3356/3356 3299/3299
f 3300/3300 3301/3301 3299/3299
f 3357/3357 3356/3356 3301/3301
f 3358/3358 3359/3359 3360/3360
f 3361/3361 3362/3362 3305/3305
f 3306/3306 3361/3361 3305/3305
f 3363/3363 3364/3364 3307/3307
f 3308/3308 3363/3363 3307/3307
f 3365/3365 3363/3363 3308/3308
f 3366/3366 3367/3367 3368/3368
f 3369/3369 3367/3367 3366/3366
f 3370/3370 3371/3371 3372/3372
f 3373/3373 3370/3370 3372/3372
f 3374/3374 3370/3370 3373/3373
f 3375/3375 3365/3365 3376/3376
f 3313/3313 3377/3377 3314/3314
f 3378/3378 3365/3365 3375/3375
f 3363/3363 3365/3365 3378/3378
f 3379/3379 3363/3363 3378/3378
f 3380/3380 3379/3379 3378/3378
f 3381/3381 3382/3382 3383/3383
f 3361/3361 3382/3382 3381/3381
f 3384/3384 3361/3361 3381/3381
f 3351/3351 3385/3385 3386/3386
f 3387/3387 3388/3388 3389/3389
f 3390/3390 3388/3388 3387/3387
f 3327/3327 3391/3391 3328/3328
f 3350/3350 3385/3385 3351/3351
f 3358/3358 3385/3385 3350/3350
f 3359/3359 3358/3358 3350/3350
f 3352/3352 3359/3359 3350/3350
f 3392/3392 3359/3359 3352/3352
f 3361/3361 3384/3384 3362/3362
f 3363/3363 3379/3379 3364/3364
f 3355/3355 3356/3356 3357/3357
f 3335/3335 3340/3340 3341/3341
f 3338/3338 3340/3340 3335/3335
f 3339/3339 3340/3340 3338/3338
f 3273/3273 3286/3286 3274/3274
f 3276/3276 3284/3284 3273/3273
f 3279/3279 3284/3284 3276/3276
f 3173/3173 3393/3393 3172/3172
f 3394/3394 3393/3393 3173/3173
f 3395/3395 3394/3394 3173/3173
f 3174/3174 3395/3395 3173/3173
f 3176/3176 3395/3395 3174/3174
f 3178/3178 3396/3396 3177/3177
f 3397/3397 3396/3396 3178/3178
f 3171/3171 3398/3398 3170/3170
f 2855/2855 2857/2857 2851/2851
f 2852/2852 2855/2855 2851/2851
f 2674/2674 2716/2716 2673/2673
f 3399/3399 2711/2711 2676/2676
f 3400/3400 3399/3399 2676/2676
f 2679/2679 3400/3400 2676/2676
f 3401/3401 3400/3400 2679/2679
f 2682/2682 3401/3401 2679/2679
f 2684/2684 3401/3401 2682/2682
f 2686/2686 3401/3401 2684/2684
f 3402/3402 3401/3401 2686/2686
f 2688/2688 3402/3402 2686/2686
f 2690/2690 3402/3402 2688/2688
f 3403/3403 3400/3400 3401/3401
f 3404/3404 3400/3400 3403/3403
f 2693/2693 2697/2697 3405/3405
f 2692/2692 2697/2697 2693/2693
f 3399/3399 3400/3400 3404/3404
f 2704/2704 3406/3406 3407/3407
f 2703/2703 3406/3406 2704/2704
f 2707/2707 3406/3406 2703/2703
f 2709/2709 3406/3406 2707/2707
f 2711/2711 3399/3399 2712/2712
usemtl mtl_36_0
f 3408/3408 3409/3409 3410/3410
f 3411/3411 3408/3408 3410/3410
f 3412/3412 3408/3408 3411/3411
f 3413/3413 3414/3414 3415/3415
f 3416/3416 3414/3414 3413/3413
f 3417/3417 3414/3414 3416/3416
f 3418/3418 3417/3417 3416/3416
f 3419/3419 3417/3417 3418/3418
f 3420/3420 3421/3421 3422/3422
f 3423/3423 3420/3420 3422/3422
f 3424/3424 3420/3420 3423/3423
f 3425/3425 3424/3424 3423/3423
f 3426/3426 3427/3427 3428/3428
f 3429/3429 3426/3426 3428/3428
f 3430/3430 3431/3431 3432/3432
f 3433/3433 3430/3430 3432/3432
f 3434/3434 3431/3431 3430/3430
f 3435/3435 3434/3434 3430/3430
f 3436/3436 3431/3431 3434/3434
f 3437/3437 3436/3436 3434/3434
f 3438/3438 3436/3436 3437/3437
f 3439/3439 3436/3436 3438/3438
f 3440/3440 3439/3439 3438/3438
f 3441/3441 3439/3439 3440/3440
f 3442/3442 3441/3441 3440/3440
f 3443/3443 3441/3441 3442/3442
f 3444/3444 3441/3441 3443/3443
f 3445/3445 3444/3444 3443/3443
f 3446/3446 3445/3445 3443/3443
f 3447/3447 3444/3444 3445/3445
f 3448/3448 3447/3447 3445/3445
f 3449/3449 3447/3447 3448/3448
f 3450/3450 3451/3451 3452/3452
f 3453/3453 3450/3450 3452/3452
f 3454/3454 3450/3450 3453/3453
f 3455/3455 3454/3454 3453/3453
f 3456/3456 3457/3457 3458/3458
f 3459/3459 3456/3456 3458/3458
f 3460/3460 3456/3456 3459/3459
f 3461/3461 3460/3460 3459/3459
f 3462/3462 3460/3460 3461/3461
f 3463/3463 3462/3462 3461/3461
f 3464/3464 3462/3462 3463/3463
f 3465/3465 3464/3464 3463/3463
f 3466/3466 3464/3464 3465/3465
f 3467/3467 3466/3466 3465/3465
f 3468/3468 3466/3466 3467/3467
f 3469/3469 3466/3466 3468/3468
f 3470/3470 3469/3469 3468/3468
f 3471/3471 3470/3470 3468/3468
f 3472/3472 3469/3469 3470/3470
f 3473/3473 3474/3474 3475/3475
f 3476/3476 3474/3474 3473/3473
f 3477/3477 3474/3474 3476/3476
f 3478/3478 3477/3477 3476/3476
f 3408/3408 3477/3477 3478/3478
f 3409/3409 3408/3408 3478/3478
f 3412/3412 3477/3477 3408/3408
f 3479/3479 3480/3480 3421/3421
f 3420/3420 3479/3479 3421/3421
f 3424/3424 3479/3479 3420/3420
f 3481/3481 3479/3479 3424/3424
f 3482/3482 3483/3483 3427/3427
f 3426/3426 3482/3482 3427/3427
f 3441/3441 3444/3444 3431/3431
f 3439/3439 3441/3441 3431/3431
f 3436/3436 3439/3439 3431/3431
f 3450/3450 3484/3484 3451/3451
f 3454/3454 3484/3484 3450/3450
f 3485/3485 3484/3484 3454/3454
f 3456/3456 3479/3479 3457/3457
f 3460/3460 3479/3479 3456/3456
f 3480/3480 3479/3479 3460/3460
f 3462/3462 3480/3480 3460/3460
f 3486/3486 3480/3480 3462/3462
f 3464/3464 3486/3486 3462/3462
f 3469/3469 3486/3486 3464/3464
f 3466/3466 3469/3469 3464/3464
f 3477/3477 3487/3487 3474/3474
f 3488/3488 3489/3489 3490/3490
f 3491/3491 3488/3488 3490/3490
f 3483/3483 3484/3484 3485/3485
f 3482/3482 3484/3484 3483/3483
usemtl mtl_36_1
f 3492/3492 3493/3493 3494/3494
f 3495/3495 3493/3493 3492/3492
f 3496/3496 3495/3495 3492/3492
f 3497/3497 3495/3495 3496/3496
f 3498/3498 3495/3495 3497/3497
f 3499/3499 3498/3498 3497/3497
f 3500/3500 3498/3498 3499/3499
f 3501/3501 3500/3500 3499/3499
f 3502/3502 3500/3500 3501/3501
f 3503/3503 3500/3500 3502/3502
f 3504/3504 3500/3500 3503/3503
f 3505/3505 3500/3500 3504/3504
f 3506/3506 3505/3505 3504/3504
f 3507/3507 3508/3508 3509/3509
f 3510/3510 3507/3507 3509/3509
f 3511/3511 3507/3507 3510/3510
f 3512/3512 3511/3511 3510/3510
f 3513/3513 3511/3511 3512/3512
f 3514/3514 3513/3513 3512/3512
f 3515/3515 3513/3513 3514/3514
f 3516/3516 3515/3515 3514/3514
f 3517/3517 3515/3515 3516/3516
f 3518/3518 3517/3517 3516/3516
f 3519/3519 3517/3517 3518/3518
f 3520/3520 3519/3519 3518/3518
f 3521/3521 3522/3522 3523/3523
f 3524/3524 3521/3521 3523/3523
f 3525/3525 3521/3521 3524/3524
f 3526/3526 3525/3525 3524/3524
f 3527/3527 3528/3528 3529/3529
f 3530/3530 3527/3527 3529/3529
f 3531/3531 3527/3527 3530/3530
f 3532/3532 3531/3531 3530/3530
f 3533/3533 3534/3534 3535/3535
f 3536/3536 3533/3533 3535/3535
f 3537/3537 3533/3533 3536/3536
f 3538/3538 3537/3537 3536/3536
f 3539/3539 3540/3540 3541/3541
f 3542/3542 3539/3539 3541/3541
f 3543/3543 3539/3539 3542/3542
f 3544/3544 3543/3543 3542/3542
f 3545/3545 3543/3543 3544/3544
f 3546/3546 3543/3543 3545/3545
f 3547/3547 3546/3546 3545/3545
f 3548/3548 3547/3547 3545/3545
f 3549/3549 3548/3548 3545/3545
f 3550/3550 3548/3548 3549/3549
f 3551/3551 3548/3548 3550/3550
f 3552/3552 3551/3551 3550/3550
f 3553/3553 3551/3551 3552/3552
f 3554/3554 3551/3551 3553/3553
f 3555/3555 3556/3556 3557/3557
f 3558/3558 3555/3555 3557/3557
f 3559/3559 3555/3555 3558/3558
f 3560/3560 3559/3559 3558/3558
f 3561/3561 3559/3559 3560/3560
f 3562/3562 3561/3561 3560/3560
f 3563/3563 3561/3561 3562/3562
f 3564/3564 3563/3563 3562/3562
f 3565/3565 3563/3563 3564/3564
f 3566/3566 3565/3565 3564/3564
f 3567/3567 3568/3568 3569/3569
f 3570/3570 3567/3567 3569/3569
f 3571/3571 3567/3567 3570/3570
f 3572/3572 3567/3567 3571/3571
f 3573/3573 3572/3572 3571/3571
f 3574/3574 3567/3567 3572/3572
f 3575/3575 3567/3567 3574/3574
f 3568/3568 3567/3567 3575/3575
f 3576/3576 3568/3568 3575/3575
f 3577/3577 3568/3568 3576/3576
f 3578/3578 3577/3577 3576/3576
f 3579/3579 3577/3577 3578/3578
f 3580/3580 3579/3579 3578/3578
f 3581/3581 3579/3579 3580/3580
f 3582/3582 3583/3583 3584/3584
f 3585/3585 3586/3586 3587/3587
f 3588/3588 3585/3585 3587/3587
f 3589/3589 3590/3590 3591/3591
f 3592/3592 3590/3590 3589/3589
f 3593/3593 3590/3590 3592/3592
f 3507/3507 3593/3593 3592/3592
f 3508/3508 3507/3507 3592/3592
f 3500/3500 3505/3505 3498/3498
f 3511/3511 3593/3593 3507/3507
f 3513/3513 3593/3593 3511/3511
f 3594/3594 3593/3593 3513/3513
f 3515/3515 3594/3594 3513/3513
f 3595/3595 3594/3594 3515/3515
f 3517/3517 3595/3595 3515/3515
f 3519/3519 3595/3595 3517/3517
f 3521/3521 3596/3596 3522/3522
f 3597/3597 3596/3596 3521/3521
f 3525/3525 3597/3597 3521/3521
f 3527/3527 3598/3598 3528/3528
f 3599/3599 3598/3598 3527/3527
f 3531/3531 3599/3599 3527/3527
f 3533/3533 3600/3600 3534/3534
f 3537/3537 3600/3600 3533/3533
f 3546/3546 3601/3601 3540/3540
f 3539/3539 3546/3546 3540/3540
f 3543/3543 3546/3546 3539/3539
f 3602/3602 3601/3601 3546/3546
f 3547/3547 3602/3602 3546/3546
f 3603/3603 3602/3602 3547/3547
f 3554/3554 3603/3603 3547/3547
f 3551/3551 3554/3554 3547/3547
f 3548/3548 3551/3551 3547/3547
f 3556/3556 3602/3602 3603/3603
f 3555/3555 3602/3602 3556/3556
f 3559/3559 3602/3602 3555/3555
f 3561/3561 3602/3602 3559/3559
f 3563/3563 3602/3602 3561/3561
f 3565/3565 3602/3602 3563/3563
f 3604/3604 3602/3602 3565/3565
f 3605/3605 3606/3606 3607/3607
f 3608/3608 3605/3605 3607/3607
f 3609/3609 3608/3608 3607/3607
f 3579/3579 3610/3610 3577/3577
f 3608/3608 3611/3611 3612/3612
f 3605/3605 3608/3608 3612/3612
f 3585/3585 3613/3613 3586/3586
f 3596/3596 3613/3613 3585/3585
f 3594/3594 3595/3595 3590/3590
f 3593/3593 3594/3594 3590/3590
f 3597/3597 3613/3613 3596/3596
f 3599/3599 3605/3605 3598/3598
f 3606/3606 3605/3605 3599/3599
f 3609/3609 3611/3611 3608/3608
f 3602/3602 3604/3604 3601/3601
usemtl mtl_41_0
f 3614/3614 3615/3615 3616/3616
f 3617/3617 3614/3614 3616/3616
f 3618/3618 3614/3614 3617/3617
f 3619/3619 3618/3618 3617/3617
f 3620/3620 3621/3621 3622/3622
f 3623/3623 3620/3620 3622/3622
f 3624/3624 3620/3620 3623/3623
f 3625/3625 3620/3620 3624/3624
f 3626/3626 3625/3625 3624/3624
f 3627/3627 3626/3626 3624/3624
f 3628/3628 3626/3626 3627/3627
f 3629/3629 3630/3630 3631/3631
f 3632/3632 3630/3630 3629/3629
f 3633/3633 3632/3632 3629/3629
f 3634/3634 3633/3633 3629/3629
f 3635/3635 3633/3633 3634/3634
f 3636/3636 3633/3633 3635/3635
f 3637/3637 3636/3636 3635/3635
f 3638/3638 3636/3636 3637/3637
f 3639/3639 3638/3638 3637/3637
f 3640/3640 3638/3638 3639/3639
f 3641/3641 3640/3640 3639/3639
f 3642/3642 3640/3640 3641/3641
f 3643/3643 3640/3640 3642/3642
f 3644/3644 3645/3645 3646/3646
f 3647/3647 3644/3644 3646/3646
f 3648/3648 3644/3644 3647/3647
f 3649/3649 3644/3644 3648/3648
f 3650/3650 3649/3649 3648/3648
f 3651/3651 3652/3652 3653/3653
f 3654/3654 3651/3651 3653/3653
f 3655/3655 3651/3651 3654/3654
f 3656/3656 3651/3651 3655/3655
f 3657/3657 3656/3656 3655/3655
f 3658/3658 3659/3659 3660/3660
f 3661/3661 3658/3658 3660/3660
f 3662/3662 3658/3658 3661/3661
f 3663/3663 3662/3662 3661/3661
f 3664/3664 3665/3665 3666/3666
f 3667/3667 3664/3664 3666/3666
f 3668/3668 3664/3664 3667/3667
f 3669/3669 3670/3670 3668/3668
f 3671/3671 3670/3670 3669/3669
f 3672/3672 3673/3673 3674/3674
f 3675/3675 3672/3672 3674/3674
f 3676/3676 3677/3677 3678/3678
f 3679/3679 3676/3676 3678/3678
f 3680/3680 3676/3676 3679/3679
f 3681/3681 3680/3680 3679/3679
f 3614/3614 3682/3682 3615/3615
f 3683/3683 3682/3682 3614/3614
f 3618/3618 3683/3683 3614/3614
f 3620/3620 3625/3625 3621/3621
f 3633/3633 3684/3684 3632/3632
f 3685/3685 3684/3684 3633/3633
f 3636/3636 3685/3685 3633/3633
f 3638/3638 3685/3685 3636/3636
f 3640/3640 3685/3685 3638/3638
f 3643/3643 3685/3685 3640/3640
f 3649/3649 3686/3686 3645/3645
f 3644/3644 3649/3649 3645/3645
f 3656/3656 3687/3687 3652/3652
f 3651/3651 3656/3656 3652/3652
f 3688/3688 3689/3689 3659/3659
f 3658/3658 3688/3688 3659/3659
f 3662/3662 3688/3688 3658/3658
f 3664/3664 3690/3690 3665/3665
f 3676/3676 3691/3691 3677/3677
f 3680/3680 3691/3691 3676/3676
usemtl mtl_41_1
f 3692/3692 3693/3693 3694/3694
f 3695/3695 3692/3692 3694/3694
f 3696/3696 3692/3692 3695/3695
f 3697/3697 3696/3696 3695/3695
f 3698/3698 3696/3696 3697/3697
f 3699/3699 3698/3698 3697/3697
f 3700/3700 3701/3701 3702/3702
f 3703/3703 3704/3704 3701/3701
f 3705/3705 3703/3703 3701/3701
f 3706/3706 3704/3704 3703/3703
f 3707/3707 3706/3706 3703/3703
f 3708/3708 3706/3706 3707/3707
f 3709/3709 3710/3710 3711/3711
f 3712/3712 3709/3709 3711/3711
f 3713/3713 3709/3709 3712/3712
f 3714/3714 3713/3713 3712/3712
f 3715/3715 3713/3713 3714/3714
f 3716/3716 3713/3713 3715/3715
f 3717/3717 3718/3718 3719/3719
f 3720/3720 3717/3717 3719/3719
f 3721/3721 3722/3722 3717/3717
f 3723/3723 3722/3722 3721/3721
f 3724/3724 3722/3722 3723/3723
f 3725/3725 3726/3726 3727/3727
f 3728/3728 3725/3725 3727/3727
f 3729/3729 3725/3725 3728/3728
f 3730/3730 3729/3729 3728/3728
f 3731/3731 3729/3729 3730/3730
f 3732/3732 3729/3729 3731/3731
f 3733/3733 3732/3732 3731/3731
f 3734/3734 3735/3735 3736/3736
f 3737/3737 3734/3734 3736/3736
f 3738/3738 3734/3734 3737/3737
f 3696/3696 3739/3739 3740/3740
f 3692/3692 3696/3696 3740/3740
f 3693/3693 3692/3692 3740/3740
f 3698/3698 3739/3739 3696/3696
f 3725/3725 3741/3741 3726/3726
f 3732/3732 3741/3741 3725/3725
f 3729/3729 3732/3732 3725/3725
f 3733/3733 3741/3741 3732/3732
f 3713/3713 3716/3716 3742/3742
f 3709/3709 3713/3713 3742/3742
f 3710/3710 3709/3709 3742/3742
usemtl mtl_42_0
f 3902/3902 3903/3903 3904/3904
f 3905/3905 3902/3902 3904/3904
f 3906/3906 3905/3905 3904/3904
f 3907/3907 3908/3908 3909/3909
f 3910/3910 3907/3907 3909/3909
f 3911/3911 3907/3907 3910/3910
f 3912/3912 3911/3911 3910/3910
f 3913/3913 3911/3911 3912/3912
f 3914/3914 3915/3915 3913/3913
f 3916/3916 3915/3915 3914/3914
f 3917/3917 3915/3915 3916/3916
f 3918/3918 3915/3915 3917/3917
f 3919/3919 3918/3918 3917/3917
f 3920/3920 3919/3919 3917/3917
f 3921/3921 3919/3919 3920/3920
f 3922/3922 3923/3923 3924/3924
f 3925/3925 3922/3922 3924/3924
f 3926/3926 3922/3922 3925/3925
f 3927/3927 3922/3922 3926/3926
f 3928/3928 3927/3927 3926/3926
f 3929/3929 3930/3930 3931/3931
f 3932/3932 3930/3930 3929/3929
f 3933/3933 3932/3932 3929/3929
f 3934/3934 3933/3933 3929/3929
f 3935/3935 3933/3933 3934/3934
f 3936/3936 3933/3933 3935/3935
f 3937/3937 3936/3936 3935/3935
f 3938/3938 3936/3936 3937/3937
f 3939/3939 3938/3938 3937/3937
f 3940/3940 3941/3941 3942/3942
f 3943/3943 3940/3940 3942/3942
f 3944/3944 3940/3940 3943/3943
f 3945/3945 3946/3946 3944/3944
f 3947/3947 3946/3946 3945/3945
f 3948/3948 3949/3949 3950/3950
f 3951/3951 3948/3948 3950/3950
f 3952/3952 3948/3948 3951/3951
f 3953/3953 3948/3948 3952/3952
f 3954/3954 3955/3955 3956/3956
f 3957/3957 3954/3954 3956/3956
f 3958/3958 3954/3954 3957/3957
f 3959/3959 3958/3958 3957/3957
f 3960/3960 3958/3958 3959/3959
f 3961/3961 3960/3960 3959/3959
f 3962/3962 3963/3963 3964/3964
f 3965/3965 3962/3962 3964/3964
f 3966/3966 3962/3962 3965/3965
f 3967/3967 3968/3968 3969/3969
f 3970/3970 3967/3967 3969/3969
f 3971/3971 3967/3967 3970/3970
f 3972/3972 3971/3971 3970/3970
f 3973/3973 3974/3974 3975/3975
f 3976/3976 3977/3977 3978/3978
f 3979/3979 3976/3976 3978/3978
f 3980/3980 3976/3976 3979/3979
f 3981/3981 3980/3980 3979/3979
f 3982/3982 3980/3980 3981/3981
f 3983/3983 3982/3982 3981/3981
f 3984/3984 3982/3982 3983/3983
f 3985/3985 3984/3984 3983/3983
f 3986/3986 3984/3984 3985/3985
f 3987/3987 3986/3986 3985/3985
f 3988/3988 3986/3986 3987/3987
f 3989/3989 3986/3986 3988/3988
f 3990/3990 3989/3989 3988/3988
f 3991/3991 3990/3990 3988/3988
f 3992/3992 3990/3990 3991/3991
f 3993/3993 3990/3990 3992/3992
f 3994/3994 3993/3993 3992/3992
f 3995/3995 3993/3993 3994/3994
f 3996/3996 3993/3993 3995/3995
f 3997/3997 3996/3996 3995/3995
f 3998/3998 3997/3997 3995/3995
f 3999/3999 3997/3997 3998/3998
f 4000/4000 3997/3997 3999/3999
f 4001/4001 3997/3997 4000/4000
f 4002/4002 4003/4003 4000/4000
f 4004/4004 4003/4003 4002/4002
f 4005/4005 4003/4003 4004/4004
f 3903/3903 4005/4005 4004/4004
f 3902/3902 4005/4005 3903/3903
f 3905/3905 4006/4006 3902/3902
f 3907/3907 4007/4007 3908/3908
f 3911/3911 4007/4007 3907/3907
f 3936/3936 4008/4008 3932/3932
f 3933/3933 3936/3936 3932/3932
f 3938/3938 4008/4008 3936/3936
f 4009/4009 4008/4008 3938/3938
f 3948/3948 4010/4010 3949/3949
f 3953/3953 4010/4010 3948/3948
f 3967/3967 3971/3971 4011/4011
f 3968/3968 3967/3967 4011/4011
f 4012/4012 3968/3968 4011/4011
f 3954/3954 4012/4012 4011/4011
f 3955/3955 3954/3954 4011/4011
f 3958/3958 4012/4012 3954/3954
f 3960/3960 4012/4012 3958/3958
f 3993/3993 3996/3996 3989/3989
f 3990/3990 3993/3993 3989/3989
f 3997/3997 4001/4001 3996/3996
f 3923/3923 3922/3922 3927/3927
usemtl mtl_42_1
f 3743/3743 3744/3744 3745/3745
f 3746/3746 3743/3743 3745/3745
f 3747/3747 3743/3743 3746/3746
f 3748/3748 3747/3747 3746/3746
f 3749/3749 3750/3750 3751/3751
f 3752/3752 3749/3749 3751/3751
f 3753/3753 3749/3749 3752/3752
f 3754/3754 3749/3749 3753/3753
f 3755/3755 3749/3749 3754/3754
f 3756/3756 3755/3755 3754/3754
f 3757/3757 3756/3756 3754/3754
f 3758/3758 3756/3756 3757/3757
f 3759/3759 3760/3760 3761/3761
f 3762/3762 3759/3759 3761/3761
f 3763/3763 3759/3759 3762/3762
f 3764/3764 3763/3763 3762/3762
f 3765/3765 3766/3766 3767/3767
f 3768/3768 3765/3765 3767/3767
f 3769/3769 3765/3765 3768/3768
f 3770/3770 3769/3769 3768/3768
f 3771/3771 3769/3769 3770/3770
f 3772/3772 3771/3771 3770/3770
f 3773/3773 3771/3771 3772/3772
f 3774/3774 3773/3773 3772/3772
f 3775/3775 3776/3776 3777/3777
f 3778/3778 3775/3775 3777/3777
f 3779/3779 3775/3775 3778/3778
f 3780/3780 3779/3779 3778/3778
f 3781/3781 3779/3779 3780/3780
f 3782/3782 3781/3781 3780/3780
f 3783/3783 3781/3781 3782/3782
f 3784/3784 3783/3783 3782/3782
f 3785/3785 3786/3786 3787/3787
f 3788/3788 3785/3785 3787/3787
f 3789/3789 3788/3788 3787/3787
f 3790/3790 3788/3788 3789/3789
f 3791/3791 3788/3788 3790/3790
f 3792/3792 3791/3791 3790/3790
f 3793/3793 3794/3794 3795/3795
f 3796/3796 3793/3793 3795/3795
f 3797/3797 3793/3793 3796/3796
f 3798/3798 3797/3797 3796/3796
f 3799/3799 3800/3800 3801/3801
f 3802/3802 3800/3800 3799/3799
f 3803/3803 3802/3802 3799/3799
f 3804/3804 3803/3803 3799/3799
f 3805/3805 3806/3806 3807/3807
f 3808/3808 3805/3805 3807/3807
f 3809/3809 3810/3810 3811/3811
f 3812/3812 3809/3809 3811/3811
f 3813/3813 3814/3814 3815/3815
f 3816/3816 3814/3814 3813/3813
f 3817/3817 3816/3816 3813/3813
f 3818/3818 3817/3817 3813/3813
f 3819/3819 3818/3818 3813/3813
f 3820/3820 3818/3818 3819/3819
f 3821/3821 3818/3818 3820/3820
f 3817/3817 3818/3818 3821/3821
f 3822/3822 3817/3817 3821/3821
f 3823/3823 3816/3816 3817/3817
f 3824/3824 3816/3816 3823/3823
f 3825/3825 3826/3826 3827/3827
f 3828/3828 3825/3825 3827/3827
f 3829/3829 3825/3825 3828/3828
f 3830/3830 3829/3829 3828/3828
f 3831/3831 3832/3832 3833/3833
f 3834/3834 3831/3831 3833/3833
f 3835/3835 3831/3831 3834/3834
f 3832/3832 3831/3831 3835/3835
f 3836/3836 3832/3832 3835/3835
f 3837/3837 3836/3836 3835/3835
f 3838/3838 3836/3836 3837/3837
f 3839/3839 3836/3836 3838/3838
f 3840/3840 3839/3839 3838/3838
f 3841/3841 3839/3839 3840/3840
f 3842/3842 3841/3841 3840/3840
f 3843/3843 3841/3841 3842/3842
f 3844/3844 3841/3841 3843/3843
f 3845/3845 3844/3844 3843/3843
f 3846/3846 3845/3845 3843/3843
f 3847/3847 3845/3845 3846/3846
f 3848/3848 3845/3845 3847/3847
f 3849/3849 3848/3848 3847/3847
f 3850/3850 3848/3848 3849/3849
f 3851/3851 3850/3850 3849/3849
f 3852/3852 3850/3850 3851/3851
f 3853/3853 3852/3852 3851/3851
f 3854/3854 3852/3852 3853/3853
f 3855/3855 3856/3856 3854/3854
f 3857/3857 3856/3856 3855/3855
f 3858/3858 3856/3856 3857/3857
f 3859/3859 3860/3860 3861/3861
f 3862/3862 3863/3863 3860/3860
f 3864/3864 3863/3863 3862/3862
f 3865/3865 3866/3866 3867/3867
f 3868/3868 3865/3865 3867/3867
f 3869/3869 3865/3865 3868/3868
f 3870/3870 3869/3869 3868/3868
f 3871/3871 3869/3869 3870/3870
f 3872/3872 3871/3871 3870/3870
f 3873/3873 3871/3871 3872/3872
f 3874/3874 3875/3875 3873/3873
f 3876/3876 3874/3874 3873/3873
f 3877/3877 3875/3875 3874/3874
f 3878/3878 3877/3877 3874/3874
f 3879/3879 3880/3880 3881/3881
f 3882/3882 3879/3879 3881/3881
f 3883/3883 3880/3880 3879/3879
f 3884/3884 3883/3883 3879/3879
f 3885/3885 3883/3883 3884/3884
f 3886/3886 3883/3883 3885/3885
f 3887/3887 3886/3886 3885/3885
f 3888/3888 3886/3886 3887/3887
f 3889/3889 3888/3888 3887/3887
f 3743/3743 3890/3890 3744/3744
f 3891/3891 3890/3890 3743/3743
f 3747/3747 3891/3891 3743/3743
f 3759/3759 3892/3892 3760/3760
f 3763/3763 3892/3892 3759/3759
f 3765/3765 3893/3893 3766/3766
f 3769/3769 3893/3893 3765/3765
f 3771/3771 3893/3893 3769/3769
f 3773/3773 3893/3893 3771/3771
f 3894/3894 3893/3893 3773/3773
f 3895/3895 3896/3896 3776/3776
f 3775/3775 3895/3895 3776/3776
f 3779/3779 3895/3895 3775/3775
f 3781/3781 3895/3895 3779/3779
f 3783/3783 3895/3895 3781/3781
f 3897/3897 3895/3895 3783/3783
f 3810/3810 3809/3809 3785/3785
f 3788/3788 3791/3791 3785/3785
f 3793/3793 3898/3898 3794/3794
f 3797/3797 3898/3898 3793/3793
f 3899/3899 3898/3898 3797/3797
f 3806/3806 3898/3898 3899/3899
f 3805/3805 3898/3898 3806/3806
f 3825/3825 3900/3900 3826/3826
f 3896/3896 3900/3900 3825/3825
f 3829/3829 3896/3896 3825/3825
f 3841/3841 3844/3844 3839/3839
f 3848/3848 3901/3901 3844/3844
f 3845/3845 3848/3848 3844/3844
f 3850/3850 3901/3901 3848/3848
f 3852/3852 3901/3901 3850/3850
f 3895/3895 3900/3900 3896/3896
f 3897/3897 3900/3900 3895/3895
usemtl mtl_43_0
f 4013/4013 4014/4014 4015/4015
f 4016/4016 4013/4013 4015/4015
f 4017/4017 4013/4013 4016/4016
f 4018/4018 4017/4017 4016/4016
f 4019/4019 4017/4017 4018/4018
f 4020/4020 4019/4019 4018/4018
f 4021/4021 4019/4019 4020/4020
f 4022/4022 4021/4021 4020/4020
f 4023/4023 4021/4021 4022/4022
f 4024/4024 4023/4023 4022/4022
f 4025/4025 4026/4026 4027/4027
f 4028/4028 4025/4025 4027/4027
f 4029/4029 4028/4028 4027/4027
f 4030/4030 4028/4028 4029/4029
f 4031/4031 4028/4028 4030/4030
f 4032/4032 4031/4031 4030/4030
f 4033/4033 4034/4034 4035/4035
f 4036/4036 4033/4033 4035/4035
f 4037/4037 4033/4033 4036/4036
f 4038/4038 4037/4037 4036/4036
f 4039/4039 4037/4037 4038/4038
f 4040/4040 4039/4039 4038/4038
f 4041/4041 4039/4039 4040/4040
f 4042/4042 4041/4041 4040/4040
f 4043/4043 4041/4041 4042/4042
f 4044/4044 4043/4043 4042/4042
f 4045/4045 4046/4046 4047/4047
f 4048/4048 4045/4045 4047/4047
f 4049/4049 4045/4045 4048/4048
f 4050/4050 4049/4049 4048/4048
f 4051/4051 4049/4049 4050/4050
f 4052/4052 4051/4051 4050/4050
f 4053/4053 4051/4051 4052/4052
f 4054/4054 4053/4053 4052/4052
f 4055/4055 4053/4053 4054/4054
f 4056/4056 4055/4055 4054/4054
f 4057/4057 4055/4055 4056/4056
f 4058/4058 4057/4057 4056/4056
f 4059/4059 4057/4057 4058/4058
f 4060/4060 4059/4059 4058/4058
f 4061/4061 4062/4062 4063/4063
f 4064/4064 4062/4062 4061/4061
f 4065/4065 4064/4064 4061/4061
f 4066/4066 4065/4065 4061/4061
f 4067/4067 4064/4064 4065/4065
f 4068/4068 4067/4067 4065/4065
f 4069/4069 4068/4068 4065/4065
f 4070/4070 4069/4069 4065/4065
f 4071/4071 4069/4069 4070/4070
f 4072/4072 4069/4069 4071/4071
f 4073/4073 4072/4072 4071/4071
f 4074/4074 4072/4072 4073/4073
f 4075/4075 4074/4074 4073/4073
f 4076/4076 4074/4074 4075/4075
f 4077/4077 4076/4076 4075/4075
f 4078/4078 4079/4079 4080/4080
f 4081/4081 4078/4078 4080/4080
f 4082/4082 4078/4078 4081/4081
f 4083/4083 4082/4082 4081/4081
f 4084/4084 4082/4082 4083/4083
f 4085/4085 4084/4084 4083/4083
f 4086/4086 4084/4084 4085/4085
f 4087/4087 4086/4086 4085/4085
f 4088/4088 4086/4086 4087/4087
f 4089/4089 4088/4088 4087/4087
f 4090/4090 4091/4091 4092/4092
f 4093/4093 4090/4090 4092/4092
f 4094/4094 4090/4090 4093/4093
f 4095/4095 4094/4094 4093/4093
f 4096/4096 4097/4097 4098/4098
f 4099/4099 4096/4096 4098/4098
f 4100/4100 4099/4099 4098/4098
f 4101/4101 4096/4096 4099/4099
f 4102/4102 4101/4101 4099/4099
f 4103/4103 4104/4104 4105/4105
f 4106/4106 4103/4103 4105/4105
f 4107/4107 4106/4106 4105/4105
f 4108/4108 4103/4103 4106/4106
f 4109/4109 4108/4108 4106/4106
f 4110/4110 4111/4111 4112/4112
f 4113/4113 4110/4110 4112/4112
f 4114/4114 4110/4110 4113/4113
f 4115/4115 4114/4114 4113/4113
f 4116/4116 4114/4114 4115/4115
f 4117/4117 4116/4116 4115/4115
f 4118/4118 4119/4119 4120/4120
f 4121/4121 4119/4119 4118/4118
f 4122/4122 4121/4121 4118/4118
f 4123/4123 4122/4122 4118/4118
f 4124/4124 4123/4123 4118/4118
f 4125/4125 4123/4123 4124/4124
f 4126/4126 4123/4123 4125/4125
f 4127/4127 4126/4126 4125/4125
f 4128/4128 4126/4126 4127/4127
f 4129/4129 4128/4128 4127/4127
f 4130/4130 4128/4128 4129/4129
f 4131/4131 4130/4130 4129/4129
f 4132/4132 4130/4130 4131/4131
f 4133/4133 4132/4132 4131/4131
f 4134/4134 4132/4132 4133/4133
f 4135/4135 4134/4134 4133/4133
f 4136/4136 4134/4134 4135/4135
f 4137/4137 4134/4134 4136/4136
f 4138/4138 4137/4137 4136/4136
f 4139/4139 4138/4138 4136/4136
f 4140/4140 4137/4137 4138/4138
f 4141/4141 4140/4140 4138/4138
f 4142/4142 4141/4141 4138/4138
f 4143/4143 4144/4144 4145/4145
f 4146/4146 4143/4143 4145/4145
f 4147/4147 4146/4146 4145/4145
f 4148/4148 4143/4143 4146/4146
f 4149/4149 4148/4148 4146/4146
f 4150/4150 4148/4148 4149/4149
f 4151/4151 4148/4148 4150/4150
f 4152/4152 4151/4151 4150/4150
f 4153/4153 4151/4151 4152/4152
f 4154/4154 4151/4151 4153/4153
f 4155/4155 4154/4154 4153/4153
f 4156/4156 4155/4155 4153/4153
f 4157/4157 4155/4155 4156/4156
f 4158/4158 4155/4155 4157/4157
f 4159/4159 4158/4158 4157/4157
f 4160/4160 4158/4158 4159/4159
f 4161/4161 4160/4160 4159/4159
f 4162/4162 4163/4163 4164/4164
f 4165/4165 4162/4162 4164/4164
f 4166/4166 4162/4162 4165/4165
f 4167/4167 4166/4166 4165/4165
f 4168/4168 4166/4166 4167/4167
f 4169/4169 4168/4168 4167/4167
f 4170/4170 4168/4168 4169/4169
f 4171/4171 4170/4170 4169/4169
f 4172/4172 4173/4173 4174/4174
f 4175/4175 4172/4172 4174/4174
f 4176/4176 4172/4172 4175/4175
f 4177/4177 4176/4176 4175/4175
f 4178/4178 4176/4176 4177/4177
f 4179/4179 4178/4178 4177/4177
f 4180/4180 4178/4178 4179/4179
f 4181/4181 4180/4180 4179/4179
f 4182/4182 4180/4180 4181/4181
f 4183/4183 4180/4180 4182/4182
f 4184/4184 4183/4183 4182/4182
f 4185/4185 4184/4184 4182/4182
f 4186/4186 4185/4185 4182/4182
f 4187/4187 4185/4185 4186/4186
f 4188/4188 4189/4189 4190/4190
f 4191/4191 4189/4189 4188/4188
f 4192/4192 4191/4191 4188/4188
f 4193/4193 4192/4192 4188/4188
f 4194/4194 4191/4191 4192/4192
f 4195/4195 4194/4194 4192/4192
f 4196/4196 4195/4195 4192/4192
f 4197/4197 4194/4194 4195/4195
f 4198/4198 4197/4197 4195/4195
f 4199/4199 4198/4198 4195/4195
f 4200/4200 4201/4201 4202/4202
f 4203/4203 4200/4200 4202/4202
f 4204/4204 4200/4200 4203/4203
f 4205/4205 4204/4204 4203/4203
f 4206/4206 4204/4204 4205/4205
f 4207/4207 4206/4206 4205/4205
f 4208/4208 4206/4206 4207/4207
f 4209/4209 4208/4208 4207/4207
f 4210/4210 4208/4208 4209/4209
f 4211/4211 4210/4210 4209/4209
f 4212/4212 4210/4210 4211/4211
f 4213/4213 4212/4212 4211/4211
f 4214/4214 4215/4215 4216/4216
f 4217/4217 4214/4214 4216/4216
f 4218/4218 4214/4214 4217/4217
f 4219/4219 4218/4218 4217/4217
f 4220/4220 4218/4218 4219/4219
f 4221/4221 4218/4218 4220/4220
f 4222/4222 4221/4221 4220/4220
f 4223/4223 4222/4222 4220/4220
f 4224/4224 4222/4222 4223/4223
f 4225/4225 4222/4222 4224/4224
f 4221/4221 4222/4222 4225/4225
f 4226/4226 4221/4221 4225/4225
f 4227/4227 4226/4226 4225/4225
f 4228/4228 4227/4227 4225/4225
f 4229/4229 4228/4228 4225/4225
f 4230/4230 4231/4231 4232/4232
f 4233/4233 4230/4230 4232/4232
f 4234/4234 4233/4233 4232/4232
f 4235/4235 4230/4230 4233/4233
f 4236/4236 4235/4235 4233/4233
f 4237/4237 4236/4236 4233/4233
f 4013/4013 4238/4238 4014/4014
f 4239/4239 4238/4238 4013/4013
f 4017/4017 4239/4239 4013/4013
f 4019/4019 4239/4239 4017/4017
f 4240/4240 4239/4239 4019/4019
f 4021/4021 4240/4240 4019/4019
f 4023/4023 4240/4240 4021/4021
f 4025/4025 4241/4241 4026/4026
f 4242/4242 4243/4243 4244/4244
f 4039/4039 4242/4242 4244/4244
f 4037/4037 4039/4039 4244/4244
f 4033/4033 4037/4037 4244/4244
f 4034/4034 4033/4033 4244/4244
f 4028/4028 4031/4031 4025/4025
f 4041/4041 4242/4242 4039/4039
f 4245/4245 4242/4242 4041/4041
f 4043/4043 4245/4245 4041/4041
f 4246/4246 4242/4242 4245/4245
f 4247/4247 4246/4246 4245/4245
f 4045/4045 4248/4248 4046/4046
f 4249/4249 4248/4248 4045/4045
f 4049/4049 4249/4249 4045/4045
f 4051/4051 4249/4249 4049/4049
f 4053/4053 4249/4249 4051/4051
f 4055/4055 4249/4249 4053/4053
f 4057/4057 4249/4249 4055/4055
f 4248/4248 4249/4249 4057/4057
f 4059/4059 4248/4248 4057/4057
f 4250/4250 4251/4251 4064/4064
f 4067/4067 4250/4250 4064/4064
f 4068/4068 4250/4250 4067/4067
f 4252/4252 4250/4250 4068/4068
f 4253/4253 4252/4252 4068/4068
f 4076/4076 4253/4253 4068/4068
f 4074/4074 4076/4076 4068/4068
f 4072/4072 4074/4074 4068/4068
f 4069/4069 4072/4072 4068/4068
f 4254/4254 4255/4255 4079/4079
f 4078/4078 4254/4254 4079/4079
f 4082/4082 4254/4254 4078/4078
f 4084/4084 4254/4254 4082/4082
f 4256/4256 4254/4254 4084/4084
f 4086/4086 4256/4256 4084/4084
f 4088/4088 4256/4256 4086/4086
f 4090/4090 4257/4257 4091/4091
f 4258/4258 4257/4257 4090/4090
f 4094/4094 4258/4258 4090/4090
f 4096/4096 4259/4259 4097/4097
f 4260/4260 4259/4259 4096/4096
f 4261/4261 4262/4262 4104/4104
f 4103/4103 4261/4261 4104/4104
f 4263/4263 4264/4264 4111/4111
f 4110/4110 4263/4263 4111/4111
f 4114/4114 4263/4263 4110/4110
f 4265/4265 4263/4263 4114/4114
f 4116/4116 4265/4265 4114/4114
f 4140/4140 4266/4266 4121/4121
f 4137/4137 4140/4140 4121/4121
f 4122/4122 4137/4137 4121/4121
f 4132/4132 4137/4137 4122/4122
f 4130/4130 4132/4132 4122/4122
f 4128/4128 4130/4130 4122/4122
f 4126/4126 4128/4128 4122/4122
f 4123/4123 4126/4126 4122/4122
f 4134/4134 4137/4137 4132/4132
f 4267/4267 4268/4268 4144/4144
f 4143/4143 4267/4267 4144/4144
f 4269/4269 4267/4267 4143/4143
f 4154/4154 4269/4269 4143/4143
f 4148/4148 4154/4154 4143/4143
f 4151/4151 4154/4154 4148/4148
f 4270/4270 4269/4269 4154/4154
f 4271/4271 4270/4270 4154/4154
f 4158/4158 4271/4271 4154/4154
f 4155/4155 4158/4158 4154/4154
f 4160/4160 4271/4271 4158/4158
f 4162/4162 4272/4272 4163/4163
f 4273/4273 4272/4272 4162/4162
f 4166/4166 4273/4273 4162/4162
f 4274/4274 4273/4273 4166/4166
f 4168/4168 4274/4274 4166/4166
f 4170/4170 4274/4274 4168/4168
f 4172/4172 4275/4275 4173/4173
f 4176/4176 4275/4275 4172/4172
f 4178/4178 4275/4275 4176/4176
f 4276/4276 4275/4275 4178/4178
f 4180/4180 4276/4276 4178/4178
f 4183/4183 4276/4276 4180/4180
f 4277/4277 4276/4276 4183/4183
f 4278/4278 4277/4277 4183/4183
f 4279/4279 4278/4278 4183/4183
f 4184/4184 4279/4279 4183/4183
f 4280/4280 4279/4279 4184/4184
f 4194/4194 4281/4281 4191/4191
f 4282/4282 4281/4281 4194/4194
f 4197/4197 4282/4282 4194/4194
f 4283/4283 4282/4282 4197/4197
f 4284/4284 4285/4285 4286/4286
f 4287/4287 4284/4284 4286/4286
f 4288/4288 4287/4287 4286/4286
f 4200/4200 4287/4287 4288/4288
f 4201/4201 4200/4200 4288/4288
f 4204/4204 4287/4287 4200/4200
f 4206/4206 4287/4287 4204/4204
f 4289/4289 4287/4287 4206/4206
f 4208/4208 4289/4289 4206/4206
f 4290/4290 4289/4289 4208/4208
f 4210/4210 4290/4290 4208/4208
f 4212/4212 4290/4290 4210/4210
f 4214/4214 4291/4291 4215/4215
f 4221/4221 4291/4291 4214/4214
f 4218/4218 4221/4221 4214/4214
f 4226/4226 4291/4291 4221/4221
f 4289/4289 4290/4290 4292/4292
f 4293/4293 4289/4289 4292/4292
f 4227/4227 4294/4294 4226/4226
f 4295/4295 4294/4294 4227/4227
f 4296/4296 4297/4297 4231/4231
f 4230/4230 4296/4296 4231/4231
f 4298/4298 4299/4299 4300/4300
f 4301/4301 4298/4298 4300/4300
f 4302/4302 4298/4298 4301/4301
f 4303/4303 4304/4304 4305/4305
f 4239/4239 4306/4306 4238/4238
f 4240/4240 4306/4306 4239/4239
f 4307/4307 4308/4308 4309/4309
f 4242/4242 4310/4310 4243/4243
f 4311/4311 4310/4310 4242/4242
f 4312/4312 4311/4311 4242/4242
f 4246/4246 4312/4312 4242/4242
f 4313/4313 4312/4312 4246/4246
f 4250/4250 4314/4314 4251/4251
f 4315/4315 4314/4314 4250/4250
f 4316/4316 4315/4315 4250/4250
f 4317/4317 4316/4316 4250/4250
f 4252/4252 4317/4317 4250/4250
f 4253/4253 4317/4317 4252/4252
f 4318/4318 4319/4319 4320/4320
f 4321/4321 4322/4322 4255/4255
f 4254/4254 4321/4321 4255/4255
f 4256/4256 4321/4321 4254/4254
f 4323/4323 4324/4324 4257/4257
f 4258/4258 4323/4323 4257/4257
f 4325/4325 4324/4324 4323/4323
f 4326/4326 4327/4327 4259/4259
f 4260/4260 4326/4326 4259/4259
f 4328/4328 4329/4329 4262/4262
f 4261/4261 4328/4328 4262/4262
f 4330/4330 4328/4328 4261/4261
f 4331/4331 4332/4332 4264/4264
f 4263/4263 4331/4331 4264/4264
f 4333/4333 4331/4331 4263/4263
f 4334/4334 4335/4335 4336/4336
f 4337/4337 4338/4338 4339/4339
f 4267/4267 4340/4340 4341/4341
f 4268/4268 4267/4267 4341/4341
f 4342/4342 4340/4340 4267/4267
f 4269/4269 4342/4342 4267/4267
f 4270/4270 4342/4342 4269/4269
f 4343/4343 4344/4344 4345/4345
f 4346/4346 4347/4347 4270/4270
f 4271/4271 4346/4346 4270/4270
f 4273/4273 4348/4348 4272/4272
f 4277/4277 4349/4349 4276/4276
f 4350/4350 4349/4349 4277/4277
f 4278/4278 4350/4350 4277/4277
f 4351/4351 4352/4352 4353/4353
f 4354/4354 4351/4351 4353/4353
f 4279/4279 4355/4355 4278/4278
f 4280/4280 4355/4355 4279/4279
f 4356/4356 4357/4357 4281/4281
f 4282/4282 4356/4356 4281/4281
f 4358/4358 4359/4359 4360/4360
f 4361/4361 4362/4362 4363/4363
f 4364/4364 4361/4361 4363/4363
f 4365/4365 4364/4364 4363/4363
f 4366/4366 4367/4367 4368/4368
f 4369/4369 4370/4370 4371/4371
f 4372/4372 4373/4373 4368/4368
f 4374/4374 4375/4375 4284/4284
f 4287/4287 4374/4374 4284/4284
f 4289/4289 4374/4374 4287/4287
f 4375/4375 4374/4374 4289/4289
f 4293/4293 4375/4375 4289/4289
f 4295/4295 4376/4376 4294/4294
f 4377/4377 4376/4376 4295/4295
f 4378/4378 4377/4377 4295/4295
f 4379/4379 4380/4380 4297/4297
f 4296/4296 4379/4379 4297/4297
f 4298/4298 4381/4381 4299/4299
f 4382/4382 4383/4383 4384/4384
f 4385/4385 4382/4382 4384/4384
f 4386/4386 4385/4385 4384/4384
f 4304/4304 4386/4386 4384/4384
f 4303/4303 4386/4386 4304/4304
f 4387/4387 4386/4386 4303/4303
f 4388/4388 4389/4389 4390/4390
f 4391/4391 4388/4388 4390/4390
f 4392/4392 4393/4393 4394/4394
f 4395/4395 4393/4393 4392/4392
f 4396/4396 4397/4397 4398/4398
f 4399/4399 4400/4400 4401/4401
f 4402/4402 4399/4399 4401/4401
f 4403/4403 4404/4404 4405/4405
f 4406/4406 4403/4403 4405/4405
f 4407/4407 4408/4408 4409/4409
f 4410/4410 4408/4408 4407/4407
f 4411/4411 4410/4410 4407/4407
f 4412/4412 4411/4411 4407/4407
f 4413/4413 4414/4414 4415/4415
f 4416/4416 4413/4413 4415/4415
f 4417/4417 4413/4413 4416/4416
f 4418/4418 4419/4419 4420/4420
f 4421/4421 4419/4419 4418/4418
f 4422/4422 4421/4421 4418/4418
f 4307/4307 4423/4423 4308/4308
f 4424/4424 4423/4423 4307/4307
f 4425/4425 4424/4424 4307/4307
f 4311/4311 4426/4426 4310/4310
f 4312/4312 4313/4313 4311/4311
f 4317/4317 4427/4427 4316/4316
f 4428/4428 4429/4429 4319/4319
f 4430/4430 4428/4428 4319/4319
f 4318/4318 4430/4430 4319/4319
f 4326/4326 4431/4431 4327/4327
f 4432/4432 4433/4433 4329/4329
f 4328/4328 4432/4432 4329/4329
f 4434/4434 4435/4435 4436/4436
f 4331/4331 4434/4434 4436/4436
f 4332/4332 4331/4331 4436/4436
f 4437/4437 4434/4434 4331/4331
f 4333/4333 4437/4437 4331/4331
f 4362/4362 4437/4437 4333/4333
f 4438/4438 4362/4362 4333/4333
f 4337/4337 4439/4439 4338/4338
f 4440/4440 4439/4439 4337/4337
f 4441/4441 4442/4442 4443/4443
f 4444/4444 4445/4445 4446/4446
f 4343/4343 4447/4447 4344/4344
f 4448/4448 4449/4449 4450/4450
f 4451/4451 4448/4448 4450/4450
f 4358/4358 4452/4452 4453/4453
f 4359/4359 4358/4358 4453/4453
f 4439/4439 4440/4440 4454/4454
f 4361/4361 4437/4437 4362/4362
f 4455/4455 4456/4456 4367/4367
f 4366/4366 4455/4455 4367/4367
f 4457/4457 4455/4455 4366/4366
f 4373/4373 4457/4457 4366/4366
f 4372/4372 4457/4457 4373/4373
f 4377/4377 4458/4458 4376/4376
f 4455/4455 4457/4457 4459/4459
f 4460/4460 4455/4455 4459/4459
f 4461/4461 4460/4460 4459/4459
f 4382/4382 4462/4462 4383/4383
f 4463/4463 4462/4462 4382/4382
f 4464/4464 4463/4463 4382/4382
f 4399/4399 4464/4464 4382/4382
f 4400/4400 4399/4399 4382/4382
f 4385/4385 4400/4400 4382/4382
f 4465/4465 4466/4466 4467/4467
f 4468/4468 4465/4465 4467/4467
f 4469/4469 4470/4470 4471/4471
f 4386/4386 4387/4387 4385/4385
f 4472/4472 4464/4464 4399/4399
f 4402/4402 4472/4472 4399/4399
f 4403/4403 4472/4472 4402/4402
f 4404/4404 4403/4403 4402/4402
f 4473/4473 4472/4472 4403/4403
f 4406/4406 4473/4473 4403/4403
f 4474/4474 4475/4475 4476/4476
f 4410/4410 4477/4477 4408/4408
f 4411/4411 4477/4477 4410/4410
f 4478/4478 4474/4474 4479/4479
f 4480/4480 4481/4481 4482/4482
f 4483/4483 4480/4480 4482/4482
f 4484/4484 4485/4485 4486/4486
f 4487/4487 4485/4485 4484/4484
f 4488/4488 4487/4487 4484/4484
f 4489/4489 4488/4488 4484/4484
f 4490/4490 4488/4488 4489/4489
f 4491/4491 4492/4492 4493/4493
f 4494/4494 4491/4491 4493/4493
f 4417/4417 4495/4495 4413/4413
f 4496/4496 4495/4495 4417/4417
f 4497/4497 4496/4496 4417/4417
f 4498/4498 4499/4499 4419/4419
f 4421/4421 4498/4498 4419/4419
f 4500/4500 4498/4498 4421/4421
f 4422/4422 4500/4500 4421/4421
f 4501/4501 4500/4500 4422/4422
f 4502/4502 4500/4500 4501/4501
f 4503/4503 4502/4502 4501/4501
f 4424/4424 4504/4504 4423/4423
f 4505/4505 4506/4506 4429/4429
f 4428/4428 4505/4505 4429/4429
f 4507/4507 4505/4505 4428/4428
f 4508/4508 4507/4507 4428/4428
f 4509/4509 4510/4510 4511/4511
f 4430/4430 4512/4512 4428/4428
f 4513/4513 4514/4514 4515/4515
f 4516/4516 4513/4513 4515/4515
f 4517/4517 4513/4513 4516/4516
f 4433/4433 4518/4518 4519/4519
f 4432/4432 4518/4518 4433/4433
f 4434/4434 4520/4520 4435/4435
f 4521/4521 4520/4520 4434/4434
f 4522/4522 4521/4521 4434/4434
f 4437/4437 4522/4522 4434/4434
f 4523/4523 4522/4522 4437/4437
f 4524/4524 4525/4525 4526/4526
f 4527/4527 4525/4525 4524/4524
f 4528/4528 4529/4529 4530/4530
f 4531/4531 4529/4529 4528/4528
f 4532/4532 4533/4533 4534/4534
f 4535/4535 4532/4532 4534/4534
f 4536/4536 4535/4535 4534/4534
f 4463/4463 4537/4537 4462/4462
f 4475/4475 4538/4538 4539/4539
f 4472/4472 4473/4473 4464/4464
f 4540/4540 4538/4538 4475/4475
f 4478/4478 4540/4540 4475/4475
f 4474/4474 4478/4478 4475/4475
f 4541/4541 4540/4540 4478/4478
f 4542/4542 4543/4543 4544/4544
f 4545/4545 4542/4542 4544/4544
f 4546/4546 4542/4542 4545/4545
f 4547/4547 4542/4542 4546/4546
f 4481/4481 4547/4547 4546/4546
f 4480/4480 4547/4547 4481/4481
f 4542/4542 4547/4547 4480/4480
f 4548/4548 4542/4542 4480/4480
f 4483/4483 4548/4548 4480/4480
f 4549/4549 4542/4542 4548/4548
f 4550/4550 4551/4551 4487/4487
f 4488/4488 4550/4550 4487/4487
f 4491/4491 4552/4552 4492/4492
f 4496/4496 4497/4497 4553/4553
f 4495/4495 4496/4496 4553/4553
f 4494/4494 4554/4554 4491/4491
f 4498/4498 4555/4555 4499/4499
f 4556/4556 4555/4555 4498/4498
f 4500/4500 4556/4556 4498/4498
f 4557/4557 4556/4556 4500/4500
f 4558/4558 4557/4557 4500/4500
f 4502/4502 4558/4558 4500/4500
f 4559/4559 4558/4558 4502/4502
f 4505/4505 4560/4560 4506/4506
f 4561/4561 4560/4560 4505/4505
f 4507/4507 4561/4561 4505/4505
f 4562/4562 4563/4563 4564/4564
f 4565/4565 4562/4562 4564/4564
f 4566/4566 4567/4567 4568/4568
f 4569/4569 4570/4570 4510/4510
f 4509/4509 4569/4569 4510/4510
f 4571/4571 4572/4572 4573/4573
f 4574/4574 4572/4572 4571/4571
f 4575/4575 4576/4576 4577/4577
f 4513/4513 4578/4578 4514/4514
f 4523/4523 4579/4579 4580/4580
f 4522/4522 4523/4523 4580/4580
f 4520/4520 4522/4522 4580/4580
f 4521/4521 4522/4522 4520/4520
f 4581/4581 4582/4582 4583/4583
f 4584/4584 4581/4581 4583/4583
f 4585/4585 4581/4581 4584/4584
f 4586/4586 4587/4587 4588/4588
f 4589/4589 4586/4586 4588/4588
f 4590/4590 4586/4586 4589/4589
f 4591/4591 4592/4592 4593/4593
f 4594/4594 4592/4592 4591/4591
f 4575/4575 4595/4595 4596/4596
f 4576/4576 4575/4575 4596/4596
f 4597/4597 4598/4598 4599/4599
f 4600/4600 4597/4597 4599/4599
f 4601/4601 4600/4600 4599/4599
f 4602/4602 4601/4601 4599/4599
f 4603/4603 4601/4601 4602/4602
f 4536/4536 4604/4604 4535/4535
f 4605/4605 4606/4606 4607/4607
f 4608/4608 4606/4606 4605/4605
f 4541/4541 4609/4609 4538/4538
f 4540/4540 4541/4541 4538/4538
f 4610/4610 4609/4609 4541/4541
f 4542/4542 4549/4549 4543/4543
f 4611/4611 4612/4612 4613/4613
f 4614/4614 4611/4611 4613/4613
f 4567/4567 4566/4566 4615/4615
f 4561/4561 4616/4616 4617/4617
f 4560/4560 4561/4561 4617/4617
f 4618/4618 4612/4612 4611/4611
f 4619/4619 4620/4620 4621/4621
f 4622/4622 4623/4623 4624/4624
f 4625/4625 4622/4622 4624/4624
f 4626/4626 4627/4627 4628/4628
f 4629/4629 4630/4630 4631/4631
f 4632/4632 4629/4629 4631/4631
f 4633/4633 4634/4634 4635/4635
f 4636/4636 4637/4637 4638/4638
f 4639/4639 4640/4640 4641/4641
f 4632/4632 4642/4642 4629/4629
f 4643/4643 4644/4644 4634/4634
f 4645/4645 4643/4643 4634/4634
f 4633/4633 4645/4645 4634/4634
f 4636/4636 4646/4646 4637/4637
f 4647/4647 4646/4646 4636/4636
usemtl mtl_43_1
f 4648/4648 4649/4649 4650/4650
f 4651/4651 4649/4649 4648/4648
f 4652/4652 4651/4651 4648/4648
f 4653/4653 4652/4652 4648/4648
f 4654/4654 4653/4653 4648/4648
f 4655/4655 4653/4653 4654/4654
f 4656/4656 4653/4653 4655/4655
f 4657/4657 4656/4656 4655/4655
f 4658/4658 4656/4656 4657/4657
f 4659/4659 4658/4658 4657/4657
f 4660/4660 4658/4658 4659/4659
f 4661/4661 4658/4658 4660/4660
f 4662/4662 4663/4663 4664/4664
f 4665/4665 4663/4663 4662/4662
f 4666/4666 4665/4665 4662/4662
f 4667/4667 4666/4666 4662/4662
f 4668/4668 4665/4665 4666/4666
f 4669/4669 4668/4668 4666/4666
f 4670/4670 4669/4669 4666/4666
f 4671/4671 4668/4668 4669/4669
f 4672/4672 4671/4671 4669/4669
f 4673/4673 4671/4671 4672/4672
f 4674/4674 4671/4671 4673/4673
f 4675/4675 4674/4674 4673/4673
f 4676/4676 4674/4674 4675/4675
f 4677/4677 4676/4676 4675/4675
f 4678/4678 4676/4676 4677/4677
f 4679/4679 4678/4678 4677/4677
f 4680/4680 4681/4681 4682/4682
f 4683/4683 4681/4681 4680/4680
f 4684/4684 4683/4683 4680/4680
f 4685/4685 4684/4684 4680/4680
f 4686/4686 4684/4684 4685/4685
f 4687/4687 4684/4684 4686/4686
f 4688/4688 4687/4687 4686/4686
f 4689/4689 4687/4687 4688/4688
f 4690/4690 4689/4689 4688/4688
f 4691/4691 4689/4689 4690/4690
f 4692/4692 4691/4691 4690/4690
f 4693/4693 4691/4691 4692/4692
f 4694/4694 4693/4693 4692/4692
f 4695/4695 4696/4696 4697/4697
f 4698/4698 4695/4695 4697/4697
f 4699/4699 4700/4700 4701/4701
f 4702/4702 4699/4699 4701/4701
f 4703/4703 4699/4699 4702/4702
f 4704/4704 4703/4703 4702/4702
f 4705/4705 4703/4703 4704/4704
f 4706/4706 4703/4703 4705/4705
f 4707/4707 4706/4706 4705/4705
f 4708/4708 4707/4707 4705/4705
f 4709/4709 4708/4708 4705/4705
f 4710/4710 4708/4708 4709/4709
f 4711/4711 4708/4708 4710/4710
f 4712/4712 4711/4711 4710/4710
f 4713/4713 4711/4711 4712/4712
f 4714/4714 4713/4713 4712/4712
f 4715/4715 4713/4713 4714/4714
f 4716/4716 4713/4713 4715/4715
f 4717/4717 4718/4718 4719/4719
f 4720/4720 4717/4717 4719/4719
f 4721/4721 4717/4717 4720/4720
f 4722/4722 4717/4717 4721/4721
f 4723/4723 4722/4722 4721/4721
f 4724/4724 4725/4725 4726/4726
f 4727/4727 4724/4724 4726/4726
f 4728/4728 4729/4729 4730/4730
f 4731/4731 4728/4728 4730/4730
f 4732/4732 4728/4728 4731/4731
f 4733/4733 4732/4732 4731/4731
f 4734/4734 4735/4735 4736/4736
f 4737/4737 4734/4734 4736/4736
f 4738/4738 4734/4734 4737/4737
f 4739/4739 4738/4738 4737/4737
f 4740/4740 4738/4738 4739/4739
f 4741/4741 4740/4740 4739/4739
f 4742/4742 4743/4743 4744/4744
f 4745/4745 4742/4742 4744/4744
f 4746/4746 4742/4742 4745/4745
f 4747/4747 4746/4746 4745/4745
f 4748/4748 4746/4746 4747/4747
f 4749/4749 4748/4748 4747/4747
f 4750/4750 4751/4751 4752/4752
f 4753/4753 4750/4750 4752/4752
f 4754/4754 4753/4753 4752/4752
f 4755/4755 4750/4750 4753/4753
f 4756/4756 4755/4755 4753/4753
f 4757/4757 4756/4756 4753/4753
f 4758/4758 4755/4755 4756/4756
f 4759/4759 4758/4758 4756/4756
f 4760/4760 4758/4758 4759/4759
f 4651/4651 4761/4761 4649/4649
f 4762/4762 4761/4761 4651/4651
f 4763/4763 4762/4762 4651/4651
f 4652/4652 4763/4763 4651/4651
f 4661/4661 4763/4763 4652/4652
f 4656/4656 4661/4661 4652/4652
f 4653/4653 4656/4656 4652/4652
f 4658/4658 4661/4661 4656/4656
f 4764/4764 4763/4763 4661/4661
f 4668/4668 4765/4765 4665/4665
f 4766/4766 4765/4765 4668/4668
f 4767/4767 4766/4766 4668/4668
f 4674/4674 4767/4767 4668/4668
f 4671/4671 4674/4674 4668/4668
f 4676/4676 4767/4767 4674/4674
f 4678/4678 4767/4767 4676/4676
f 4768/4768 4767/4767 4678/4678
f 4683/4683 4769/4769 4681/4681
f 4770/4770 4769/4769 4683/4683
f 4771/4771 4770/4770 4683/4683
f 4772/4772 4771/4771 4683/4683
f 4773/4773 4772/4772 4683/4683
f 4684/4684 4773/4773 4683/4683
f 4687/4687 4773/4773 4684/4684
f 4689/4689 4773/4773 4687/4687
f 4691/4691 4773/4773 4689/4689
f 4774/4774 4773/4773 4691/4691
f 4693/4693 4774/4774 4691/4691
f 4775/4775 4773/4773 4774/4774
f 4776/4776 4777/4777 4696/4696
f 4695/4695 4776/4776 4696/4696
f 4699/4699 4778/4778 4700/4700
f 4703/4703 4778/4778 4699/4699
f 4779/4779 4778/4778 4703/4703
f 4706/4706 4779/4779 4703/4703
f 4780/4780 4779/4779 4706/4706
f 4781/4781 4780/4780 4706/4706
f 4707/4707 4781/4781 4706/4706
f 4782/4782 4781/4781 4707/4707
f 4783/4783 4782/4782 4707/4707
f 4716/4716 4783/4783 4707/4707
f 4713/4713 4716/4716 4707/4707
f 4711/4711 4713/4713 4707/4707
f 4708/4708 4711/4711 4707/4707
f 4784/4784 4785/4785 4718/4718
f 4722/4722 4784/4784 4718/4718
f 4717/4717 4722/4722 4718/4718
f 4724/4724 4786/4786 4725/4725
f 4787/4787 4788/4788 4729/4729
f 4728/4728 4787/4787 4729/4729
f 4732/4732 4787/4787 4728/4728
f 4789/4789 4788/4788 4787/4787
f 4790/4790 4789/4789 4787/4787
f 4791/4791 4792/4792 4735/4735
f 4734/4734 4791/4791 4735/4735
f 4793/4793 4791/4791 4734/4734
f 4738/4738 4793/4793 4734/4734
f 4740/4740 4793/4793 4738/4738
f 4742/4742 4794/4794 4743/4743
f 4746/4746 4794/4794 4742/4742
f 4795/4795 4794/4794 4746/4746
f 4748/4748 4795/4795 4746/4746
f 4796/4796 4797/4797 4751/4751
f 4798/4798 4796/4796 4751/4751
f 4750/4750 4798/4798 4751/4751
f 4799/4799 4800/4800 4801/4801
f 4802/4802 4799/4799 4801/4801
f 4803/4803 4802/4802 4801/4801
f 4804/4804 4802/4802 4803/4803
f 4805/4805 4806/4806 4807/4807
f 4808/4808 4809/4809 4810/4810
f 4811/4811 4808/4808 4810/4810
f 4812/4812 4811/4811 4810/4810
f 4813/4813 4812/4812 4814/4814
f 4815/4815 4813/4813 4814/4814
f 4816/4816 4813/4813 4815/4815
f 4817/4817 4816/4816 4815/4815
f 4763/4763 4818/4818 4762/4762
f 4819/4819 4818/4818 4763/4763
f 4820/4820 4819/4819 4763/4763
f 4764/4764 4820/4820 4763/4763
f 4821/4821 4822/4822 4823/4823
f 4824/4824 4821/4821 4823/4823
f 4825/4825 4824/4824 4823/4823
f 4826/4826 4824/4824 4825/4825
f 4827/4827 4824/4824 4826/4826
f 4828/4828 4827/4827 4826/4826
f 4829/4829 4828/4828 4826/4826
f 4830/4830 4829/4829 4826/4826
f 4767/4767 4768/4768 4766/4766
f 4831/4831 4828/4828 4829/4829
f 4771/4771 4832/4832 4770/4770
f 4775/4775 4832/4832 4771/4771
f 4772/4772 4775/4775 4771/4771
f 4773/4773 4775/4775 4772/4772
f 4776/4776 4833/4833 4777/4777
f 4834/4834 4835/4835 4836/4836
f 4837/4837 4834/4834 4836/4836
f 4838/4838 4839/4839 4840/4840
f 4781/4781 4841/4841 4780/4780
f 4842/4842 4843/4843 4844/4844
f 4845/4845 4842/4842 4844/4844
f 4846/4846 4845/4845 4844/4844
f 4847/4847 4845/4845 4846/4846
f 4848/4848 4847/4847 4846/4846
f 4849/4849 4848/4848 4846/4846
f 4783/4783 4850/4850 4782/4782
f 4784/4784 4851/4851 4785/4785
f 4852/4852 4853/4853 4854/4854
f 4789/4789 4855/4855 4788/4788
f 4856/4856 4857/4857 4858/4858
f 4791/4791 4859/4859 4792/4792
f 4860/4860 4859/4859 4791/4791
f 4861/4861 4862/4862 4863/4863
f 4864/4864 4861/4861 4863/4863
f 4865/4865 4864/4864 4863/4863
f 4794/4794 4865/4865 4863/4863
f 4795/4795 4865/4865 4794/4794
f 4866/4866 4865/4865 4795/4795
f 4867/4867 4866/4866 4795/4795
f 4868/4868 4867/4867 4795/4795
f 4869/4869 4870/4870 4871/4871
f 4872/4872 4869/4869 4871/4871
f 4873/4873 4874/4874 4875/4875
f 4876/4876 4877/4877 4878/4878
f 4879/4879 4880/4880 4881/4881
f 4882/4882 4879/4879 4881/4881
f 4796/4796 4883/4883 4797/4797
f 4884/4884 4885/4885 4800/4800
f 4799/4799 4884/4884 4800/4800
f 4886/4886 4884/4884 4799/4799
f 4802/4802 4886/4886 4799/4799
f 4887/4887 4886/4886 4802/4802
f 4804/4804 4887/4887 4802/4802
f 4888/4888 4887/4887 4804/4804
f 4889/4889 4888/4888 4804/4804
f 4890/4890 4891/4891 4892/4892
f 4893/4893 4894/4894 4895/4895
f 4896/4896 4893/4893 4895/4895
f 4897/4897 4898/4898 4899/4899
f 4900/4900 4897/4897 4899/4899
f 4901/4901 4897/4897 4900/4900
f 4902/4902 4901/4901 4900/4900
f 4903/4903 4902/4902 4900/4900
f 4904/4904 4905/4905 4906/4906
f 4907/4907 4904/4904 4906/4906
f 4812/4812 4908/4908 4811/4811
f 4813/4813 4908/4908 4812/4812
f 4816/4816 4908/4908 4813/4813
f 4909/4909 4908/4908 4816/4816
f 4817/4817 4909/4909 4816/4816
f 4819/4819 4910/4910 4818/4818
f 4911/4911 4910/4910 4819/4819
f 4820/4820 4911/4911 4819/4819
f 4912/4912 4911/4911 4820/4820
f 4913/4913 4914/4914 4915/4915
f 4916/4916 4913/4913 4915/4915
f 4917/4917 4918/4918 4919/4919
f 4821/4821 4827/4827 4822/4822
f 4824/4824 4827/4827 4821/4821
f 4920/4920 4918/4918 4917/4917
f 4921/4921 4920/4920 4917/4917
f 4828/4828 4831/4831 4827/4827
f 4922/4922 4920/4920 4921/4921
f 4923/4923 4920/4920 4922/4922
f 4924/4924 4923/4923 4922/4922
f 4925/4925 4923/4923 4924/4924
f 4926/4926 4925/4925 4924/4924
f 4837/4837 4927/4927 4834/4834
f 4928/4928 4927/4927 4837/4837
f 4929/4929 4930/4930 4931/4931
f 4838/4838 4929/4929 4931/4931
f 4839/4839 4838/4838 4931/4931
f 4842/4842 4932/4932 4843/4843
f 4933/4933 4932/4932 4842/4842
f 4934/4934 4933/4933 4842/4842
f 4845/4845 4934/4934 4842/4842
f 4935/4935 4934/4934 4845/4845
f 4936/4936 4935/4935 4845/4845
f 4937/4937 4936/4936 4845/4845
f 4847/4847 4937/4937 4845/4845
f 4848/4848 4937/4937 4847/4847
f 4938/4938 4937/4937 4848/4848
f 4939/4939 4940/4940 4941/4941
f 4942/4942 4939/4939 4941/4941
f 4943/4943 4942/4942 4941/4941
f 4849/4849 4944/4944 4848/4848
f 4945/4945 4879/4879 4946/4946
f 4852/4852 4947/4947 4853/4853
f 4948/4948 4949/4949 4950/4950
f 4951/4951 4948/4948 4950/4950
f 4952/4952 4951/4951 4950/4950
f 4953/4953 4954/4954 4955/4955
f 4956/4956 4953/4953 4955/4955
f 4957/4957 4958/4958 4959/4959
f 4960/4960 4958/4958 4957/4957
f 4961/4961 4962/4962 4963/4963
f 4864/4864 4964/4964 4861/4861
f 4866/4866 4964/4964 4864/4864
f 4865/4865 4866/4866 4864/4864
f 4965/4965 4964/4964 4866/4866
f 4966/4966 4965/4965 4866/4866
f 4867/4867 4966/4966 4866/4866
f 4869/4869 4967/4967 4968/4968
f 4870/4870 4869/4869 4968/4968
f 4969/4969 4870/4870 4968/4968
f 4872/4872 4967/4967 4869/4869
f 4970/4970 4971/4971 4972/4972
f 4973/4973 4970/4970 4972/4972
f 4974/4974 4973/4973 4972/4972
f 4948/4948 4973/4973 4974/4974
f 4975/4975 4948/4948 4974/4974
f 4976/4976 4975/4975 4974/4974
f 4874/4874 4873/4873 4977/4977
f 4879/4879 4945/4945 4880/4880
f 4949/4949 4948/4948 4975/4975
f 4951/4951 4973/4973 4948/4948
f 4978/4978 4973/4973 4951/4951
f 4952/4952 4978/4978 4951/4951
f 4970/4970 4973/4973 4978/4978
f 4897/4897 4979/4979 4898/4898
f 4901/4901 4980/4980 4897/4897
f 4981/4981 4980/4980 4901/4901
f 4982/4982 4981/4981 4901/4901
f 4983/4983 4982/4982 4901/4901
f 4902/4902 4983/4983 4901/4901
f 4984/4984 4983/4983 4902/4902
f 4985/4985 4986/4986 4987/4987
f 4988/4988 4986/4986 4985/4985
f 4989/4989 4988/4988 4985/4985
f 4907/4907 4990/4990 4904/4904
f 4991/4991 4992/4992 4993/4993
f 4994/4994 4991/4991 4993/4993
f 4995/4995 4996/4996 4997/4997
f 4998/4998 4995/4995 4997/4997
f 4999/4999 5000/5000 5001/5001
f 5002/5002 4999/4999 5001/5001
f 4911/4911 5003/5003 4910/4910
f 4912/4912 5003/5003 4911/4911
f 4913/4913 5004/5004 4914/4914
f 4923/4923 4999/4999 4918/4918
f 4920/4920 4923/4923 4918/4918
f 5005/5005 4999/4999 4923/4923
f 4925/4925 5005/5005 4923/4923
f 5000/5000 4999/4999 5005/5005
f 4995/4995 4998/4998 5006/5006
f 5007/5007 5008/5008 5009/5009
f 5010/5010 5007/5007 5009/5009
f 5011/5011 5012/5012 4930/4930
f 4929/4929 5011/5011 4930/4930
f 4934/4934 5013/5013 4933/4933
f 4935/4935 5013/5013 4934/4934
f 5007/5007 5010/5010 5014/5014
f 5008/5008 5007/5007 5014/5014
f 5015/5015 5008/5008 5014/5014
f 5016/5016 5015/5015 5014/5014
f 4936/4936 5017/5017 4935/4935
f 5018/5018 5017/5017 4936/4936
f 4937/4937 5018/5018 4936/4936
f 4938/4938 5018/5018 4937/4937
f 5019/5019 5020/5020 5021/5021
f 5022/5022 5019/5019 5021/5021
f 5023/5023 5022/5022 5021/5021
f 4939/4939 5024/5024 4940/4940
f 5025/5025 5026/5026 5027/5027
f 5028/5028 5025/5025 5027/5027
f 5029/5029 5030/5030 5031/5031
f 5032/5032 5030/5030 5029/5029
f 5033/5033 5032/5032 5029/5029
f 5032/5032 5033/5033 5034/5034
f 4983/4983 5035/5035 4981/4981
f 4982/4982 4983/4983 4981/4981
f 5036/5036 5035/5035 4983/4983
f 4984/4984 5036/5036 4983/4983
f 5037/5037 5036/5036 4984/4984
f 5038/5038 5037/5037 5039/5039
f 5040/5040 5041/5041 5042/5042
f 5043/5043 5040/5040 5042/5042
f 5044/5044 5040/5040 5043/5043
f 5045/5045 5044/5044 5043/5043
f 5046/5046 5047/5047 5048/5048
f 5049/5049 5046/5046 5048/5048
f 5050/5050 5051/5051 5052/5052
f 5053/5053 5050/5050 5052/5052
f 5054/5054 5055/5055 5056/5056
f 5057/5057 5058/5058 5059/5059
f 5060/5060 5057/5057 5059/5059
f 5061/5061 5058/5058 5057/5057
f 5062/5062 5063/5063 5008/5008
f 5015/5015 5062/5062 5008/5008
f 5040/5040 5062/5062 5015/5015
f 5016/5016 5040/5040 5015/5015
f 5064/5064 5040/5040 5016/5016
f 5018/5018 5065/5065 5017/5017
f 5066/5066 5067/5067 5020/5020
f 5019/5019 5066/5066 5020/5020
f 5068/5068 5069/5069 5070/5070
f 5071/5071 5072/5072 5022/5022
f 5023/5023 5071/5071 5022/5022
f 5073/5073 5074/5074 5075/5075
f 5076/5076 5073/5073 5077/5077
f 5074/5074 5073/5073 5076/5076
f 5078/5078 5079/5079 5080/5080
f 5071/5071 5081/5081 5072/5072
f 5082/5082 5069/5069 5068/5068
f 5067/5067 5066/5066 5083/5083
f 5038/5038 5084/5084 5036/5036
f 5037/5037 5038/5038 5036/5036
f 5040/5040 5064/5064 5041/5041
f 5045/5045 5062/5062 5040/5040
f 5044/5044 5045/5045 5040/5040
f 5085/5085 5062/5062 5045/5045
f 5086/5086 5087/5087 5088/5088
f 5089/5089 5086/5086 5088/5088
f 5090/5090 5086/5086 5089/5089
f 5091/5091 5090/5090 5089/5089
f 5092/5092 5093/5093 5094/5094
f 5095/5095 5093/5093 5092/5092
f 5087/5087 5086/5086 5090/5090
f 5062/5062 5085/5085 5063/5063
f 5096/5096 5097/5097 5098/5098
f 5099/5099 5097/5097 5096/5096
f 5100/5100 5099/5099 5096/5096
f 4886/4886 5101/5101 4884/4884
f 5102/5102 5101/5101 4886/4886
f 5103/5103 5102/5102 4886/4886
f 5104/5104 5103/5103 4886/4886
f 4887/4887 5104/5104 4886/4886
f 4888/4888 5104/5104 4887/4887
f 5105/5105 5104/5104 4888/4888
f 5106/5106 5105/5105 4888/4888
f 4889/4889 5107/5107 4888/4888
f 5108/5108 5107/5107 4889/4889
f 5109/5109 5108/5108 4889/4889
f 5110/5110 5107/5107 5108/5108
f 5100/5100 5111/5111 5099/5099
f 5112/5112 5113/5113 5114/5114
f 5115/5115 5112/5112 5114/5114
f 5103/5103 5116/5116 5102/5102
f 5104/5104 5116/5116 5103/5103
f 5105/5105 5116/5116 5104/5104
f 5106/5106 5117/5117 5105/5105
f 5118/5118 5119/5119 5120/5120
f 5121/5121 5119/5119 5118/5118
f 5122/5122 5123/5123 5124/5124
f 5125/5125 5123/5123 5122/5122
f 5126/5126 5127/5127 5128/5128
f 5112/5112 5129/5129 5113/5113
f 5130/5130 5131/5131 5132/5132
f 5127/5127 5131/5131 5130/5130
f 5126/5126 5131/5131 5127/5127
usemtl mtl_45_0
f 5133/5133 5134/5134 5135/5135
f 5136/5136 5137/5137 5138/5138
f 5139/5139 5136/5136 5138/5138
f 5140/5140 5136/5136 5139/5139
f 5141/5141 5140/5140 5139/5139
f 5142/5142 5140/5140 5141/5141
f 5143/5143 5142/5142 5141/5141
f 5144/5144 5145/5145 5146/5146
f 5147/5147 5144/5144 5146/5146
f 5148/5148 5144/5144 5147/5147
f 5149/5149 5148/5148 5147/5147
f 5150/5150 5148/5148 5149/5149
f 5151/5151 5150/5150 5149/5149
f 5152/5152 5153/5153 5154/5154
f 5155/5155 5152/5152 5154/5154
f 5156/5156 5152/5152 5155/5155
f 5134/5134 5156/5156 5155/5155
f 5133/5133 5156/5156 5134/5134
f 5140/5140 5157/5157 5136/5136
f 5142/5142 5157/5157 5140/5140
f 5144/5144 5148/5148 5145/5145
usemtl mtl_45_1
f 5158/5158 5159/5159 5160/5160
f 5161/5161 5158/5158 5160/5160
f 5162/5162 5158/5158 5161/5161
f 5163/5163 5162/5162 5161/5161
f 5164/5164 5162/5162 5163/5163
f 5165/5165 5164/5164 5163/5163
f 5166/5166 5167/5167 5168/5168
f 5169/5169 5166/5166 5168/5168
f 5170/5170 5166/5166 5169/5169
f 5171/5171 5170/5170 5169/5169
f 5172/5172 5170/5170 5171/5171
f 5173/5173 5172/5172 5171/5171
f 5174/5174 5172/5172 5173/5173
f 5175/5175 5174/5174 5173/5173
f 5162/5162 5176/5176 5159/5159
f 5158/5158 5162/5162 5159/5159
f 5164/5164 5176/5176 5162/5162
usemtl mtl_55_0
f 5177/5177 5178/5178 5179/5179
f 5180/5180 5177/5177 5179/5179
f 5181/5181 5177/5177 5180/5180
f 5182/5182 5177/5177 5181/5181
f 5183/5183 5182/5182 5181/5181
f 5184/5184 5182/5182 5183/5183
f 5185/5185 5184/5184 5183/5183
f 5186/5186 5184/5184 5185/5185
f 5187/5187 5188/5188 5186/5186
f 5189/5189 5188/5188 5187/5187
f 5190/5190 5188/5188 5189/5189
f 5191/5191 5190/5190 5189/5189
f 5192/5192 5190/5190 5191/5191
f 5193/5193 5190/5190 5192/5192
f 5194/5194 5195/5195 5196/5196
f 5197/5197 5194/5194 5196/5196
f 5198/5198 5199/5199 5194/5194
f 5200/5200 5201/5201 5199/5199
f 5202/5202 5201/5201 5200/5200
f 5203/5203 5201/5201 5202/5202
f 5204/5204 5203/5203 5202/5202
f 5205/5205 5203/5203 5204/5204
f 5206/5206 5205/5205 5204/5204
f 5207/5207 5205/5205 5206/5206
f 5208/5208 5207/5207 5206/5206
f 5209/5209 5210/5210 5211/5211
f 5212/5212 5209/5209 5211/5211
f 5213/5213 5209/5209 5212/5212
f 5214/5214 5213/5213 5212/5212
f 5215/5215 5213/5213 5214/5214
f 5216/5216 5213/5213 5215/5215
f 5217/5217 5216/5216 5215/5215
f 5218/5218 5217/5217 5215/5215
f 5219/5219 5220/5220 5217/5217
f 5221/5221 5222/5222 5220/5220
f 5223/5223 5224/5224 5225/5225
f 5226/5226 5227/5227 5224/5224
f 5228/5228 5226/5226 5224/5224
f 5229/5229 5230/5230 5231/5231
f 5232/5232 5229/5229 5231/5231
f 5233/5233 5232/5232 5231/5231
f 5234/5234 5232/5232 5233/5233
f 5235/5235 5232/5232 5234/5234
f 5229/5229 5232/5232 5235/5235
f 5236/5236 5229/5229 5235/5235
f 5237/5237 5236/5236 5235/5235
f 5238/5238 5236/5236 5237/5237
f 5239/5239 5236/5236 5238/5238
f 5240/5240 5239/5239 5238/5238
f 5241/5241 5239/5239 5240/5240
f 5242/5242 5241/5241 5240/5240
f 5243/5243 5239/5239 5241/5241
f 5177/5177 5244/5244 5245/5245
f 5178/5178 5177/5177 5245/5245
f 5182/5182 5244/5244 5177/5177
f 5213/5213 5216/5216 5209/5209
f 5236/5236 5239/5239 5229/5229
f 5246/5246 5247/5247 5248/5248
f 5249/5249 5247/5247 5246/5246
f 5250/5250 5249/5249 5246/5246
usemtl mtl_55_1
f 5251/5251 5252/5252 5253/5253
f 5254/5254 5252/5252 5251/5251
f 5255/5255 5254/5254 5251/5251
f 5256/5256 5255/5255 5251/5251
f 5257/5257 5254/5254 5255/5255
f 5258/5258 5257/5257 5255/5255
f 5259/5259 5254/5254 5257/5257
f 5260/5260 5259/5259 5257/5257
f 5261/5261 5262/5262 5259/5259
f 5263/5263 5262/5262 5261/5261
f 5264/5264 5262/5262 5263/5263
f 5265/5265 5266/5266 5264/5264
f 5267/5267 5266/5266 5265/5265
f 5268/5268 5266/5266 5267/5267
f 5269/5269 5268/5268 5267/5267
f 5270/5270 5268/5268 5269/5269
f 5271/5271 5270/5270 5269/5269
f 5272/5272 5270/5270 5271/5271
f 5273/5273 5272/5272 5271/5271
f 5274/5274 5272/5272 5273/5273
f 5275/5275 5274/5274 5273/5273
f 5276/5276 5274/5274 5275/5275
f 5277/5277 5276/5276 5275/5275
f 5278/5278 5276/5276 5277/5277
f 5279/5279 5278/5278 5277/5277
f 5268/5268 5280/5280 5266/5266
f 5270/5270 5280/5280 5268/5268
