mtllib exp_model.mtl
v 4641327.812138027 1028348.119350604 4238103.429998481
v 4641328.492136561 1028348.2700112133 4238102.562577263
v 4641328.1291394625 1028348.1895855026 4238102.1542567285
v 4641327.390744631 1028348.0259865983 4238103.042622237
v 4641327.391564183 1028348.0261681802 4238103.86426481
v 4641327.812138027 1028348.119350604 4238103.429998481
v 4641327.390744631 1028348.0259865983 4238103.042622237
v 4641326.956131326 1028347.9296935888 4238103.538608967
v 4641327.098161723 1028347.9611618744 4238104.564689606
v 4641326.6405504495 1028347.8597734282 4238104.218645708
v 4641326.262913192 1028347.7761040445 4238105.289392805
v 4641325.877737054 1028347.6907643415 4238104.860684924
v 4641325.6050934205 1028347.6303573666 4238106.177202396
v 4641325.1474821465 1028347.5289689206 4238105.831158497
v 4641324.426185125 1028347.3691582126 4238107.705383812
v 4641323.968573851 1028347.2677697665 4238107.359339913
v 4641322.74836769 1028346.9974206515 4238109.894324716
v 4641322.326974294 1028346.9040566458 4238109.506948471
v 4641322.772484852 1028346.8885691429 4238109.894324715
v 4641322.74836769 1028346.9974206515 4238109.894324716
v 4641322.326974294 1028346.9040566458 4238109.506948471
v 4641323.721774378 1028346.1282405853 4238108.862130737
v 4641323.089883867 1028345.2459743144 4238109.853548279
v 4641322.326974294 1028346.9040566458 4238109.506948471
v 4641322.714786051 1028345.0486726548 4238109.48656009
v 4641323.2490111105 1028345.0528417318 4238109.9554895125
v 4641323.089883867 1028345.2459743144 4238109.853548279
v 4641322.714786051 1028345.0486726548 4238109.48656009
v 4641322.920209222 1028344.751602495 4238109.608889698
v 4641323.680096985 1028344.5773796221 4238110.240924521
v 4641323.455944872 1028344.0138407964 4238109.935101135
v 4641323.841162628 1028344.2704815995 4238110.32247738
v 4641324.672709182 1028344.2834273401 4238110.008872912
v 4641323.961748026 1028343.7262259186 4238110.322477378
v 4641323.455944872 1028344.0138407964 4238109.935101135
v 4641323.543804107 1028342.7771667822 4238109.77199541
v 4641323.543804107 1028342.7771667822 4238109.77199541
v 4641323.400612278 1028342.6883442039 4238109.629277746
v 4641323.202943534 1028342.5303537651 4238109.425395595
v 4641323.664389506 1028342.2329111013 4238109.771995408
v 4641323.736993598 1028342.9341647956 4238109.524002045
v 4641326.337967318 1028341.3407405586 4238106.941570526
v 4641324.243199543 1028339.6204832748 4238109.771995399
v 4641323.202943534 1028342.5303537651 4238109.425395595
v 4641323.833864729 1028339.4726935149 4238109.384619154
v 4641324.277436541 1028339.5709713752 4238109.792383455
v 4641323.9023389695 1028339.3736702579 4238109.425395584
v 4641324.408142226 1028339.0860549145 4238109.812771827
v 4641324.0330443075 1028338.8887537204 4238109.445783637
v 4641341.056985906 1028341.3473445373 4238112.452533844
v 4641340.851737835 1028341.2447722781 4238112.700527209
v 4641341.044801023 1028340.8878661816 4238112.5765305245
v 4641341.213831215 1028340.9824140002 4238112.369869506
v 4641327.71550125 1028347.869550894 4238103.595327154
v 4641327.861889227 1028346.0748719147 4238103.822932811
v 4641329.0007868735 1028346.8981789071 4238102.294195837
v 4641327.71550125 1028347.869550894 4238103.595327154
v 4641329.0007868735 1028346.8981789071 4238102.294195837
v 4641327.43683074 1028347.2939329656 4238105.17967084
v 4641325.77601967 1028347.4398389731 4238105.991485348
v 4641323.721774378 1028346.1282405853 4238108.862130737
v 4641324.999348642 1028345.7832296415 4238107.601218908
v 4641324.926402047 1028345.0248030986 4238109.55421853
v 4641324.999348642 1028345.7832296415 4238107.601218908
v 4641323.721774378 1028346.1282405853 4238108.862130737
v 4641324.926402047 1028345.0248030986 4238109.55421853
v 4641323.721774378 1028346.1282405853 4238108.862130737
v 4641324.954268743 1028343.9461290012 4238107.727438893
v 4641326.417187971 1028344.9554211908 4238105.847100246
v 4641328.754474671 1028343.0751855585 4238103.5749390805
v 4641327.6014530845 1028341.9061655047 4238105.2480611475
v 4641325.001876735 1028340.074062246 4238108.883073976
v 4641340.829300152 1028341.2968984358 4238112.392480516
v 4641326.417187971 1028344.9554211908 4238105.847100246
v 4641328.754474671 1028343.0751855585 4238103.5749390805
v 4641327.7968593165 1028346.6314364832 4238104.993398191
v 4641326.690429329 1028346.5575875167 4238106.397582215
v 4641325.387672062 1028344.8986133238 4238107.620496158
v 4641325.387672062 1028344.8986133238 4238107.620496158
v 4641325.387672062 1028344.8986133238 4238107.620496158
v 4641332.058773585 1028338.0975584426 4238109.086049208
v 4641332.886274144 1028337.6528295699 4238108.978550551
v 4641332.822489817 1028338.6093513225 4238109.1829887
v 4641331.260119462 1028339.0054569561 4238105.57743139
v 4641332.870926454 1028339.8762228225 4238104.620676586
v 4641330.170050181 1028338.8210379507 4238103.243169886
v 4641332.380561784 1028337.1982000797 4238109.0441609435
v 4641323.736993598 1028342.9341647956 4238109.524002045
v 4641324.672709182 1028344.2834273401 4238110.008872912
v 4641323.961748026 1028343.7262259186 4238110.322477378
v 4641323.606462909 1028343.0194393027 4238109.873936646
v 4641323.455944872 1028344.0138407964 4238109.935101135
v 4641323.183130975 1028343.0398397293 4238109.506948457
v 4641323.543804107 1028342.7771667822 4238109.77199541
v 4641323.400612278 1028342.6883442039 4238109.629277746
v 4641324.9621796 1028338.5807374851 4238110.200148069
v 4641324.408142226 1028339.0860549145 4238109.812771827
v 4641324.0330443075 1028338.8887537204 4238109.445783637
v 4641324.645436086 1028338.225073425 4238109.853548254
v 4641325.115063599 1028338.1007353446 4238110.240924498
v 4641325.542182158 1028338.5950485438 4238110.114148593
v 4641324.958958215 1028336.810008236 4238109.853548248
v 4641325.542182158 1028338.5950485438 4238110.114148593
v 4641325.115063599 1028338.1007353446 4238110.240924498
v 4641324.645436086 1028338.225073425 4238109.853548254
v 4641324.535626126 1028336.8304093608 4238109.486560061
v 4641324.926659564 1028336.7457549284 4238109.812771819
v 4641326.026968326 1028338.359874104 4238109.597773805
v 4641324.926659564 1028336.7457549284 4238109.812771819
v 4641324.535626126 1028336.8304093608 4238109.486560061
v 4641324.503327475 1028336.7661560532 4238109.44578363
v 4641324.938718093 1028336.6913294069 4238109.812771819
v 4641324.505266168 1028336.6523909228 4238109.4253955735
v 4641325.004826128 1028336.0779062543 4238109.751607012
v 4641324.605611497 1028335.9894561801 4238109.384619142
v 4641325.016884658 1028336.0234807328 4238109.751607012
v 4641325.016884658 1028336.0234807328 4238109.751607012
v 4641325.016884658 1028336.0234807328 4238109.751607012
v 4641324.605611497 1028335.9894561801 4238109.384619142
v 4641324.617670026 1028335.9350306586 4238109.384619141
v 4641325.016884658 1028336.0234807328 4238109.751607012
v 4641328.907230153 1028336.0860645236 4238112.724953368
v 4641328.5245531835 1028335.944181082 4238112.809840854
v 4641328.724160672 1028335.9884061575 4238112.993334948
v 4641339.523232844 1028338.8378291752 4238114.725806469
v 4641339.631801693 1028338.5192999521 4238114.684474478
v 4641339.825033525 1028338.8475987377 4238114.395148767
v 4641339.825033525 1028338.8475987377 4238114.395148767
v 4641339.088872402 1028339.7693432218 4238114.973799838
v 4641339.402731612 1028339.7246872627 4238114.643142136
v 4641339.209626237 1028339.9102918888 4238114.808471165
v 4641339.088872402 1028339.7693432218 4238114.973799838
v 4641339.402731612 1028339.7246872627 4238114.643142136
v 4641337.413418709 1028339.4552265754 4238113.444682916
v 4641339.257944885 1028340.0351920454 4238114.725806474
v 4641339.402731612 1028339.7246872627 4238114.643142136
v 4641335.15516215 1028339.0690812194 4238111.241643458
v 4641340.829300152 1028341.2968984358 4238112.392480516
v 4641340.851737835 1028341.2447722781 4238112.700527209
v 4641339.402731612 1028339.7246872627 4238114.643142136
v 4641341.044801023 1028340.8878661816 4238112.5765305245
v 4641325.387672062 1028344.8986133238 4238107.620496158
v 4641324.926402047 1028345.0248030986 4238109.55421853
v 4641324.954268743 1028343.9461290012 4238107.727438893
v 4641328.415174483 1028341.401285775 4238105.4899404645
v 4641327.6014530845 1028341.9061655047 4238105.2480611475
v 4641326.337967318 1028341.3407405586 4238106.941570526
v 4641328.019451804 1028340.8568311998 4238106.828514448
v 4641327.206815606 1028340.2200051823 4238108.231586994
v 4641326.3690261515 1028339.9201899605 4238108.484026975
v 4641325.001876735 1028340.074062246 4238108.883073976
v 4641326.3690261515 1028339.9201899605 4238108.484026975
v 4641327.101226017 1028338.8833736402 4238108.02881667
v 4641327.180253217 1028338.1586179463 4238106.83796256
v 4641326.700776953 1028335.9968832713 4238107.789159584
v 4641330.287635678 1028337.1912693843 4238110.865558693
v 4641326.700776953 1028335.9968832713 4238107.789159584
v 4641335.15516215 1028339.0690812194 4238111.241643458
v 4641335.136475222 1028338.379773666 4238111.016817174
v 4641337.413418709 1028339.4552265754 4238113.444682916
v 4641332.822489817 1028338.6093513225 4238109.1829887
v 4641336.286865108 1028340.1762806993 4238108.418443989
v 4641332.822489817 1028338.6093513225 4238109.1829887
v 4641330.098199481 1028342.5164421 4238104.121530697
v 4641330.143585684 1028343.1545674467 4238102.867289152
v 4641328.754474671 1028343.0751855585 4238103.5749390805
v 4641328.415174483 1028341.401285775 4238105.4899404645
v 4641327.6014530845 1028341.9061655047 4238105.2480611475
v 4641330.266977172 1028341.5831826987 4238104.162862685
v 4641330.098199481 1028342.5164421 4238104.121530697
v 4641328.415174483 1028341.401285775 4238105.4899404645
v 4641328.672449236 1028340.7160231348 4238105.283835358
v 4641328.019451804 1028340.8568311998 4238106.828514448
v 4641327.747891339 1028339.4263296643 4238107.879984962
v 4641328.672449236 1028340.7160231348 4238105.283835358
v 4641328.019451804 1028340.8568311998 4238106.828514448
v 4641327.206815606 1028340.2200051823 4238108.231586994
v 4641328.319319508 1028339.667129821 4238105.14389656
v 4641328.852002108 1028337.8438436866 4238104.958179506
v 4641328.318644775 1028336.9263109904 4238105.805212664
v 4641328.935643782 1028337.0059162077 4238108.450855291
v 4641328.318644775 1028336.9263109904 4238105.805212664
v 4641331.3943188405 1028338.2929254759 4238109.213380952
v 4641332.058773585 1028338.0975584426 4238109.086049208
v 4641331.3943188405 1028338.2929254759 4238109.213380952
v 4641330.287635678 1028337.1912693843 4238110.865558693
v 4641331.119097669 1028336.8616126303 4238110.6346188355
v 4641332.380561784 1028337.1982000797 4238109.0441609435
v 4641332.886274144 1028337.6528295699 4238108.978550551
v 4641332.396659596 1028338.686295927 4238108.302404081
v 4641332.058773585 1028338.0975584426 4238109.086049208
v 4641330.7027941495 1028341.9081312388 4238102.742180633
v 4641330.143585684 1028343.1545674467 4238102.867289152
v 4641330.468094534 1028340.6570884766 4238102.293639899
v 4641329.54064593 1028340.0519220554 4238103.676879985
v 4641328.319319508 1028339.667129821 4238105.14389656
v 4641330.170050181 1028338.8210379507 4238103.243169886
v 4641328.852002108 1028337.8438436866 4238104.958179506
v 4641331.260119462 1028339.0054569561 4238105.57743139
v 4641330.170050181 1028338.8210379507 4238103.243169886
v 4641328.852002108 1028337.8438436866 4238104.958179506
v 4641330.854536489 1028338.3446228208 4238107.183274927
v 4641332.396659596 1028338.686295927 4238108.302404081
v 4641332.870926454 1028339.8762228225 4238104.620676586
v 4641330.747421608 1028339.4628361154 4238102.231919174
v 4641314.732381194 1028343.9080960642 4238140.404393576
v 4641312.275248997 1028343.420790289 4238138.156658891
v 4641312.039909163 1028343.7683271181 4238138.017909828
v 4641314.678157919 1028344.2957611177 4238140.432143367
v 4641315.511150551 1028343.9664464368 4238141.098138866
v 4641315.444868798 1028344.4085367789 4238141.125888657
v 4641315.752639153 1028344.0199507038 4238141.3201372055
v 4641315.686357747 1028344.4620411227 4238141.347887316
v 4641316.126930881 1028344.0457818926 4238141.653135034
v 4641316.121021278 1028344.5012483015 4238141.73638441
v 4641317.2618641965 1028344.0688500936 4238142.652128202
v 4641317.02652447 1028344.4163869468 4238142.513379238
v 4641308.738990202 1028343.8934293918 4238151.716751497
v 4641308.81142606 1028343.9094782957 4238151.63408818
v 4641308.75102695 1028343.8960962538 4238151.205431726
v 4641308.352602731 1028343.8078212996 4238151.286922425
v 4641308.153498788 1028343.7637077951 4238152.82029595
v 4641307.72486192 1028343.6687389178 4238152.500880262
v 4641307.67663453 1028343.6580536513 4238153.426688901
v 4641307.054817175 1028343.5202836642 4238153.078937019
v 4641307.081166124 1028334.8473813804 4238131.940701313
v 4641306.845586432 1028334.338410551 4238131.635452961
v 4641306.416992019 1028334.4147419827 4238131.274705658
v 4641306.688826211 1028335.0459393025 4238131.635452959
v 4641307.16573499 1028335.0374093796 4238132.051700483
v 4641306.900209188 1028335.3782581994 4238131.885201727
v 4641311.375737858 1028342.7647186747 4238139.479857369
v 4641312.31744623 1028341.9456183797 4238142.757951927
v 4641313.446391499 1028341.8531659378 4238144.848666405
v 4641316.193284561 1028343.2040287248 4238144.085153669
v 4641308.647488411 1028340.9041139064 4238149.489046426
v 4641308.062129669 1028341.3453913798 4238150.3304330455
v 4641307.785245777 1028343.510826679 4238153.344025639
v 4641306.97254437 1028334.8804120909 4238132.299690434
v 4641305.203457338 1028332.8897377055 4238134.019692914
v 4641310.047494481 1028341.5568813136 4238140.842628791
v 4641308.936765651 1028341.1965940675 4238141.888915265
v 4641310.246789927 1028341.0300675938 4238144.0492977295
v 4641311.170390046 1028340.663730964 4238145.68301913
v 4641312.492431802 1028339.985994382 4238148.948704299
v 4641314.297555051 1028341.4707802471 4238146.565051753
v 4641310.3371091625 1028338.9945869511 4238148.360096739
v 4641311.804084733 1028339.0341255392 4238149.802500489
v 4641310.137903848 1028338.7220631132 4238149.326650776
v 4641311.58676197 1028338.8146845619 4238150.464979285
v 4641308.0550685 1028338.3176866284 4238147.273750919
v 4641308.260563053 1028339.0483806379 4238148.118068516
v 4641307.325319355 1028339.8689132759 4238150.741405034
v 4641305.629338511 1028340.2354119899 4238153.057734749
v 4641305.411087865 1028337.2180130263 4238151.161269031
v 4641303.570026963 1028337.0384950588 4238152.647449369
v 4641303.458845198 1028331.7609402599 4238137.122495465
v 4641302.504844331 1028330.6360201461 4238137.933788231
v 4641304.666274483 1028332.7707193642 4238135.3168997215
v 4641308.145770446 1028339.9364986238 4238143.488439628
v 4641306.9080327 1028338.4632278964 4238145.252118029
v 4641306.286152358 1028337.9257651832 4238145.498349283
v 4641304.221471611 1028337.582508005 4238143.846356127
v 4641306.286152358 1028337.9257651832 4238145.498349283
v 4641308.0550685 1028338.3176866284 4238147.273750919
v 4641304.638096692 1028337.046748919 4238147.316354869
v 4641306.135307061 1028337.035889372 4238149.67098564
v 4641307.2282016305 1028338.1915828071 4238149.509762237
v 4641306.135307061 1028337.035889372 4238149.67098564
v 4641308.0550685 1028338.3176866284 4238147.273750919
v 4641304.445161173 1028336.7185172673 4238151.710403627
v 4641302.247848737 1028336.8026499288 4238150.846056322
v 4641304.445161173 1028336.7185172673 4238151.710403627
v 4641303.570026963 1028337.0384950588 4238152.647449369
v 4641300.865731933 1028337.4670772665 4238151.629598776
v 4641302.247848737 1028336.8026499288 4238150.846056322
v 4641303.570026963 1028337.0384950588 4238152.647449369
v 4641302.170006562 1028338.3270223187 4238153.98422955
v 4641298.946312694 1028338.1837496839 4238151.430074686
v 4641297.466493971 1028336.0858737368 4238146.890242696
v 4641296.1086807735 1028337.2124615302 4238148.157941347
v 4641295.264094353 1028338.852437754 4238149.303404055
v 4641294.563013559 1028336.4703243909 4238146.286294588
v 4641293.669964065 1028337.5856904144 4238146.9889324205
v 4641293.579689577 1028338.3079497647 4238148.09482162
v 4641294.612192508 1028338.9363901141 4238149.494721624
v 4641294.636176755 1028338.2565404582 4238149.756879503
v 4641294.841027063 1028336.9315999099 4238149.231391632
v 4641294.612192508 1028338.9363901141 4238149.494721624
v 4641303.905693748 1028331.346071428 4238140.717075361
v 4641304.744674254 1028331.1322773516 4238140.29134939
v 4641305.644303793 1028331.9025691398 4238140.184453317
v 4641303.972352352 1028332.3885859833 4238140.455503898
v 4641306.749839934 1028334.3742939589 4238143.050990335
v 4641305.083500829 1028333.2057419674 4238143.528112636
v 4641306.501712015 1028332.3780215329 4238141.625099238
v 4641306.357873837 1028335.714874062 4238143.71405485
v 4641305.083500829 1028333.2057419674 4238143.528112636
v 4641306.749839934 1028334.3742939589 4238143.050990335
v 4641304.262924786 1028334.4513591597 4238144.244918377
v 4641303.219050389 1028336.1042785472 4238144.17349234
v 4641304.221471611 1028337.582508005 4238143.846356127
v 4641303.297789512 1028337.0352749994 4238144.423240471
v 4641303.297789512 1028337.0352749994 4238144.423240471
v 4641301.438462087 1028336.4520311205 4238145.2180202585
v 4641304.511430047 1028336.733199804 4238149.831036632
v 4641303.394754273 1028336.7141767575 4238150.863741328
v 4641297.466493971 1028336.0858737368 4238146.890242696
v 4641299.651629516 1028335.9419461869 4238146.538287743
v 4641296.114012301 1028335.4436357949 4238144.908768711
v 4641295.0336124925 1028335.7752318626 4238145.44432173
v 4641296.114012301 1028335.4436357949 4238144.908768711
v 4641294.478073227 1028334.8527889216 4238146.270954189
v 4641295.0336124925 1028335.7752318626 4238145.44432173
v 4641294.563013559 1028336.4703243909 4238146.286294588
v 4641293.669964065 1028337.5856904144 4238146.9889324205
v 4641293.7239974495 1028336.2844318099 4238147.679161154
v 4641293.132679877 1028337.2382617485 4238147.719319696
v 4641293.579689577 1028338.3079497647 4238148.09482162
v 4641293.132679877 1028337.2382617485 4238147.719319696
v 4641293.669964065 1028337.5856904144 4238146.9889324205
v 4641295.033543116 1028334.4048897758 4238149.50654532
v 4641295.642621253 1028332.141764127 4238149.451631803
v 4641294.979644 1028335.9916634593 4238149.618130547
v 4641295.182988936 1028329.3563701607 4238147.761824136
v 4641294.615772963 1028330.0300554625 4238148.216472375
v 4641294.374124204 1028329.4055457897 4238147.88347423
v 4641295.798577059 1028328.8075963852 4238147.970827027
v 4641302.729321608 1028333.7118949302 4238142.235108698
v 4641301.467398356 1028333.0897211308 4238140.336884587
v 4641305.083500829 1028333.2057419674 4238143.528112636
v 4641304.262924786 1028334.4513591597 4238144.244918377
v 4641301.9691377 1028335.1992809735 4238142.454762294
v 4641303.219050389 1028336.1042785472 4238144.17349234
v 4641300.013275287 1028335.5082002522 4238140.651610567
v 4641302.349973626 1028336.7110827744 4238144.35064216
v 4641302.349973626 1028336.7110827744 4238144.35064216
v 4641302.349973626 1028336.7110827744 4238144.35064216
v 4641299.470208771 1028336.1301384136 4238141.341252597
v 4641298.43791721 1028335.444647943 4238143.064772253
v 4641297.321171531 1028335.2543185039 4238143.765651004
v 4641295.721503106 1028334.9569925999 4238144.768847628
v 4641297.321171531 1028335.2543185039 4238143.765651004
v 4641296.114012301 1028335.4436357949 4238144.908768711
v 4641295.0336124925 1028335.7752318626 4238145.44432173
v 4641295.721503106 1028334.9569925999 4238144.768847628
v 4641296.114012301 1028335.4436357949 4238144.908768711
v 4641295.721503106 1028334.9569925999 4238144.768847628
v 4641294.477818162 1028333.824987481 4238146.518944141
v 4641294.508227925 1028334.5168882009 4238147.127681392
v 4641294.477818162 1028333.824987481 4238146.518944141
v 4641294.478073227 1028334.8527889216 4238146.270954189
v 4641293.7239974495 1028336.2844318099 4238147.679161154
v 4641295.8472289685 1028330.5312849801 4238146.631701504
v 4641296.891539679 1028330.4200808794 4238147.077457359
v 4641295.986241469 1028330.6762785638 4238148.498073398
v 4641294.615772963 1028330.0300554625 4238148.216472375
v 4641300.422686255 1028331.1453454733 4238141.87973675
v 4641300.3378149895 1028329.6991169434 4238142.196221828
v 4641301.339890022 1028330.0353308318 4238141.273930161
v 4641302.348112193 1028331.0580702884 4238139.370916121
v 4641300.942160372 1028332.8591553558 4238140.279626005
v 4641302.529413945 1028331.9546943004 4238138.95759989
v 4641300.797490818 1028333.5693629195 4238140.514619971
v 4641300.942160372 1028332.8591553558 4238140.279626005
v 4641299.095752644 1028335.4762041565 4238141.035418821
v 4641300.942160372 1028332.8591553558 4238140.279626005
v 4641300.013275287 1028335.5082002522 4238140.651610567
v 4641299.470208771 1028336.1301384136 4238141.341252597
v 4641299.470208771 1028336.1301384136 4238141.341252597
v 4641298.43791721 1028335.444647943 4238143.064772253
v 4641299.095752644 1028335.4762041565 4238141.035418821
v 4641299.470208771 1028336.1301384136 4238141.341252597
v 4641297.586573991 1028334.7421519367 4238142.8540106565
v 4641295.575782138 1028331.4988885762 4238145.760806727
v 4641297.586573991 1028334.7421519367 4238142.8540106565
v 4641295.449292824 1028332.5557059621 4238145.705893378
v 4641294.701089053 1028333.4176791995 4238146.934018909
v 4641295.449292824 1028332.5557059621 4238145.705893378
v 4641295.563862256 1028331.8959263815 4238146.424457503
v 4641296.891539679 1028330.4200808794 4238147.077457359
v 4641296.752603764 1028330.2180070585 4238146.468720107
v 4641296.849918501 1028332.5805440575 4238147.908193228
v 4641296.891791071 1028331.1053001945 4238148.031602146
v 4641297.724356173 1028329.6339511841 4238146.982970858
v 4641296.752603764 1028330.2180070585 4238146.468720107
v 4641296.891539679 1028330.4200808794 4238147.077457359
v 4641297.7483830685 1028329.1254018804 4238147.2037969
v 4641297.724356173 1028329.6339511841 4238146.982970858
v 4641296.891539679 1028330.4200808794 4238147.077457359
v 4641296.625599762 1028329.1621226098 4238147.047949033
v 4641295.8472289685 1028330.5312849801 4238146.631701504
v 4641299.3542542085 1028331.0228173808 4238142.636115131
v 4641299.474643947 1028329.5078725897 4238143.492256536
v 4641299.9279384585 1028331.8921835641 4238142.486715552
v 4641299.638453633 1028333.198372463 4238141.367244038
v 4641299.095752644 1028335.4762041565 4238141.035418821
v 4641298.497533565 1028332.7742990727 4238142.523943723
v 4641297.586573991 1028334.7421519367 4238142.8540106565
v 4641298.581730563 1028331.53682049 4238142.730601884
v 4641295.575782138 1028331.4988885762 4238145.760806727
v 4641297.078578638 1028330.7470060976 4238144.618275172
v 4641296.523209037 1028330.5097643584 4238145.27958135
v 4641296.523209037 1028330.5097643584 4238145.27958135
v 4641295.575782138 1028331.4988885762 4238145.760806727
v 4641295.563862256 1028331.8959263815 4238146.424457503
v 4641295.575782138 1028331.4988885762 4238145.760806727
v 4641298.152926497 1028330.1856810466 4238144.704455759
v 4641313.565107426 1028336.1697708875 4238137.879160808
v 4641313.190975387 1028336.7149447565 4238137.657162307
v 4641313.661734856 1028336.3053736174 4238137.990160057
v 4641312.991600122 1028335.7572196536 4238138.789042683
v 4641312.532995805 1028336.2836778295 4238139.161027251
v 4641313.541150071 1028336.8496265033 4238137.990160055
v 4641313.190975387 1028336.7149447565 4238137.657162307
v 4641312.732732456 1028338.5547132584 4238138.209814067
v 4641313.076778923 1028338.5167463301 4238137.906910594
v 4641313.190975387 1028336.7149447565 4238137.657162307
v 4641312.666231985 1028338.3686889821 4238137.518413261
v 4641312.9863004545 1028338.7821847396 4238137.8791608
v 4641312.575753621 1028338.6341269261 4238137.490663467
v 4641312.962183498 1028338.8910353169 4238137.8791608
v 4641312.5395781845 1028338.7974027919 4238137.490663466
v 4641312.6968967635 1028340.0883925968 4238137.879160796
v 4641312.27429145 1028339.9947600719 4238137.490663463
v 4641312.081914357 1028342.8640823147 4238137.879160789
v 4641311.665378162 1028342.8859884003 4238137.518413247
v 4641312.22693526 1028343.3529889192 4238138.101159247
v 4641312.081914357 1028342.8640823147 4238137.879160789
v 4641311.665378162 1028342.8859884003 4238137.518413247
v 4641311.834595824 1028343.551546947 4238137.795911329
v 4641312.275248997 1028343.420790289 4238138.156658891
v 4641312.039909163 1028343.7683271181 4238138.017909828
v 4641317.618427463 1028345.4610805856 4238143.234874478
v 4641317.2618641965 1028344.0688500936 4238142.652128202
v 4641317.02652447 1028344.4163869468 4238142.513379238
v 4641317.292529165 1028345.7885532619 4238143.012875818
v 4641317.715134564 1028345.882185806 4238143.401373231
v 4641317.642698705 1028345.8661369021 4238143.484036548
v 4641317.292529165 1028345.7885532619 4238143.012875818
v 4641317.214061762 1028345.7711680084 4238143.16462023
v 4641317.20811067 1028345.7698494886 4238144.3531731395
v 4641316.749287651 1028345.6681925615 4238144.00600703
v 4641316.200095044 1028345.5465133411 4238146.18769115
v 4641315.735240207 1028345.4435200033 4238145.909607165
v 4641314.95064512 1028345.2696849614 4238148.546525551
v 4641314.485790283 1028345.1666916236 4238148.268441565
v 4641313.707226668 1028344.9941929157 4238150.836277509
v 4641314.95064512 1028345.2696849614 4238148.546525551
v 4641314.485790283 1028345.1666916236 4238148.268441565
v 4641313.27858976 1028344.8992240297 4238150.516861865
v 4641312.73542951 1028344.7788813392 4238152.629464676
v 4641312.270573979 1028344.6758878479 4238152.351380053
v 4641312.421585774 1028344.7093460591 4238153.609600438
v 4641311.914481309 1028344.5969918853 4238153.441929383
v 4641312.373304292 1028344.6986488046 4238153.78909482
v 4641312.02775968 1028340.1114294053 4238150.356910594
v 4641311.79325254 1028342.8001264144 4238153.136094973
v 4641312.25861865 1028344.6732390303 4238153.982171246
v 4641311.914481309 1028344.5969918853 4238153.441929383
v 4641311.751514185 1028344.5608848564 4238153.814500192
v 4641311.721381952 1028344.5542087561 4238154.533064227
v 4641311.721381952 1028344.5542087561 4238154.533064227
v 4641311.751514185 1028344.5608848564 4238153.814500192
v 4641311.406172896 1028340.4304862522 4238151.515954994
v 4641310.441475509 1028344.2706324054 4238153.132578248
v 4641311.406172896 1028340.4304862522 4238151.515954994
v 4641311.721381952 1028344.5542087561 4238154.533064227
v 4641311.751514185 1028344.5608848564 4238153.814500192
v 4641310.725186934 1028344.3334915679 4238152.87100661
v 4641310.199986214 1028344.2171279849 4238152.910579272
v 4641310.519915569 1028344.2880115992 4238152.607675975
v 4641308.926138507 1028343.9348940107 4238151.814168801
v 4641309.1856957115 1028343.9924015583 4238151.455765919
v 4641308.81142606 1028343.9094782957 4238151.63408818
v 4641308.75102695 1028343.8960962538 4238151.205431726
v 4641307.006562537 1028343.509592359 4238153.631588403
v 4641307.67663453 1028343.6580536513 4238153.426688901
v 4641307.054817175 1028343.5202836642 4238153.078937019
v 4641305.527344603 1028342.3824989728 4238153.832970981
v 4641305.45511633 1028343.1658536085 4238153.8471392235
v 4641307.054817175 1028343.5202836642 4238153.078937019
v 4641305.23775472 1028343.1176949217 4238153.348814851
v 4641301.984012561 1028342.3967951236 4238154.760638066
v 4641301.766651203 1028342.3486364923 4238154.262313763
v 4641300.619714816 1028342.0945210265 4238155.073606012
v 4641300.559315377 1028342.0811389118 4238154.644949576
v 4641300.420502802 1028342.0503835705 4238155.11435161
v 4641300.468694223 1028341.6613820984 4238155.155683269
v 4641299.617541829 1028341.8724793623 4238154.226943714
v 4641300.468694223 1028341.6613820984 4238155.155683269
v 4641300.420502802 1028342.0503835705 4238155.11435161
v 4641300.559315377 1028342.0811389118 4238154.644949576
v 4641299.937471028 1028341.9433629422 4238153.924040594
v 4641298.023710613 1028341.5193497717 4238152.687122266
v 4641298.307421884 1028341.5822088997 4238152.4255508045
v 4641296.943043066 1028341.2799168349 4238151.619047648
v 4641297.23278619 1028341.3441123815 4238151.288394736
v 4641295.023223552 1028340.8545612075 4238150.078053959
v 4641295.252594525 1028340.9053806872 4238149.691901462
v 4641294.630804227 1028340.7676166967 4238149.717306338
v 4641294.510032464 1028340.7408584768 4238149.233150158
v 4641307.780478175 1028331.4052118999 4238131.885201739
v 4641307.792536653 1028331.3507866113 4238131.885201739
v 4641307.369930907 1028331.2571539904 4238131.4967040075
v 4641306.506882517 1028331.5227125532 4238132.80690761
v 4641307.364181512 1028332.2836255722 4238131.690953189
v 4641307.369930907 1028331.2571539904 4238131.4967040075
v 4641306.953634244 1028332.1355676627 4238131.302455457
v 4641307.026463611 1028333.5220312221 4238131.635452963
v 4641306.615917036 1028333.3739734662 4238131.246955868
v 4641306.845586432 1028334.338410551 4238131.635452961
v 4641306.416992019 1028334.4147419827 4238131.274705658
v 4641307.757398709 1028335.2255954894 4238132.60669697
v 4641307.16573499 1028335.0374093796 4238132.051700483
v 4641306.900209188 1028335.3782581994 4238131.885201727
v 4641307.6428025905 1028335.5998843226 4238132.578946539
v 4641309.695377681 1028335.7691684668 4238134.410434437
v 4641309.598909853 1028336.2045707755 4238134.410434435
v 4641310.824321636 1028335.9622005669 4238135.437177395
v 4641310.770098361 1028336.3498656204 4238135.464927187
v 4641312.218871323 1028336.0998863953 4238136.685918855
v 4641312.152589571 1028336.5419767373 4238136.713668645
v 4641313.565107426 1028336.1697708875 4238137.879160808
v 4641313.190975387 1028336.7149447565 4238137.657162307
v 4641312.991600122 1028335.7572196536 4238138.789042683
v 4641309.121854646 1028335.1853228462 4238135.734804977
v 4641309.019187927 1028334.3632184503 4238138.097155745
v 4641310.763835256 1028333.7791144509 4238141.751338486
v 4641310.763835256 1028333.7791144509 4238141.751338486
v 4641309.206507721 1028333.6053635423 4238143.48726707
v 4641309.393893891 1028334.7888202114 4238142.687212162
v 4641308.597694565 1028337.010487251 4238143.017865067
v 4641310.065515075 1028341.3324860876 4238140.441722188
v 4641310.065515075 1028341.3324860876 4238140.441722188
v 4641311.375737858 1028342.7647186747 4238139.479857369
v 4641316.193284561 1028343.2040287248 4238144.085153669
v 4641314.564002652 1028344.1562749553 4238148.364685759
v 4641314.564002652 1028344.1562749553 4238148.364685759
v 4641312.475013572 1028342.0947230073 4238150.7607487235
v 4641311.804084733 1028339.0341255392 4238149.802500489
v 4641311.58676197 1028338.8146845619 4238150.464979285
v 4641310.137903848 1028338.7220631132 4238149.326650776
v 4641311.58676197 1028338.8146845619 4238150.464979285
v 4641310.3074947735 1028340.5296446951 4238150.572461411
v 4641308.647488411 1028340.9041139064 4238149.489046426
v 4641307.785245777 1028343.510826679 4238153.344025639
v 4641305.629338511 1028340.2354119899 4238153.057734749
v 4641301.277036912 1028339.7278908712 4238154.742367047
v 4641299.581244099 1028341.578952391 4238154.212775748
v 4641301.277036912 1028339.7278908712 4238154.742367047
v 4641297.184217383 1028340.2485090815 4238151.480884945
v 4641294.968563878 1028339.7005114437 4238149.731474268
v 4641305.203457338 1028332.8897377055 4238134.019692914
v 4641306.97254437 1028334.8804120909 4238132.299690434
v 4641305.746981896 1028333.7524217028 4238134.215699642
v 4641304.666274483 1028332.7707193642 4238135.3168997215
v 4641307.014854955 1028333.4623622701 4238138.255448303
v 4641306.930267851 1028332.4729724512 4238140.825043779
v 4641309.037179149 1028332.3117135376 4238143.983246974
v 4641309.037179149 1028332.3117135376 4238143.983246974
v 4641307.927167162 1028334.8064337398 4238144.465058545
v 4641307.149355373 1028338.1741135892 4238144.437308703
v 4641308.936765651 1028341.1965940675 4238141.888915265
v 4641310.047494481 1028341.5568813136 4238140.842628791
v 4641310.047494481 1028341.5568813136 4238140.842628791
v 4641314.297555051 1028341.4707802471 4238146.565051753
v 4641312.492431802 1028339.985994382 4238148.948704299
v 4641314.297555051 1028341.4707802471 4238146.565051753
v 4641308.260563053 1028339.0483806379 4238148.118068516
v 4641308.0550685 1028338.3176866284 4238147.273750919
v 4641302.170006562 1028338.3270223187 4238153.98422955
v 4641303.570026963 1028337.0384950588 4238152.647449369
v 4641298.946312694 1028338.1837496839 4238151.430074686
v 4641302.170006562 1028338.3270223187 4238153.98422955
v 4641295.264094353 1028338.852437754 4238149.303404055
v 4641294.612192508 1028338.9363901141 4238149.494721624
v 4641295.264094353 1028338.852437754 4238149.303404055
v 4641294.968563878 1028339.7005114437 4238149.731474268
v 4641303.458845198 1028331.7609402599 4238137.122495465
v 4641305.644303793 1028331.9025691398 4238140.184453317
v 4641306.501712015 1028332.3780215329 4238141.625099238
v 4641308.149803639 1028332.4576882333 4238143.234002018
v 4641307.927167162 1028334.8064337398 4238144.465058545
v 4641308.149803639 1028332.4576882333 4238143.234002018
v 4641309.037179149 1028332.3117135376 4238143.983246974
v 4641306.749839934 1028334.3742939589 4238143.050990335
v 4641306.357873837 1028335.714874062 4238143.71405485
v 4641306.286152358 1028337.9257651832 4238145.498349283
v 4641306.286152358 1028337.9257651832 4238145.498349283
v 4641306.9080327 1028338.4632278964 4238145.252118029
v 4641308.145770446 1028339.9364986238 4238143.488439628
v 4641293.132679877 1028337.2382617485 4238147.719319696
v 4641293.579689577 1028338.3079497647 4238148.09482162
v 4641294.612192508 1028338.9363901141 4238149.494721624
v 4641294.841027063 1028336.9315999099 4238149.231391632
v 4641304.744674254 1028331.1322773516 4238140.29134939
v 4641302.504844331 1028330.6360201461 4238137.933788231
v 4641306.501712015 1028332.3780215329 4238141.625099238
v 4641303.972352352 1028332.3885859833 4238140.455503898
v 4641305.644303793 1028331.9025691398 4238140.184453317
v 4641305.083500829 1028333.2057419674 4238143.528112636
v 4641306.501712015 1028332.3780215329 4238141.625099238
v 4641304.221471611 1028337.582508005 4238143.846356127
v 4641294.841027063 1028336.9315999099 4238149.231391632
v 4641293.7239974495 1028336.2844318099 4238147.679161154
v 4641293.132679877 1028337.2382617485 4238147.719319696
v 4641296.125947484 1028334.0188564693 4238148.224678563
v 4641294.979644 1028335.9916634593 4238149.618130547
v 4641296.125947484 1028334.0188564693 4238148.224678563
v 4641294.841027063 1028336.9315999099 4238149.231391632
v 4641295.642621253 1028332.141764127 4238149.451631803
v 4641301.339890022 1028330.0353308318 4238141.273930161
v 4641302.25149402 1028330.1231120772 4238142.313668607
v 4641303.905693748 1028331.346071428 4238140.717075361
v 4641302.348112193 1028331.0580702884 4238139.370916121
v 4641302.529413945 1028331.9546943004 4238138.95759989
v 4641302.348112193 1028331.0580702884 4238139.370916121
v 4641303.905693748 1028331.346071428 4238140.717075361
v 4641303.972352352 1028332.3885859833 4238140.455503898
v 4641301.467398356 1028333.0897211308 4238140.336884587
v 4641302.529413945 1028331.9546943004 4238138.95759989
v 4641294.508227925 1028334.5168882009 4238147.127681392
v 4641294.701089053 1028333.4176791995 4238146.934018909
v 4641296.849918501 1028332.5805440575 4238147.908193228
v 4641296.849918501 1028332.5805440575 4238147.908193228
v 4641296.891791071 1028331.1053001945 4238148.031602146
v 4641295.986241469 1028330.6762785638 4238148.498073398
v 4641296.891791071 1028331.1053001945 4238148.031602146
v 4641295.642621253 1028332.141764127 4238149.451631803
v 4641296.891539679 1028330.4200808794 4238147.077457359
v 4641295.182988936 1028329.3563701607 4238147.761824136
v 4641295.8472289685 1028330.5312849801 4238146.631701504
v 4641294.615772963 1028330.0300554625 4238148.216472375
v 4641296.625599762 1028329.1621226098 4238147.047949033
v 4641295.798577059 1028328.8075963852 4238147.970827027
v 4641301.467398356 1028333.0897211308 4238140.336884587
v 4641300.942160372 1028332.8591553558 4238140.279626005
v 4641302.529413945 1028331.9546943004 4238138.95759989
v 4641295.563862256 1028331.8959263815 4238146.424457503
v 4641296.752603764 1028330.2180070585 4238146.468720107
v 4641324.274005918 1028339.5717465917 4238109.789461384
v 4641324.419873315 1028339.0309102288 4238109.812278901
v 4641324.044743923 1028338.843586328 4238109.447196869
v 4641323.886465838 1028339.3816734614 4238109.412970513
v 4641324.23818052 1028339.6159141271 4238109.766643707
v 4641323.8396363165 1028339.4755074567 4238109.390152837
v 4641323.755401068 1028341.853674537 4238109.778052545
v 4641323.3458524635 1028341.7629347537 4238109.401561516
v 4641323.568329406 1028342.6980113388 4238109.778052545
v 4641323.1587808 1028342.6072715556 4238109.401561516
v 4641323.557325074 1028342.7476787299 4238109.778052545
v 4641323.136772345 1028342.7066054065 4238109.401561516
v 4641323.64163284 1028343.1310927016 4238109.9263671255
v 4641323.239115918 1028343.3024364865 4238109.606920289
v 4641323.941138996 1028343.7185017013 4238110.302857996
v 4641323.443556744 1028344.02509736 4238109.926367126
v 4641323.810494725 1028344.3669209618 4238110.314266834
v 4641323.941138996 1028343.7185017013 4238110.302857996
v 4641323.443556744 1028344.02509736 4238109.926367126
v 4641322.9111477565 1028344.2718712738 4238110.701765971
v 4641323.6685997695 1028344.5960072966 4238110.2344051255
v 4641323.443556744 1028344.02509736 4238109.926367126
v 4641323.2482935665 1028345.0239343283 4238109.949184803
v 4641323.443556744 1028344.02509736 4238109.926367126
v 4641322.919993627 1028344.7427759283 4238109.606920289
v 4641323.092581566 1028345.1978548131 4238109.846505417
v 4641322.69403726 1028345.0574486082 4238109.470014547
v 4641322.779084324 1028346.8478616298 4238109.892140611
v 4641322.357125307 1028346.7543721899 4238109.504240903
v 4641322.7680802 1028346.8975280897 4238109.892140611
v 4641322.336523313 1028346.9061221958 4238109.5156497415
v 4641322.746071745 1028346.9968619407 4238109.892140611
v 4641322.686046838 1028346.9835627938 4238109.986213099
v 4641322.336523313 1028346.9061221958 4238109.5156497415
v 4641322.204062293 1028346.876774069 4238109.692386589
v 4641322.577393291 1028346.959489462 4238110.1102089295
v 4641322.846463129 1028344.882800046 4238110.241310583
v 4641322.541175234 1028346.9514649721 4238110.151541109
v 4641322.204062293 1028346.876774069 4238109.692386589
v 4641322.1316268025 1028346.8607252272 4238109.77505024
v 4641322.5049578 1028346.94344062 4238110.19287258
v 4641322.059191312 1028346.8446763852 4238109.857713889
v 4641322.0391949415 1028346.8402459782 4238111.107979817
v 4641321.438174109 1028346.7070835166 4238111.077856819
v 4641321.788711955 1028346.7847488477 4238111.623978163
v 4641321.691062531 1028346.711009056 4238111.747973993
v 4641321.716275842 1028346.768699868 4238111.706642523
v 4641321.438174109 1028346.7070835166 4238111.077856819
v 4641321.270509975 1028346.6699357709 4238111.371483123
v 4641321.680058407 1028346.7606755159 4238111.747973993
v 4641321.198073862 1028346.6538867912 4238111.454147483
v 4641321.547597388 1028346.7313273893 4238111.924710842
v 4641320.112308569 1028346.4133241132 4238113.664954767
v 4641321.198073862 1028346.6538867912 4238111.454147483
v 4641319.702760138 1028346.3225843683 4238113.288463896
v 4641319.918808946 1028346.3704522444 4238113.860205408
v 4641319.425428136 1028346.2611385578 4238113.630528045
v 4641320.115105524 1028346.4139438063 4238114.7869218495
v 4641319.918808946 1028346.3704522444 4238113.860205408
v 4641319.425428136 1028346.2611385578 4238113.630528045
v 4641319.611341974 1028346.3023297146 4238114.696952169
v 4641320.078887467 1028346.4059193165 4238114.828254029
v 4641319.27365526 1028345.4459367634 4238114.682541024
v 4641318.383269155 1028345.1965568768 4238116.018072532
v 4641320.091298052 1028346.4086690116 4238114.839662868
v 4641319.611341974 1028346.3023297146 4238114.696952169
v 4641319.625780404 1028346.3055286997 4238114.859477528
v 4641320.610565771 1028343.8663632707 4238124.502527528
v 4641321.347743108 1028344.6549529621 4238123.510561244
v 4641321.16206007 1028344.9785476429 4238123.634557074
v 4641320.41387848 1028344.2396253599 4238124.62652327
v 4641319.890802927 1028343.3421575681 4238125.411829887
v 4641319.730333647 1028343.7234431601 4238125.494493737
v 4641318.947322766 1028342.4557547856 4238126.651787666
v 4641318.750635682 1028342.8290159436 4238126.775783407
v 4641318.115701405 1028341.750450086 4238127.72641769
v 4641317.930018368 1028342.074044767 4238127.85041352
v 4641314.47105428 1028338.6503201007 4238132.438257101
v 4641315.584619087 1028339.6265119459 4238130.99164003
v 4641315.424149775 1028340.0077985077 4238131.074303681
v 4641314.18772182 1028338.9001749898 4238132.686248761
v 4641314.26154604 1028338.3954812452 4238132.727580941
v 4641312.277033901 1028338.1121068762 4238130.7097216835
v 4641313.798513167 1028338.0844718397 4238133.306227911
v 4641314.18772182 1028338.9001749898 4238132.686248761
v 4641313.638043958 1028338.465757936 4238133.388891561
v 4641313.17319444 1028337.4769806777 4238134.132866541
v 4641312.9765076935 1028337.8502428874 4238134.256861662
v 4641312.2659325 1028336.5986024216 4238135.331491952
v 4641311.982600143 1028336.8484568452 4238135.5794836115
v 4641312.05642426 1028336.3437635662 4238135.620815792
v 4641311.734142408 1028336.3244636735 4238135.260036774
v 4641311.886339449 1028336.2539744669 4238135.827475272
v 4641311.982600143 1028336.8484568452 4238135.5794836115
v 4641311.541575726 1028336.4381135887 4238136.158130582
v 4641311.629609547 1028336.0407781849 4238136.158130582
v 4641310.813325224 1028335.9641318977 4238135.427966359
v 4641311.541575726 1028336.4381135887 4238136.158130582
v 4641310.7625231575 1028336.3697163867 4238135.462192874
v 4641309.685370618 1028335.766326767 4238134.401172976
v 4641309.597336797 1028336.1636621709 4238134.401172976
v 4641307.769925387 1028335.1856247305 4238132.609988934
v 4641307.646066212 1028335.6271276792 4238132.5871712975
v 4641307.160401587 1028334.9984733209 4238132.03954813
v 4641306.898620013 1028335.3573130898 4238131.879824791
v 4641307.07071504 1028334.874392272 4238131.936868824
v 4641307.160401587 1028334.9984733209 4238132.03954813
v 4641306.898620013 1028335.3573130898 4238131.879824791
v 4641306.69301939 1028335.0512349814 4238131.6402396625
v 4641306.8346678885 1028334.3531487954 4238131.628830824
v 4641306.404517186 1028334.4141594835 4238131.263748634
v 4641307.778957771 1028331.3839610892 4238131.879824791
v 4641307.346487382 1028332.2781377151 4238131.674466019
v 4641306.947943178 1028332.1377310447 4238131.297975148
v 4641307.38041338 1028331.2435544386 4238131.503333761
v 4641324.096707655 1028338.4903647329 4238110.319671059
v 4641324.502462028 1028337.5381635588 4238112.281386341
v 4641324.494138203 1028337.7447394403 4238110.373912601
v 4641323.176056447 1028338.75532957 4238111.206155823
v 4641323.176056447 1028338.75532957 4238111.206155823
v 4641324.096707655 1028338.4903647329 4238110.319671059
v 4641321.5765421055 1028341.0061903131 4238112.480339769
v 4641322.763327791 1028342.1028155546 4238110.822759494
v 4641323.299125686 1028343.2115222231 4238110.611996497
v 4641323.299125686 1028343.2115222231 4238110.611996497
v 4641323.160631544 1028342.8161017135 4238111.906396545
v 4641322.610432898 1028343.3194597668 4238112.7160217455
v 4641321.583825379 1028344.290419259 4238111.706442157
v 4641321.005389195 1028345.3085702877 4238112.21813733
v 4641319.575005829 1028344.8353392715 4238114.604180388
v 4641319.27365526 1028345.4459367634 4238114.682541024
v 4641318.383269155 1028345.1965568768 4238116.018072532
v 4641316.975150893 1028342.6440588097 4238118.318449455
v 4641316.562973023 1028343.6469415708 4238118.525109113
v 4641320.625216453 1028344.807498802 4238122.086160753
v 4641317.379912954 1028343.2026828374 4238122.065144077
v 4641318.065650039 1028342.729355717 4238124.962182163
v 4641315.790398003 1028341.3394648145 4238125.982169887
v 4641313.373725068 1028338.9282455951 4238130.112760496
v 4641310.917528897 1028338.227734524 4238127.302088826
v 4641308.443037594 1028336.0642296892 4238130.310712964
v 4641311.245257954 1028337.0498261539 4238132.957558212
v 4641310.036086811 1028336.1045567516 4238133.580138937
v 4641308.443037594 1028336.0642296892 4238130.310712964
v 4641307.372327825 1028334.8370081794 4238130.85062933
v 4641307.444136676 1028332.3518780888 4238131.550470188
v 4641307.778957771 1028331.3839610892 4238131.879824791
v 4641309.244597072 1028331.9692137837 4238131.934466825
v 4641323.711634784 1028335.9040075849 4238113.509935092
v 4641325.055162414 1028335.7848402294 4238114.81334277
v 4641325.545600194 1028336.3103418332 4238114.076473524
v 4641324.224309832 1028336.2260161006 4238112.976923396
v 4641323.703249206 1028337.3089848015 4238113.103721957
v 4641323.711634784 1028335.9040075849 4238113.509935092
v 4641324.224309832 1028336.2260161006 4238112.976923396
v 4641324.083199608 1028336.5594866001 4238112.768762763
v 4641324.502462028 1028337.5381635588 4238112.281386341
v 4641320.825190736 1028341.2565607639 4238113.288463896
v 4641322.001271526 1028337.0361036274 4238113.051881074
v 4641322.399483113 1028341.8658863808 4238113.219110889
v 4641320.825190736 1028341.2565607639 4238113.288463896
v 4641321.5765421055 1028341.0061903131 4238112.480339769
v 4641322.763327791 1028342.1028155546 4238110.822759494
v 4641322.399483113 1028341.8658863808 4238113.219110889
v 4641321.5765421055 1028341.0061903131 4238112.480339769
v 4641323.160631544 1028342.8161017135 4238111.906396545
v 4641323.299125686 1028343.2115222231 4238110.611996497
v 4641322.399483113 1028341.8658863808 4238113.219110889
v 4641321.938267091 1028342.232643897 4238113.632429849
v 4641320.499675222 1028342.9560093458 4238113.258541265
v 4641319.565518872 1028343.3742975469 4238114.685342965
v 4641318.619308993 1028342.6957090991 4238116.2617608225
v 4641317.6150186 1028341.6916231174 4238117.724090455
v 4641316.329805746 1028343.4389663225 4238119.698315449
v 4641315.492722831 1028342.680346043 4238120.459303149
v 4641316.562973023 1028343.6469415708 4238118.525109113
v 4641314.312412716 1028341.6372610476 4238122.506084257
v 4641311.101904065 1028338.2685847754 4238126.426812695
v 4641311.919562444 1028339.3355305331 4238125.484784974
v 4641310.917528897 1028338.227734524 4238127.302088826
v 4641310.800599031 1028337.5765671605 4238126.103062329
v 4641322.719476513 1028335.3715546065 4238113.208802552
v 4641323.218626399 1028334.8047814433 4238112.342133159
v 4641323.711634784 1028335.9040075849 4238113.509935092
v 4641322.689964888 1028335.7818558475 4238114.829755181
v 4641323.085958646 1028336.3906424433 4238114.175549516
v 4641322.689964888 1028335.7818558475 4238114.829755181
v 4641321.4960192125 1028335.4131147409 4238116.473124403
v 4641321.480355963 1028336.087009374 4238115.918595817
v 4641319.456120613 1028339.3900786004 4238115.457739858
v 4641321.129067172 1028336.5823327214 4238114.289036724
v 4641320.292728657 1028339.7838579877 4238114.401623716
v 4641319.646631508 1028341.151753701 4238114.698052865
v 4641319.028150926 1028342.0568229074 4238115.152704006
v 4641319.646631508 1028341.151753701 4238114.698052865
v 4641320.825190736 1028341.2565607639 4238113.288463896
v 4641320.3880281225 1028342.0975923229 4238113.740313095
v 4641321.938267091 1028342.232643897 4238113.632429849
v 4641320.3880281225 1028342.0975923229 4238113.740313095
v 4641319.222860206 1028341.3183878642 4238116.448605287
v 4641313.983327632 1028341.2517196124 4238122.292118844
v 4641311.864440915 1028338.6980574527 4238125.238094536
v 4641321.560030237 1028334.7499320672 4238114.236296414
v 4641321.126250888 1028334.393298691 4238116.174994009
v 4641321.4960192125 1028335.4131147409 4238116.473124403
v 4641320.530792771 1028335.1992587106 4238116.7052034885
v 4641320.218350057 1028340.54895355 4238115.679010689
v 4641318.772577692 1028339.3428425578 4238117.312272213
v 4641320.218350057 1028340.54895355 4238115.679010689
v 4641318.772577692 1028339.3428425578 4238117.312272213
v 4641316.876723813 1028337.9328012344 4238120.302582125
v 4641316.199261858 1028337.4179677365 4238121.623902844
v 4641315.4007316725 1028335.9384200574 4238121.084686081
v 4641317.088566967 1028337.4586875213 4238118.754386081
v 4641319.8552600425 1028334.2680124327 4238118.917512458
v 4641320.562365916 1028334.3204690932 4238117.905530694
v 4641320.530792771 1028335.1992587106 4238116.7052034885
v 4641325.01807386 1028336.0371478933 4238109.755234868
v 4641325.01807386 1028336.0371478933 4238109.755234868
v 4641324.608525255 1028335.94640811 4238109.3787438385
v 4641324.597521028 1028335.9960750354 4238109.3787438385
v 4641325.019480217 1028336.0895645139 4238109.766643707
v 4641324.338619671 1028336.6681826208 4238110.700264737
v 4641324.937071755 1028336.6965658957 4238109.812278901
v 4641324.924661343 1028336.693816239 4238109.800870222
v 4641324.597521028 1028335.9960750354 4238109.3787438385
v 4641324.504108511 1028336.6527433812 4238109.424379192
v 4641324.913657116 1028336.7434831646 4238109.800870222
v 4641324.494510814 1028336.7548269656 4238109.43578819
v 4641324.938478112 1028336.7489825162 4238109.823687739
v 4641324.50973394 1028336.8624098633 4238109.470014546
v 4641324.952295054 1028336.8041488319 4238109.846505416
v 4641324.494138203 1028337.7447394403 4238110.373912601
v 4641325.07714008 1028338.2386445611 4238110.234405125
v 4641324.50973394 1028336.8624098633 4238109.470014546
v 4641324.620762023 1028338.241739277 4238109.835096578
v 4641324.962878905 1028338.5780639927 4238110.2001787685
v 4641325.07714008 1028338.2386445611 4238110.234405125
v 4641324.620762023 1028338.241739277 4238109.835096578
v 4641324.494138203 1028337.7447394403 4238110.373912601
v 4641324.096707655 1028338.4903647329 4238110.319671059
v 4641324.419873315 1028339.0309102288 4238109.812278901
v 4641324.620762023 1028338.241739277 4238109.835096578
v 4641324.044743923 1028338.843586328 4238109.447196869
v 4641320.204007288 1028346.4336409234 4238115.01790008
v 4641320.091298052 1028346.4086690116 4238114.839662868
v 4641319.625780404 1028346.3055286997 4238114.859477528
v 4641319.8884293 1028346.3637213138 4238115.250179808
v 4641324.576579539 1028347.4024301062 4238119.336036977
v 4641324.359272445 1028347.3542834426 4238119.584028637
v 4641324.308845408 1028347.2389007497 4238119.666692288
v 4641321.824919234 1028346.4801407764 4238118.536818866
v 4641323.770171671 1028346.7548172359 4238120.369335088
v 4641324.359272445 1028347.3542834426 4238119.584028637
v 4641323.609702359 1028347.1361037977 4238120.451998738
v 4641323.231498451 1028346.27073286 4238121.071977533
v 4641322.984383736 1028346.52861217 4238121.278637368
v 4641323.083421681 1028346.0816103064 4238121.278637368
v 4641322.440885199 1028346.0434596732 4238120.708196564
v 4641322.190368721 1028345.3105902533 4238122.435931308
v 4641322.984383736 1028346.52861217 4238121.278637368
v 4641321.993681353 1028345.6838523252 4238122.5599271385
v 4641321.347743108 1028344.6549529621 4238123.510561244
v 4641321.16206007 1028344.9785476429 4238123.634557074
v 4641317.457369996 1028341.2919597003 4238128.55305632
v 4641318.115701405 1028341.750450086 4238127.72641769
v 4641317.930018368 1028342.074044767 4238127.85041352
v 4641317.296900684 1028341.6732462621 4238128.63571997
v 4641317.395938836 1028341.2262434673 4238128.63571997
v 4641317.199251467 1028341.5995055393 4238128.7597158
v 4641316.304382071 1028340.1507181679 4238130.082337395
v 4641316.143912448 1028340.5320046608 4238130.165001401
v 4641315.584619087 1028339.6265119459 4238130.99164003
v 4641315.424149775 1028340.0077985077 4238131.074303681
v 4641307.021739655 1028333.508811528 4238131.628830824
v 4641306.8346678885 1028334.3531487954 4238131.628830824
v 4641306.404517186 1028334.4141594835 4238131.263748634
v 4641306.599780639 1028333.4153220879 4238131.240931116
v 4641307.346487382 1028332.2781377151 4238131.674466019
v 4641306.947943178 1028332.1377310447 4238131.297975148
v 4641307.791368183 1028331.3867107459 4238131.891233469
v 4641307.778957771 1028331.3839610892 4238131.879824791
v 4641307.38041338 1028331.2435544386 4238131.503333761
v 4641307.778957771 1028331.3839610892 4238131.879824791
v 4641324.502462028 1028337.5381635588 4238112.281386341
v 4641323.63586096 1028335.7830091703 4238111.703640216
v 4641324.338619671 1028336.6681826208 4238110.700264737
v 4641324.494138203 1028337.7447394403 4238110.373912601
v 4641321.583825379 1028344.290419259 4238111.706442157
v 4641322.610432898 1028343.3194597668 4238112.7160217455
v 4641322.9111477565 1028344.2718712738 4238110.701765971
v 4641318.148466433 1028345.0403247948 4238116.976012668
v 4641316.562973023 1028343.6469415708 4238118.525109113
v 4641318.383269155 1028345.1965568768 4238116.018072532
v 4641319.287867572 1028344.875930831 4238119.509670271
v 4641320.625216453 1028344.807498802 4238122.086160753
v 4641315.790398003 1028341.3394648145 4238125.982169887
v 4641314.457007367 1028339.8456230066 4238128.329683238
v 4641313.373725068 1028338.9282455951 4238130.112760496
v 4641307.372327825 1028334.8370081794 4238130.85062933
v 4641307.444136676 1028332.3518780888 4238131.550470188
v 4641324.083199608 1028336.5594866001 4238112.768762763
v 4641324.224309832 1028336.2260161006 4238112.976923396
v 4641323.176056447 1028338.75532957 4238111.206155823
v 4641323.703249206 1028337.3089848015 4238113.103721957
v 4641324.502462028 1028337.5381635588 4238112.281386341
v 4641323.085958646 1028336.3906424433 4238114.175549516
v 4641323.703249206 1028337.3089848015 4238113.103721957
v 4641323.176056447 1028338.75532957 4238111.206155823
v 4641322.001271526 1028337.0361036274 4238113.051881074
v 4641320.499675222 1028342.9560093458 4238113.258541265
v 4641321.938267091 1028342.232643897 4238113.632429849
v 4641316.256283901 1028340.6611118027 4238119.1692066295
v 4641317.6150186 1028341.6916231174 4238117.724090455
v 4641316.975150893 1028342.6440588097 4238118.318449455
v 4641316.040189728 1028341.9158580942 4238118.999575446
v 4641315.846838013 1028341.9251245107 4238120.025968524
v 4641316.562973023 1028343.6469415708 4238118.525109113
v 4641315.492722831 1028342.680346043 4238120.459303149
v 4641316.329805746 1028343.4389663225 4238119.698315449
v 4641311.919562444 1028339.3355305331 4238125.484784974
v 4641314.312412716 1028341.6372610476 4238122.506084257
v 4641310.917528897 1028338.227734524 4238127.302088826
v 4641309.890682556 1028334.1965609146 4238127.933075728
v 4641310.800599031 1028337.5765671605 4238126.103062329
v 4641308.736159491 1028333.9928692603 4238129.493781732
v 4641309.244597072 1028331.9692137837 4238131.934466825
v 4641308.736159491 1028333.9928692603 4238129.493781732
v 4641307.444136676 1028332.3518780888 4238131.550470188
v 4641310.008932636 1028332.5032954062 4238130.693008081
v 4641312.751007845 1028334.3092459203 4238125.536024563
v 4641311.673790976 1028332.8200571887 4238127.885039245
v 4641312.318630702 1028333.0671382432 4238125.51300652
v 4641313.248850134 1028334.1069179329 4238123.918074515
v 4641321.129067172 1028336.5823327214 4238114.289036724
v 4641321.480355963 1028336.087009374 4238115.918595817
v 4641320.3880281225 1028342.0975923229 4238113.740313095
v 4641318.119907071 1028340.2403366027 4238117.959372214
v 4641319.222860206 1028341.3183878642 4238116.448605287
v 4641317.06242758 1028340.2665660802 4238118.1572249625
v 4641315.9722773535 1028339.243456953 4238119.615251138
v 4641314.57473063 1028340.4448606505 4238121.459675789
v 4641314.437512377 1028340.6228786181 4238121.821755584
v 4641313.983327632 1028341.2517196124 4238122.292118844
v 4641313.983327632 1028341.2517196124 4238122.292118844
v 4641312.840458361 1028339.0706194267 4238123.703008681
v 4641313.983327632 1028341.2517196124 4238122.292118844
v 4641311.919562444 1028339.3355305331 4238125.484784974
v 4641311.864440915 1028338.6980574527 4238125.238094536
v 4641312.736574879 1028336.8591932673 4238124.451286657
v 4641310.800599031 1028337.5765671605 4238126.103062329
v 4641311.489288588 1028335.38442878 4238125.907811687
v 4641309.890682556 1028334.1965609146 4238127.933075728
v 4641311.535347739 1028333.6751687382 4238127.855115823
v 4641311.489288588 1028335.38442878 4238125.907811687
v 4641309.890682556 1028334.1965609146 4238127.933075728
v 4641309.968856187 1028333.3280961232 4238128.952363425
v 4641310.480711066 1028332.399402875 4238128.772824636
v 4641309.968856187 1028333.3280961232 4238128.952363425
v 4641310.008932636 1028332.5032954062 4238130.693008081
v 4641311.535347739 1028333.6751687382 4238127.855115823
v 4641309.968856187 1028333.3280961232 4238128.952363425
v 4641310.480711066 1028332.399402875 4238128.772824636
v 4641311.673790976 1028332.8200571887 4238127.885039245
v 4641312.751007845 1028334.3092459203 4238125.536024563
v 4641312.400472541 1028334.7005261532 4238125.9764649235
v 4641313.524633951 1028335.47064592 4238125.693145972
v 4641312.400472541 1028334.7005261532 4238125.9764649235
v 4641312.751007845 1028334.3092459203 4238125.536024563
v 4641313.524633951 1028335.47064592 4238125.693145972
v 4641314.207719181 1028335.7262004222 4238123.430898458
v 4641314.489268177 1028335.4759506335 4238122.136498587
v 4641320.530792771 1028335.1992587106 4238116.7052034885
v 4641321.4960192125 1028335.4131147409 4238116.473124403
v 4641320.515602626 1028335.7690481114 4238115.459240931
v 4641319.61632074 1028335.41348795 4238116.318604488
v 4641318.151476066 1028338.4236560639 4238117.186574944
v 4641319.61632074 1028335.41348795 4238116.318604488
v 4641321.129067172 1028336.5823327214 4238114.289036724
v 4641319.456120613 1028339.3900786004 4238115.457739858
v 4641318.772577692 1028339.3428425578 4238117.312272213
v 4641317.088566967 1028337.4586875213 4238118.754386081
v 4641316.876723813 1028337.9328012344 4238120.302582125
v 4641316.199261858 1028337.4179677365 4238121.623902844
v 4641314.789939502 1028338.1999226913 4238121.510915423
v 4641314.615763915 1028336.9629171239 4238121.640515533
v 4641312.840458361 1028339.0706194267 4238123.703008681
v 4641313.809848916 1028337.2533029695 4238122.856354669
v 4641313.809848916 1028337.2533029695 4238122.856354669
v 4641313.524633951 1028335.47064592 4238125.693145972
v 4641313.524633951 1028335.47064592 4238125.693145972
v 4641312.736574879 1028336.8591932673 4238124.451286657
v 4641312.400472541 1028334.7005261532 4238125.9764649235
v 4641314.207719181 1028335.7262004222 4238123.430898458
v 4641314.489268177 1028335.4759506335 4238122.136498587
v 4641314.489268177 1028335.4759506335 4238122.136498587
v 4641315.4007316725 1028335.9384200574 4238121.084686081
v 4641316.199261858 1028337.4179677365 4238121.623902844
v 4641314.615763915 1028336.9629171239 4238121.640515533
v 4641315.4007316725 1028335.9384200574 4238121.084686081
v 4641318.318690039 1028334.13598924 4238118.217071113
v 4641318.318690039 1028334.13598924 4238118.217071113
v 4641319.8552600425 1028334.2680124327 4238118.917512458
v 4641314.789939502 1028338.1999226913 4238121.510915423
v 4641339.251187122 1028340.0265232965 4238114.727942973
v 4641341.238245305 1028340.4667751355 4238116.485067782
v 4641340.853509163 1028341.2626322383 4238112.686992958
v 4641339.2032874515 1028339.9231633906 4238114.804960263
v 4641340.477534827 1028340.0663642342 4238116.29697374
v 4641339.063951683 1028339.7531713019 4238114.997502423
v 4641339.515618704 1028338.8330224592 4238114.72794297
v 4641340.477534827 1028340.0663642342 4238116.29697374
v 4641339.063951683 1028339.7531713019 4238114.997502423
v 4641339.661455687 1028338.494344949 4238114.650926033
v 4641341.682741182 1028339.7305320062 4238117.0792649025
v 4641344.06240167 1028341.5562304896 4238118.128354658
v 4641343.768186525 1028341.0273079305 4238119.158419044
v 4641343.77050149 1028340.3322162802 4238119.164555676
v 4641343.768186525 1028341.0273079305 4238119.158419044
v 4641344.158039484 1028342.1339036163 4238121.592126471
v 4641344.560127211 1028342.6403527446 4238120.026472129
v 4641344.06240167 1028341.5562304896 4238118.128354658
v 4641343.768186525 1028341.0273079305 4238119.158419044
v 4641344.12207248 1028341.3375829546 4238121.823177628
v 4641343.77050149 1028340.3322162802 4238119.164555676
v 4641344.560127211 1028342.6403527446 4238120.026472129
v 4641346.539071585 1028343.7280373123 4238118.564837484
v 4641346.240082564 1028343.7545406931 4238117.612710473
v 4641344.158039484 1028342.1339036163 4238121.592126471
v 4641347.300543783 1028342.969276545 4238117.972328222
v 4641346.539071585 1028343.7280373123 4238118.564837484
v 4641344.158039484 1028342.1339036163 4238121.592126471
v 4641345.130696905 1028341.7001742966 4238120.691549294
v 4641344.12207248 1028341.3375829546 4238121.823177628
v 4641345.194419501 1028340.4158308187 4238120.984735482
v 4641345.860365996 1028340.7952458485 4238121.0161871025
v 4641347.4607599415 1028342.1236748764 4238119.06099924
v 4641347.473290331 1028340.2715056308 4238119.546727952
v 4641348.362486413 1028341.1641201226 4238120.429662571
v 4641348.80289068 1028341.261695917 4238119.026787117
v 4641347.473290331 1028340.2715056308 4238119.546727952
v 4641348.855718232 1028341.2270267368 4238121.360771036
v 4641327.491301935 1028377.2249161673 4238109.69522002
v 4641326.549510491 1028377.01624676 4238108.456322007
v 4641326.193716327 1028376.9374146969 4238108.72626056
v 4641327.04281417 1028377.125546311 4238109.730694553
v 4641327.522243152 1028377.2317716975 4238110.544553953
v 4641327.491301935 1028377.2249161673 4238109.69522002
v 4641327.04281417 1028377.125546311 4238109.730694553
v 4641327.047112885 1028377.1264987568 4238110.406284283
v 4641327.329493717 1028377.1890648737 4238111.785265998
v 4641327.005618668 1028377.1173050221 4238111.338282474
v 4641324.545872488 1028376.572307712 4238111.763648223
v 4641325.082755313 1028376.6912629541 4238111.287048138
v 4641324.795098093 1028376.6275277598 4238110.798732269
v 4641324.034524305 1028376.4590100949 4238111.666710818
v 4641325.668752767 1028376.8211003368 4238112.795884862
v 4641324.545872488 1028376.572307712 4238111.763648223
v 4641324.034524305 1028376.4590100949 4238111.666710818
v 4641325.300191196 1028376.7394394419 4238113.352592079
v 4641325.665560859 1028376.8203931164 4238112.8675771365
v 4641325.650268849 1028376.7028098556 4238112.980601678
v 4641325.764638536 1028376.842345408 4238112.958656845
v 4641325.300191196 1028376.7394394419 4238113.352592079
v 4641322.390630502 1028373.4683016216 4238114.720185346
v 4641322.378571698 1028373.5227268381 4238114.720185346
v 4641321.946084375 1028373.5981942525 4238114.355866513
v 4641321.961293873 1028373.3731750186 4238114.325506585
v 4641322.402689512 1028373.4138754741 4238114.720185346
v 4641322.19877654 1028373.0832090037 4238114.477306072
v 4641322.7990002185 1028373.5016846403 4238115.084504178
v 4641322.402689512 1028373.4138754741 4238114.720185346
v 4641322.19877654 1028373.0832090037 4238114.477306072
v 4641322.89547106 1028373.0662810463 4238115.084504179
v 4641324.008899251 1028373.8268557234 4238116.207820605
v 4641324.105370298 1028373.3914511983 4238116.207820605
v 4641325.960577647 1028374.0879901192 4238117.968694987
v 4641326.044989685 1028373.7070117417 4238117.968694988
v 4641327.224469838 1028374.4822203424 4238119.152731192
v 4641327.407959466 1028374.1231942372 4238119.243810821
v 4641328.764083789 1028375.5085156017 4238120.70108615
v 4641328.644583234 1028374.7968698611 4238120.4582070345
v 4641329.36702706 1028372.7872408112 4238120.701086151
v 4641329.143666173 1028374.1080873982 4238120.761806009
v 4641328.747355467 1028374.020278232 4238120.397487177
v 4641328.937690432 1028372.692114208 4238120.30640739
v 4641329.695766999 1028371.1471589655 4238120.670726224
v 4641329.2905480815 1028370.9431814638 4238120.276047463
v 4641329.707825802 1028371.092733749 4238120.670726224
v 4641329.5159720145 1028370.7076411693 4238120.427847109
v 4641332.689515725 1028357.4790446867 4238120.640366307
v 4641332.788593489 1028357.5009969973 4238120.731446095
v 4641332.4730003495 1028357.8307533934 4238120.518926908
v 4641332.331988454 1028357.6853153103 4238120.367127262
v 4641332.713633435 1028357.3701937882 4238120.640366307
v 4641332.689515725 1028357.4790446867 4238120.640366307
v 4641332.331988454 1028357.6853153103 4238120.367127262
v 4641332.317322728 1028357.2823846219 4238120.276047475
v 4641332.897667459 1028356.3832174103 4238120.6100066975
v 4641332.501356752 1028356.295408244 4238120.245687865
v 4641333.262583911 1028354.5798594495 4238120.57964677
v 4641332.866273205 1028354.4920502834 4238120.215327937
v 4641333.319727646 1028354.4783255224 4238120.610006699
v 4641332.97165236 1028354.1728145592 4238120.245687867
v 4641333.39208088 1028354.1517723612 4238120.610006699
v 4641333.407455228 1028354.6119580786 4238120.414317387
v 4641334.027505747 1028352.0657657841 4238120.761806029
v 4641332.97165236 1028354.1728145592 4238120.245687867
v 4641333.700397578 1028351.8219974743 4238120.427847126
v 4641334.097252059 1028351.2818567182 4238120.670726242
v 4641335.267900807 1028352.7973740635 4238119.304203641
v 4641334.097252059 1028351.2818567182 4238120.670726242
v 4641333.700397578 1028351.8219974743 4238120.427847126
v 4641335.971997855 1028352.9533783778 4238118.160429117
v 4641321.94119929 1028375.0245448843 4238103.0614175275
v 4641322.972701458 1028373.7685612361 4238102.378156229
v 4641323.463266354 1028375.7614651826 4238103.269565954
v 4641327.329493717 1028377.1890648737 4238111.785265998
v 4641327.292816989 1028375.8106026817 4238109.843719015
v 4641327.738319286 1028376.765770614 4238109.673275187
v 4641327.738319286 1028376.765770614 4238109.673275187
v 4641324.205996514 1028376.3257104823 4238111.716458261
v 4641324.674970961 1028376.2012303584 4238110.759957402
v 4641324.205996514 1028376.3257104823 4238111.716458261
v 4641324.56348247 1028375.9481390865 4238112.031029652
v 4641325.969598016 1028375.7458108345 4238112.999989191
v 4641322.9217973 1028373.4717953216 4238114.1415332155
v 4641323.450233333 1028372.5040303344 4238113.595798336
v 4641323.014870172 1028372.1791783181 4238114.4198872205
v 4641323.014870172 1028372.1791783181 4238114.4198872205
v 4641326.196203604 1028373.5692235737 4238117.701313401
v 4641329.235253003 1028374.1283799739 4238120.248988696
v 4641330.124952438 1028372.3271012724 4238119.783361188
v 4641329.273286572 1028374.1939049546 4238120.668168901
v 4641330.579700488 1028371.9139828561 4238119.728498788
v 4641330.124952438 1028372.3271012724 4238119.783361188
v 4641329.273286572 1028374.1939049546 4238120.668168901
v 4641330.579700488 1028371.9139828561 4238119.728498788
v 4641329.273286572 1028374.1939049546 4238120.668168901
v 4641329.707825802 1028371.092733749 4238120.670726224
v 4641333.923650606 1028358.7231422388 4238119.202151432
v 4641334.719587667 1028359.4133710394 4238119.735099783
v 4641334.070653111 1028358.4131288432 4238120.614050752
v 4641334.331086382 1028356.5866204348 4238119.0697393
v 4641333.923650606 1028358.7231422388 4238119.202151432
v 4641334.342024755 1028354.7619293456 4238119.769831149
v 4641337.07029337 1028354.7954488843 4238116.793906516
v 4641338.531145583 1028355.4046119519 4238115.05795048
v 4641338.37870122 1028355.028251181 4238114.702047099
v 4641326.647865974 1028375.2109248522 4238110.2815437205
v 4641325.27208778 1028374.620611356 4238109.334528898
v 4641327.292816989 1028375.8106026817 4238109.843719015
v 4641324.819658032 1028374.2919789357 4238109.769796479
v 4641325.08695269 1028375.0934679311 4238111.055141441
v 4641324.8171117185 1028375.2620693692 4238110.62754527
v 4641324.674970961 1028376.2012303584 4238110.759957402
v 4641324.205996514 1028376.3257104823 4238111.716458261
v 4641324.56348247 1028375.9481390865 4238112.031029652
v 4641325.855373866 1028375.035335152 4238111.866443796
v 4641325.08695269 1028375.0934679311 4238111.055141441
v 4641324.56348247 1028375.9481390865 4238112.031029652
v 4641325.969598016 1028375.7458108345 4238112.999989191
v 4641322.916811468 1028372.3287439152 4238112.72121967
v 4641324.511231524 1028372.7391119757 4238112.929367424
v 4641323.450233333 1028372.5040303344 4238113.595798336
v 4641321.939036015 1028371.3698371567 4238112.723032754
v 4641322.916811468 1028372.3287439152 4238112.72121967
v 4641323.450233333 1028372.5040303344 4238113.595798336
v 4641323.043473675 1028371.6716405574 4238113.898653942
v 4641323.043473675 1028371.6716405574 4238113.898653942
v 4641323.662601495 1028371.0665530587 4238114.323692634
v 4641323.043473675 1028371.6716405574 4238113.898653942
v 4641327.058552313 1028371.704786847 4238117.348710514
v 4641327.89513185 1028370.5769069857 4238116.370265453
v 4641329.9072284 1028371.0798171696 4238118.007142878
v 4641329.9072284 1028371.0798171696 4238118.007142878
v 4641332.001857635 1028372.0577931012 4238120.25633321
v 4641331.537451507 1028372.1261883731 4238120.608936098
v 4641332.001857635 1028372.0577931012 4238120.25633321
v 4641330.579700488 1028371.9139828561 4238119.728498788
v 4641333.430739454 1028368.3775723848 4238118.704350191
v 4641333.533714707 1028370.7984757703 4238120.458623507
v 4641336.199156888 1028368.7054741953 4238121.193862159
v 4641335.406433825 1028366.9311083251 4238119.557728421
v 4641333.430739454 1028368.3775723848 4238118.704350191
v 4641336.199156888 1028368.7054741953 4238121.193862159
v 4641337.210134607 1028365.161049455 4238119.451304787
v 4641337.249623253 1028367.8533731389 4238121.27727006
v 4641337.210134607 1028365.161049455 4238119.451304787
v 4641337.249623253 1028367.8533731389 4238121.27727006
v 4641337.320559504 1028367.412311687 4238121.850807549
v 4641335.931290666 1028360.8237903145 4238116.443860942
v 4641336.973742413 1028361.8541251876 4238117.034971832
v 4641336.256231568 1028360.7244944555 4238117.679458462
v 4641335.912766141 1028360.534199218 4238116.6699094735
v 4641337.367037065 1028357.4305774781 4238115.699879432
v 4641335.931290666 1028360.8237903145 4238116.443860942
v 4641335.912766141 1028360.534199218 4238116.6699094735
v 4641336.4466711525 1028358.6540881518 4238116.474220873
v 4641335.423665594 1028358.313229826 4238117.601164495
v 4641334.232123408 1028359.9334357136 4238118.438783115
v 4641334.232123408 1028359.9334357136 4238118.438783115
v 4641336.774538036 1028356.2715473946 4238116.895958719
v 4641337.003249407 1028358.14933684 4238115.446028254
v 4641338.417567183 1028355.6649329809 4238114.710462195
v 4641324.27574545 1028373.2008115222 4238109.603724279
v 4641323.247520688 1028372.4591160488 4238108.110974382
v 4641322.942651187 1028372.9625395691 4238108.389328385
v 4641324.819658032 1028374.2919789357 4238109.769796479
v 4641324.27574545 1028373.2008115222 4238109.603724279
v 4641325.27208778 1028374.620611356 4238109.334528898
v 4641324.254592258 1028373.5387088874 4238110.770186453
v 4641324.8171117185 1028375.2620693692 4238110.62754527
v 4641325.08695269 1028375.0934679311 4238111.055141441
v 4641324.254592258 1028373.5387088874 4238110.770186453
v 4641324.8171117185 1028375.2620693692 4238110.62754527
v 4641324.650738116 1028372.9413131024 4238111.29983467
v 4641326.558081709 1028373.4781115638 4238112.7022477565
v 4641325.855373866 1028375.035335152 4238111.866443796
v 4641324.420581329 1028372.5477348322 4238111.917261666
v 4641325.568288422 1028372.7449302293 4238112.662729364
v 4641322.207288982 1028370.9153967138 4238111.451961056
v 4641324.420581329 1028372.5477348322 4238111.917261666
v 4641322.916811468 1028372.3287439152 4238112.72121967
v 4641321.939036015 1028371.3698371567 4238112.723032754
v 4641321.741487668 1028369.7844390954 4238111.346608006
v 4641321.741487668 1028369.7844390954 4238111.346608006
v 4641321.939036015 1028371.3698371567 4238112.723032754
v 4641326.003121497 1028370.3289925383 4238114.813495399
v 4641329.208451713 1028368.7552933067 4238116.197264503
v 4641329.208451713 1028368.7552933067 4238116.197264503
v 4641332.245584277 1028367.6582031893 4238117.376929357
v 4641329.208451713 1028368.7552933067 4238116.197264503
v 4641333.358869712 1028366.6487286254 4238117.634082056
v 4641334.589675208 1028365.6081954031 4238117.838929673
v 4641336.9280916955 1028363.6140277613 4238118.15754473
v 4641335.862253079 1028361.6649539439 4238116.248171629
v 4641336.9280916955 1028363.6140277613 4238118.15754473
v 4641336.973742413 1028361.8541251876 4238117.034971832
v 4641335.931290666 1028360.8237903145 4238116.443860942
v 4641334.593023822 1028359.842107557 4238115.005973126
v 4641337.003249407 1028358.14933684 4238115.446028254
v 4641331.616875832 1028359.4681793737 4238112.549377718
v 4641333.050580824 1028353.9048153658 4238110.561384363
v 4641334.353360522 1028353.8508844428 4238110.722342334
v 4641333.291027443 1028353.8438961807 4238111.87964624
v 4641329.9435754055 1028353.4447972744 4238105.1376070855
v 4641327.23949593 1028354.6727780866 4238103.155798144
v 4641328.080004155 1028352.0041397262 4238103.224933456
v 4641329.752306602 1028352.6030560104 4238104.731955908
v 4641319.873680247 1028367.4292863691 4238107.685519226
v 4641321.628203141 1028366.5618885428 4238106.666485585
v 4641321.578942681 1028367.1219474443 4238105.836538924
v 4641321.735837743 1028366.4144446452 4238108.150076469
v 4641322.816783889 1028366.5397514977 4238109.12159325
v 4641321.735837743 1028366.4144446452 4238108.150076469
v 4641319.873680247 1028367.4292863691 4238107.685519226
v 4641321.354960954 1028368.2142668162 4238108.538897135
v 4641323.850326458 1028367.4539178207 4238109.682344602
v 4641326.099993186 1028372.6343490576 4238109.525103253
v 4641325.385627591 1028371.8479991949 4238107.701695335
v 4641324.955607617 1028372.4378895821 4238111.0214806665
v 4641326.099993186 1028372.6343490576 4238109.525103253
v 4641324.27574545 1028373.2008115222 4238109.603724279
v 4641324.650738116 1028372.9413131024 4238111.29983467
v 4641324.254592258 1028373.5387088874 4238110.770186453
v 4641322.207288982 1028370.9153967138 4238111.451961056
v 4641324.584315575 1028371.3849690881 4238111.611105214
v 4641324.420581329 1028372.5477348322 4238111.917261666
v 4641323.701615464 1028368.7913043111 4238111.154963069
v 4641321.741487668 1028369.7844390954 4238111.346608006
v 4641323.225776558 1028368.6287768262 4238111.303462578
v 4641326.003121497 1028370.3289925383 4238114.813495399
v 4641323.225776558 1028368.6287768262 4238111.303462578
v 4641321.741487668 1028369.7844390954 4238111.346608006
v 4641323.68430195 1028367.7597165569 4238111.014136159
v 4641325.65565339 1028368.4819881351 4238113.254911394
v 4641328.172529677 1028367.1554318467 4238114.307278974
v 4641329.208451713 1028368.7552933067 4238116.197264503
v 4641330.178868543 1028367.3715801289 4238115.8834364815
v 4641330.178868543 1028367.3715801289 4238115.8834364815
v 4641331.100885001 1028365.5203642625 4238115.734937843
v 4641332.428409017 1028365.0722338641 4238115.691791546
v 4641333.408882408 1028363.9762354558 4238116.114272758
v 4641334.083318425 1028361.955969597 4238115.118997745
v 4641333.408882408 1028363.9762354558 4238116.114272758
v 4641334.589675208 1028365.6081954031 4238117.838929673
v 4641332.945690619 1028360.961643946 4238114.078345301
v 4641328.970606496 1028360.4805800711 4238110.352492996
v 4641329.602213879 1028358.679213858 4238110.780088299
v 4641335.218184129 1028354.7847648626 4238110.1689356025
v 4641333.247084907 1028354.5764254695 4238110.117701686
v 4641334.249294492 1028355.0268706622 4238111.2326027285
v 4641334.47242177 1028354.4482377925 4238109.972503223
v 4641334.47242177 1028354.4482377925 4238109.972503223
v 4641335.218184129 1028354.7847648626 4238110.1689356025
v 4641333.247084907 1028354.5764254695 4238110.117701686
v 4641331.810930083 1028353.9156374921 4238109.25335112
v 4641333.247084907 1028354.5764254695 4238110.117701686
v 4641333.050580824 1028353.9048153658 4238110.561384363
v 4641326.596904186 1028353.5026496276 4238103.932696553
v 4641326.80699519 1028352.9782253881 4238104.238852811
v 4641326.392117881 1028352.4295232075 4238104.141915248
v 4641329.176088066 1028355.6728353418 4238104.823035694
v 4641326.450208974 1028356.2679156812 4238103.221632287
v 4641329.456551475 1028354.0791535897 4238104.834008112
v 4641326.986618775 1028362.553277188 4238104.3895819
v 4641325.654109502 1028361.8583565323 4238103.012413942
v 4641325.102099451 1028362.3070228595 4238103.436709106
v 4641323.7614236735 1028359.440594372 4238105.585988247
v 4641324.810046971 1028360.1297127033 4238103.802841733
v 4641324.19413059 1028361.9916527359 4238104.29627185
v 4641323.572291742 1028362.8816259296 4238104.894311492
v 4641322.904709518 1028361.0778896431 4238106.123307319
v 4641321.435041999 1028364.8061706539 4238108.320519784
v 4641322.957424893 1028365.1434796653 4238109.645382981
v 4641323.987693424 1028365.7143366019 4238110.360491618
v 4641324.649290822 1028367.4596494328 4238110.308930381
v 4641324.655006778 1028367.5751104711 4238110.410982267
v 4641326.644470908 1028372.0127225867 4238108.538243336
v 4641327.221019242 1028370.3133512269 4238108.116505139
v 4641326.049318004 1028370.7389099379 4238107.247040243
v 4641325.385627591 1028371.8479991949 4238107.701695335
v 4641326.644470908 1028372.0127225867 4238108.538243336
v 4641326.242614657 1028371.9807817405 4238110.344077179
v 4641326.644470908 1028372.0127225867 4238108.538243336
v 4641325.613732847 1028370.128522514 4238111.746818196
v 4641326.148470272 1028368.8195694918 4238111.140363458
v 4641324.655006778 1028367.5751104711 4238110.410982267
v 4641323.68430195 1028367.7597165569 4238111.014136159
v 4641324.649290822 1028367.4596494328 4238110.308930381
v 4641325.337661943 1028366.8699044171 4238110.722996337
v 4641324.649290822 1028367.4596494328 4238110.308930381
v 4641323.68430195 1028367.7597165569 4238111.014136159
v 4641326.294498472 1028366.1683499792 4238112.096863609
v 4641326.54912977 1028366.2247677367 4238112.5548195485
v 4641326.54912977 1028366.2247677367 4238112.5548195485
v 4641327.423619705 1028364.6485082692 4238112.11955197
v 4641330.030099719 1028364.9405302991 4238114.385572296
v 4641330.030099719 1028364.9405302991 4238114.385572296
v 4641329.851639276 1028364.2729188028 4238113.651820462
v 4641331.180855589 1028363.3683847522 4238114.193183872
v 4641331.410078419 1028361.5920583792 4238113.079025931
v 4641331.180855589 1028363.3683847522 4238114.193183872
v 4641329.851639276 1028364.2729188028 4238113.651820462
v 4641331.778027487 1028354.4222236997 4238109.098994508
v 4641325.8103478905 1028356.069046375 4238103.965613445
v 4641325.91863047 1028354.551410672 4238104.213607166
v 4641326.450208974 1028356.2679156812 4238103.221632287
v 4641326.188105655 1028357.4659831818 4238103.149940365
v 4641328.577155646 1028357.1959540512 4238105.787951133
v 4641326.582331571 1028357.5533304221 4238104.333233123
v 4641326.188105655 1028357.4659831818 4238103.149940365
v 4641327.426270648 1028358.7680711885 4238103.666802015
v 4641326.998771746 1028357.6455996188 4238102.701143049
v 4641326.999815543 1028358.5593882059 4238104.521250829
v 4641327.9663509475 1028358.3738590353 4238105.556044433
v 4641326.999815543 1028358.5593882059 4238104.521250829
v 4641330.318284122 1028356.6110756366 4238105.259790009
v 4641329.923368912 1028357.7226194295 4238105.353426761
v 4641328.577155646 1028357.1959540512 4238105.787951133
v 4641325.095065094 1028356.7099261886 4238104.657290195
v 4641325.654109502 1028361.8583565323 4238103.012413942
v 4641325.66277057 1028360.9467183244 4238103.290767592
v 4641325.8509516865 1028361.0455102443 4238102.653952924
v 4641325.489172012 1028360.9082546964 4238104.101326102
v 4641326.561334047 1028361.4312964799 4238104.918486235
v 4641325.613845812 1028362.3633113583 4238104.567697101
v 4641324.892910047 1028361.9751868591 4238104.084496191
v 4641327.134393623 1028361.3869753545 4238104.441886309
v 4641326.561334047 1028361.4312964799 4238104.918486235
v 4641325.489172012 1028360.9082546964 4238104.101326102
v 4641325.66277057 1028360.9467183244 4238103.290767592
v 4641324.79347003 1028357.5566604048 4238104.781286877
v 4641323.942974168 1028358.5101652604 4238105.340551494
v 4641321.033083427 1028363.1754823648 4238109.218858265
v 4641320.63867109 1028363.4877750665 4238109.232387292
v 4641322.957424893 1028365.1434796653 4238109.645382981
v 4641323.798262606 1028363.8452506729 4238109.38385988
v 4641325.337661943 1028366.8699044171 4238110.722996337
v 4641327.590372579 1028365.6561097392 4238111.491152556
v 4641329.851639276 1028364.2729188028 4238113.651820462
v 4641327.909412947 1028363.5000026552 4238111.799866332
v 4641324.79347003 1028357.5566604048 4238104.781286877
v 4641325.131701093 1028357.91708725 4238106.640169328
v 4641325.975043285 1028355.4774669368 4238105.5622293055
v 4641325.095065094 1028356.7099261886 4238104.657290195
v 4641325.8103478905 1028356.069046375 4238103.965613445
v 4641325.91863047 1028354.551410672 4238104.213607166
v 4641323.942974168 1028358.5101652604 4238105.340551494
v 4641325.131701093 1028357.91708725 4238106.640169328
v 4641324.79347003 1028357.5566604048 4238104.781286877
v 4641324.913569476 1028363.7497813198 4238109.89486411
v 4641325.714054941 1028363.1277795645 4238108.833754279
v 4641324.402366925 1028363.0655427387 4238108.642436398
v 4641323.798262606 1028363.8452506729 4238109.38385988
v 4641321.033083427 1028363.1754823648 4238109.218858265
v 4641322.942177049 1028362.8562083094 4238107.69542138
v 4641321.516599739 1028362.9400294102 4238108.477434073
v 4641326.986896538 1028363.8094798456 4238110.006818146
v 4641326.837901941 1028368.5726431946 4238109.905509464
v 4641326.148470272 1028368.8195694918 4238111.140363458
v 4641324.655006778 1028367.5751104711 4238110.410982267
v 4641327.1840709075 1028371.3329163649 4238109.476099339
v 4641327.441669038 1028369.2773906259 4238109.078863614
v 4641327.221019242 1028370.3133512269 4238108.116505139
v 4641326.644470908 1028372.0127225867 4238108.538243336
v 4641327.1840709075 1028371.3329163649 4238109.476099339
v 4641327.009978533 1028369.2388399981 4238110.7826457685
v 4641327.441669038 1028369.2773906259 4238109.078863614
v 4641327.009978533 1028369.2388399981 4238110.7826457685
v 4641336.593069966 1028357.5445789818 4238117.05873078
v 4641329.606123698 1028377.2938085351 4238108.875175668
v 4641328.775240876 1028377.2810048573 4238108.965511929
v 4641328.86378709 1028376.2157740431 4238109.806430688
v 4641322.873931681 1028376.2018617368 4238102.9879121315
v 4641323.520574626 1028376.3451361379 4238103.134596855
v 4641322.962326568 1028376.2214470842 4238102.54678642
v 4641323.463266354 1028375.7614651826 4238103.269565954
v 4641321.94119929 1028375.0245448843 4238103.0614175275
v 4641322.022749011 1028376.0132681889 4238102.802451391
v 4641322.962326568 1028376.2214470842 4238102.54678642
v 4641321.8043355765 1028375.9648750966 4238102.303163778
v 4641321.114112621 1028375.8119448124 4238103.907450888
v 4641322.022749011 1028376.0132681889 4238102.802451391
v 4641321.8043355765 1028375.9648750966 4238102.303163778
v 4641320.684776339 1028375.716818286 4238103.512772446
v 4641319.876324794 1028375.5376925067 4238105.456132709
v 4641319.443796604 1028375.44185876 4238105.133146541
v 4641319.0401240615 1028375.3524184447 4238106.478467516
v 4641318.535160214 1028375.2405353835 4238106.23814604
v 4641319.066766167 1028375.3583214409 4238106.652211995
v 4641318.6150858365 1028375.2582442185 4238106.759378839
v 4641319.126434193 1028375.371541874 4238106.8563164035
v 4641319.266173674 1028374.8315301002 4238106.426163464
v 4641319.123242285 1028375.3708346536 4238106.928008678
v 4641318.6150858365 1028375.2582442185 4238106.759378839
v 4641318.704588498 1028375.278075006 4238107.065534743
v 4641319.25534597 1028375.4001044013 4238107.049448395
v 4641319.123242285 1028375.3708346536 4238106.928008678
v 4641318.704588498 1028375.278075006 4238107.065534743
v 4641319.001821789 1028375.3439319382 4238107.3387741055
v 4641320.543355508 1028375.6854841339 4238108.233484361
v 4641320.557230603 1028375.6885583865 4238108.69399723
v 4641322.890149486 1028376.2054550264 4238107.256525919
v 4641320.543355508 1028375.6854841339 4238108.233484361
v 4641320.557230603 1028375.6885583865 4238108.69399723
v 4641323.108563267 1028376.2538481954 4238107.75581385
v 4641324.805522046 1028376.6298373897 4238106.703862641
v 4641324.91528234 1028376.654156587 4238107.32714761
v 4641325.135780911 1028376.7030116821 4238107.007461615
v 4641324.805522046 1028376.6298373897 4238106.703862641
v 4641324.91528234 1028376.654156587 4238107.32714761
v 4641324.81758085 1028376.5754121732 4238106.703862641
v 4641327.738319286 1028376.765770614 4238109.673275187
v 4641326.549510491 1028377.01624676 4238108.456322007
v 4641324.91528234 1028376.654156587 4238107.32714761
v 4641326.193716327 1028376.9374146969 4238108.72626056
v 4641327.329493717 1028377.1890648737 4238111.785265998
v 4641327.329493717 1028377.1890648737 4238111.785265998
v 4641327.005618668 1028377.1173050221 4238111.338282474
v 4641327.329493717 1028377.1890648737 4238111.785265998
v 4641326.234362488 1028376.9464205012 4238111.6740553295
v 4641327.005618668 1028377.1173050221 4238111.338282474
v 4641326.223679474 1028376.9440535073 4238111.141850345
v 4641326.132092816 1028376.9237609701 4238111.654667817
v 4641326.803625639 1028376.1018955264 4238110.441758658
v 4641326.072424963 1028376.9105405754 4238111.450563568
v 4641326.223679474 1028376.9440535073 4238111.141850345
v 4641325.082755313 1028376.6912629541 4238111.287048138
v 4641326.223679474 1028376.9440535073 4238111.141850345
v 4641324.795098093 1028376.6275277598 4238110.798732269
v 4641325.689010883 1028376.8255888539 4238113.113013731
v 4641325.650268849 1028376.7028098556 4238112.980601678
v 4641325.764638536 1028376.842345408 4238112.958656845
v 4641325.300191196 1028376.7394394419 4238113.352592079
v 4641326.098949034 1028375.8886657385 4238114.1858393485
v 4641325.650268849 1028376.7028098556 4238112.980601678
v 4641325.689010883 1028376.8255888539 4238113.113013731
v 4641325.828605501 1028376.8565183367 4238113.838350549
v 4641325.300191196 1028376.7394394419 4238113.352592079
v 4641325.31765565 1028376.6862119256 4238114.775463935
v 4641326.098949034 1028375.8886657385 4238114.1858393485
v 4641325.828605501 1028376.8565183367 4238113.838350549
v 4641325.381224455 1028376.7573936866 4238114.621107008
v 4641325.300191196 1028376.7394394419 4238113.352592079
v 4641324.9486959195 1028376.6615598631 4238114.298120521
v 4641325.305596846 1028376.7406371421 4238114.775463935
v 4641324.800633231 1028376.6287541323 4238114.53514139
v 4641325.29921361 1028376.7392228296 4238114.918847735
v 4641324.827275249 1028376.6346571093 4238114.708885789
v 4641325.18098429 1028376.7130271727 4238115.257921497
v 4641324.893203455 1028376.1353882697 4238114.893602685
v 4641324.109303193 1028376.4755785615 4238115.392147523
v 4641324.827275249 1028376.6346571093 4238114.708885789
v 4641323.821645973 1028376.4118433672 4238114.903831654
v 4641323.5851879995 1028376.3594522008 4238115.581978509
v 4641323.225095122 1028376.2796676919 4238115.176327331
v 4641323.4040994765 1028376.3193290522 4238115.788639528
v 4641322.974762849 1028376.2242024491 4238115.3939607665
v 4641323.331663818 1028376.3032797377 4238115.87130422
v 4641323.241370613 1028375.8835925336 4238115.934581478
v 4641323.156958575 1028376.2645709113 4238115.934581478
v 4641322.974762849 1028376.2242024491 4238115.3939607665
v 4641322.760647782 1028376.1767617258 4238115.570262566
v 4641323.269182983 1028374.976197249 4238115.782781912
v 4641322.760647782 1028376.1767617258 4238115.570262566
v 4641322.881780383 1028375.0045568838 4238115.44882301
v 4641322.909592839 1028374.0971616184 4238115.297023523
v 4641323.269182983 1028374.976197249 4238115.782781912
v 4641322.881780383 1028375.0045568838 4238115.44882301
v 4641322.540006489 1028374.3578578857 4238115.023784319
v 4641322.41159762 1028373.5300442751 4238114.750545275
v 4641322.042011268 1028373.7907405423 4238114.477306071
v 4641322.378571698 1028373.5227268381 4238114.720185346
v 4641321.946084375 1028373.5981942525 4238114.355866513
v 4641328.995809009 1028374.9317877379 4238120.792165938
v 4641328.764083789 1028375.5085156017 4238120.70108615
v 4641328.644583234 1028374.7968698611 4238120.4582070345
v 4641329.273286572 1028374.1939049546 4238120.668168901
v 4641329.116397664 1028374.3875327798 4238120.792165938
v 4641328.644583234 1028374.7968698611 4238120.4582070345
v 4641329.143666173 1028374.1080873982 4238120.761806009
v 4641328.644583234 1028374.7968698611 4238120.4582070345
v 4641328.747355467 1028374.020278232 4238120.397487177
v 4641329.773877645 1028371.1073686228 4238120.731446083
v 4641329.707825802 1028371.092733749 4238120.670726224
v 4641329.5159720145 1028370.7076411693 4238120.427847109
v 4641329.804296747 1028370.6573296894 4238120.670726225
v 4641330.521414334 1028371.3300947348 4238121.429723818
v 4641330.452755916 1028370.8581040329 4238121.27792449
v 4641330.668727518 1028371.1343452485 4238121.520803605
v 4641330.521414334 1028371.3300947348 4238121.429723818
v 4641330.452755916 1028370.8581040329 4238121.27792449
v 4641331.580830469 1028370.7654633283 4238121.502159621
v 4641331.254829315 1028370.5219407785 4238121.915482367
v 4641330.452755916 1028370.8581040329 4238121.27792449
v 4641330.984864777 1028370.176639007 4238121.611883394
v 4641331.390083695 1028370.3806165087 4238122.006562156
v 4641336.286870188 1028367.0690859586 4238122.445546737
v 4641333.59662954 1028367.6149655202 4238123.403117311
v 4641330.984864777 1028370.176639007 4238121.611883394
v 4641333.248554652 1028367.309454401 4238123.038798797
v 4641334.9884996535 1028365.8678534674 4238124.283554623
v 4641334.619457699 1028365.500599462 4238123.88887618
v 4641335.039885796 1028365.4795575364 4238124.253194694
v 4641334.9884996535 1028365.8678534674 4238124.283554623
v 4641334.619457699 1028365.500599462 4238123.88887618
v 4641336.286870188 1028367.0690859586 4238122.445546737
v 4641335.076103625 1028365.4875821937 4238124.211862349
v 4641335.051944651 1028365.4251320872 4238124.253194694
v 4641335.076103625 1028365.4875821937 4238124.211862349
v 4641335.039885796 1028365.4795575364 4238124.253194694
v 4641334.619457699 1028365.500599462 4238123.88887618
v 4641334.631516554 1028365.4461740126 4238123.88887618
v 4641335.030977584 1028365.363389201 4238124.222834765
v 4641335.648058669 1028363.1020260542 4238120.9663265785
v 4641334.32809482 1028362.1243983561 4238122.978078944
v 4641334.631516554 1028365.4461740126 4238123.88887618
v 4641333.895607868 1028362.1998657308 4238122.613760429
v 4641334.175567894 1028361.4054355673 4238122.704839581
v 4641333.764047983 1028361.5426459445 4238122.370880996
v 4641334.091700375 1028361.1584639433 4238122.583400501
v 4641333.641396334 1028361.0015943772 4238122.158361492
v 4641334.002074596 1028360.6247300457 4238122.401240926
v 4641335.232434757 1028359.9837795564 4238119.175835876
v 4641334.410067562 1028359.6302784323 4238120.700015579
v 4641333.550252027 1028358.7546041855 4238121.642243334
v 4641333.641396334 1028361.0015943772 4238122.158361492
v 4641333.141882413 1028358.7212207014 4238121.277924501
v 4641333.481593366 1028358.2826129413 4238121.490443688
v 4641334.070653111 1028358.4131288432 4238120.614050752
v 4641332.788593489 1028357.5009969973 4238120.731446095
v 4641334.070653111 1028358.4131288432 4238120.614050752
v 4641333.481593366 1028358.2826129413 4238121.490443688
v 4641333.141882413 1028358.7212207014 4238121.277924501
v 4641332.4730003495 1028357.8307533934 4238120.518926908
v 4641334.031200563 1028351.2672219212 4238120.610006702
v 4641335.971997855 1028352.9533783778 4238118.160429117
v 4641334.097252059 1028351.2818567182 4238120.670726242
v 4641333.700397578 1028351.8219974743 4238120.427847126
v 4641332.173399794 1028351.8833472274 4238117.310679113
v 4641332.583818691 1028351.2320168146 4238119.334890629
v 4641333.700397578 1028351.8219974743 4238120.427847126
v 4641332.553399486 1028351.6820562136 4238119.395610487
v 4641331.478754454 1028351.2155617534 4238118.36337369
v 4641331.427368338 1028351.6038575679 4238118.393733619
v 4641330.776302696 1028350.9457269307 4238117.695455884
v 4641330.646805934 1028351.3738130879 4238117.665095954
v 4641328.695671397 1028350.484728789 4238115.782781934
v 4641328.61125936 1028350.8657071665 4238115.782781934
v 4641327.770946472 1028350.2798407472 4238114.932704712
v 4641327.674475632 1028350.7152443413 4238114.932704712
v 4641327.275558002 1028350.1700792703 4238114.477306092
v 4641327.770946472 1028350.2798407472 4238114.932704712
v 4641327.674475632 1028350.7152443413 4238114.932704712
v 4641327.191145964 1028350.5510576479 4238114.477306092
v 4641322.937107342 1028349.2659210954 4238110.500158866
v 4641322.840636295 1028349.7013256205 4238110.500158866
v 4641322.705925895 1028349.214699037 4238110.287639362
v 4641322.489410172 1028349.5664076669 4238110.166199644
v 4641322.672899974 1028349.2073816002 4238110.257279432
v 4641322.705925895 1028349.214699037 4238110.287639362
v 4641322.489410172 1028349.5664076669 4238110.166199644
v 4641322.336340063 1028349.4753954194 4238110.014400635
v 4641322.381968562 1028348.8003377176 4238109.923320848
v 4641321.961539901 1028348.8213789075 4238109.559001697
v 4641322.625752793 1028348.1691837062 4238110.014400636
v 4641322.381968562 1028348.8003377176 4238109.923320848
v 4641321.961539901 1028348.8213789075 4238109.559001697
v 4641322.208474621 1028348.0196318098 4238109.619721556
v 4641322.857477321 1028347.5924556887 4238110.105479787
v 4641322.374148001 1028347.4282690721 4238109.6500814855
v 4641322.764701642 1028347.2293154966 4238109.953680779
v 4641323.247047828 1028347.9071606091 4238109.537800711
v 4641324.948175842 1028348.2840735785 4238106.847901331
v 4641322.722767407 1028347.1058301898 4238109.89296092
v 4641322.374148001 1028347.4282690721 4238109.6500814855
v 4641322.302338746 1028347.1268713798 4238109.52864177
v 4641322.7468852205 1028346.9969788258 4238109.89296092
v 4641322.3505741665 1028346.9091695828 4238109.52864177
v 4641324.425670501 1028347.3689413904 4238107.704906756
v 4641323.960115697 1028347.2657900533 4238107.351560022
v 4641325.594214888 1028347.6278516708 4238106.167196997
v 4641325.161686699 1028347.5320179241 4238105.84421083
v 4641326.252518383 1028347.7737096668 4238105.279831644
v 4641325.859399931 1028347.6866077977 4238104.843820856
v 4641327.075951795 1028347.9561549163 4238104.544265582
v 4641326.643423605 1028347.8603211696 4238104.221279414
v 4641327.414679266 1028348.0312055754 4238103.88550608
v 4641327.075951795 1028347.9561549163 4238104.544265582
v 4641326.643423605 1028347.8603211696 4238104.221279414
v 4641326.949125155 1028347.9280543918 4238103.532159983
v 4641327.813074764 1028348.1194766676 4238103.430850987
v 4641327.383738481 1028348.0243501412 4238103.036172545
v 4641328.504404491 1028348.2726521695 4238102.573845209
v 4641328.111285727 1028348.1855502314 4238102.137834775
v 4641322.737248987 1028372.1176668569 4238102.896088501
v 4641321.94119929 1028375.0245448843 4238103.0614175275
v 4641320.417729465 1028370.80437654 4238106.280221597
v 4641319.247484197 1028373.856734518 4238106.8175413795
v 4641319.247484197 1028373.856734518 4238106.8175413795
v 4641320.649904634 1028374.4529510408 4238107.938300166
v 4641320.649904634 1028374.4529510408 4238107.938300166
v 4641324.81758085 1028376.5754121732 4238106.703862641
v 4641323.451721556 1028373.9888900768 4238108.064527785
v 4641324.750655642 1028375.8183183192 4238107.0952409115
v 4641327.292816989 1028375.8106026817 4238109.843719015
v 4641324.750655642 1028375.8183183192 4238107.0952409115
v 4641327.292816989 1028375.8106026817 4238109.843719015
v 4641326.647865974 1028375.2109248522 4238110.2815437205
v 4641324.674970961 1028376.2012303584 4238110.759957402
v 4641325.969598016 1028375.7458108345 4238112.999989191
v 4641325.869921514 1028374.4104879977 4238114.519054846
v 4641325.869921514 1028374.4104879977 4238114.519054846
v 4641324.558192268 1028374.1769498081 4238114.369069272
v 4641324.059590162 1028375.1513249928 4238115.016856276
v 4641324.059590162 1028375.1513249928 4238115.016856276
v 4641322.9217973 1028373.4717953216 4238114.1415332155
v 4641329.235253003 1028374.1283799739 4238120.248988696
v 4641329.707825802 1028371.092733749 4238120.670726224
v 4641331.537451507 1028372.1261883731 4238120.608936098
v 4641331.537451507 1028372.1261883731 4238120.608936098
v 4641336.199156888 1028368.7054741953 4238121.193862159
v 4641337.320559504 1028367.412311687 4238121.850807549
v 4641336.573297173 1028366.6186727486 4238122.310577284
v 4641337.320559504 1028367.412311687 4238121.850807549
v 4641336.573297173 1028366.6186727486 4238122.310577284
v 4641336.256231568 1028360.7244944555 4238117.679458462
v 4641335.912766141 1028360.534199218 4238116.6699094735
v 4641336.256231568 1028360.7244944555 4238117.679458462
v 4641335.232434757 1028359.9837795564 4238119.175835876
v 4641334.232123408 1028359.9334357136 4238118.438783115
v 4641334.719587667 1028359.4133710394 4238119.735099783
v 4641334.719587667 1028359.4133710394 4238119.735099783
v 4641335.198019693 1028354.0951296168 4238114.644211069
v 4641338.37870122 1028355.028251181 4238114.702047099
v 4641335.334614458 1028353.2118368482 4238116.681952481
v 4641332.60667252 1028352.7216114277 4238114.86802985
v 4641330.916957324 1028351.3194755015 4238116.771872354
v 4641328.903836375 1028351.158921587 4238114.305048666
v 4641327.072119969 1028350.6388805532 4238112.748278453
v 4641328.903836375 1028351.158921587 4238114.305048666
v 4641323.8409418 1028350.2655430406 4238108.799677044
v 4641323.8409418 1028350.2655430406 4238108.799677044
v 4641323.773700556 1028349.9080614046 4238108.074340546
v 4641323.773700556 1028349.9080614046 4238108.074340546
v 4641325.451695206 1028349.8801675335 4238106.255719463
v 4641326.910904613 1028348.2621702073 4238104.309801244
v 4641326.910904613 1028348.2621702073 4238104.309801244
v 4641328.166591286 1028349.1113616595 4238102.73917459
v 4641322.974657835 1028368.6302349252 4238103.546432555
v 4641322.5207284205 1028367.8444914367 4238104.637902672
v 4641320.320846713 1028369.5267697559 4238106.693544346
v 4641320.495172495 1028370.8786333373 4238106.58637821
v 4641320.320846713 1028369.5267697559 4238106.693544346
v 4641320.417729465 1028370.80437654 4238106.280221597
v 4641320.495172495 1028370.8786333373 4238106.58637821
v 4641320.417729465 1028370.80437654 4238106.280221597
v 4641321.4474326 1028373.0880285249 4238108.148262352
v 4641322.942651187 1028372.9625395691 4238108.389328385
v 4641321.4474326 1028373.0880285249 4238108.148262352
v 4641325.27208778 1028374.620611356 4238109.334528898
v 4641322.942651187 1028372.9625395691 4238108.389328385
v 4641323.451721556 1028373.9888900768 4238108.064527785
v 4641324.8171117185 1028375.2620693692 4238110.62754527
v 4641324.819658032 1028374.2919789357 4238109.769796479
v 4641325.973210147 1028374.6046644383 4238112.930854317
v 4641325.855373866 1028375.035335152 4238111.866443796
v 4641327.116915012 1028373.1451519906 4238113.127286368
v 4641326.658850953 1028373.0436603467 4238113.377837842
v 4641327.116915012 1028373.1451519906 4238113.127286368
v 4641325.869921514 1028374.4104879977 4238114.519054846
v 4641324.558192268 1028374.1769498081 4238114.369069272
v 4641325.568288422 1028372.7449302293 4238112.662729364
v 4641324.511231524 1028372.7391119757 4238112.929367424
v 4641324.059590162 1028375.1513249928 4238115.016856276
v 4641322.9217973 1028373.4717953216 4238114.1415332155
v 4641323.450233333 1028372.5040303344 4238113.595798336
v 4641330.579700488 1028371.9139828561 4238119.728498788
v 4641333.533714707 1028370.7984757703 4238120.458623507
v 4641332.001857635 1028372.0577931012 4238120.25633321
v 4641337.249623253 1028367.8533731389 4238121.27727006
v 4641336.926592314 1028363.1569168784 4238118.8137469115
v 4641337.210134607 1028365.161049455 4238119.451304787
v 4641337.320559504 1028367.412311687 4238121.850807549
v 4641336.981232725 1028361.8557847849 4238117.638869642
v 4641336.973742413 1028361.8541251876 4238117.034971832
v 4641335.648358358 1028354.9371750545 4238112.590383345
v 4641338.417567183 1028355.6649329809 4238114.710462195
v 4641338.37870122 1028355.028251181 4238114.702047099
v 4641336.299218251 1028354.7387995714 4238113.495322455
v 4641335.648358358 1028354.9371750545 4238112.590383345
v 4641334.113834451 1028354.3116888313 4238111.3481843965
v 4641333.291027443 1028353.8438961807 4238111.87964624
v 4641331.314838592 1028353.2347468665 4238111.522255864
v 4641329.915574279 1028351.9540621683 4238112.808671253
v 4641329.915574279 1028351.9540621683 4238112.808671253
v 4641327.654914554 1028351.7957599851 4238109.453738055
v 4641325.06679477 1028351.1081243451 4238107.126997831
v 4641325.06679477 1028351.1081243451 4238107.126997831
v 4641325.394757116 1028350.838206581 4238106.018698514
v 4641325.394757116 1028350.838206581 4238106.018698514
v 4641327.016357657 1028351.1404009039 4238103.841616767
v 4641328.16704441 1028350.9956732756 4238102.284519496
v 4641327.016357657 1028351.1404009039 4238103.841616767
v 4641328.080004155 1028352.0041397262 4238103.224933456
v 4641322.5207284205 1028367.8444914367 4238104.637902672
v 4641323.284707987 1028366.0153574283 4238103.907450898
v 4641322.974657835 1028368.6302349252 4238103.546432555
v 4641321.578942681 1028367.1219474443 4238105.836538924
v 4641319.873680247 1028367.4292863691 4238107.685519226
v 4641321.578942681 1028367.1219474443 4238105.836538924
v 4641321.354960954 1028368.2142668162 4238108.538897135
v 4641319.873680247 1028367.4292863691 4238107.685519226
v 4641320.320846713 1028369.5267697559 4238106.693544346
v 4641321.215737798 1028369.7250476194 4238107.441569523
v 4641320.495172495 1028370.8786333373 4238106.58637821
v 4641321.215737798 1028369.7250476194 4238107.441569523
v 4641320.320846713 1028369.5267697559 4238106.693544346
v 4641321.236910354 1028370.6432963241 4238107.265268433
v 4641321.236910354 1028370.6432963241 4238107.265268433
v 4641322.219694076 1028371.660410764 4238107.652274915
v 4641321.236910354 1028370.6432963241 4238107.265268433
v 4641321.4474326 1028373.0880285249 4238108.148262352
v 4641322.942651187 1028372.9625395691 4238108.389328385
v 4641323.247520688 1028372.4591160488 4238108.110974382
v 4641324.27574545 1028373.2008115222 4238109.603724279
v 4641326.558081709 1028373.4781115638 4238112.7022477565
v 4641325.568288422 1028372.7449302293 4238112.662729364
v 4641326.558081709 1028373.4781115638 4238112.7022477565
v 4641327.116915012 1028373.1451519906 4238113.127286368
v 4641326.658850953 1028373.0436603467 4238113.377837842
v 4641324.420581329 1028372.5477348322 4238111.917261666
v 4641336.9280916955 1028363.6140277613 4238118.15754473
v 4641334.617647202 1028356.5930157113 4238112.904211366
v 4641331.616875832 1028359.4681793737 4238112.549377718
v 4641337.003249407 1028358.14933684 4238115.446028254
v 4641335.386131508 1028355.6213398417 4238112.642688107
v 4641334.249294492 1028355.0268706622 4238111.2326027285
v 4641334.113834451 1028354.3116888313 4238111.3481843965
v 4641334.249294492 1028355.0268706622 4238111.2326027285
v 4641335.648358358 1028354.9371750545 4238112.590383345
v 4641335.218184129 1028354.7847648626 4238110.1689356025
v 4641334.249294492 1028355.0268706622 4238111.2326027285
v 4641334.113834451 1028354.3116888313 4238111.3481843965
v 4641334.353360522 1028353.8508844428 4238110.722342334
v 4641333.291027443 1028353.8438961807 4238111.87964624
v 4641333.050580824 1028353.9048153658 4238110.561384363
v 4641331.00408265 1028353.4513799745 4238109.426352073
v 4641333.050580824 1028353.9048153658 4238110.561384363
v 4641331.314838592 1028353.2347468665 4238111.522255864
v 4641329.534591106 1028352.6690116011 4238109.85246119
v 4641325.894292833 1028352.0337356573 4238105.867642076
v 4641325.894292833 1028352.0337356573 4238105.867642076
v 4641326.392117881 1028352.4295232075 4238104.141915248
v 4641326.392117881 1028352.4295232075 4238104.141915248
v 4641327.161640678 1028352.8855108422 4238103.262964635
v 4641326.392117881 1028352.4295232075 4238104.141915248
v 4641327.23949593 1028354.6727780866 4238103.155798144
v 4641330.205157145 1028351.7898349407 4238104.299245613
v 4641329.752306602 1028352.6030560104 4238104.731955908
v 4641328.080004155 1028352.0041397262 4238103.224933456
v 4641329.298874355 1028351.5319360159 4238103.305784036
v 4641325.102099451 1028362.3070228595 4238103.436709106
v 4641324.8140627295 1028363.5564420292 4238102.904503605
v 4641324.19413059 1028361.9916527359 4238104.29627185
v 4641323.572291742 1028362.8816259296 4238104.894311492
v 4641322.6108654 1028364.7241097637 4238105.155834592
v 4641321.628203141 1028366.5618885428 4238106.666485585
v 4641322.6108654 1028364.7241097637 4238105.155834592
v 4641321.578942681 1028367.1219474443 4238105.836538924
v 4641323.194830242 1028369.1357965037 4238108.01659375
v 4641323.850326458 1028367.4539178207 4238109.682344602
v 4641321.354960954 1028368.2142668162 4238108.538897135
v 4641321.215737798 1028369.7250476194 4238107.441569523
v 4641322.901077275 1028370.2697544644 4238107.382336719
v 4641321.236910354 1028370.6432963241 4238107.265268433
v 4641322.901077275 1028370.2697544644 4238107.382336719
v 4641326.049318004 1028370.7389099379 4238107.247040243
v 4641325.385627591 1028371.8479991949 4238107.701695335
v 4641324.584315575 1028371.3849690881 4238111.611105214
v 4641324.955607617 1028372.4378895821 4238111.0214806665
v 4641324.650738116 1028372.9413131024 4238111.29983467
v 4641324.420581329 1028372.5477348322 4238111.917261666
v 4641324.650738116 1028372.9413131024 4238111.29983467
v 4641330.376455803 1028357.9942998758 4238110.579284897
v 4641329.602213879 1028358.679213858 4238110.780088299
v 4641331.778027487 1028354.4222236997 4238109.098994508
v 4641333.247084907 1028354.5764254695 4238110.117701686
v 4641331.00408265 1028353.4513799745 4238109.426352073
v 4641331.810930083 1028353.9156374921 4238109.25335112
v 4641333.050580824 1028353.9048153658 4238110.561384363
v 4641329.15754957 1028353.6132235212 4238106.496457761
v 4641331.810930083 1028353.9156374921 4238109.25335112
v 4641326.80699519 1028352.9782253881 4238104.238852811
v 4641326.80699519 1028352.9782253881 4238104.238852811
v 4641326.596904186 1028353.5026496276 4238103.932696553
v 4641326.450208974 1028356.2679156812 4238103.221632287
v 4641325.654109502 1028361.8583565323 4238103.012413942
v 4641325.8509516865 1028361.0455102443 4238102.653952924
v 4641325.613845812 1028362.3633113583 4238104.567697101
v 4641326.986618775 1028362.553277188 4238104.3895819
v 4641325.102099451 1028362.3070228595 4238103.436709106
v 4641324.892910047 1028361.9751868591 4238104.084496191
v 4641324.892910047 1028361.9751868591 4238104.084496191
v 4641325.489172012 1028360.9082546964 4238104.101326102
v 4641324.892910047 1028361.9751868591 4238104.084496191
v 4641324.19413059 1028361.9916527359 4238104.29627185
v 4641324.810046971 1028360.1297127033 4238103.802841733
v 4641323.259772509 1028362.1843115675 4238107.1716313325
v 4641322.904709518 1028361.0778896431 4238106.123307319
v 4641323.572291742 1028362.8816259296 4238104.894311492
v 4641323.489385163 1028363.2058405653 4238106.675643893
v 4641323.489385163 1028363.2058405653 4238106.675643893
v 4641323.572291742 1028362.8816259296 4238104.894311492
v 4641322.438250566 1028364.171988259 4238106.83767211
v 4641321.976575049 1028365.2116429162 4238107.157357748
v 4641321.735837743 1028366.4144446452 4238108.150076469
v 4641321.435041999 1028364.8061706539 4238108.320519784
v 4641326.383382008 1028368.7574235024 4238108.722216352
v 4641324.655006778 1028367.5751104711 4238110.410982267
v 4641323.850326458 1028367.4539178207 4238109.682344602
v 4641326.466975308 1028369.5753074952 4238107.685608636
v 4641326.383382008 1028368.7574235024 4238108.722216352
v 4641325.480662033 1028370.0419414728 4238107.285071743
v 4641325.480662033 1028370.0419414728 4238107.285071743
v 4641326.466975308 1028369.5753074952 4238107.685608636
v 4641325.480662033 1028370.0419414728 4238107.285071743
v 4641326.049318004 1028370.7389099379 4238107.247040243
v 4641327.221019242 1028370.3133512269 4238108.116505139
v 4641326.242614657 1028371.9807817405 4238110.344077179
v 4641326.322335361 1028371.1419846395 4238111.071971477
v 4641325.613732847 1028370.128522514 4238111.746818196
v 4641327.909412947 1028363.5000026552 4238111.799866332
v 4641329.851639276 1028364.2729188028 4238113.651820462
v 4641328.970606496 1028360.4805800711 4238110.352492996
v 4641327.261583779 1028360.6728910491 4238108.966909232
v 4641327.389643572 1028358.8741503933 4238108.580646277
v 4641329.193926793 1028358.988432384 4238110.333104774
v 4641329.602213879 1028358.679213858 4238110.780088299
v 4641330.376455803 1028357.9942998758 4238110.579284897
v 4641329.193926793 1028358.988432384 4238110.333104774
v 4641329.602213879 1028358.679213858 4238110.780088299
v 4641331.778027487 1028354.4222236997 4238109.098994508
v 4641329.176698118 1028355.9584566766 4238108.087959333
v 4641329.15754957 1028353.6132235212 4238106.496457761
v 4641331.810930083 1028353.9156374921 4238109.25335112
v 4641328.218886974 1028354.3188049286 4238106.258693249
v 4641326.80699519 1028352.9782253881 4238104.238852811
v 4641326.596904186 1028353.5026496276 4238103.932696553
v 4641325.975043285 1028355.4774669368 4238105.5622293055
v 4641325.91863047 1028354.551410672 4238104.213607166
v 4641326.450208974 1028356.2679156812 4238103.221632287
v 4641325.91863047 1028354.551410672 4238104.213607166
v 4641326.596904186 1028353.5026496276 4238103.932696553
v 4641326.582331571 1028357.5533304221 4238104.333233123
v 4641326.188105655 1028357.4659831818 4238103.149940365
v 4641326.450208974 1028356.2679156812 4238103.221632287
v 4641330.318284122 1028356.6110756366 4238105.259790009
v 4641328.577155646 1028357.1959540512 4238105.787951133
v 4641329.176088066 1028355.6728353418 4238104.823035694
v 4641326.999815543 1028358.5593882059 4238104.521250829
v 4641329.923368912 1028357.7226194295 4238105.353426761
v 4641327.9663509475 1028358.3738590353 4238105.556044433
v 4641328.577155646 1028357.1959540512 4238105.787951133
v 4641325.66277057 1028360.9467183244 4238103.290767592
v 4641324.810046971 1028360.1297127033 4238103.802841733
v 4641325.8509516865 1028361.0455102443 4238102.653952924
v 4641327.134393623 1028361.3869753545 4238104.441886309
v 4641325.66277057 1028360.9467183244 4238103.290767592
v 4641325.654109502 1028361.8583565323 4238103.012413942
v 4641326.986618775 1028362.553277188 4238104.3895819
v 4641326.561334047 1028361.4312964799 4238104.918486235
v 4641327.134393623 1028361.3869753545 4238104.441886309
v 4641326.986618775 1028362.553277188 4238104.3895819
v 4641325.613845812 1028362.3633113583 4238104.567697101
v 4641325.489172012 1028360.9082546964 4238104.101326102
v 4641325.131701093 1028357.91708725 4238106.640169328
v 4641323.942974168 1028358.5101652604 4238105.340551494
v 4641323.7614236735 1028359.440594372 4238105.585988247
v 4641325.307257386 1028359.783099297 4238107.156287487
v 4641322.904709518 1028361.0778896431 4238106.123307319
v 4641325.307257386 1028359.783099297 4238107.156287487
v 4641323.7614236735 1028359.440594372 4238105.585988247
v 4641324.639246129 1028361.9760807368 4238107.966846633
v 4641323.259772509 1028362.1843115675 4238107.1716313325
v 4641324.402366925 1028363.0655427387 4238108.642436398
v 4641322.942177049 1028362.8562083094 4238107.69542138
v 4641322.942177049 1028362.8562083094 4238107.69542138
v 4641323.259772509 1028362.1843115675 4238107.1716313325
v 4641321.516599739 1028362.9400294102 4238108.477434073
v 4641320.63867109 1028363.4877750665 4238109.232387292
v 4641322.957424893 1028365.1434796653 4238109.645382981
v 4641320.63867109 1028363.4877750665 4238109.232387292
v 4641321.435041999 1028364.8061706539 4238108.320519784
v 4641324.493745564 1028364.5703197393 4238110.357934299
v 4641323.798262606 1028363.8452506729 4238109.38385988
v 4641322.957424893 1028365.1434796653 4238109.645382981
v 4641323.987693424 1028365.7143366019 4238110.360491618
v 4641325.337661943 1028366.8699044171 4238110.722996337
v 4641326.255983759 1028365.817232452 4238110.726297186
v 4641327.590372579 1028365.6561097392 4238111.491152556
v 4641327.423619705 1028364.6485082692 4238112.11955197
v 4641327.590372579 1028365.6561097392 4238111.491152556
v 4641326.54912977 1028366.2247677367 4238112.5548195485
v 4641327.302344219 1028364.050664452 4238111.374827799
v 4641327.590372579 1028365.6561097392 4238111.491152556
v 4641327.423619705 1028364.6485082692 4238112.11955197
v 4641327.302344219 1028364.050664452 4238111.374827799
v 4641327.423619705 1028364.6485082692 4238112.11955197
v 4641326.5192381395 1028362.449721266 4238109.482284891
v 4641327.389643572 1028358.8741503933 4238108.580646277
v 4641325.714054941 1028363.1277795645 4238108.833754279
v 4641321.033083427 1028363.1754823648 4238109.218858265
v 4641324.913569476 1028363.7497813198 4238109.89486411
v 4641326.986896538 1028363.8094798456 4238110.006818146
v 4641326.986896538 1028363.8094798456 4238110.006818146
v 4641326.5192381395 1028362.449721266 4238109.482284891
v 4641326.986896538 1028363.8094798456 4238110.006818146
v 4641326.837901941 1028368.5726431946 4238109.905509464
v 4641327.441669038 1028369.2773906259 4238109.078863614
v 4641326.466975308 1028369.5753074952 4238107.685608636
v 4641327.441669038 1028369.2773906259 4238109.078863614
v 4641326.383382008 1028368.7574235024 4238108.722216352
v 4641327.221019242 1028370.3133512269 4238108.116505139
v 4641327.1840709075 1028371.3329163649 4238109.476099339
v 4641327.009978533 1028369.2388399981 4238110.7826457685
v 4641326.148470272 1028368.8195694918 4238111.140363458
v 4641328.956749847 1028376.179274439 4238108.761407876
v 4641328.86378709 1028376.2157740431 4238109.806430688
v 4641328.775240876 1028377.2810048573 4238108.965511929
v 4641328.86378709 1028376.2157740431 4238109.806430688
v 4641328.956749847 1028376.179274439 4238108.761407876
v 4641329.606123698 1028377.2938085351 4238108.875175668
v 4641333.588334307 1028367.6131319613 4238123.395484519
v 4641334.96622549 1028365.9200245865 4238124.274165583
v 4641334.601705127 1028365.5537730177 4238123.8836403135
v 4641333.235097415 1028367.3635748844 4238123.037502969
v 4641331.283810295 1028370.4712610109 4238121.931016503
v 4641330.918514496 1028370.2761296158 4238121.573034953
v 4641331.176831122 1028370.6188496291 4238121.865928746
v 4641329.14919838 1028369.1418449341 4238124.354638745
v 4641328.38648837 1028369.5438258516 4238124.212106159
v 4641331.081911098 1028370.7120131077 4238121.800841306
v 4641330.918514496 1028370.2761296158 4238121.573034953
v 4641330.823594576 1028370.369292629 4238121.507947514
v 4641330.654770802 1028371.1312479863 4238121.507947513
v 4641330.242791198 1028370.8115779612 4238121.084879161
v 4641330.500332014 1028371.3254181878 4238121.410316355
v 4641330.403737407 1028371.2469190165 4238121.534312183
v 4641322.398972682 1028373.5272322089 4238114.738850368
v 4641322.3635715265 1028373.5193884991 4238114.706306648
v 4641321.95004103 1028373.5419580848 4238114.348325576
v 4641322.04341023 1028373.7910347211 4238114.478500453
v 4641322.857637336 1028373.9714401633 4238115.227006476
v 4641322.502074884 1028374.2352426754 4238114.966656562
v 4641322.868920797 1028374.0881342868 4238115.259550116
v 4641322.713582596 1028373.9395224601 4238115.318458427
v 4641322.953430772 1028374.8491223819 4238116.07836224
v 4641323.313200464 1028375.100127397 4238115.8453373825
v 4641322.502074884 1028374.2352426754 4238114.966656562
v 4641322.899669967 1028375.1226969828 4238115.48735631
v 4641322.091065762 1028376.0283841395 4238116.148669049
v 4641322.519147225 1028376.1232326473 4238116.243690246
v 4641322.273788817 1028376.0688694459 4238115.794256984
v 4641321.592999376 1028375.9180293183 4238115.914683725
v 4641314.239638664 1028374.2887709899 4238111.468278679
v 4641314.882576211 1028374.4312244061 4238111.536935756
v 4641314.638034917 1028374.37704225 4238111.013626835
v 4641313.994280516 1028374.2344078461 4238111.018845657
v 4641307.3778420435 1028372.7684267864 4238117.548345893
v 4641307.522713465 1028372.800525439 4238117.3830178855
v 4641307.13411745 1028372.7144255836 4238116.9511612505
v 4641306.916810162 1028372.6662775703 4238117.19915344
v 4641307.696735814 1028372.8390829582 4238121.050441632
v 4641306.249371348 1028372.5183954929 4238119.346769755
v 4641305.785072009 1028372.4155223178 4238119.293079511
v 4641307.372408369 1028372.7672228641 4238121.274678374
v 4641308.438526641 1028373.0034389482 4238121.881611238
v 4641308.113382466 1028372.9313978944 4238122.179723734
v 4641309.922109332 1028373.3321511587 4238123.543951404
v 4641309.6694008885 1028373.2761594355 4238123.759399874
v 4641310.381508006 1028373.4339385106 4238124.040895796
v 4641308.809573693 1028372.1720949163 4238125.179655984
v 4641307.346556586 1028372.7614949722 4238126.847904598
v 4641307.381957741 1028372.769338682 4238126.880448317
v 4641307.381957741 1028372.769338682 4238126.880448317
v 4641307.101198402 1028372.7071318205 4238126.398470902
v 4641306.886341212 1028372.659526667 4238126.424835928
v 4641306.880624161 1028372.6582599595 4238126.941966155
v 4641305.80633818 1028372.4202341841 4238127.073790607
v 4641306.886341212 1028372.659526667 4238126.424835928
v 4641305.560980342 1028372.3658711092 4238126.624357229
v 4641305.412025268 1028372.3328676558 4238127.159064021
v 4641305.023429408 1028372.2467678349 4238126.727207209
v 4641305.411208413 1028372.3326866681 4238127.23293992
v 4641305.412025268 1028372.3328676558 4238127.159064021
v 4641305.023429408 1028372.2467678349 4238126.727207209
v 4641304.947726589 1028372.2299946266 4238127.105374454
v 4641305.754603417 1028372.4087714934 4238128.518762306
v 4641305.324072148 1028372.3133801908 4238128.645367582
v 4641312.480826502 1028373.8990771375 4238134.702072176
v 4641309.9270414915 1028373.3332439548 4238132.802177888
v 4641309.673516349 1028373.2770712783 4238133.09150208
v 4641312.04866218 1028373.8033240051 4238134.976429213
v 4641312.477559704 1028373.8983533244 4238134.997575061
v 4641312.788029459 1028373.3390735884 4238135.086418275
v 4641312.546728479 1028373.9136788071 4238135.210414457
v 4641312.04866218 1028373.8033240051 4238134.976429213
v 4641312.151598539 1028373.8261312527 4238135.369563611
v 4641313.077745991 1028374.0313344937 4238135.698570407
v 4641312.824220848 1028373.9751618172 4238135.987894598
v 4641313.784952912 1028374.1880278491 4238136.423320658
v 4641313.566828924 1028374.1396988825 4238136.745188568
v 4641316.233351106 1028374.730510845 4238138.151708343
v 4641316.014410264 1028374.6820008906 4238138.547452152
v 4641316.268752262 1028374.7383545549 4238138.184252062
v 4641316.192232898 1028374.7214004277 4238138.63629485
v 4641318.8165829675 1028372.8476887632 4238139.004984255
v 4641319.629518865 1028372.9707110747 4238137.726300718
v 4641318.447824873 1028375.2211640272 4238138.39640156
v 4641318.339171152 1028375.1970900033 4238138.520397743
v 4641317.764585352 1028375.0697810437 4238138.738455801
v 4641318.1564483205 1028375.1566047466 4238138.874809373
v 4641317.764585352 1028375.0697810437 4238138.738455801
v 4641318.0952134775 1028374.9146480071 4238139.072681101
v 4641318.046978055 1028375.1323498038 4238139.0726811
v 4641317.764585352 1028375.0697810437 4238138.738455801
v 4641317.974542344 1028375.1163004775 4238139.155345105
v 4641317.764585352 1028375.0697810437 4238138.738455801
v 4641317.548911618 1028375.0219949713 4238138.838696371
v 4641317.973725489 1028375.1161194898 4238139.229221003
v 4641317.4764759075 1028375.005945645 4238138.921360374
v 4641317.753968104 1028375.0674286167 4238139.698840356
v 4641317.288852569 1028374.9643745997 4238139.719026688
v 4641313.993376699 1028368.9241678902 4238144.613782687
v 4641316.704681787 1028370.438457869 4238143.925416245
v 4641315.256535457 1028369.0898474567 4238145.752813503
v 4641314.900973178 1028369.3536500072 4238145.492463747
v 4641313.944365813 1028369.3129899771 4238144.646326406
v 4641312.38826498 1028368.6256269398 4238143.149314677
v 4641312.126847019 1028368.9673857596 4238142.986595761
v 4641313.469683548 1028364.5829430859 4238143.312033282
v 4641313.065885951 1028365.0644469676 4238143.051683526
v 4641312.700590254 1028364.869315107 4238142.693701975
v 4641313.199308222 1028364.2946478236 4238143.019139489
v 4641313.682865844 1028364.4588855206 4238143.4747518785
v 4641313.436608472 1028364.0617399021 4238143.181858405
v 4641314.14385623 1028364.3897339243 4238143.865276512
v 4641313.682865844 1028364.4588855206 4238143.4747518785
v 4641313.436608472 1028364.0617399021 4238143.181858405
v 4641313.96840117 1028364.0082757256 4238143.637470476
v 4641314.569446154 1028364.3127387718 4238144.223258062
v 4641314.786795092 1028364.5321876319 4238143.933933516
v 4641314.17029997 1028363.7675237849 4238143.767645354
v 4641314.786795092 1028364.5321876319 4238143.933933516
v 4641314.569446154 1028364.3127387718 4238144.223258062
v 4641313.96840117 1028364.0082757256 4238143.637470476
v 4641314.341780489 1028363.8626154097 4238143.339358181
v 4641314.076155358 1028363.6895672061 4238143.670014197
v 4641313.96840117 1028364.0082757256 4238143.637470476
v 4641309.693305425 1028355.9810053445 4238138.332841401
v 4641309.315951298 1028355.8402992715 4238137.974860289
v 4641309.223357319 1028355.4201030242 4238137.812141613
v 4641309.825177272 1028355.5534461592 4238138.365385121
v 4641311.439246505 1028356.4820419573 4238139.960028286
v 4641311.571118403 1028356.0544825394 4238139.992572007
v 4641313.149786523 1028356.9752346372 4238141.5546714915
v 4641313.269599566 1028356.6021006684 4238141.587215212
v 4641313.668745058 1028357.1473155017 4238142.042827283
v 4641313.918104163 1028356.8599821312 4238142.205546198
v 4641314.140243875 1028357.3659784151 4238142.498439672
v 4641315.395392877 1028358.6147296776 4238139.810897401
v 4641314.30519085 1028357.4596221809 4238142.661158269
v 4641313.918104163 1028356.8599821312 4238142.205546198
v 4641316.08015641 1028359.0519362797 4238140.346564738
v 4641315.124845596 1028356.442189122 4238143.1818584185
v 4641316.08015641 1028359.0519362797 4238140.346564738
v 4641314.30519085 1028357.4596221809 4238142.661158269
v 4641313.918104163 1028356.8599821312 4238142.205546198
v 4641314.807010205 1028356.2004758316 4238142.856420906
v 4641315.944499699 1028355.4247556766 4238143.702557931
v 4641315.591263398 1028355.1751992189 4238143.344577018
v 4641316.300837235 1028354.9898337672 4238143.930363968
v 4641315.947601036 1028354.7402768438 4238143.5723830545
v 4641318.819319595 1028351.8365274811 4238145.525007498
v 4641318.478916866 1028351.3614253631 4238145.134482229
v 4641318.855496213 1028351.6732509008 4238145.525007498
v 4641321.655970352 1028354.1208524017 4238141.961664382
v 4641319.410781716 1028351.5678953882 4238144.946359117
v 4641318.964025657 1028351.183423022 4238145.525007499
v 4641318.478916866 1028351.3614253631 4238145.134482229
v 4641318.45359549 1028349.1290234675 4238144.678870162
v 4641319.410781716 1028351.5678953882 4238144.946359117
v 4641318.964025657 1028351.183423022 4238145.525007499
v 4641318.478916866 1028351.3614253631 4238145.134482229
v 4641318.063407313 1028349.2138629492 4238144.353432967
v 4641318.117844715 1028347.627203333 4238144.093082578
v 4641317.715597939 1028347.7664670998 4238143.767645384
v 4641317.688725637 1028345.8763057846 4238143.377120755
v 4641317.299312577 1028345.7900248992 4238143.019139523
v 4641317.907666168 1028345.92481567 4238142.9813773
v 4641318.431788363 1028347.925150899 4238143.679762203
v 4641319.404849627 1028346.256541357 4238140.178627661
v 4641317.299312577 1028345.7900248992 4238143.019139523
v 4641318.90760001 1028346.1463675044 4238139.870766358
v 4641319.514320514 1028346.2807964376 4238139.980755224
v 4641319.053288287 1028346.1786471447 4238139.631562452
v 4641319.587572769 1028346.2970266828 4238139.824215677
v 4641319.233560864 1028346.2185895072 4238139.498778163
v 4641319.770295565 1028346.3375119315 4238139.469803373
v 4641320.762163469 1028349.9260109697 4238140.662524461
v 4641322.927396599 1028349.5492964761 4238135.8449431285
v 4641319.843547819 1028346.3537421767 4238139.313263825
v 4641319.233560864 1028346.2185895072 4238139.498778163
v 4641322.2954939045 1028348.4957323895 4238136.05682182
v 4641319.487902551 1028346.2749431025 4238139.135578428
v 4641322.2954939045 1028348.4957323895 4238136.05682182
v 4641319.843547819 1028346.3537421767 4238139.313263825
v 4641319.233560864 1028346.2185895072 4238139.498778163
v 4641319.36112307 1028346.7607273855 4238137.551643354
v 4641318.099089473 1028345.9672286622 4238138.605130304
v 4641319.233560864 1028346.2185895072 4238139.498778163
v 4641317.915550443 1028345.9265625634 4238139.033417796
v 4641317.143257917 1028345.7554484188 4238137.726449561
v 4641316.852698219 1028345.6910701258 4238138.130981476
v 4641316.75057823 1028345.6684437586 4238137.663971375
v 4641317.169050833 1028345.8182603082 4238137.537365585
v 4641314.182909499 1028345.0995344078 4238137.019964825
v 4641316.852698219 1028345.6910701258 4238138.130981476
v 4641314.070989378 1028345.074736659 4238137.439463619
v 4641313.544871535 1028344.9581665752 4238136.5080534965
v 4641313.0789396595 1028344.8549316843 4238136.602114917
v 4641313.583539446 1028344.9667340885 4238136.245094291
v 4641313.085473109 1028344.8563792781 4238136.011109012
v 4641314.893100093 1028345.2568888472 4238134.240010809
v 4641314.71201066 1028345.216765497 4238134.446670997
v 4641314.287196551 1028345.1226409257 4238134.056146145
v 4641314.468285983 1028345.1627642759 4238133.849485958
v 4641318.261362973 1028346.0031830368 4238130.396131965
v 4641317.8719500415 1028345.9169021802 4238130.038150853
v 4641319.926568884 1028346.3721368688 4238128.568734197
v 4641319.501754776 1028346.2780122975 4238128.178209345
v 4641325.383751784 1028347.58126574 4238120.152656933
v 4641326.626059623 1028347.8565195283 4238120.996184764
v 4641326.125543413 1028347.7456219078 4238120.983826536
v 4641325.16481134 1028347.5327558737 4238120.548400468
v 4641320.219263644 1028346.4369882272 4238115.031892331
v 4641325.383751784 1028347.58126574 4238120.152656933
v 4641325.16481134 1028347.5327558737 4238120.548400468
v 4641319.8949365 1028346.3651281998 4238115.256128728
v 4641320.078475876 1028346.4057943755 4238114.827841555
v 4641319.613360342 1028346.3027403585 4238114.848027886
v 4641320.078475876 1028346.4057943755 4238114.827841555
v 4641319.614994051 1028346.3031023339 4238114.700276088
v 4641320.114693887 1028346.413819073 4238114.786509375
v 4641320.114693887 1028346.413819073 4238114.786509375
v 4641319.910454256 1028346.3685664154 4238113.85248949
v 4641319.614994051 1028346.3031023339 4238114.700276088
v 4641319.412386816 1028346.2582113604 4238113.618504479
v 4641322.698135104 1028349.2130136319 4238110.280358624
v 4641322.3810747275 1028348.8001804402 4238109.922377074
v 4641321.967544405 1028348.8227500644 4238109.564396161
v 4641322.342572826 1028349.4768161824 4238110.020008868
v 4641322.698135104 1028349.2130136319 4238110.280358624
v 4641322.472118645 1028349.5626162383 4238110.150183746
v 4641322.91054204 1028349.2600758912 4238110.47562094
v 4641322.8140714 1028349.6954785534 4238110.475620939
v 4641327.135340648 1028350.139052649 4238114.348325619
v 4641327.0509288125 1028350.5200300949 4238114.348325618
v 4641327.914166424 1028350.3116143431 4238115.064287763
v 4641327.135340648 1028350.139052649 4238114.348325619
v 4641327.0509288125 1028350.5200300949 4238114.348325618
v 4641327.782294628 1028350.7391732954 4238115.031744043
v 4641328.421066414 1028350.5381204815 4238115.552443793
v 4641328.301253422 1028350.9112542176 4238115.519900073
v 4641330.273986321 1028350.8915683994 4238117.244718118
v 4641330.177515681 1028351.3269710618 4238117.244718117
v 4641331.064871031 1028351.0097049058 4238117.960680382
v 4641331.074603859 1028351.4686386978 4238118.05831154
v 4641331.265219162 1028351.1111923815 4238118.155942698
v 4641330.995469056 1028350.7659386032 4238118.897309837
v 4641331.583829739 1028351.1817858088 4238118.448836332
v 4641331.074603859 1028351.4686386978 4238118.05831154
v 4641331.534819232 1028351.5706070029 4238118.48138021
v 4641333.898515781 1028351.2949623921 4238120.499091929
v 4641333.707900132 1028351.6524086316 4238120.401460451
v 4641333.981376898 1028351.2562245955 4238120.564179367
v 4641333.107898735 1028350.3775246297 4238122.090854918
v 4641334.144731761 1028351.5208067326 4238120.8333175825
v 4641334.004719249 1028351.3184935218 4238120.596723087
v 4641333.707900132 1028351.6524086316 4238120.401460451
v 4641334.180949773 1028351.5288314302 4238120.791985403
v 4641333.707900132 1028351.6524086316 4238120.401460451
v 4641332.712873079 1028357.484246689 4238120.6618105145
v 4641332.712873079 1028357.484246689 4238120.6618105145
v 4641332.275224594 1028357.6156676003 4238120.3038292825
v 4641332.428113112 1028357.7637366592 4238120.466548197
v 4641332.783675391 1028357.4999341087 4238120.726897953
v 4641332.617094706 1028357.4059283675 4238120.711931154
v 4641332.97991342 1028358.2285803531 4238122.234347716
v 4641333.50065622 1028358.2868624651 4238121.507947536
v 4641332.428113112 1028357.7637366592 4238120.466548197
v 4641333.144318582 1028358.7217848402 4238121.2801415
v 4641333.769194896 1028364.7983447473 4238125.992534521
v 4641333.889783263 1028364.2540911138 4238125.992534522
v 4641335.074755037 1028365.4301962422 4238124.274165584
v 4641335.062696181 1028365.4846216914 4238124.274165584
v 4641334.602480462 1028365.3826533095 4238123.851096595
v 4641334.601705127 1028365.5537730177 4238123.8836403135
v 4641330.234477962 1028368.2974597692 4238124.54468256
v 4641328.38648837 1028369.5438258516 4238124.212106159
v 4641328.373711197 1028370.7400356982 4238125.104794499
v 4641329.14919838 1028369.1418449341 4238124.354638745
v 4641326.5818754295 1028370.7427057036 4238124.28145258
v 4641328.091412125 1028369.5926409311 4238122.843619732
v 4641326.5818754295 1028370.7427057036 4238124.28145258
v 4641328.38648837 1028369.5438258516 4238124.212106159
v 4641313.549850433 1028373.3365764717 4238111.499862882
v 4641315.228529628 1028374.2223898973 4238111.575658525
v 4641307.127862646 1028370.4862491774 4238118.005607773
v 4641309.460538221 1028372.6018130411 4238115.83354741
v 4641307.366558496 1028372.6517326437 4238117.515802174
v 4641304.983197988 1028370.7533268704 4238119.909490692
v 4641307.366558496 1028372.6517326437 4238117.515802174
v 4641305.7430543555 1028372.0636293764 4238119.934205822
v 4641307.21017868 1028371.8748205965 4238123.198057429
v 4641306.340784171 1028370.9970254316 4238124.3553541945
v 4641308.390051626 1028371.7936576664 4238126.529605973
v 4641308.390051626 1028371.7936576664 4238126.529605973
v 4641308.757879665 1028372.3319333579 4238126.58329554
v 4641306.822656116 1028372.4170270333 4238126.844334996
v 4641305.897935106 1028371.3556822404 4238126.574236947
v 4641305.897935106 1028371.3556822404 4238126.574236947
v 4641306.006355939 1028371.1513155133 4238127.599709259
v 4641312.61355644 1028373.6429994507 4238134.619408173
v 4641311.300333044 1028371.4107287949 4238131.9905043375
v 4641309.632548524 1028373.1538000947 4238132.509284255
v 4641313.89904521 1028371.5868360498 4238134.22723381
v 4641314.570033946 1028371.7355046693 4238134.99331608
v 4641317.099757686 1028373.3808534341 4238137.753355125
v 4641313.8219458675 1028374.0249331187 4238136.349445114
v 4641316.268752262 1028374.7383545549 4238138.184252062
v 4641318.47758089 1028372.1445088085 4238139.6161763575
v 4641319.399904579 1028371.9491835758 4238138.222285098
v 4641319.950195906 1028372.9275682736 4238140.013840194
v 4641318.47758089 1028372.1445088085 4238139.6161763575
v 4641318.8165829675 1028372.8476887632 4238139.004984255
v 4641317.578393009 1028371.5455976469 4238141.249271526
v 4641318.842643455 1028372.1111993757 4238141.123626086
v 4641314.251074263 1028370.5228900914 4238140.373889933
v 4641313.23840065 1028369.4420569715 4238141.59009509
v 4641312.616039116 1028368.7902881425 4238143.007741928
v 4641313.682489146 1028365.5436488112 4238142.192498738
v 4641314.540976909 1028365.2199860773 4238142.284911394
v 4641314.540976909 1028365.2199860773 4238142.284911394
v 4641315.825178734 1028365.3332305511 4238142.611308742
v 4641315.825178734 1028365.3332305511 4238142.611308742
v 4641309.365085871 1028355.9653801774 4238137.81832072
v 4641310.500881544 1028356.8451036263 4238136.29782351
v 4641314.202411653 1028358.5216965112 4238137.7026935695
v 4641317.2622861555 1028360.5128977214 4238136.666094191
v 4641319.2919855025 1028361.8761662041 4238136.172029519
v 4641319.81339902 1028359.422320179 4238138.092799626
v 4641319.2919855025 1028361.8761662041 4238136.172029519
v 4641316.08015641 1028359.0519362797 4238140.346564738
v 4641319.775194904 1028356.0451207113 4238141.209589267
v 4641319.775194904 1028356.0451207113 4238141.209589267
v 4641325.3516311385 1028357.5090607848 4238137.051941411
v 4641321.655970352 1028354.1208524017 4238141.961664382
v 4641322.018882978 1028353.8586789307 4238141.557132469
v 4641322.018882978 1028353.8586789307 4238141.557132469
v 4641322.018882978 1028353.8586789307 4238141.557132469
v 4641325.325673174 1028356.7610458527 4238137.406353042
v 4641322.018882978 1028353.8586789307 4238141.557132469
v 4641322.927396599 1028349.5492964761 4238135.8449431285
v 4641324.902130682 1028353.6981489625 4238135.395779738
v 4641324.998556193 1028350.8646536452 4238132.691350875
v 4641322.2954939045 1028348.4957323895 4238136.05682182
v 4641321.549934945 1028348.9015138947 4238134.362898555
v 4641318.18689944 1028347.2999203147 4238134.68710507
v 4641314.515637083 1028345.4016448423 4238134.907501949
v 4641313.72681942 1028345.1697712599 4238136.186185231
v 4641314.712052259 1028345.3880658438 4238134.405338817
v 4641318.876498495 1028347.167226167 4238129.51937095
v 4641320.796708181 1028350.3333452082 4238126.667460858
v 4641326.746814058 1028347.9974687515 4238120.830856047
v 4641326.746814058 1028347.9974687515 4238120.830856047
v 4641328.161734891 1028348.9390372264 4238119.940088305
v 4641326.970469606 1028349.1889671253 4238117.601468827
v 4641323.58238245 1028348.3811835009 4238114.625021101
v 4641322.673975898 1028349.1505637179 4238110.321690803
v 4641321.204161902 1028347.9113465637 4238111.927461074
v 4641320.308158244 1028346.9705586594 4238113.347717006
v 4641321.934318669 1028348.4157080741 4238110.501025457
v 4641327.160858593 1028349.8021233333 4238115.350042513
v 4641327.160858593 1028349.8021233333 4238115.350042513
v 4641326.970469606 1028349.1889671253 4238117.601468827
v 4641328.161734891 1028348.9390372264 4238119.940088305
v 4641330.085773057 1028349.8792139782 4238120.465317726
v 4641331.658935551 1028349.0287332296 4238123.992128074
v 4641332.97991342 1028358.2285803531 4238122.234347716
v 4641331.686920557 1028358.1704851234 4238121.61244709
v 4641332.617094706 1028357.4059283675 4238120.711931154
v 4641333.118823896 1028364.3116611507 4238126.671423473
v 4641332.876375667 1028363.5156791691 4238127.1999512175
v 4641329.4625779055 1028367.8409463881 4238125.421443239
v 4641329.91420778 1028368.8545675699 4238125.342348517
v 4641329.4625779055 1028367.8409463881 4238125.421443239
v 4641330.234477962 1028368.2974597692 4238124.54468256
v 4641329.382016073 1028367.9943882036 4238126.201532986
v 4641327.823623755 1028366.7926428369 4238128.259346046
v 4641329.382016073 1028367.9943882036 4238126.201532986
v 4641329.91420778 1028368.8545675699 4238125.342348517
v 4641328.373711197 1028370.7400356982 4238125.104794499
v 4641325.504274963 1028369.1336126002 4238128.248637872
v 4641324.1662824 1028372.5484758681 4238126.619801366
v 4641327.131583308 1028371.9493493026 4238124.997414724
v 4641327.131583308 1028371.9493493026 4238124.997414724
v 4641326.29422098 1028372.5631784308 4238124.009704951
v 4641325.518692576 1028373.9900684435 4238124.801191858
v 4641327.131583308 1028371.9493493026 4238124.997414724
v 4641326.29422098 1028372.5631784308 4238124.009704951
v 4641325.518692576 1028373.9900684435 4238124.801191858
v 4641324.856634272 1028375.0995173684 4238125.108093321
v 4641322.852261307 1028373.3421795783 4238127.712011044
v 4641310.745266158 1028371.5161337316 4238116.375392771
v 4641312.126480437 1028370.7944148218 4238117.818714934
v 4641311.86213804 1028371.0784286425 4238115.776558059
v 4641310.819644746 1028370.9045441032 4238118.411370598
v 4641306.188440994 1028369.4216472142 4238119.0652734805
v 4641305.134855623 1028369.1882079997 4238120.559405299
v 4641305.297175998 1028370.0235333144 4238122.953364036
v 4641305.134855623 1028369.1882079997 4238120.559405299
v 4641304.983197988 1028370.7533268704 4238119.909490692
v 4641305.245989897 1028370.8115527505 4238122.016734739
v 4641305.245989897 1028370.8115527505 4238122.016734739
v 4641305.710872578 1028370.6861660242 4238123.1460175775
v 4641305.062010175 1028369.6859422543 4238123.801150457
v 4641305.710872578 1028370.6861660242 4238123.1460175775
v 4641306.340784171 1028370.9970254316 4238124.3553541945
v 4641306.557873564 1028371.6160965756 4238126.158307161
v 4641307.529957051 1028371.4888944665 4238125.642136771
v 4641306.557873564 1028371.6160965756 4238126.158307161
v 4641306.340784171 1028370.9970254316 4238124.3553541945
v 4641308.390051626 1028371.7936576664 4238126.529605973
v 4641306.557873564 1028371.6160965756 4238126.158307161
v 4641305.897935106 1028371.3556822404 4238126.574236947
v 4641304.824394636 1028369.3478084189 4238124.8705650335
v 4641306.306426359 1028370.0187602234 4238126.597992209
v 4641304.824394636 1028369.3478084189 4238124.8705650335
v 4641305.897935106 1028371.3556822404 4238126.574236947
v 4641306.306426359 1028370.0187602234 4238126.597992209
v 4641306.878148544 1028368.4325185177 4238127.014882188
v 4641313.819146139 1028369.6278277596 4238133.254491037
v 4641315.47814239 1028370.1666978433 4238135.185969307
v 4641317.678137398 1028372.3099611803 4238137.455242831
v 4641318.488999704 1028371.347677299 4238137.680439103
v 4641318.472800845 1028370.4305335283 4238137.1896739025
v 4641318.585387664 1028370.5696730809 4238137.763103108
v 4641318.92174782 1028371.2151716071 4238138.481675337
v 4641316.049382909 1028372.177472913 4238138.091840085
v 4641314.807259817 1028370.7603162602 4238139.638701294
v 4641314.89063728 1028366.09681966 4238140.672002237
v 4641316.319209344 1028366.8130236401 4238139.674814977
v 4641314.89063728 1028366.09681966 4238140.672002237
v 4641316.296176367 1028366.122754318 4238141.908664531
v 4641311.574707838 1028357.8252910677 4238134.9664102765
v 4641313.814240044 1028358.7211767016 4238135.013231786
v 4641313.02113818 1028358.8309379157 4238133.369428526
v 4641313.7739452245 1028359.9112898672 4238131.925416899
v 4641315.441074077 1028361.4797108432 4238129.660943455
v 4641313.7739452245 1028359.9112898672 4238131.925416899
v 4641317.2622861555 1028360.5128977214 4238136.666094191
v 4641319.213090559 1028362.6009492471 4238132.363033848
v 4641319.771300884 1028362.5533384533 4238133.66382307
v 4641319.2919855025 1028361.8761662041 4238136.172029519
v 4641321.381669888 1028363.5953084925 4238133.411571983
v 4641321.970283674 1028362.4124901678 4238134.369347855
v 4641321.381669888 1028363.5953084925 4238133.411571983
v 4641327.790660148 1028359.533995164 4238133.910707219
v 4641325.325673174 1028356.7610458527 4238137.406353042
v 4641327.354980628 1028358.4097137148 4238134.72855951
v 4641327.354980628 1028358.4097137148 4238134.72855951
v 4641327.8506454015 1028355.0366074992 4238130.552793747
v 4641326.062732415 1028351.7285088677 4238131.179642391
v 4641327.8506454015 1028355.0366074992 4238130.552793747
v 4641324.998556193 1028350.8646536452 4238132.691350875
v 4641323.5839164425 1028351.5218695486 4238128.892792795
v 4641326.062732415 1028351.7285088677 4238131.179642391
v 4641324.998556193 1028350.8646536452 4238132.691350875
v 4641319.836450877 1028350.1776814093 4238128.333099751
v 4641321.912429533 1028349.5528029364 4238132.717445502
v 4641316.948949322 1028347.4253123321 4238132.283398034
v 4641316.788003125 1028346.9899717682 4238131.833964479
v 4641317.499815912 1028348.5751156209 4238130.75054361
v 4641318.80047579 1028349.2058805269 4238129.475429416
v 4641319.836450877 1028350.1776814093 4238128.333099751
v 4641326.746814058 1028347.9974687515 4238120.830856047
v 4641326.648017301 1028348.9462313676 4238120.928487263
v 4641326.074330594 1028349.1617048538 4238120.990005653
v 4641327.965903263 1028348.7243563688 4238121.51784429
v 4641327.879067484 1028348.4767273203 4238120.796663482
v 4641327.965903263 1028348.7243563688 4238121.51784429
v 4641326.746814058 1028347.9974687515 4238120.830856047
v 4641329.61785024 1028349.0332744438 4238121.9805955645
v 4641330.986938289 1028348.8227441108 4238124.408057859
v 4641330.494456612 1028361.5604958516 4238130.55402438
v 4641327.458979886 1028365.91248917 4238127.992817597
v 4641328.2688971255 1028367.0625918702 4238126.761644932
v 4641326.085714724 1028367.2069412355 4238127.861682526
v 4641327.458979886 1028365.91248917 4238127.992817597
v 4641327.823623755 1028366.7926428369 4238128.259346046
v 4641326.497002096 1028368.0403322523 4238128.234630911
v 4641325.504274963 1028369.1336126002 4238128.248637872
v 4641324.868630565 1028368.0221229234 4238126.654954859
v 4641326.497002096 1028368.0403322523 4238128.234630911
v 4641325.504274963 1028369.1336126002 4238128.248637872
v 4641323.278031925 1028369.896490114 4238127.714620462
v 4641322.913165432 1028372.2137300945 4238127.844795335
v 4641323.278031925 1028369.896490114 4238127.714620462
v 4641325.504274963 1028369.1336126002 4238128.248637872
v 4641322.913165432 1028372.2137300945 4238127.844795335
v 4641306.027261611 1028368.7578658334 4238119.765308448
v 4641307.811245856 1028369.3244280923 4238120.095275307
v 4641308.180041194 1028369.7487240188 4238119.00828493
v 4641306.027261611 1028368.7578658334 4238119.765308448
v 4641305.637450147 1028367.7579410508 4238120.722123899
v 4641305.637450147 1028367.7579410508 4238120.722123899
v 4641305.683265564 1028369.138425158 4238122.746704028
v 4641305.297175998 1028370.0235333144 4238122.953364036
v 4641304.952984137 1028368.1201616604 4238124.297134838
v 4641307.032805174 1028367.6674246854 4238125.061568368
v 4641307.735763119 1028367.1380101363 4238126.321026085
v 4641307.032805174 1028367.6674246854 4238125.061568368
v 4641316.161160047 1028368.662212529 4238134.149099446
v 4641313.893934051 1028368.5024544583 4238132.131387648
v 4641319.285379229 1028369.8112131094 4238137.184454728
v 4641318.823049219 1028368.4526374103 4238138.306598364
v 4641317.304649173 1028367.8878221784 4238137.68730786
v 4641317.362885167 1028367.3297534233 4238140.092663798
v 4641317.154245244 1028366.7125539089 4238140.760155588
v 4641318.823049219 1028368.4526374103 4238138.306598364
v 4641317.362885167 1028367.3297534233 4238140.092663798
v 4641317.154245244 1028366.7125539089 4238140.760155588
v 4641319.253498052 1028368.2054276994 4238138.262657411
v 4641318.289099837 1028367.0781942349 4238139.437530461
v 4641317.24114914 1028366.5034202386 4238140.497195713
v 4641318.214032584 1028362.3224943132 4238130.015625793
v 4641316.224216515 1028361.8816177495 4238128.8580583595
v 4641320.447971894 1028363.7310155426 4238130.455581335
v 4641322.774572968 1028365.1029704708 4238130.074115373
v 4641323.495554744 1028365.5482018222 4238130.568450265
v 4641324.956912801 1028365.5865038502 4238129.990762215
v 4641323.495554744 1028365.5482018222 4238130.568450265
v 4641321.381669888 1028363.5953084925 4238133.411571983
v 4641321.970283674 1028362.4124901678 4238134.369347855
v 4641327.790660148 1028359.533995164 4238133.910707219
v 4641329.963247145 1028361.3857004682 4238131.174004941
v 4641327.354980628 1028358.4097137148 4238134.72855951
v 4641330.095935562 1028360.9583220854 4238131.132673117
v 4641330.095935562 1028360.9583220854 4238131.132673117
v 4641327.354980628 1028358.4097137148 4238134.72855951
v 4641329.831563244 1028354.7903460435 4238126.196043344
v 4641328.850330895 1028354.2303545973 4238127.690175174
v 4641323.847723232 1028352.8364581784 4238126.319498587
v 4641328.850330895 1028354.2303545973 4238127.690175174
v 4641321.9608023865 1028352.247088618 4238125.596397517
v 4641321.141276656 1028351.1519535533 4238126.605942801
v 4641323.011245247 1028352.9937059241 4238124.273772389
v 4641321.9608023865 1028352.247088618 4238125.596397517
v 4641322.065481601 1028351.9847958313 4238124.816307788
v 4641324.357106273 1028353.6344868673 4238122.1446930785
v 4641324.14373204 1028353.7014048619 4238123.090111033
v 4641325.92028307 1028353.9237374207 4238124.167623813
v 4641324.14373204 1028353.7014048619 4238123.090111033
v 4641324.357106273 1028353.6344868673 4238122.1446930785
v 4641327.947717638 1028354.1445598326 4238126.2855760995
v 4641328.857872842 1028354.2891226844 4238125.917157188
v 4641329.831563244 1028354.7903460435 4238126.196043344
v 4641330.494456612 1028361.5604958516 4238130.55402438
v 4641325.505205018 1028366.2218616445 4238128.803530999
v 4641325.505205018 1028366.2218616445 4238128.803530999
v 4641326.085714724 1028367.2069412355 4238127.861682526
v 4641325.024413218 1028366.6292091487 4238126.894158768
v 4641325.505205018 1028366.2218616445 4238128.803530999
v 4641326.085714724 1028367.2069412355 4238127.861682526
v 4641324.868630565 1028368.0221229234 4238126.654954859
v 4641325.024413218 1028366.6292091487 4238126.894158768
v 4641326.085714724 1028367.2069412355 4238127.861682526
v 4641326.497002096 1028368.0403322523 4238128.234630911
v 4641322.7480115 1028371.2635828704 4238127.888736927
v 4641307.811245856 1028369.3244280923 4238120.095275307
v 4641310.278029384 1028368.9574300156 4238121.43931682
v 4641309.167092347 1028368.8254776819 4238119.470075786
v 4641309.530536368 1028369.5911711706 4238122.026753539
v 4641307.706442311 1028369.072818965 4238120.999360923
v 4641309.530536368 1028369.5911711706 4238122.026753539
v 4641305.637450147 1028367.7579410508 4238120.722123899
v 4641307.546938531 1028368.5806999715 4238121.510313004
v 4641306.8555576 1028367.7994446711 4238121.648315833
v 4641306.67595186 1028367.8738441435 4238122.77402921
v 4641306.8555576 1028367.7994446711 4238121.648315833
v 4641305.683265564 1028369.138425158 4238122.746704028
v 4641307.24407163 1028367.5429431243 4238122.1628371095
v 4641305.555605529 1028367.4543218075 4238123.87502636
v 4641307.675159376 1028368.0381380027 4238124.0546321375
v 4641306.67595186 1028367.8738441435 4238122.77402921
v 4641307.032805174 1028367.6674246854 4238125.061568368
v 4641305.555605529 1028367.4543218075 4238123.87502636
v 4641308.040082704 1028366.6915627933 4238124.784602063
v 4641314.609917603 1028367.8046348182 4238132.250164736
v 4641315.824758535 1028367.8454141984 4238133.471859715
v 4641316.839375094 1028368.2986078903 4238134.374295716
v 4641319.821865964 1028368.9023308821 4238137.403473297
v 4641319.265929275 1028369.6927085875 4238137.890669214
v 4641319.821865964 1028368.9023308821 4238137.403473297
v 4641319.285379229 1028369.8112131094 4238137.184454728
v 4641318.142493187 1028368.5302381489 4238137.277557086
v 4641317.412955599 1028362.4875857345 4238128.002443491
v 4641318.363118495 1028364.0684426974 4238125.858396787
v 4641320.092834547 1028364.2803981941 4238127.93762656
v 4641320.834982952 1028365.1870969293 4238127.4953320855
v 4641322.94617779 1028365.7119642481 4238129.521831926
v 4641324.304572449 1028366.3555219789 4238129.493817503
v 4641324.304572449 1028366.3555219789 4238129.493817503
v 4641324.216987778 1028365.6509499223 4238127.862371911
v 4641324.304572449 1028366.3555219789 4238129.493817503
v 4641325.505205018 1028366.2218616445 4238128.803530999
v 4641324.216987778 1028365.6509499223 4238127.862371911
v 4641321.50457559 1028367.79063592 4238130.0054586455
v 4641322.94617779 1028365.7119642481 4238129.521831926
v 4641320.750187166 1028370.3070565977 4238130.803124776
v 4641319.959317794 1028370.9882840493 4238130.988639047
v 4641319.77472046 1028366.265413705 4238127.148748545
v 4641318.280979649 1028370.0454491468 4238128.737902273
v 4641317.935925282 1028370.5970660917 4238128.542639797
v 4641316.30338778 1028370.2353504864 4238127.415006746
v 4641316.951738203 1028368.380600838 4238126.354381158
v 4641308.940583454 1028369.3462632868 4238122.581646563
v 4641320.834982952 1028365.1870969293 4238127.4953320855
v 4641318.866292069 1028365.0363871928 4238125.4424670795
v 4641318.652985668 1028364.6465424052 4238125.40374441
v 4641318.652985668 1028364.6465424052 4238125.40374441
v 4641323.430743971 1028365.9335222077 4238128.795431923
v 4641323.430743971 1028365.9335222077 4238128.795431923
v 4641325.73705269 1028353.2550702766 4238126.862304456
v 4641323.011245247 1028352.9937059241 4238124.273772389
v 4641318.80047579 1028349.2058805269 4238129.475429416
v 4641322.3635715265 1028373.5193884991 4238114.706306648
v 4641322.578665989 1028376.0222259244 4238116.2762339655
v 4641319.314958794 1028367.4767813338 4238140.413842679
v 4641319.25120662 1028367.6910451375 4238141.8174821995
v 4641319.93444583 1028367.8424280521 4238141.475428312
v 4641319.89806246 1028367.1492002428 4238141.682088501
v 4641319.93444583 1028367.8424280521 4238141.475428312
v 4641319.25120662 1028367.6910451375 4238141.8174821995
v 4641318.599502443 1028366.9756774321 4238140.510513966
v 4641319.89806246 1028367.1492002428 4238141.682088501
v 4641319.25120662 1028367.6910451375 4238141.8174821995
v 4641318.599502443 1028366.9756774321 4238140.510513966
v 4641320.189480197 1028367.3850602669 4238141.162348863
v 4641318.599502443 1028366.9756774321 4238140.510513966
v 4641319.314958794 1028367.4767813338 4238140.413842679
v 4641319.93444583 1028367.8424280521 4238141.475428312
v 4641320.189480197 1028367.3850602669 4238141.162348863
v 4641319.314958794 1028367.4767813338 4238140.413842679
v 4641320.189480197 1028367.3850602669 4238141.162348863
v 4641319.89806246 1028367.1492002428 4238141.682088501
v 4641330.040116641 1028371.2234498827 4238120.987247683
v 4641330.403737407 1028371.2469190165 4238121.534312183
v 4641330.500332014 1028371.3254181878 4238121.410316355
v 4641330.242791198 1028370.8115779612 4238121.084879161
v 4641328.091412125 1028369.5926409311 4238122.843619732
v 4641329.66276273 1028371.0827438576 4238120.629266771
v 4641330.242791198 1028370.8115779612 4238121.084879161
v 4641329.487307324 1028370.7012855823 4238120.401460417
v 4641329.650703926 1028371.137169074 4238120.629266771
v 4641329.66276273 1028371.0827438576 4238120.629266771
v 4641329.487307324 1028370.7012855823 4238120.401460417
v 4641329.273349669 1028370.9964629723 4238120.271285539
v 4641329.638645122 1028371.1915942904 4238120.629266771
v 4641329.213830904 1028371.0974696951 4238120.238741819
v 4641329.590409699 1028371.4092960871 4238120.62926677
v 4641329.165595481 1028371.3151714918 4238120.238741819
v 4641329.493163596 1028372.0158190397 4238120.661810488
v 4641329.068349379 1028371.9216944444 4238120.271285537
v 4641329.092120588 1028374.4963351348 4238120.791985361
v 4641328.536210038 1028374.6586492019 4238120.336372971
v 4641328.804259388 1028375.4603034725 4238120.7268979205
v 4641328.404311793 1028375.7142717238 4238121.2466379125
v 4641328.587076328 1028375.9260583273 4238120.850893748
v 4641328.132412336 1028375.140153549 4238120.0760232145
v 4641328.587076328 1028375.9260583273 4238120.850893748
v 4641328.804259388 1028375.4603034725 4238120.7268979205
v 4641328.536210038 1028374.6586492019 4238120.336372971
v 4641326.6124879485 1028374.289513893 4238118.579011327
v 4641328.536210038 1028374.6586492019 4238120.336372971
v 4641326.779760901 1028373.8697986504 4238118.644098766
v 4641324.322694917 1028373.8963675501 4238116.496212146
v 4641324.4071067525 1028373.5153901043 4238116.496212146
v 4641323.485125487 1028373.6536931875 4238115.715162428
v 4641323.604938565 1028373.2805594708 4238115.747706227
v 4641322.812503179 1028373.5046626232 4238115.096831441
v 4641322.873572868 1028373.0614153198 4238115.064287722
v 4641322.387689135 1028373.4105380662 4238114.706306648
v 4641322.164773941 1028373.0756613357 4238114.445956735
v 4641322.3635715265 1028373.5193884991 4238114.706306648
v 4641321.95004103 1028373.5419580848 4238114.348325576
v 4641323.155660426 1028375.9787764507 4238115.87788118
v 4641323.313200464 1028375.100127397 4238115.8453373825
v 4641322.899669967 1028375.1226969828 4238115.48735631
v 4641322.741354381 1028376.1724663075 4238115.5524437465
v 4641323.166168511 1028376.2665908836 4238115.942968618
v 4641322.578665989 1028376.0222259244 4238116.2762339655
v 4641322.770222114 1028376.1788624296 4238116.175993396
v 4641322.741354381 1028376.1724663075 4238115.5524437465
v 4641322.519147225 1028376.1232326473 4238116.243690246
v 4641322.741354381 1028376.1724663075 4238115.5524437465
v 4641322.273788817 1028376.0688694459 4238115.794256984
v 4641323.151467945 1028376.2633337302 4238117.272732266
v 4641322.091065762 1028376.0283841395 4238116.148669049
v 4641321.592999376 1028375.9180293183 4238115.914683725
v 4641322.86254132 1028376.1993172712 4238117.529513078
v 4641324.668818018 1028376.5995276605 4238119.115367689
v 4641324.632600008 1028376.591502963 4238119.156699869
v 4641325.667401181 1028376.8207802278 4238119.361710481
v 4641325.52007999 1028376.7881387882 4238119.748665635
v 4641327.89849207 1028377.3151152064 4238121.338090018
v 4641325.667401181 1028376.8207802278 4238119.361710481
v 4641325.52007999 1028376.7881387882 4238119.748665635
v 4641327.253920813 1028377.1722998146 4238121.417184739
v 4641327.862274059 1028377.3070905088 4238121.379422198
v 4641327.89849207 1028377.3151152064 4238121.338090018
v 4641327.253920813 1028377.1722998146 4238121.417184739
v 4641326.679060491 1028376.6452497493 4238122.8260428
v 4641327.2827883735 1028377.1786958984 4238122.04073423
v 4641327.253920813 1028377.1722998146 4238121.417184739
v 4641324.703402493 1028376.6071904211 4238119.221787467
v 4641326.679060491 1028376.6452497493 4238122.8260428
v 4641327.2827883735 1028377.1786958984 4238122.04073423
v 4641327.253920813 1028377.1722998146 4238121.417184739
v 4641324.775838515 1028376.6232398163 4238119.139123107
v 4641324.632600008 1028376.591502963 4238119.156699869
v 4641324.668818018 1028376.5995276605 4238119.115367689
v 4641324.632600008 1028376.591502963 4238119.156699869
v 4641324.668818018 1028376.5995276605 4238119.115367689
v 4641321.729703751 1028375.9483184268 4238116.488113524
v 4641322.018630361 1028376.0123348822 4238116.231332698
v 4641321.446494245 1028375.8855686903 4238116.227763531
v 4641321.593816231 1028375.9182103061 4238115.840807826
v 4641321.019230258 1028375.7909013081 4238116.058865725
v 4641321.060348154 1028375.8000116564 4238115.574279573
v 4641320.269272215 1028375.624735736 4238115.966453229
v 4641321.019230258 1028375.7909013081 4238116.058865725
v 4641321.060348154 1028375.8000116564 4238115.574279573
v 4641320.241221337 1028375.6185206017 4238115.269027681
v 4641319.8115067845 1028375.5233102563 4238115.321757572
v 4641320.161393439 1028375.4295422842 4238116.057906048
v 4641317.303739898 1028374.967673148 4238112.49402219
v 4641320.241221337 1028375.6185206017 4238115.269027681
v 4641317.664285675 1028375.0475580108 4238112.228452903
v 4641316.915143691 1028374.8815732504 4238112.062165059
v 4641317.240288312 1028374.9536144033 4238111.764052053
v 4641316.88055939 1028374.8739105283 4238111.955745441
v 4641317.098683689 1028374.9222395638 4238111.633877176
v 4641316.738137912 1028374.842354701 4238111.899446462
v 4641316.957079065 1028374.8908647243 4238111.503702298
v 4641315.674469454 1028374.6066814136 4238111.070885331
v 4641315.608567028 1028374.5920796446 4238110.562543919
v 4641314.882576211 1028374.4312244061 4238111.536935756
v 4641315.674469454 1028374.6066814136 4238111.070885331
v 4641315.608567028 1028374.5920796446 4238110.562543919
v 4641314.638034917 1028374.37704225 4238111.013626835
v 4641313.227171181 1028374.0644421215 4238112.4778243555
v 4641314.239638664 1028374.2887709899 4238111.468278679
v 4641313.994280516 1028374.2344078461 4238111.018845657
v 4641312.8023573095 1028373.970317603 4238112.087299723
v 4641312.721754604 1028373.9524587439 4238112.90872094
v 4641312.333158122 1028373.8663587853 4238112.476864838
v 4641311.564415699 1028373.696031223 4238114.083594625
v 4641311.103383125 1028373.5938818534 4238113.734401535
v 4641311.4557619775 1028373.6719571991 4238114.207590809
v 4641311.564374101 1028373.5247308762 4238114.124926805
v 4641307.366558496 1028372.6517326437 4238117.515802174
v 4641307.522713465 1028372.800525439 4238117.3830178855
v 4641311.103383125 1028373.5938818534 4238113.734401535
v 4641307.13411745 1028372.7144255836 4238116.9511612505
v 4641306.249371348 1028372.5183954929 4238119.346769755
v 4641307.3778420435 1028372.7684267864 4238117.548345893
v 4641306.916810162 1028372.6662775703 4238117.19915344
v 4641305.785072009 1028372.4155223178 4238119.293079511
v 4641309.232144408 1028373.1221810069 4238125.585148088
v 4641308.809573693 1028372.1720949163 4238125.179655984
v 4641310.381508006 1028373.4339385106 4238124.040895796
v 4641309.401175036 1028373.2167295734 4238125.378487901
v 4641309.6694008885 1028373.2761594355 4238123.759399874
v 4641308.903108755 1028373.1063747754 4238125.144502993
v 4641309.255486759 1028373.1844499331 4238125.617691807
v 4641309.219268904 1028373.17642527 4238125.659023809
v 4641309.232144408 1028373.1221810069 4238125.585148088
v 4641309.255486759 1028373.1844499331 4238125.617691807
v 4641308.903108755 1028373.1063747754 4238125.144502993
v 4641309.147649893 1028373.160556897 4238125.667812091
v 4641308.903108755 1028373.1063747754 4238125.144502993
v 4641308.759053878 1028373.0744570417 4238125.235955457
v 4641308.3195391055 1028372.9770752953 4238126.175194164
v 4641307.966343899 1028372.8988190731 4238125.77588093
v 4641307.418175752 1028372.7773633796 4238126.839116138
v 4641307.101198402 1028372.7071318205 4238126.398470902
v 4641307.381957741 1028372.769338682 4238126.880448317
v 4641307.381957741 1028372.769338682 4238126.880448317
v 4641305.860806884 1028372.432302623 4238128.616393465
v 4641305.754603417 1028372.4087714934 4238128.518762306
v 4641305.324072148 1028372.3133801908 4238128.645367582
v 4641305.607281742 1028372.3761299466 4238128.905717656
v 4641307.810321579 1028372.8642497524 4238130.184671486
v 4641307.520578424 1028372.8000523783 4238130.515327856
v 4641308.447542732 1028373.0054366069 4238130.770458753
v 4641308.122398421 1028372.933395523 4238131.068571405
v 4641309.330938439 1028373.2011674936 4238131.731804013
v 4641308.864189729 1028373.0977516198 4238131.899741353
v 4641309.293903884 1028373.1929618771 4238131.847011737
v 4641309.975303222 1028372.4874795341 4238131.859369286
v 4641309.612514482 1028373.2635553092 4238132.13990539
v 4641308.864189729 1028373.0977516198 4238131.899741353
v 4641309.180350095 1028373.1678021624 4238132.414262367
v 4641309.573029738 1028373.2548068129 4238132.476740515
v 4641309.632548524 1028373.1538000947 4238132.509284255
v 4641309.9270414915 1028373.3332439548 4238132.802177888
v 4641309.180350095 1028373.1678021624 4238132.414262367
v 4641309.673516349 1028373.2770712783 4238133.09150208
v 4641316.304153417 1028374.7461982648 4238138.216795782
v 4641316.268752262 1028374.7383545549 4238138.184252062
v 4641316.192232898 1028374.7214004277 4238138.63629485
v 4641316.334654066 1028374.7529561861 4238138.692594184
v 4641316.375772273 1028374.7620666033 4238138.2080076765
v 4641316.477892399 1028374.7846930011 4238138.675017264
v 4641318.0551450495 1028375.1341593366 4238138.3339238865
v 4641317.764585352 1028375.0697810437 4238138.738455801
v 4641318.447824873 1028375.2211640272 4238138.39640156
v 4641319.629518865 1028372.9707110747 4238137.726300718
v 4641318.25040083 1028375.1774214738 4238140.080576885
v 4641317.753968104 1028375.0674286167 4238139.698840356
v 4641317.288852569 1028374.9643745997 4238139.719026688
v 4641317.996059143 1028375.1210678784 4238140.44377662
v 4641318.816820017 1028375.3029209853 4238140.601277031
v 4641318.88921444 1028375.1476700337 4238140.559944852
v 4641318.623630494 1028375.1459225736 4238140.849269044
v 4641318.88921444 1028375.1476700337 4238140.559944852
v 4641318.816820017 1028375.3029209853 4238140.601277031
v 4641318.5632948745 1028375.2467483088 4238140.890601222
v 4641317.996059143 1028375.1210678784 4238140.44377662
v 4641318.5632948745 1028375.2467483088 4238140.890601222
v 4641317.996059143 1028375.1210678784 4238140.44377662
v 4641317.995242981 1028375.1208870442 4238140.517653155
v 4641318.133580807 1028375.1515380706 4238140.943330918
v 4641317.990342785 1028375.1198013246 4238140.9609074835
v 4641317.995242981 1028375.1208870442 4238140.517653155
v 4641317.744983943 1028375.0654380273 4238140.511473823
v 4641317.990342785 1028375.1198013246 4238140.9609074835
v 4641317.637147076 1028375.0415449911 4238140.561594108
v 4641317.013276767 1028374.903316235 4238142.002996525
v 4641316.588462204 1028374.8091915629 4238141.612471255
v 4641316.541627637 1028374.798814592 4238142.614188626
v 4641316.042743964 1028374.6882786871 4238142.454078803
v 4641316.393488796 1028374.7659919885 4238143.075020229
v 4641316.319337319 1028374.4069792686 4238143.388099326
v 4641314.48995976 1028373.773261351 4238145.020234975
v 4641315.383471877 1028374.5422060833 4238143.862938209
v 4641316.042743964 1028374.6882786871 4238142.454078803
v 4641314.958657313 1028374.4480814112 4238143.47241294
v 4641314.514242727 1028374.3496140299 4238144.854906967
v 4641314.124829319 1028374.2633330678 4238144.496925416
v 4641314.043410452 1028374.2452933745 4238145.392223169
v 4641313.509125623 1028374.1269137597 4238145.199569627
v 4641313.89853903 1028374.2131947218 4238145.557551177
v 4641314.59795153 1028371.0565237908 4238145.557551183
v 4641313.509125623 1028374.1269137597 4238145.199569627
v 4641314.220596925 1028370.9158176122 4238145.199569633
v 4641314.6461869525 1028370.838821994 4238145.557551184
v 4641314.2567735445 1028370.7525410319 4238145.199569633
v 4641314.6461869525 1028370.838821994 4238145.557551184
v 4641314.268832349 1028370.6981158155 4238145.199569633
v 4641315.244476653 1028369.1442726731 4238145.752813503
v 4641314.900973178 1028369.3536500072 4238145.492463747
v 4641315.256535457 1028369.0898474567 4238145.752813503
v 4641317.3214922855 1028371.7741632478 4238142.859571587
v 4641316.704681787 1028370.438457869 4238143.925416245
v 4641312.212809574 1028368.2441686643 4238142.921508323
v 4641312.38826498 1028368.6256269398 4238143.149314677
v 4641312.126847019 1028368.9673857596 4238142.986595761
v 4641311.7872201 1028368.3211634281 4238142.563527091
v 4641312.261044997 1028368.0264668677 4238142.921508324
v 4641311.83623078 1028367.9323422724 4238142.530983373
v 4641312.790083106 1028365.9739904776 4238142.986595767
v 4641312.377327693 1028365.8254406659 4238142.596070816
v 4641313.065885951 1028365.0644469676 4238143.051683526
v 4641312.700590254 1028364.869315107 4238142.693701975
v 4641313.710084943 1028363.6655555564 4238143.344577002
v 4641314.341780489 1028363.8626154097 4238143.339358181
v 4641314.076155358 1028363.6895672061 4238143.670014197
v 4641313.96840117 1028364.0082757256 4238143.637470476
v 4641313.436608472 1028364.0617399021 4238143.181858405
v 4641311.324596536 1028363.5366917861 4238141.229233967
v 4641311.240184701 1028363.917669232 4238141.229233966
v 4641310.41700023 1028363.1072097076 4238140.3505530665
v 4641310.120181183 1028363.4411253214 4238140.15529059
v 4641310.075047303 1028362.974347354 4238140.0251157135
v 4641310.496827403 1028363.2961883529 4238139.561675409
v 4641309.6502332585 1028362.8802227972 4238139.634590921
v 4641310.120181183 1028363.4411253214 4238140.15529059
v 4641309.553762516 1028363.3156259251 4238139.63459092
v 4641308.257528552 1028362.6287431461 4238138.365385109
v 4641308.161057808 1028363.064146274 4238138.365385108
v 4641308.04512153 1028362.5816808677 4238138.170122712
v 4641307.819104881 1028362.9312839204 4238138.039947755
v 4641307.868890928 1028362.3713426976 4238137.974860277
v 4641307.525387361 1028362.5807197669 4238137.714510388
v 4641307.8455486065 1028362.3090735337 4238137.942316538
v 4641307.432017986 1028362.3316435803 4238137.584335445
v 4641307.9781958135 1028361.7103945239 4238137.942316539
v 4641307.8455486065 1028362.3090735337 4238137.942316538
v 4641307.432017986 1028362.3316435803 4238137.584335445
v 4641307.553381726 1028361.6162699575 4238137.551791707
v 4641308.738677855 1028358.1104769588 4238137.909772825
v 4641308.313863746 1028358.0163523875 4238137.519247974
v 4641309.028089922 1028356.8042683026 4238137.909772828
v 4641308.603275813 1028356.7101437313 4238137.519247976
v 4641309.244373605 1028355.9957316716 4238137.942316549
v 4641308.819559517 1028355.901607105 4238137.551791717
v 4641309.268491316 1028355.8868807732 4238137.942316549
v 4641308.915254922 1028355.6373238066 4238137.5843354575
v 4641309.315951298 1028355.8402992715 4238137.974860289
v 4641309.223357319 1028355.4201030242 4238137.812141613
v 4641314.130074454 1028345.087827933 4238135.329610764
v 4641313.583539446 1028344.9667340885 4238136.245094291
v 4641313.085473109 1028344.8563792781 4238136.011109012
v 4641313.632824967 1028344.9776541091 4238135.021749581
v 4641314.277396397 1028345.1204695392 4238134.94265502
v 4641313.816364276 1028345.0183202703 4238134.593462348
v 4641314.4947038395 1028345.168617587 4238134.694662654
v 4641314.069889731 1028345.0744930157 4238134.304137802
v 4641314.71201066 1028345.216765497 4238134.446670997
v 4641314.287196551 1028345.1226409257 4238134.056146145
v 4641321.195011355 1028346.653181217 4238127.048237411
v 4641319.926568884 1028346.3721368688 4238128.568734197
v 4641319.501754776 1028346.2780122975 4238128.178209345
v 4641320.805598424 1028346.5669003604 4238126.6902562985
v 4641322.136676216 1028346.8618225966 4238125.97360465
v 4641321.711862107 1028346.7676980253 4238125.583079798
v 4641323.6948618395 1028347.2070643189 4238124.1224514935
v 4641323.270047731 1028347.1129397476 4238123.731926642
v 4641323.73107954 1028347.2150889477 4238124.08111967
v 4641323.342483441 1028347.1289890739 4238123.649262638
v 4641324.418402735 1028347.3673767368 4238123.369686664
v 4641323.993588626 1028347.2732521655 4238122.979161812
v 4641325.83008335 1028347.6801578578 4238121.831613264
v 4641325.476888117 1028347.6019016299 4238121.432300326
v 4641326.626059623 1028347.8565195283 4238120.996184764
v 4641326.125543413 1028347.7456219078 4238120.983826536
v 4641320.126944845 1028346.4165334755 4238113.678373023
v 4641319.910454256 1028346.3685664154 4238113.85248949
v 4641319.412386816 1028346.2582113604 4238113.618504479
v 4641319.702130281 1028346.3224088034 4238113.287847753
v 4641321.54107538 1028346.729857417 4238111.918672617
v 4641321.188696216 1028346.6517820024 4238111.445483698
v 4641321.685946801 1028346.7619560697 4238111.7533446085
v 4641321.204161902 1028347.9113465637 4238111.927461074
v 4641321.934318669 1028348.4157080741 4238110.501025457
v 4641321.722164812 1028346.7699807673 4238111.712012429
v 4641321.188696216 1028346.6517820024 4238111.445483698
v 4641321.2611322375 1028346.6678313976 4238111.362819338
v 4641321.722164812 1028346.7699807673 4238111.712012429
v 4641321.297350248 1028346.6758560953 4238111.3214871595
v 4641321.794600212 1028346.7860300246 4238111.62934878
v 4641322.835434315 1028347.5876163726 4238110.08509631
v 4641321.867853088 1028346.8022604076 4238111.472808522
v 4641321.297350248 1028346.6758560953 4238111.3214871595
v 4641321.480072768 1028346.716341283 4238110.967075884
v 4641322.050575608 1028346.8427455955 4238111.118397247
v 4641322.754123226 1028347.2841143665 4238109.954920796
v 4641322.622086071 1028347.0264702073 4238110.087705085
v 4641322.525490844 1028346.9479708981 4238110.211701623
v 4641321.480072768 1028346.716341283 4238110.967075884
v 4641322.064459584 1028346.8458218199 4238109.86250846
v 4641322.526307698 1028346.9481518859 4238110.137825725
v 4641322.173112994 1028346.8698957748 4238109.7385126315
v 4641322.597926865 1028346.9640202933 4238110.129037265
v 4641322.6711791195 1028346.9802505384 4238109.972497717
v 4641322.173112994 1028346.8698957748 4238109.7385126315
v 4641322.245549016 1028346.88594517 4238109.655848273
v 4641322.743615141 1028346.9962999336 4238109.889833358
v 4641322.318801271 1028346.9021754151 4238109.499308725
v 4641322.719497533 1028347.1051503664 4238109.889833357
v 4641322.305967003 1028347.1277209216 4238109.531852444
v 4641322.387277606 1028347.4312218432 4238109.662027321
v 4641322.596583102 1028348.1627634009 4238109.987464514
v 4641322.387277606 1028347.4312218432 4238109.662027321
v 4641322.219229192 1028348.022057376 4238109.6294836
v 4641322.3810747275 1028348.8001804402 4238109.922377074
v 4641321.967544405 1028348.8227500644 4238109.564396161
v 4641334.144773154 1028351.6921080105 4238120.791985403
v 4641334.144731761 1028351.5208067326 4238120.8333175825
v 4641334.180949773 1028351.5288314302 4238120.791985403
v 4641333.707900132 1028351.6524086316 4238120.401460451
v 4641333.143589217 1028351.5844732849 4238121.834074798
v 4641333.689638796 1028353.0757925218 4238120.661810522
v 4641333.707900132 1028351.6524086316 4238120.401460451
v 4641333.300225735 1028352.9895116364 4238120.303829291
v 4641333.5328739295 1028353.7833221973 4238120.661810521
v 4641333.096000908 1028353.7436228184 4238120.271285569
v 4641333.461296154 1028353.9387550676 4238120.629266801
v 4641331.422142387 1028354.7430848051 4238122.580660594
v 4641333.015119265 1028355.9524931955 4238120.629266798
v 4641333.096000908 1028353.7436228184 4238120.271285569
v 4641332.590305048 1028355.8583686003 4238120.238741847
v 4641332.725707243 1028357.258701648 4238120.629266796
v 4641332.324235378 1028357.226845979 4238120.271285564
v 4641332.712873079 1028357.484246689 4238120.6618105145
v 4641332.275224594 1028357.6156676003 4238120.3038292825
v 4641333.533731643 1028358.8080657256 4238121.638122731
v 4641333.50065622 1028358.2868624651 4238121.507947536
v 4641333.144318582 1028358.7217848402 4238121.2801415
v 4641332.97991342 1028358.2285803531 4238122.234347716
v 4641333.644146457 1028361.573195109 4238123.988139557
v 4641334.0328781735 1028360.7457698969 4238122.451716031
v 4641333.144318582 1028358.7217848402 4238121.2801415
v 4641333.607288943 1028360.822765203 4238122.093735117
v 4641335.040128535 1028365.2512326123 4238124.209077508
v 4641334.602480462 1028365.3826533095 4238123.851096595
v 4641335.074755037 1028365.4301962422 4238124.274165584
v 4641333.889783263 1028364.2540911138 4238125.992534522
v 4641329.91420778 1028368.8545675699 4238125.342348517
v 4641330.234477962 1028368.2974597692 4238124.54468256
v 4641329.14919838 1028369.1418449341 4238124.354638745
v 4641328.373711197 1028370.7400356982 4238125.104794499
v 4641328.38648837 1028369.5438258516 4238124.212106159
v 4641326.5818754295 1028370.7427057036 4238124.28145258
v 4641328.091412125 1028369.5926409311 4238122.843619732
v 4641326.29422098 1028372.5631784308 4238124.009704951
v 4641328.165698855 1028373.891389865 4238121.653779241
v 4641327.844818465 1028375.3048215329 4238122.318660908
v 4641326.654569945 1028375.2123934743 4238123.198031707
v 4641324.856634272 1028375.0995173684 4238125.108093321
v 4641325.679344284 1028375.8527737497 4238123.885709117
v 4641324.856634272 1028375.0995173684 4238125.108093321
v 4641323.5137227215 1028375.4871396445 4238120.275273866
v 4641322.553807383 1028375.2744545714 4238119.765971789
v 4641320.0773581285 1028374.7257564011 4238117.34015903
v 4641320.0773581285 1028374.7257564011 4238117.34015903
v 4641317.462140377 1028372.6617847447 4238120.24479846
v 4641317.028266583 1028373.4221104559 4238117.251044815
v 4641318.134418766 1028374.4665572752 4238115.139542543
v 4641316.178561799 1028374.0903019544 4238113.054133818
v 4641315.228529628 1028374.2223898973 4238111.575658525
v 4641315.228529628 1028374.2223898973 4238111.575658525
v 4641313.549850433 1028373.3365764717 4238111.499862882
v 4641312.782089601 1028373.851632871 4238112.867389471
v 4641312.674821552 1028372.8001161552 4238113.09162587
v 4641312.517492215 1028371.9087996416 4238114.57175042
v 4641311.86213804 1028371.0784286425 4238115.776558059
v 4641312.517492215 1028371.9087996416 4238114.57175042
v 4641311.564374101 1028373.5247308762 4238114.124926805
v 4641310.745266158 1028371.5161337316 4238116.375392771
v 4641309.460538221 1028372.6018130411 4238115.83354741
v 4641309.460538221 1028372.6018130411 4238115.83354741
v 4641305.7430543555 1028372.0636293764 4238119.934205822
v 4641304.983197988 1028370.7533268704 4238119.909490692
v 4641307.366558496 1028372.6517326437 4238117.515802174
v 4641308.757879665 1028372.3319333579 4238126.58329554
v 4641308.390051626 1028371.7936576664 4238126.529605973
v 4641308.427334529 1028372.8296680191 4238126.166405881
v 4641308.757879665 1028372.3319333579 4238126.58329554
v 4641308.8762182165 1028371.4445975899 4238130.096788823
v 4641306.006355939 1028371.1513155133 4238127.599709259
v 4641311.300333044 1028371.4107287949 4238131.9905043375
v 4641316.268752262 1028374.7383545549 4238138.184252062
v 4641317.099757686 1028373.3808534341 4238137.753355125
v 4641317.678137398 1028372.3099611803 4238137.455242831
v 4641318.488999704 1028371.347677299 4238137.680439103
v 4641319.399904579 1028371.9491835758 4238138.222285098
v 4641318.488999704 1028371.347677299 4238137.680439103
v 4641319.629518865 1028372.9707110747 4238137.726300718
v 4641319.950195906 1028372.9275682736 4238140.013840194
v 4641318.8165829675 1028372.8476887632 4238139.004984255
v 4641319.300806821 1028373.1262686492 4238140.453525593
v 4641319.950195906 1028372.9275682736 4238140.013840194
v 4641317.979503672 1028373.4615805997 4238141.226476418
v 4641316.612140002 1028373.6153969286 4238142.968600613
v 4641318.842643455 1028372.1111993757 4238141.123626086
v 4641312.616039116 1028368.7902881425 4238143.007741928
v 4641312.393899007 1028368.2842920145 4238142.7148481365
v 4641313.682489146 1028365.5436488112 4238142.192498738
v 4641315.702165818 1028365.2488779678 4238141.890127458
v 4641315.825178734 1028365.3332305511 4238142.611308742
v 4641312.775777087 1028364.6575853294 4238140.2558019655
v 4641311.482385215 1028363.6858465569 4238140.948697881
v 4641312.375814446 1028364.1121891988 4238139.874065475
v 4641308.845305855 1028363.2728497568 4238136.84131881
v 4641309.767836084 1028363.9340293552 4238135.240767262
v 4641309.767836084 1028363.9340293552 4238135.240767262
v 4641310.635379387 1028360.529124383 4238135.190647359
v 4641310.500881544 1028356.8451036263 4238136.29782351
v 4641309.365085871 1028355.9653801774 4238137.81832072
v 4641321.549934945 1028348.9015138947 4238134.362898555
v 4641324.998556193 1028350.8646536452 4238132.691350875
v 4641322.2954939045 1028348.4957323895 4238136.05682182
v 4641314.515637083 1028345.4016448423 4238134.907501949
v 4641313.72681942 1028345.1697712599 4238136.186185231
v 4641314.712052259 1028345.3880658438 4238134.405338817
v 4641320.796708181 1028350.3333452082 4238126.667460858
v 4641323.7809589 1028350.4235837607 4238123.180603351
v 4641326.074330594 1028349.1617048538 4238120.990005653
v 4641326.746814058 1028347.9974687515 4238120.830856047
v 4641320.308158244 1028346.9705586594 4238113.347717006
v 4641331.658935551 1028349.0287332296 4238123.992128074
v 4641333.107898735 1028350.3775246297 4238122.090854918
v 4641331.041763503 1028349.5771550578 4238124.677196073
v 4641330.892679804 1028351.6567195703 4238123.681658384
v 4641332.301952052 1028352.1402582079 4238122.323879772
v 4641332.238721744 1028353.7820676311 4238122.288726638
v 4641330.057963354 1028354.5550225291 4238124.109945553
v 4641331.6962394705 1028356.9164119984 4238122.123398625
v 4641332.617094706 1028357.4059283675 4238120.711931154
v 4641331.686920557 1028358.1704851234 4238121.61244709
v 4641331.928613593 1028357.3104810647 4238123.672180177
v 4641331.686920557 1028358.1704851234 4238121.61244709
v 4641332.97991342 1028358.2285803531 4238122.234347716
v 4641331.069726546 1028356.7205001948 4238124.894565091
v 4641331.928613593 1028357.3104810647 4238123.672180177
v 4641332.280535826 1028360.35750955 4238125.691540985
v 4641332.876375667 1028363.5156791691 4238127.1999512175
v 4641325.518692576 1028373.9900684435 4238124.801191858
v 4641321.86394497 1028373.5799791209 4238124.280221735
v 4641322.852261307 1028373.3421795783 4238127.712011044
v 4641322.026949414 1028374.301261918 4238122.32429882
v 4641319.142179227 1028373.148219144 4238121.363643379
v 4641317.462140377 1028372.6617847447 4238120.24479846
v 4641316.012401624 1028371.4841126348 4238122.17861569
v 4641314.282411203 1028370.8724165547 4238121.290186475
v 4641316.012401624 1028371.4841126348 4238122.17861569
v 4641313.717824019 1028372.00346084 4238116.015072581
v 4641312.517492215 1028371.9087996416 4238114.57175042
v 4641313.549850433 1028373.3365764717 4238111.499862882
v 4641311.86213804 1028371.0784286425 4238115.776558059
v 4641312.126480437 1028370.7944148218 4238117.818714934
v 4641310.257391891 1028371.1225509483 4238117.438627661
v 4641310.819644746 1028370.9045441032 4238118.411370598
v 4641310.745266158 1028371.5161337316 4238116.375392771
v 4641309.778941978 1028371.8159030406 4238116.333100718
v 4641309.460538221 1028372.6018130411 4238115.83354741
v 4641307.127862646 1028370.4862491774 4238118.005607773
v 4641309.681048777 1028370.4809772829 4238117.92843317
v 4641308.180041194 1028369.7487240188 4238119.00828493
v 4641306.188440994 1028369.4216472142 4238119.0652734805
v 4641305.7430543555 1028372.0636293764 4238119.934205822
v 4641305.245989897 1028370.8115527505 4238122.016734739
v 4641304.983197988 1028370.7533268704 4238119.909490692
v 4641309.407789258 1028369.73526565 4238129.857584919
v 4641306.878148544 1028368.4325185177 4238127.014882188
v 4641311.490684978 1028369.2261138548 4238131.4346515015
v 4641313.819146139 1028369.6278277596 4238133.254491037
v 4641318.585387664 1028370.5696730809 4238137.763103108
v 4641318.92174782 1028371.2151716071 4238138.481675337
v 4641318.585387664 1028370.5696730809 4238137.763103108
v 4641319.399904579 1028371.9491835758 4238138.222285098
v 4641316.948947349 1028371.6916197762 4238137.74099774
v 4641318.92174782 1028371.2151716071 4238138.481675337
v 4641318.47758089 1028372.1445088085 4238139.6161763575
v 4641316.049382909 1028372.177472913 4238138.091840085
v 4641313.23840065 1028369.4420569715 4238141.59009509
v 4641314.807259817 1028370.7603162602 4238139.638701294
v 4641314.251074263 1028370.5228900914 4238140.373889933
v 4641314.89063728 1028366.09681966 4238140.672002237
v 4641317.154245244 1028366.7125539089 4238140.760155588
v 4641316.296176367 1028366.122754318 4238141.908664531
v 4641315.825178734 1028365.3332305511 4238142.611308742
v 4641317.24114914 1028366.5034202386 4238140.497195713
v 4641317.24114914 1028366.5034202386 4238140.497195713
v 4641314.793800863 1028366.1895585317 4238137.5454649795
v 4641313.422256229 1028365.2005037256 4238138.838155126
v 4641313.123329706 1028365.4768548625 4238136.689578792
v 4641310.873796843 1028364.9213367174 4238134.237400733
v 4641311.698791249 1028364.9899332589 4238132.958717471
v 4641310.873796843 1028364.9213367174 4238134.237400733
v 4641312.556891555 1028362.3251997962 4238132.521641802
v 4641313.7739452245 1028359.9112898672 4238131.925416899
v 4641311.574707838 1028357.8252910677 4238134.9664102765
v 4641321.912429533 1028349.5528029364 4238132.717445502
v 4641319.224048344 1028349.0142447933 4238132.197434879
v 4641319.323278233 1028347.9513840568 4238134.242201007
v 4641318.18689944 1028347.2999203147 4238134.68710507
v 4641316.948949322 1028347.4253123321 4238132.283398034
v 4641316.948949322 1028347.4253123321 4238132.283398034
v 4641316.788003125 1028346.9899717682 4238131.833964479
v 4641321.141276656 1028351.1519535533 4238126.605942801
v 4641319.836450877 1028350.1776814093 4238128.333099751
v 4641322.065481601 1028351.9847958313 4238124.816307788
v 4641324.357106273 1028353.6344868673 4238122.1446930785
v 4641325.170155262 1028350.8455772116 4238121.494778468
v 4641326.648017301 1028348.9462313676 4238120.928487263
v 4641325.170155262 1028350.8455772116 4238121.494778468
v 4641326.074330594 1028349.1617048538 4238120.990005653
v 4641330.986938289 1028348.8227441108 4238124.408057859
v 4641330.505028802 1028349.4582326334 4238124.706170864
v 4641328.897926156 1028353.2702474465 4238125.754438593
v 4641328.857872842 1028354.2891226844 4238125.917157188
v 4641330.35682892 1028355.9344770281 4238123.744136405
v 4641330.671796173 1028357.0891099713 4238123.050279942
v 4641330.671796173 1028357.0891099713 4238123.050279942
v 4641331.069726546 1028356.7205001948 4238124.894565091
v 4641329.4885411095 1028356.2559683995 4238124.538232724
v 4641330.321902602 1028355.9838355685 4238125.8126579495
v 4641330.776054385 1028358.7680287473 4238127.273555998
v 4641330.321902602 1028355.9838355685 4238125.8126579495
v 4641330.494456612 1028361.5604958516 4238130.55402438
v 4641329.382016073 1028367.9943882036 4238126.201532986
v 4641328.2688971255 1028367.0625918702 4238126.761644932
v 4641329.4625779055 1028367.8409463881 4238125.421443239
v 4641327.823623755 1028366.7926428369 4238128.259346046
v 4641327.458979886 1028365.91248917 4238127.992817597
v 4641320.388256554 1028371.2546146121 4238130.968452893
v 4641322.913165432 1028372.2137300945 4238127.844795335
v 4641322.852261307 1028373.3421795783 4238127.712011044
v 4641318.96715073 1028371.4536195503 4238126.776760341
v 4641320.388256554 1028371.2546146121 4238130.968452893
v 4641322.852261307 1028373.3421795783 4238127.712011044
v 4641319.771734448 1028372.7167350969 4238123.846444896
v 4641319.771734448 1028372.7167350969 4238123.846444896
v 4641318.0612703655 1028371.3671018805 4238125.667663735
v 4641316.012401624 1028371.4841126348 4238122.17861569
v 4641315.568637858 1028370.70062298 4238123.652561527
v 4641314.764919011 1028370.8080320089 4238122.9691431
v 4641315.568637858 1028370.70062298 4238123.652561527
v 4641316.012401624 1028371.4841126348 4238122.17861569
v 4641314.282411203 1028370.8724165547 4238121.290186475
v 4641313.2665116405 1028369.9621607789 4238122.760562957
v 4641312.159699375 1028370.0024144638 4238120.380611271
v 4641312.126480437 1028370.7944148218 4238117.818714934
v 4641310.520003406 1028369.6962098256 4238118.80972382
v 4641310.819644746 1028370.9045441032 4238118.411370598
v 4641310.520003406 1028369.6962098256 4238118.80972382
v 4641312.126480437 1028370.7944148218 4238117.818714934
v 4641310.520003406 1028369.6962098256 4238118.80972382
v 4641309.167092347 1028368.8254776819 4238119.470075786
v 4641307.811245856 1028369.3244280923 4238120.095275307
v 4641306.027261611 1028368.7578658334 4238119.765308448
v 4641305.062010175 1028369.6859422543 4238123.801150457
v 4641305.683265564 1028369.138425158 4238122.746704028
v 4641305.297175998 1028370.0235333144 4238122.953364036
v 4641305.245989897 1028370.8115527505 4238122.016734739
v 4641305.710872578 1028370.6861660242 4238123.1460175775
v 4641305.297175998 1028370.0235333144 4238122.953364036
v 4641306.67595186 1028367.8738441435 4238122.77402921
v 4641305.555605529 1028367.4543218075 4238123.87502636
v 4641304.952984137 1028368.1201616604 4238124.297134838
v 4641304.824394636 1028369.3478084189 4238124.8705650335
v 4641309.953910439 1028368.1433525968 4238129.3554218495
v 4641307.735763119 1028367.1380101363 4238126.321026085
v 4641313.893934051 1028368.5024544583 4238132.131387648
v 4641318.585387664 1028370.5696730809 4238137.763103108
v 4641319.285379229 1028369.8112131094 4238137.184454728
v 4641318.472800845 1028370.4305335283 4238137.1896739025
v 4641319.265929275 1028369.6927085875 4238137.890669214
v 4641317.956044216 1028369.2311908217 4238136.727883139
v 4641319.265929275 1028369.6927085875 4238137.890669214
v 4641318.585387664 1028370.5696730809 4238137.763103108
v 4641316.049382909 1028372.177472913 4238138.091840085
v 4641317.956044216 1028369.2311908217 4238136.727883139
v 4641316.948947349 1028371.6916197762 4238137.74099774
v 4641317.304649173 1028367.8878221784 4238137.68730786
v 4641315.784232491 1028367.2083655514 4238139.432041112
v 4641316.319209344 1028366.8130236401 4238139.674814977
v 4641316.101386189 1028366.5363726674 4238137.863073549
v 4641318.289099837 1028367.0781942349 4238139.437530461
v 4641315.23262323 1028366.8006617195 4238136.556104959
v 4641314.911397214 1028366.0443223247 4238136.650166836
v 4641313.053685955 1028365.404327099 4238134.375674646
v 4641311.698791249 1028364.9899332589 4238132.958717471
v 4641314.16867164 1028366.5649257011 4238132.518343081
v 4641313.243574013 1028366.5883437287 4238130.9659918705
v 4641314.899367168 1028364.4429352647 4238129.463071703
v 4641313.243574013 1028366.5883437287 4238130.9659918705
v 4641311.698791249 1028364.9899332589 4238132.958717471
v 4641312.556891555 1028362.3251997962 4238132.521641802
v 4641313.7739452245 1028359.9112898672 4238131.925416899
v 4641315.441074077 1028361.4797108432 4238129.660943455
v 4641316.224216515 1028361.8816177495 4238128.8580583595
v 4641321.9608023865 1028352.247088618 4238125.596397517
v 4641326.273545788 1028353.5452312785 4238123.5827962225
v 4641325.92028307 1028353.9237374207 4238124.167623813
v 4641324.357106273 1028353.6344868673 4238122.1446930785
v 4641325.700604419 1028351.9908566802 4238121.808818088
v 4641325.700604419 1028351.9908566802 4238121.808818088
v 4641324.357106273 1028353.6344868673 4238122.1446930785
v 4641328.6787184505 1028349.1677775447 4238122.750936465
v 4641326.648017301 1028348.9462313676 4238120.928487263
v 4641327.965903263 1028348.7243563688 4238121.51784429
v 4641330.986938289 1028348.8227441108 4238124.408057859
v 4641330.505028802 1028349.4582326334 4238124.706170864
v 4641327.779540785 1028351.9947019917 4238123.631267291
v 4641328.897926156 1028353.2702474465 4238125.754438593
v 4641327.947717638 1028354.1445598326 4238126.2855760995
v 4641327.947717638 1028354.1445598326 4238126.2855760995
v 4641330.321902602 1028355.9838355685 4238125.8126579495
v 4641329.831563244 1028354.7903460435 4238126.196043344
v 4641328.857872842 1028354.2891226844 4238125.917157188
v 4641329.4885411095 1028356.2559683995 4238124.538232724
v 4641329.4885411095 1028356.2559683995 4238124.538232724
v 4641329.831563244 1028354.7903460435 4238126.196043344
v 4641330.095935562 1028360.9583220854 4238131.132673117
v 4641323.278031925 1028369.896490114 4238127.714620462
v 4641325.024413218 1028366.6292091487 4238126.894158768
v 4641324.868630565 1028368.0221229234 4238126.654954859
v 4641323.616330556 1028367.6875576722 4238127.806072929
v 4641321.986247159 1028369.5531768521 4238129.20257342
v 4641322.7480115 1028371.2635828704 4238127.888736927
v 4641320.750187166 1028370.3070565977 4238130.803124776
v 4641319.959317794 1028370.9882840493 4238130.988639047
v 4641317.935925282 1028370.5970660917 4238128.542639797
v 4641319.959317794 1028370.9882840493 4238130.988639047
v 4641316.30338778 1028370.2353504864 4238127.415006746
v 4641314.102989738 1028369.804913058 4238124.806288939
v 4641314.102989738 1028369.804913058 4238124.806288939
v 4641310.278029384 1028368.9574300156 4238121.43931682
v 4641309.167092347 1028368.8254776819 4238119.470075786
v 4641305.683265564 1028369.138425158 4238122.746704028
v 4641306.8555576 1028367.7994446711 4238121.648315833
v 4641305.637450147 1028367.7579410508 4238120.722123899
v 4641307.675159376 1028368.0381380027 4238124.0546321375
v 4641307.24407163 1028367.5429431243 4238122.1628371095
v 4641306.67595186 1028367.8738441435 4238122.77402921
v 4641308.7324712435 1028367.5301393666 4238123.464586205
v 4641307.675159376 1028368.0381380027 4238124.0546321375
v 4641307.032805174 1028367.6674246854 4238125.061568368
v 4641308.040082704 1028366.6915627933 4238124.784602063
v 4641311.325082928 1028367.590699894 4238128.434719226
v 4641308.040082704 1028366.6915627933 4238124.784602063
v 4641307.735763119 1028367.1380101363 4238126.321026085
v 4641313.893934051 1028368.5024544583 4238132.131387648
v 4641309.953910439 1028368.1433525968 4238129.3554218495
v 4641313.59235023 1028367.9217592234 4238130.411098765
v 4641314.678461729 1028367.8769189434 4238131.428743084
v 4641314.609917603 1028367.8046348182 4238132.250164736
v 4641314.678461729 1028367.8769189434 4238131.428743084
v 4641313.893934051 1028368.5024544583 4238132.131387648
v 4641317.956044216 1028369.2311908217 4238136.727883139
v 4641318.823049219 1028368.4526374103 4238138.306598364
v 4641319.265929275 1028369.6927085875 4238137.890669214
v 4641318.142493187 1028368.5302381489 4238137.277557086
v 4641318.142493187 1028368.5302381489 4238137.277557086
v 4641316.839375094 1028368.2986078903 4238134.374295716
v 4641319.821865964 1028368.9023308821 4238137.403473297
v 4641319.253498052 1028368.2054276994 4238138.262657411
v 4641315.67471212 1028367.4124886594 4238135.271243082
v 4641313.644662353 1028366.5059198448 4238133.540245791
v 4641314.7091889875 1028366.913074894 4238134.253598684
v 4641315.824758535 1028367.8454141984 4238133.471859715
v 4641314.609917603 1028367.8046348182 4238132.250164736
v 4641315.824758535 1028367.8454141984 4238133.471859715
v 4641314.16867164 1028366.5649257011 4238132.518343081
v 4641314.831959885 1028367.168665474 4238131.72424605
v 4641314.609917603 1028367.8046348182 4238132.250164736
v 4641314.16867164 1028366.5649257011 4238132.518343081
v 4641314.831959885 1028367.168665474 4238131.72424605
v 4641313.748298263 1028367.2140485651 4238130.484974685
v 4641315.44338007 1028367.646718938 4238128.099114656
v 4641313.748298263 1028367.2140485651 4238130.484974685
v 4641318.652985668 1028364.6465424052 4238125.40374441
v 4641318.363118495 1028364.0684426974 4238125.858396787
v 4641324.216987778 1028365.6509499223 4238127.862371911
v 4641323.430743971 1028365.9335222077 4238128.795431923
v 4641323.031127507 1028367.5578962854 4238128.984515542
v 4641322.94617779 1028365.7119642481 4238129.521831926
v 4641315.898566506 1028369.8601694637 4238127.435192772
v 4641316.951738203 1028368.380600838 4238126.354381158
v 4641316.30338778 1028370.2353504864 4238127.415006746
v 4641314.214402708 1028369.2015290076 4238126.727058883
v 4641315.898566506 1028369.8601694637 4238127.435192772
v 4641310.435770104 1028367.7362412111 4238124.698638998
v 4641314.214402708 1028369.2015290076 4238126.727058883
v 4641309.05765684 1028367.7734807285 4238123.125141729
v 4641309.530536368 1028369.5911711706 4238122.026753539
v 4641309.05765684 1028367.7734807285 4238123.125141729
v 4641310.278029384 1028368.9574300156 4238121.43931682
v 4641308.940583454 1028369.3462632868 4238122.581646563
v 4641309.05765684 1028367.7734807285 4238123.125141729
v 4641308.940583454 1028369.3462632868 4238122.581646563
v 4641307.546938531 1028368.5806999715 4238121.510313004
v 4641306.8555576 1028367.7994446711 4238121.648315833
v 4641307.24407163 1028367.5429431243 4238122.1628371095
v 4641308.7324712435 1028367.5301393666 4238123.464586205
v 4641307.24407163 1028367.5429431243 4238122.1628371095
v 4641308.7324712435 1028367.5301393666 4238123.464586205
v 4641308.040082704 1028366.6915627933 4238124.784602063
v 4641311.717137516 1028367.734664074 4238127.462936464
v 4641311.325082928 1028367.590699894 4238128.434719226
v 4641313.59235023 1028367.9217592234 4238130.411098765
v 4641311.717137516 1028367.734664074 4238127.462936464
v 4641311.325082928 1028367.590699894 4238128.434719226
v 4641314.777321686 1028369.097863839 4238128.69273025
v 4641314.777321686 1028369.097863839 4238128.69273025
v 4641313.59235023 1028367.9217592234 4238130.411098765
v 4641314.678461729 1028367.8769189434 4238131.428743084
v 4641313.748298263 1028367.2140485651 4238130.484974685
v 4641313.59235023 1028367.9217592234 4238130.411098765
v 4641314.831959885 1028367.168665474 4238131.72424605
v 4641314.831959885 1028367.168665474 4238131.72424605
v 4641318.866292069 1028365.0363871928 4238125.4424670795
v 4641318.80047579 1028349.2058805269 4238129.475429416
v 4641317.499815912 1028348.5751156209 4238130.75054361
v 4641317.382912711 1028348.2066305516 4238131.695961191
v 4641317.382912711 1028348.2066305516 4238131.695961191
v 4641317.499815912 1028348.5751156209 4238130.75054361
v 4641313.02113818 1028358.8309379157 4238133.369428526
v 4641324.878108712 1028376.5317053788 4238118.539328718
v 4641325.684055602 1028374.7689708694 4238118.306303863
v 4641322.713582596 1028373.9395224601 4238115.318458427
v 4641322.3635715265 1028373.5193884991 4238114.706306648
v 4641322.953430772 1028374.8491223819 4238116.07836224
v 4641322.578665989 1028376.0222259244 4238116.2762339655
v 4641322.953430772 1028374.8491223819 4238116.07836224
v 4641324.878108712 1028376.5317053788 4238118.539328718
v 4641322.578665989 1028376.0222259244 4238116.2762339655
v 4641317.540879716 1028341.275830796 4238128.62311084
v 4641317.402078192 1028341.2450779021 4238128.644766298
v 4641317.462455676 1028341.3155521173 4238128.562102117
v 4641318.126521762 1028341.7481685505 4238127.7354613645
v 4641320.253308089 1028342.1051858227 4238129.369902953
v 4641318.947602827 1028342.5010590691 4238126.660828422
v 4641320.253308089 1028342.1051858227 4238129.369902953
v 4641318.126521762 1028341.7481685505 4238127.7354613645
v 4641319.901497043 1028343.340473641 4238125.420867217
v 4641322.695426788 1028344.3020800634 4238126.115499268
v 4641320.625940545 1028343.8435642744 4238124.51156236
v 4641321.362527326 1028344.6348311894 4238123.519593422
v 4641314.492761588 1028345.1682631149 4238134.692885966
v 4641314.710069316 1028345.2164098601 4238134.444893599
v 4641314.278690736 1028345.1208335349 4238134.048334665
v 4641314.061383006 1028345.0726867897 4238134.296327032
v 4641314.275453858 1028345.1201163697 4238134.9408783335
v 4641313.841039654 1028345.0238674709 4238134.6161556225
v 4641313.520746418 1028344.9529032323 4238136.485885628
v 4641313.566068647 1028344.9629448352 4238136.229043578
v 4641313.0924020745 1028344.8579991737 4238136.017489197
v 4641313.068122557 1028344.8526197975 4238136.592182729
v 4641319.771895715 1028346.3379091342 4238139.471276649
v 4641319.497202946 1028346.0486593009 4238139.771428775
v 4641319.847366228 1028346.3546303966 4238139.31677622
v 4641319.219722731 1028346.2155695756 4238139.486059949
v 4641319.5847359225 1028346.2964419718 4238139.8216103185
v 4641319.219722731 1028346.2155695756 4238139.486059949
v 4641319.509265323 1028346.2797206901 4238139.976110668
v 4641319.219722731 1028346.2155695756 4238139.486059949
v 4641319.074851119 1028346.1834717914 4238139.651387957
v 4641319.397576131 1028346.2549748094 4238140.171943987
v 4641318.926944576 1028346.1507015871 4238139.888552825
v 4641317.900299875 1028345.9232379716 4238142.974611407
v 4641317.311909584 1028345.7928740991 4238143.030726295
v 4641317.710105687 1028345.8810985078 4238143.3967811465
v 4641317.468659787 1028344.2288827568 4238142.4166790405
v 4641317.62860037 1028345.4633594474 4238143.244258263
v 4641317.311909584 1028345.7928740991 4238143.030726295
v 4641317.2754690135 1028344.0718854342 4238142.664671408
v 4641317.311909584 1028345.7928740991 4238143.030726295
v 4641317.025144343 1028344.4161031989 4238142.512148483
v 4641312.246790763 1028343.3574102185 4238138.119489951
v 4641312.267915412 1028343.4191875675 4238138.149994631
v 4641312.017590709 1028343.7634063017 4238137.997471866
v 4641311.854668275 1028343.5560172956 4238137.814444421
v 4641312.07779467 1028342.8631897169 4238137.875453146
v 4641311.655481362 1028342.8838168071 4238137.509398255
v 4641312.692779314 1028340.0874897528 4238137.875453152
v 4641312.07779467 1028342.8631897169 4238137.875453146
v 4641311.655481362 1028342.8838168071 4238137.509398255
v 4641312.294583167 1028339.9992653345 4238137.509398261
v 4641312.958066653 1028338.8901296776 4238137.875453154
v 4641312.559870507 1028338.8019052594 4238137.509398263
v 4641312.982183815 1028338.7812781692 4238137.875453155
v 4641312.596046147 1028338.6386284623 4238137.509398264
v 4641313.075659539 1028338.5165028552 4238137.905957835
v 4641312.656338743 1028338.3665010879 4238137.509398264
v 4641313.515839951 1028336.8440169753 4238137.9669672
v 4641313.196068641 1028336.7160709237 4238137.66192167
v 4641313.636425143 1028336.2997622264 4238137.966967201
v 4641315.504961381 1028337.9698931808 4238135.600213274
v 4641313.560992818 1028336.1688550021 4238137.875453159
v 4641313.196068641 1028336.7160709237 4238137.66192167
v 4641313.829654608 1028336.3425741871 4238137.47296092
v 4641314.4800178 1028338.6563613785 4238132.447314042
v 4641314.96853473 1028338.5362084399 4238133.44907048
v 4641314.262668171 1028338.436913959 4238132.736637879
v 4641315.590885077 1028339.6447483808 4238131.00069237
v 4641318.426939937 1028340.5014941164 4238132.0850123335
v 4641316.315328285 1028340.1478399258 4238130.091387615
v 4641312.596989145 1028343.263708366 4238137.214140402
v 4641314.491744798 1028341.0570415213 4238135.684854734
v 4641313.113317947 1028344.3487586365 4238136.459336509
v 4641313.028622719 1028344.3870905102 4238137.362707605
v 4641313.113317947 1028344.3487586365 4238136.459336509
v 4641312.427922851 1028343.5688337608 4238137.871497584
v 4641312.596989145 1028343.263708366 4238137.214140402
v 4641315.170650891 1028340.4080986427 4238135.034370128
v 4641317.956103627 1028340.1116897126 4238132.417646449
v 4641318.746700721 1028339.7729799061 4238131.776010606
v 4641317.956103627 1028340.1116897126 4238132.417646449
v 4641318.426939937 1028340.5014941164 4238132.0850123335
v 4641318.357832056 1028341.3997379481 4238131.601833195
v 4641322.195667024 1028345.3332964536 4238122.444960303
v 4641322.695426788 1028344.3020800634 4238126.115499268
v 4641321.362527326 1028344.6348311894 4238123.519593422
v 4641325.04993154 1028346.1940767253 4238123.098260453
v 4641323.101242527 1028346.0478106099 4238121.287663179
v 4641323.246156558 1028346.2512096717 4238121.081002991
v 4641325.747265487 1028346.9766467742 4238122.219460377
v 4641323.777451824 1028346.7686033098 4238120.378358423
v 4641325.379789614 1028347.5803952902 4238120.149003769
v 4641324.320805362 1028347.2315725902 4238119.675713854
v 4641324.586432253 1028347.4046188737 4238119.345057128
v 4641324.263505279 1028347.333071107 4238119.645209174
v 4641325.156411641 1028347.5309036202 4238120.540668865
v 4641326.619700282 1028347.8551101477 4238120.990326392
v 4641326.136928224 1028347.7481470725 4238120.994281953
v 4641325.825940413 1028347.679244548 4238121.827794643
v 4641326.619700282 1028347.8551101477 4238120.990326392
v 4641326.136928224 1028347.7481470725 4238120.994281953
v 4641325.463962326 1028347.5990446103 4238121.420407573
v 4641324.416475726 1028347.366963262 4238123.367907461
v 4641324.01827958 1028347.2787388437 4238123.00185257
v 4641323.731370415 1028347.2151711883 4238124.081380164
v 4641323.369392327 1028347.1349712507 4238123.673993094
v 4641323.695152667 1028347.2071467767 4238124.122711989
v 4641323.296956521 1028347.1189223585 4238123.756657098
v 4641322.134745891 1028346.8614227301 4238125.971825809
v 4641321.703367311 1028346.7658464051 4238125.575266875
v 4641321.193079538 1028346.652786939 4238127.046458862
v 4641320.794883392 1028346.5645625208 4238126.680403971
v 4641319.922417009 1028346.3712586876 4238128.5649169255
v 4641321.193079538 1028346.652786939 4238127.046458862
v 4641320.794883392 1028346.5645625208 4238126.680403971
v 4641319.491037736 1028346.275682209 4238128.168357355
v 4641318.29260974 1028346.0101582536 4238130.424858882
v 4641317.8612304665 1028345.914581775 4238130.02829931
v 4641314.891158987 1028345.2565321247 4238134.238233411
v 4641318.29260974 1028346.0101582536 4238130.424858882
v 4641317.8612304665 1028345.914581775 4238130.02829931
v 4641314.459780406 1028345.1609557996 4238133.841674477
v 4641314.710069316 1028345.2164098601 4238134.444893599
v 4641314.278690736 1028345.1208335349 4238134.048334665
v 4641314.121477453 1028345.0860013253 4238135.321716921
v 4641314.275453858 1028345.1201163697 4238134.9408783335
v 4641313.841039654 1028345.0238674709 4238134.6161556225
v 4641313.650845812 1028344.9817280838 4238135.03832568
v 4641313.566068647 1028344.9629448352 4238136.229043578
v 4641313.0924020745 1028344.8579991737 4238136.017489197
v 4641314.187441477 1028345.1006163239 4238137.024140147
v 4641313.520746418 1028344.9529032323 4238136.485885628
v 4641313.068122557 1028344.8526197975 4238136.592182729
v 4641314.066647854 1028345.0738532632 4238137.435483096
v 4641316.745970462 1028345.6674845243 4238137.659741533
v 4641316.830344774 1028345.6861785129 4238138.110438208
v 4641317.156306056 1028345.7583985617 4238137.738450012
v 4641314.875056205 1028345.0245755333 4238138.208925058
v 4641316.841954874 1028345.1748761848 4238139.588502519
v 4641318.08543034 1028345.9642555249 4238138.592578038
v 4641316.830344774 1028345.6861785129 4238138.110438208
v 4641317.895236152 1028345.922116061 4238139.014747777
v 4641319.476283001 1028346.272413122 4238139.124899411
v 4641319.219722731 1028346.2155695756 4238139.486059949
v 4641319.847366228 1028346.3546303966 4238139.31677622
v 4641319.497202946 1028346.0486593009 4238139.771428775
v 4641316.1321957 1028344.0469694388 4238141.658020457
v 4641317.2754690135 1028344.0718854342 4238142.664671408
v 4641317.025144343 1028344.4161031989 4238142.512148483
v 4641316.102093547 1028344.4970776928 4238141.7190296585
v 4641315.755123997 1028344.0205233007 4238141.322470247
v 4641315.691838922 1028344.4632785632 4238141.352974767
v 4641315.489659669 1028343.9617069707 4238141.078433441
v 4641315.426374767 1028344.4044622716 4238141.10893812
v 4641314.735516676 1028343.9088128324 4238140.407333019
v 4641314.684290046 1028344.2971437757 4238140.437837699
v 4641312.267915412 1028343.4191875675 4238138.149994631
v 4641312.017590709 1028343.7634063017 4238137.997471866
v 4641312.218621675 1028336.0998273399 4238136.685775083
v 4641313.829654608 1028336.3425741871 4238137.47296092
v 4641313.560992818 1028336.1688550021 4238137.875453159
v 4641313.196068641 1028336.7160709237 4238137.66192167
v 4641312.155336567 1028336.5425835719 4238136.716279762
v 4641311.6424520025 1028336.0292685272 4238136.167197426
v 4641311.579166997 1028336.4720242936 4238136.197702106
v 4641311.89601969 1028336.2567404271 4238135.83654141
v 4641312.06505078 1028336.3512884461 4238135.629881222
v 4641312.28240103 1028336.5707360033 4238135.340556675
v 4641315.504961381 1028337.9698931808 4238135.600213274
v 4641313.175960267 1028337.5109761915 4238134.141927726
v 4641314.96853473 1028338.5362084399 4238133.44907048
v 4641313.815909294 1028338.0524436677 4238133.3152869735
v 4641314.262668171 1028338.436913959 4238132.736637879
v 4641318.357832056 1028341.3997379481 4238131.601833195
v 4641318.426939937 1028340.5014941164 4238132.0850123335
v 4641320.253308089 1028342.1051858227 4238129.369902953
v 4641321.895724481 1028344.6387725165 4238126.9726447435
v 4641318.357832056 1028341.3997379481 4238131.601833195
v 4641320.253308089 1028342.1051858227 4238129.369902953
v 4641322.695426788 1028344.3020800634 4238126.115499268
v 4641325.04993154 1028346.1940767253 4238123.098260453
v 4641321.895724481 1028344.6387725165 4238126.9726447435
v 4641322.695426788 1028344.3020800634 4238126.115499268
v 4641325.747265487 1028346.9766467742 4238122.219460377
v 4641323.9907996 1028346.8729696454 4238124.018392705
v 4641323.695152667 1028347.2071467767 4238124.122711989
v 4641321.361729453 1028345.2056260328 4238127.211787028
v 4641321.361729453 1028345.2056260328 4238127.211787028
v 4641317.099901866 1028343.519112104 4238132.254295896
v 4641317.099901866 1028343.519112104 4238132.254295896
v 4641314.491744798 1028341.0570415213 4238135.684854734
v 4641313.113317947 1028344.3487586365 4238136.459336509
v 4641313.028622719 1028344.3870905102 4238137.362707605
v 4641316.096263732 1028344.3815921051 4238140.795980832
v 4641317.468659787 1028344.2288827568 4238142.4166790405
v 4641312.427922851 1028343.5688337608 4238137.871497584
v 4641317.657926152 1028342.215318031 4238131.893135484
v 4641315.170650891 1028340.4080986427 4238135.034370128
v 4641315.504961381 1028337.9698931808 4238135.600213274
v 4641317.400902976 1028340.5596509711 4238132.913631183
v 4641317.956103627 1028340.1116897126 4238132.417646449
v 4641317.956103627 1028340.1116897126 4238132.417646449
v 4641318.746700721 1028339.7729799061 4238131.776010606
v 4641318.357832056 1028341.3997379481 4238131.601833195
v 4641317.657926152 1028342.215318031 4238131.893135484
v 4641318.628491659 1028376.0033786871 4238111.915747547
v 4641316.619537048 1028375.3869577042 4238110.03570472
v 4641316.492386468 1028374.9591028125 4238109.8412179705
v 4641318.783427639 1028375.638027471 4238111.980576676
v 4641318.792736638 1028376.0968689969 4238112.0778200505
v 4641319.030253819 1028375.6927174301 4238112.207478308
v 4641323.144635938 1028376.4901572342 4238115.967563643
v 4641322.823621273 1028377.1041974851 4238115.80549098
v 4641322.459869796 1028376.909405827 4238115.448931249
v 4641322.769741995 1028376.1787014944 4238115.578589348
v 4641323.157611731 1028376.264642864 4238115.935149079
v 4641323.455706307 1028376.7874714112 4238115.775480758
v 4641323.336786941 1028376.3043432116 4238115.875981171
v 4641322.769741995 1028376.1787014944 4238115.578589348
v 4641322.94987388 1028376.2186138157 4238115.445674371
v 4641325.311539697 1028376.7418946548 4238114.930147327
v 4641325.200015633 1028376.717183957 4238115.275384934
v 4641324.850277375 1028376.6396914859 4238114.729999037
v 4641325.44409203 1028377.2851406628 4238115.599530259
v 4641325.313453395 1028376.742318679 4238114.782653506
v 4641324.850277375 1028376.6396914859 4238114.729999037
v 4641324.816930228 1028376.632302667 4238114.550090732
v 4641325.386845893 1028376.758580459 4238114.626241985
v 4641324.927497356 1028376.6568013335 4238114.278599955
v 4641325.825286217 1028376.8557269005 4238113.835267066
v 4641325.364023982 1028376.7535237508 4238113.635118857
v 4641325.6918970905 1028376.8261715065 4238113.115634636
v 4641325.265896323 1028376.7317813376 4238112.947900201
v 4641325.765289502 1028376.8424332674 4238112.959223035
v 4641326.477406794 1028377.8566797607 4238112.8846238265
v 4641327.544743652 1028377.2367118659 4238110.565205484
v 4641327.2677983 1028377.7463224315 4238111.615497033
v 4641327.350258738 1028377.1936192975 4238111.804323199
v 4641326.999563545 1028377.1159147951 4238111.332684133
v 4641327.047263722 1028377.126483861 4238110.406389699
v 4641327.484747334 1028377.2234183209 4238109.689161177
v 4641327.055875398 1028377.1283919779 4238109.742668183
v 4641322.877866528 1028376.2026589959 4238107.245196752
v 4641324.415336806 1028377.3997812386 4238106.8099297015
v 4641324.811617223 1028376.6311254962 4238106.70942913
v 4641324.910702041 1028376.6530799903 4238107.322900521
v 4641323.120865312 1028376.2565009064 4238107.767086025
v 4641320.545720548 1028375.6859189464 4238108.235619822
v 4641320.539979384 1028375.684646858 4238108.678099935
v 4641319.241067089 1028375.3968432732 4238107.036281893
v 4641320.545720548 1028375.6859189464 4238108.235619822
v 4641320.539979384 1028375.684646858 4238108.678099935
v 4641318.987543242 1028375.3406692905 4238107.3256076025
v 4641319.135284639 1028375.3734047633 4238106.939038518
v 4641318.705456476 1028375.2781665459 4238107.066291724
v 4641319.136241835 1028375.3736168521 4238106.865291927
v 4641319.135284639 1028375.3734047633 4238106.939038518
v 4641318.705456476 1028375.2781665459 4238107.066291724
v 4641318.602543604 1028375.2553638577 4238106.74780801
v 4641319.067633667 1028375.3584151518 4238106.652968978
v 4641318.602543604 1028375.2553638577 4238106.74780801
v 4641319.034286086 1028375.351026237 4238106.4730602745
v 4641318.537763526 1028375.2410103594 4238106.240498058
v 4641319.903512217 1028375.5436230841 4238105.4810846895
v 4641319.034286086 1028375.351026237 4238106.4730602745
v 4641318.537763526 1028375.2410103594 4238106.240498058
v 4641319.44416394 1028375.4418440162 4238105.133442899
v 4641321.101568651 1028375.8090797758 4238103.895878293
v 4641319.903512217 1028375.5436230841 4238105.4810846895
v 4641319.44416394 1028375.4418440162 4238105.133442899
v 4641320.678438156 1028375.7153255822 4238103.506904157
v 4641322.043230034 1028376.0177263027 4238102.821238372
v 4641321.800230939 1028375.9638843233 4238102.299349454
v 4641317.432912054 1028375.9668602693 4238109.59237207
v 4641319.363649545 1028376.394659108 4238112.038892047
v 4641325.144665144 1028377.6755747293 4238114.7413211595
v 4641325.74278568 1028377.2371288156 4238113.6877733255
v 4641327.101482724 1028377.9378608927 4238109.715914679
v 4641320.409322684 1028376.6263518227 4238108.44794277
v 4641319.111166173 1028375.4822559828 4238106.939038518
v 4641320.409322684 1028376.6263518227 4238108.44794277
v 4641319.111166173 1028375.4822559828 4238106.939038518
v 4641320.533348037 1028376.3112487965 4238104.465613313
v 4641323.590310788 1028376.3605171944 4238115.586655461
v 4641323.336786941 1028376.3043432116 4238115.875981171
v 4641322.94987388 1028376.2186138157 4238115.445674371
v 4641323.23865866 1028376.2826006607 4238115.188763225
v 4641324.092575222 1028376.4718053174 4238115.376736934
v 4641323.848619676 1028376.417751414 4238114.928594652
v 4641325.200015633 1028376.717183957 4238115.275384934
v 4641324.850277375 1028376.6396914859 4238114.729999037
v 4641325.265896323 1028376.7317813376 4238112.947900201
v 4641325.659506878 1028376.818994719 4238112.8619795
v 4641325.765289502 1028376.8424332674 4238112.959223035
v 4641325.660463727 1028376.8192067312 4238112.78823259
v 4641325.657137142 1028377.3894437754 4238112.000513681
v 4641325.265896323 1028376.7317813376 4238112.947900201
v 4641324.532115103 1028376.5691954076 4238111.750967643
v 4641325.265896323 1028376.7317813376 4238112.947900201
v 4641324.068939083 1028376.4665682145 4238111.698313174
v 4641325.073467503 1028376.6891443611 4238111.278476989
v 4641324.532115103 1028376.5691954076 4238111.750967643
v 4641324.068939083 1028376.4665682145 4238111.698313174
v 4641324.794250938 1028376.6272775761 4238110.797920062
v 4641326.070341407 1028376.9100244719 4238111.4486150555
v 4641326.217126231 1028376.9425479936 4238111.135791853
v 4641326.138949401 1028376.9252261338 4238111.660937846
v 4641326.10273162 1028376.9172012594 4238111.702270191
v 4641326.245688874 1028376.9488766943 4238111.68443447
v 4641326.10273162 1028376.9172012594 4238111.702270191
v 4641326.138949401 1028376.9252261338 4238111.660937846
v 4641326.217126231 1028376.9425479936 4238111.135791853
v 4641326.217126231 1028376.9425479936 4238111.135791853
v 4641327.350258738 1028377.1936192975 4238111.804323199
v 4641326.999563545 1028377.1159147951 4238111.332684133
v 4641327.350258738 1028377.1936192975 4238111.804323199
v 4641326.53748748 1028377.0135313388 4238108.445235016
v 4641327.484747334 1028377.2234183209 4238109.689161177
v 4641327.055875398 1028377.1283919779 4238109.742668183
v 4641326.177223675 1028376.9337066881 4238108.711064297
v 4641325.128965268 1028376.7014411797 4238107.0011598915
v 4641324.910702041 1028376.6530799903 4238107.322900521
v 4641324.811617223 1028376.6311254962 4238106.70942913
v 4641326.079135891 1028377.0832654443 4238107.98251365
v 4641324.415336806 1028377.3997812386 4238106.8099297015
v 4641322.861885614 1028376.1991180858 4238102.97679811
v 4641322.043230034 1028376.0177263027 4238102.821238372
v 4641321.800230939 1028375.9638843233 4238102.299349454
v 4641322.974366043 1028376.2240406885 4238102.557813788
v 4641323.502322487 1028376.3410214566 4238103.117778528
v 4641325.44409203 1028377.2851406628 4238115.599530259
v 4641323.455706307 1028376.7874714112 4238115.775480758
v 4641327.101482724 1028377.9378608927 4238109.715914679
v 4641325.657137142 1028377.3894437754 4238112.000513681
v 4641305.422685879 1028372.3350884302 4238127.243477226
v 4641305.739801701 1028372.4053526655 4238128.505141337
v 4641305.343013893 1028372.3174352883 4238128.662765315
v 4641304.919656721 1028372.2236308613 4238127.079555906
v 4641305.423087704 1028372.3351774636 4238127.169220437
v 4641305.029516431 1028372.2479727821 4238126.73278932
v 4641309.246896436 1028373.1824293891 4238125.609792828
v 4641308.991925477 1028373.8111011724 4238126.030816521
v 4641309.210678784 1028373.1744045432 4238125.6511246525
v 4641308.8171072 1028373.087199793 4238125.21469389
v 4641308.889542815 1028373.1032495535 4238125.132029886
v 4641309.4279854745 1028373.2225537903 4238125.403132819
v 4641310.876777363 1028373.8861503251 4238123.667189932
v 4641310.371255964 1028373.4315568524 4238124.031474111
v 4641308.889542815 1028373.1032495535 4238125.132029886
v 4641309.652930323 1028373.2723954435 4238123.744260156
v 4641307.382831304 1028372.7694032881 4238117.552936379
v 4641306.257265881 1028372.5200086312 4238119.354025946
v 4641305.753834853 1028372.4084620193 4238119.264361464
v 4641306.91682426 1028372.6661488118 4238117.199169443
v 4641307.52770238 1028372.8015027747 4238117.38760855
v 4641307.13413095 1028372.7142980588 4238116.951177609
v 4641313.241267932 1028374.0674733665 4238112.490807793
v 4641312.699207103 1028373.9473674429 4238112.88801724
v 4641312.341451311 1028373.8680984973 4238112.484510769
v 4641312.811478694 1028373.9722437705 4238112.095708855
v 4641314.254561652 1028374.2919916712 4238111.482026739
v 4641313.969242479 1028374.2287727084 4238110.995856546
v 4641314.866244426 1028374.4275239232 4238111.521952549
v 4641314.652957382 1028374.3802653195 4238111.027374896
v 4641315.66062362 1028374.6035367284 4238111.05818967
v 4641315.62721971 1028374.5961353305 4238110.57972358
v 4641316.7359007085 1028374.841788862 4238111.897423754
v 4641315.66062362 1028374.6035367284 4238111.05818967
v 4641315.62721971 1028374.5961353305 4238110.57972358
v 4641316.954011515 1028374.8901162791 4238111.500917811
v 4641316.879565808 1028374.8736211373 4238111.95486615
v 4641317.097274825 1028374.921859529 4238111.632617669
v 4641316.9149795 1028374.8814678476 4238112.062048259
v 4641317.240538134 1028374.9536027788 4238111.764317527
v 4641317.308550773 1028374.968672529 4238112.498479376
v 4641317.66992489 1028375.048743196 4238112.23367329
v 4641321.620553941 1028376.0382892966 4238116.03685252
v 4641320.890330323 1028376.6187561227 4238115.584311026
v 4641320.277240287 1028375.6264533186 4238115.973816444
v 4641320.996771985 1028375.7858819567 4238116.038259367
v 4641320.2450429555 1028375.6193192658 4238115.272579082
v 4641321.071217692 1028375.8023770985 4238115.584311027
v 4641321.42776718 1028375.8813787601 4238116.210587743
v 4641321.609660196 1028375.9216813009 4238115.855414137
v 4641324.687002804 1028376.6035366583 4238119.206755218
v 4641324.651187063 1028376.5956008651 4238119.173830333
v 4641324.6874050265 1028376.6036257799 4238119.1324981535
v 4641324.759438731 1028376.6195864878 4238119.12409086
v 4641327.263326828 1028377.1743799355 4238122.022890448
v 4641327.230727189 1028377.1671567421 4238121.39591007
v 4641327.878626957 1028377.3107136942 4238121.394504092
v 4641327.263326828 1028377.1743799355 4238122.022890448
v 4641327.230727189 1028377.1671567421 4238121.39591007
v 4641327.770054627 1028377.6292407132 4238121.435835561
v 4641327.91484492 1028377.3187386089 4238121.353171913
v 4641327.230727189 1028377.1671567421 4238121.39591007
v 4641324.6874050265 1028376.6036257799 4238119.1324981535
v 4641325.658048771 1028376.818694012 4238119.353159156
v 4641325.511971582 1028376.7863272837 4238119.741257725
v 4641324.651187063 1028376.5956008651 4238119.173830333
v 4641322.543282242 1028376.1285465325 4238116.265920817
v 4641322.111885446 1028376.0329607455 4238116.167848796
v 4641321.60925806 1028375.9215921985 4238115.929671281
v 4641322.329995717 1028376.081288044 4238115.771343641
v 4641322.615315946 1028376.1445072405 4238116.257513522
v 4641322.543282242 1028376.1285465325 4238116.265920817
v 4641322.329995717 1028376.081288044 4238115.771343641
v 4641322.808706045 1028377.1580102012 4238115.8028616775
v 4641323.14455403 1028376.49016047 4238115.967486263
v 4641322.795600782 1028376.1844534525 4238116.199367544
v 4641322.329995717 1028376.081288044 4238115.771343641
v 4641322.763001315 1028376.1772302974 4238115.572387326
v 4641323.156974811 1028376.2645241002 4238115.934561378
v 4641322.763001315 1028376.1772302974 4238115.572387326
v 4641322.763001315 1028376.1772302974 4238115.572387326
v 4641322.43885081 1028376.9618661101 4238115.440687625
v 4641318.630681279 1028376.0038841849 4238111.917721513
v 4641318.797700733 1028376.0979892457 4238112.0823460175
v 4641319.037437293 1028375.6943304114 4238112.214045877
v 4641318.75091102 1028375.6308439884 4238111.950646479
v 4641316.625359275 1028375.3882680559 4238110.0410010815
v 4641316.494879123 1028374.9596763946 4238109.843451931
v 4641313.925972614 1028374.2191853244 4238145.582753821
v 4641313.877736093 1028374.4368859009 4238145.58275382
v 4641313.447946856 1028374.3416563049 4238145.187654883
v 4641313.496183378 1028374.1239557284 4238145.187654884
v 4641314.070843846 1028374.2512848454 4238145.417425814
v 4641314.505859397 1028374.3476724495 4238144.847185676
v 4641313.496183378 1028374.1239557284 4238145.187654884
v 4641314.111885642 1028374.2603785892 4238144.485011384
v 4641315.375086159 1028374.5402694377 4238143.855218342
v 4641314.981112404 1028374.4529755773 4238143.4930440495
v 4641316.387174371 1028374.7645206345 4238143.069206981
v 4641316.066440262 1028374.6934546859 4238142.475856099
v 4641316.533652901 1028374.7969762888 4238142.606851817
v 4641316.510098374 1028375.5911188688 4238142.367266984
v 4641317.004886416 1028374.9013888077 4238141.9952795
v 4641316.066440262 1028374.6934546859 4238142.475856099
v 4641316.575097179 1028374.8061592116 4238141.600180563
v 4641317.982364586 1028375.1179713609 4238140.953572453
v 4641317.624609174 1028375.0387024998 4238140.550066974
v 4641317.982364586 1028375.1179713609 4238140.953572453
v 4641317.732860271 1028375.0626879961 4238140.500327616
v 4641318.162247718 1028375.1578285666 4238140.969684017
v 4641317.984776848 1028375.1185058522 4238140.508031647
v 4641318.558633355 1028375.2456568338 4238140.88631651
v 4641317.984776848 1028375.1185058522 4238140.508031647
v 4641318.558633355 1028375.2456568338 4238140.88631651
v 4641318.020994811 1028375.126530767 4238140.466699467
v 4641318.8121578535 1028375.301830961 4238140.596992674
v 4641318.020994811 1028375.126530767 4238140.466699467
v 4641318.239105307 1028375.174858115 4238140.070193878
v 4641318.8121578535 1028375.301830961 4238140.596992674
v 4641318.020994811 1028375.126530767 4238140.466699467
v 4641317.773098418 1028375.0716036732 4238139.716426765
v 4641317.305081125 1028374.9679037812 4238139.7339443425
v 4641317.95579491 1028375.1120842422 4238139.212739422
v 4641317.773098418 1028375.0716036732 4238139.716426765
v 4641317.305081125 1028374.9679037812 4238139.7339443425
v 4641317.489385539 1028375.0087406213 4238138.933229134
v 4641317.992012873 1028375.1201091568 4238139.171407243
v 4641317.526005673 1028375.016854646 4238138.817640484
v 4641318.028633008 1028375.1282231817 4238139.055818593
v 4641317.742508559 1028375.064825792 4238138.718162406
v 4641318.137687753 1028375.1523867445 4238138.857565658
v 4641318.355396771 1028375.200625136 4238138.535317176
v 4641318.247225608 1028375.5192410428 4238138.5023918925
v 4641317.742508559 1028375.064825792 4238138.718162406
v 4641318.428234175 1028375.216763922 4238138.37839571
v 4641317.742508559 1028375.064825792 4238138.718162406
v 4641318.068468672 1028375.1370496798 4238138.346174567
v 4641318.247225608 1028375.5192410428 4238138.5023918925
v 4641318.428234175 1028375.216763922 4238138.37839571
v 4641317.742508559 1028375.064825792 4238138.718162406
v 4641316.37748901 1028374.7623746163 4238138.209584336
v 4641317.742508559 1028375.064825792 4238138.718162406
v 4641316.482926054 1028374.7857365957 4238138.679643247
v 4641316.305455565 1028374.746413966 4238138.217991869
v 4641316.338859476 1028374.7538153639 4238138.696457959
v 4641316.269639391 1028374.7384780768 4238138.185066586
v 4641316.195193684 1028374.721982935 4238138.639014926
v 4641305.763558398 1028372.467713622 4238128.5380663015
v 4641305.362751791 1028372.4360029061 4238127.210552261
v 4641307.367717099 1028373.5083179182 4238117.981663465
v 4641314.518215816 1028374.6358968295 4238111.481323236
v 4641316.492949657 1028375.3018325698 4238110.132072263
v 4641316.91578377 1028374.8816460521 4238111.913533972
v 4641316.492949657 1028375.3018325698 4238110.132072263
v 4641318.707497257 1028375.7925160393 4238113.287270563
v 4641324.651187063 1028376.5956008651 4238119.173830333
v 4641327.770054627 1028377.6292407132 4238121.435835561
v 4641318.737726626 1028376.0276025201 4238112.090753551
v 4641317.970305455 1028375.172396505 4238140.953572453
v 4641305.847248836 1028372.4291600261 4238128.603915912
v 4641307.528580385 1028372.801697332 4238130.522671513
v 4641305.593724338 1028372.3729858989 4238128.893239748
v 4641305.739801701 1028372.4053526655 4238128.505141337
v 4641305.343013893 1028372.3174352883 4238128.662765315
v 4641305.819473341 1028372.4230057306 4238127.08585293
v 4641305.423087704 1028372.3351774636 4238127.169220437
v 4641305.029516431 1028372.2479727821 4238126.73278932
v 4641305.569969027 1028372.3677223658 4238126.632608093
v 4641306.899976709 1028372.6624158644 4238126.959747266
v 4641306.902790762 1028372.6630393813 4238126.439948997
v 4641307.368395826 1028372.7662047897 4238126.867972899
v 4641306.902790762 1028372.6630393813 4238126.439948997
v 4641307.368395826 1028372.7662047897 4238126.867972899
v 4641307.083075684 1028372.7029856124 4238126.381803098
v 4641307.404613789 1028372.7742297045 4238126.8266407205
v 4641308.0192311555 1028373.424287231 4238126.222772114
v 4641308.308048111 1028372.9744061572 4238126.164625897
v 4641307.083075684 1028372.7029856124 4238126.381803098
v 4641307.95029251 1028372.8951372538 4238125.761119923
v 4641309.138645495 1028373.1584439273 4238125.659532008
v 4641308.308048111 1028372.9744061572 4238126.164625897
v 4641307.95029251 1028372.8951372538 4238125.761119923
v 4641308.8171072 1028373.087199793 4238125.21469389
v 4641309.210678784 1028373.1744045432 4238125.6511246525
v 4641308.0192311555 1028373.424287231 4238126.222772114
v 4641308.991925477 1028373.8111011724 4238126.030816521
v 4641309.90605288 1028373.3284805116 4238123.529193242
v 4641310.371255964 1028373.4315568524 4238124.031474111
v 4641309.652930323 1028373.2723954435 4238123.744260156
v 4641310.876777363 1028373.8861503251 4238123.667189932
v 4641308.439214202 1028373.0034689873 4238121.88224417
v 4641309.652930323 1028373.2723954435 4238123.744260156
v 4641308.113656434 1028372.9313342484 4238122.179975339
v 4641307.687886765 1028372.8369952784 4238121.042307003
v 4641307.362730612 1028372.7649495262 4238121.26578091
v 4641306.257265881 1028372.5200086312 4238119.354025946
v 4641305.753834853 1028372.4084620193 4238119.264361464
v 4641311.432388884 1028373.6666750109 4238114.18612213
v 4641307.52770238 1028372.8015027747 4238117.38760855
v 4641307.13413095 1028372.7142980588 4238116.951177609
v 4641311.110851125 1028373.5954309957 4238113.741284826
v 4641311.576858325 1028373.6986855065 4238114.095051585
v 4641311.110851125 1028373.5954309957 4238113.741284826
v 4641312.699207103 1028373.9473674429 4238112.88801724
v 4641312.341451311 1028373.8680984973 4238112.484510769
v 4641319.812841181 1028375.5235551174 4238115.323021979
v 4641317.308550773 1028374.968672529 4238112.498479376
v 4641317.66992489 1028375.048743196 4238112.23367329
v 4641320.2450429555 1028375.6193192658 4238115.272579082
v 4641320.277240287 1028375.6264533186 4238115.973816444
v 4641320.890330323 1028376.6187561227 4238115.584311026
v 4641321.750109281 1028375.9528009956 4238116.506912105
v 4641321.42776718 1028375.8813787601 4238116.210587743
v 4641321.609660196 1028375.9216813009 4238115.855414137
v 4641322.0036337795 1028376.0089751228 4238116.217588269
v 4641324.651187063 1028376.5956008651 4238119.173830333
v 4641324.651589199 1028376.5956899674 4238119.099573189
v 4641324.651187063 1028376.5956008651 4238119.173830333
v 4641324.6874050265 1028376.6036257799 4238119.1324981535
v 4641325.658048771 1028376.818694012 4238119.353159156
v 4641327.770054627 1028377.6292407132 4238121.435835561
v 4641327.91484492 1028377.3187386089 4238121.353171913
v 4641327.230727189 1028377.1671567421 4238121.39591007
v 4641325.511971582 1028376.7863272837 4238119.741257725
v 4641323.149738526 1028376.262920738 4238117.271185543
v 4641324.6874050265 1028376.6036257799 4238119.1324981535
v 4641324.651187063 1028376.5956008651 4238119.173830333
v 4641322.860398244 1028376.1988108079 4238117.527584454
v 4641322.111885446 1028376.0329607455 4238116.167848796
v 4641321.60925806 1028375.9215921985 4238115.929671281
v 4641319.037437293 1028375.6943304114 4238112.214045877
v 4641318.797700733 1028376.0979892457 4238112.0823460175
v 4641319.812240084 1028376.4369777885 4238113.037168715
v 4641316.23382391 1028374.730542341 4238138.15214194
v 4641316.269639391 1028374.7384780768 4238138.185066586
v 4641316.195193684 1028374.721982935 4238138.639014926
v 4641316.015713415 1028374.6822149929 4238138.548647529
v 4641313.795537054 1028374.190284344 4238136.433045804
v 4641313.5420125555 1028374.1341102167 4238136.722369639
v 4641313.079623679 1028374.0316574272 4238135.700290324
v 4641312.826099181 1028373.9754832999 4238135.98961416
v 4641312.542386959 1028373.9126203937 4238135.206416493
v 4641312.145599324 1028373.824703055 4238135.364040629
v 4641312.471559438 1028373.8969269427 4238134.99205279
v 4641312.075575937 1028373.8091877779 4238135.001163153
v 4641312.473167394 1028373.8972832217 4238134.695025598
v 4641312.06371832 1028374.720116313 4238134.79450332
v 4641309.927835408 1028373.3333069376 4238132.802897623
v 4641312.075575937 1028373.8091877779 4238135.001163153
v 4641309.674310909 1028373.2771328103 4238133.092221458
v 4641309.569677652 1028373.253948928 4238132.473648455
v 4641309.20991176 1028373.1742345993 4238132.441426954
v 4641309.607503441 1028373.262330093 4238132.135288964
v 4641309.293402105 1028373.9920954091 4238132.374873719
v 4641309.285161427 1028373.1909078766 4238131.838964681
v 4641309.20991176 1028373.1742345993 4238132.441426954
v 4641308.8887757035 1028373.1030795904 4238131.922332108
v 4641309.321781302 1028373.1990218438 4238131.723375793
v 4641308.36026276 1028374.1279198456 4238131.807446287
v 4641308.8887757035 1028373.1030795904 4238131.922332108
v 4641308.463006701 1028373.0087407681 4238130.784663904
v 4641308.137448586 1028372.936605952 4238131.082395114
v 4641307.818322846 1028372.8658963739 4238130.192015498
v 4641305.763558398 1028372.467713622 4238128.5380663015
v 4641305.362751791 1028372.4360029061 4238127.210552261
v 4641311.180267739 1028374.2388811262 4238122.956842727
v 4641307.367717099 1028373.5083179182 4238117.981663465
v 4641318.707497257 1028375.7925160393 4238113.287270563
v 4641321.620553941 1028376.0382892966 4238116.03685252
v 4641324.651187063 1028376.5956008651 4238119.173830333
v 4641295.003964992 1028340.8501511887 4238150.060365371
v 4641294.642114721 1028340.7699772882 4238149.727719165
v 4641294.494249901 1028340.737215394 4238149.218655109
v 4641295.22791724 1028340.899771502 4238149.669230478
v 4641296.954764994 1028341.2823831287 4238151.629840911
v 4641297.244508358 1028341.3465805498 4238151.299187291
v 4641298.036993137 1028341.5221686381 4238152.699351505
v 4641298.323413866 1028341.5856298751 4238152.440270535
v 4641299.645548711 1028341.878570678 4238154.252710911
v 4641299.935291764 1028341.9427680301 4238153.922057645
v 4641300.428394825 1028342.0520231576 4238155.121629003
v 4641300.553660833 1028342.0797779055 4238154.639772598
v 4641308.805145476 1028344.250612726 4238151.918721795
v 4641307.575827829 1028343.9211400838 4238153.538716418
v 4641307.675662309 1028343.657774842 4238153.425812537
v 4641308.149817436 1028343.7628317303 4238152.816927938
v 4641307.040681017 1028343.5170842567 4238153.0659587225
v 4641307.71885386 1028343.6673446367 4238152.495372958
v 4641308.749238917 1028343.895643443 4238151.726187432
v 4641308.357815836 1028343.8089171979 4238151.2917285245
v 4641308.821674758 1028343.9116927983 4238151.643524027
v 4641308.749238917 1028343.895643443 4238151.726187432
v 4641308.357815836 1028343.8089171979 4238151.2917285245
v 4641308.739600551 1028343.8935079005 4238151.194941103
v 4641308.917038761 1028343.9328222679 4238151.805817913
v 4641309.173886741 1028343.9897311735 4238151.444923815
v 4641310.203284379 1028344.2178112154 4238152.913627259
v 4641310.493027743 1028344.2820086366 4238152.582973639
v 4641310.433552764 1028344.2688309773 4238153.125311238
v 4641310.719973631 1028344.3322922448 4238152.866229752
v 4641311.706508663 1028344.5508753702 4238154.519409533
v 4641311.7759512095 1028344.5662615075 4238153.762355439
v 4641316.208814149 1028345.5484353871 4238146.195709666
v 4641314.967108581 1028345.2733150452 4238148.561667014
v 4641314.467031156 1028345.1625146379 4238148.25120388
v 4641315.74163273 1028345.4449236331 4238145.915486299
v 4641317.187026432 1028345.7651744473 4238144.333791042
v 4641316.756063206 1028345.6696874313 4238144.012235662
v 4641317.638254083 1028345.8651513734 4238143.479949083
v 4641317.207290235 1028345.7696642196 4238143.158394413
v 4641317.710689846 1028345.8812007115 4238143.397285767
v 4641317.283048459 1028345.7864497034 4238143.004158287
v 4641318.117580087 1028347.6271682243 4238144.092818333
v 4641317.707494943 1028347.7646952659 4238143.760172445
v 4641318.474019533 1028349.1335703332 4238144.697629786
v 4641318.043097116 1028349.2093834896 4238144.3347427845
v 4641318.985093019 1028351.1881065817 4238145.544365057
v 4641318.485098803 1028351.4199068715 4238145.151237577
v 4641314.164077717 1028357.3712570617 4238142.520309663
v 4641314.316496181 1028357.4621249322 4238142.671512368
v 4641313.931593269 1028356.8629699462 4238142.217903935
v 4641313.712767131 1028356.9286794998 4238143.456814939
v 4641313.661867785 1028357.1457900746 4238142.036460753
v 4641313.931593269 1028356.8629699462 4238142.217903935
v 4641313.347923567 1028356.8478423812 4238142.449778045
v 4641312.051298356 1028356.2179714093 4238142.38531192
v 4641313.14759905 1028356.9747483038 4238141.552611842
v 4641313.931593269 1028356.8629699462 4238142.217903935
v 4641313.264906067 1028356.601060305 4238141.58285232
v 4641311.461152239 1028356.4868940881 4238139.980102961
v 4641311.557622729 1028356.0514921248 4238139.980102962
v 4641309.708914485 1028355.9844628031 4238138.347112966
v 4641309.805384975 1028355.5490608398 4238138.347112967
v 4641309.29333225 1028355.8352866555 4238137.953985806
v 4641309.213266492 1028355.4178672159 4238137.802782943
v 4641309.257155835 1028355.9985623044 4238137.953985805
v 4641309.281273445 1028355.8897118717 4238137.953985806
v 4641308.922704204 1028355.638973807 4238137.591099123
v 4641308.829514795 1028355.903811373 4238137.560858645
v 4641309.010482795 1028356.8003635963 4238137.8935046885
v 4641308.615737139 1028356.7129011804 4238137.530618005
v 4641308.721071415 1028358.1065690789 4238137.893504686
v 4641308.293430375 1028358.0118181475 4238137.500377525
v 4641307.990981072 1028361.7132111817 4238137.95398579
v 4641307.5633400325 1028361.6184602503 4238137.560858629
v 4641307.8254386615 1028362.3046000074 4238137.923745152
v 4641307.406575519 1028362.3259882953 4238137.560858627
v 4641307.8791708 1028362.373602293 4238137.984226265
v 4641307.8254386615 1028362.3046000074 4238137.923745152
v 4641307.406575519 1028362.3259882953 4238137.560858627
v 4641307.522817569 1028362.5801318146 4238137.712061332
v 4641308.0403672485 1028362.5806094018 4238138.165669686
v 4641307.8243737295 1028362.9324317775 4238138.044707457
v 4641313.4307902055 1028363.2610729659 4238145.5585773615
v 4641313.016355872 1028362.8266659362 4238144.961824657
v 4641314.075577861 1028363.6894215156 4238143.669450651
v 4641314.162205556 1028363.765712355 4238143.760172402
v 4641313.650152485 1028364.051938094 4238143.367044921
v 4641314.559166877 1028364.3104422806 4238144.213780515
v 4641313.650152485 1028364.051938094 4238143.367044921
v 4641313.386701325 1028364.1648572759 4238143.82975195
v 4641313.4307902055 1028363.2610729659 4238145.5585773615
v 4641314.559166877 1028364.3104422806 4238144.213780515
v 4641314.161140538 1028364.3935441059 4238143.881134627
v 4641313.650152485 1028364.051938094 4238143.367044921
v 4641313.664427351 1028364.4547802313 4238143.457766671
v 4641313.650152485 1028364.051938094 4238143.367044921
v 4641312.7763355635 1028365.9709206319 4238142.973917755
v 4641313.047126465 1028365.0602685966 4238143.034399031
v 4641312.676498419 1028364.863955748 4238142.671512348
v 4641312.393648713 1028365.8290329997 4238142.611031072
v 4641312.252310108 1028368.0245022866 4238142.913436795
v 4641311.857564453 1028367.9370398707 4238142.550550112
v 4641312.204074889 1028368.2422031518 4238142.913436795
v 4641311.806048204 1028368.3253049004 4238142.580790588
v 4641315.248013798 1028369.1450262365 4238145.756048987
v 4641315.260072603 1028369.0906010203 4238145.756048987
v 4641314.8916606195 1028369.3515555254 4238145.483884053
v 4641315.091041689 1028368.9960523898 4238145.962707633
v 4641314.628540851 1028370.8348771745 4238145.615937494
v 4641314.664759044 1028370.8429019124 4238145.574605481
v 4641314.8916606195 1028369.3515555254 4238145.483884053
v 4641314.249176461 1028370.693725688 4238145.181478002
v 4641314.664759044 1028370.8429019124 4238145.574605481
v 4641314.2371176565 1028370.7481509043 4238145.181478002
v 4641314.616523825 1028371.0606027778 4238145.574605481
v 4641314.200941242 1028370.9114265533 4238145.181478001
v 4641313.917112939 1028374.2172662553 4238145.574605471
v 4641313.489471553 1028374.1225152471 4238145.181477993
v 4641313.156536492 1028374.048747999 4238146.442571359
v 4641312.725573612 1028373.9532610597 4238146.1210162975
v 4641312.813963143 1028373.9728452257 4238147.1724183075
v 4641312.129474088 1028373.8211853808 4238147.140184571
v 4641312.590010859 1028373.9232249043 4238147.563552528
v 4641313.096771243 1028372.8364681138 4238147.274230568
v 4641312.264049614 1028373.8510028142 4238147.935537806
v 4641312.129474088 1028373.8211853808 4238147.140184571
v 4641313.325805806 1028371.4597874366 4238147.356893889
v 4641312.19161385 1028373.8349534762 4238148.018201122
v 4641312.129474088 1028373.8211853808 4238147.140184571
v 4641310.331089359 1028372.1094915571 4238145.306602216
v 4641313.325805806 1028371.4597874366 4238147.356893889
v 4641312.19161385 1028373.8349534762 4238148.018201122
v 4641311.734399265 1028373.7336500373 4238147.523261385
v 4641312.129474088 1028373.8211853808 4238147.140184571
v 4641309.8626802955 1028373.3189398034 4238145.727977229
v 4641312.129474088 1028373.8211853808 4238147.140184571
v 4641310.119527964 1028373.3758486402 4238145.367083486
v 4641309.559976147 1028373.2518707035 4238145.598956567
v 4641309.649024359 1028373.2716008016 4238145.1584319
v 4641309.329708108 1028373.2008510185 4238145.387272907
v 4641309.736634089 1028372.377459487 4238145.210854742
v 4641308.185011519 1028372.9472245935 4238144.185709064
v 4641309.649024359 1028373.2716008016 4238145.1584319
v 4641308.507649957 1028373.0187104611 4238143.885296276
v 4641306.842942104 1028372.6498669605 4238142.802701879
v 4641307.165581164 1028372.7213529659 4238142.502288381
v 4641303.494249026 1028371.9079087324 4238139.5750208
v 4641303.649088182 1028371.9422158997 4238139.194977247
v 4641298.937436406 1028370.8982717393 4238144.639670272
v 4641299.066024823 1028370.9267626214 4238144.086241652
v 4641298.635061286 1028370.8312755364 4238143.764686627
v 4641298.430714781 1028370.7859992011 4238144.472350858
v 4641298.914179308 1028370.8931187489 4238145.1406762125
v 4641298.440353069 1028370.7881347262 4238145.003597276
v 4641298.970002933 1028370.9054873959 4238145.415873893
v 4641298.456636333 1028370.7917425546 4238145.391699087
v 4641298.963358113 1028370.9040151272 4238145.559018323
v 4641298.545355187 1028370.8113996827 4238145.697137421
v 4641299.552153943 1028371.0344725631 4238146.17492066
v 4641298.963358113 1028370.9040151272 4238145.559018323
v 4641298.545355187 1028370.8113996827 4238145.697137421
v 4641299.298628616 1028370.9782998454 4238146.464242445
v 4641301.26604093 1028371.4142125149 4238147.675857149
v 4641300.976297566 1028371.3500150938 4238148.00651077
v 4641301.858159327 1028371.5454061195 4238148.220187095
v 4641301.637529315 1028371.496521902 4238148.539749614
v 4641302.256227393 1028371.6336046698 4238148.511501563
v 4641302.167179179 1028371.6138745717 4238148.95202623
v 4641302.555609045 1028371.699937616 4238148.71209436
v 4641303.183037598 1028369.0411986515 4238147.924799725
v 4641306.149455616 1028369.983942742 4238149.960967661
v 4641305.009808347 1028372.2437059791 4238150.52046161
v 4641302.167179179 1028371.6138745717 4238148.95202623
v 4641304.608089032 1028372.1546984396 4238151.046682836
v 4641305.085237751 1028372.2604186119 4238151.1121893
v 4641305.009808347 1028372.2437059791 4238150.52046161
v 4641304.608089032 1028372.1546984396 4238151.046682836
v 4641306.149455616 1028369.983942742 4238149.960967661
v 4641305.104843338 1028372.2647625555 4238151.428718816
v 4641304.608089032 1028372.1546984396 4238151.046682836
v 4641306.568111545 1028369.1060531354 4238150.530512637
v 4641305.068625457 1028372.2567378865 4238151.470050474
v 4641304.608089032 1028372.1546984396 4238151.046682836
v 4641306.842224493 1028368.1961376424 4238150.519421459
v 4641304.8513178555 1028372.2085898034 4238151.718040777
v 4641304.608089032 1028372.1546984396 4238151.046682836
v 4641303.508590554 1028371.9110864145 4238151.826959719
v 4641303.683035123 1028371.949737487 4238151.763445522
v 4641303.4660568815 1028371.9016623739 4238151.265472824
v 4641303.186280817 1028371.8396733712 4238151.381409542
v 4641302.790876946 1028371.7520651266 4238152.510449003
v 4641302.363235906 1028371.6573141952 4238152.117321843
v 4641301.487031885 1028371.4631767487 4238153.998390207
v 4641301.0922865765 1028371.3757144096 4238153.6355038425
v 4641299.350174769 1028370.9897208111 4238156.436960436
v 4641298.919211579 1028370.8942338029 4238156.11540573
v 4641298.767366045 1028370.8605899265 4238157.169839955
v 4641298.336402197 1028370.7651027727 4238156.848285284
v 4641298.582953829 1028370.8197303589 4238157.448070736
v 4641298.151990292 1028370.724243274 4238157.126515711
v 4641298.411502398 1028370.7817424701 4238158.185975799
v 4641298.582953829 1028370.8197303589 4238157.448070736
v 4641298.151990292 1028370.724243274 4238157.126515711
v 4641297.908103097 1028370.6702060471 4238157.947084091
v 4641298.404857404 1028370.780270163 4238158.329120071
v 4641297.894813456 1028370.6672615096 4238158.233372952
v 4641298.398212756 1028370.7787979326 4238158.4722646605
v 4641298.513428114 1028370.4617435341 4238158.287788413
v 4641298.388245612 1028370.7765895487 4238158.686981386
v 4641297.894813456 1028370.6672615096 4238158.233372952
v 4641297.914418888 1028370.6716054187 4238158.549902644
v 4641298.414495692 1028370.7824056881 4238158.860366489
v 4641299.588515727 1028368.2447730808 4238157.381523621
v 4641300.043389226 1028367.3749080744 4238157.909737295
v 4641298.37495566 1028370.7736449423 4238158.973270601
v 4641297.914418888 1028370.6716054187 4238158.549902644
v 4641298.911244478 1028368.1518095105 4238158.411783394
v 4641300.043389226 1028367.3749080744 4238157.909737295
v 4641298.37495566 1028370.7736449423 4238158.973270601
v 4641298.305842047 1028370.758331681 4238158.984361463
v 4641297.914418888 1028370.6716054187 4238158.549902644
v 4641297.9920614725 1028369.7752557201 4238158.817042211
v 4641298.167615514 1028370.7277053121 4238159.006543825
v 4641297.914418888 1028370.6716054187 4238158.549902644
v 4641294.524766236 1028340.972364969 4238149.7388103455
v 4641296.903207624 1028341.4993479172 4238151.701413365
v 4641300.025247724 1028344.7604553711 4238154.77182592
v 4641308.292888425 1028345.0506664212 4238152.1475627115
v 4641310.175722907 1028345.1823542601 4238153.524504066
v 4641308.292888425 1028345.0506664212 4238152.1475627115
v 4641308.805145476 1028344.250612726 4238151.918721795
v 4641311.764548272 1028345.0205113537 4238154.885329051
v 4641309.442796852 1028347.132553992 4238154.52954837
v 4641311.949945481 1028345.4612684696 4238154.984109146
v 4641316.207956844 1028348.8027779126 4238149.140223229
v 4641317.824472448 1028347.3909342627 4238144.536376103
v 4641311.2744341055 1028355.0751943499 4238145.064765507
v 4641311.370329766 1028354.9822475377 4238146.4740284765
v 4641309.844876829 1028354.815549377 4238143.09003095
v 4641308.345632937 1028354.4833671337 4238139.920750582
v 4641307.585966803 1028356.7131268793 4238139.46410912
v 4641305.99840075 1028353.7920079933 4238141.759535015
v 4641307.484013042 1028361.9434663135 4238138.449966397
v 4641307.484013042 1028361.9434663135 4238138.449966397
v 4641308.037044527 1028362.5798731985 4238138.237242256
v 4641312.453069145 1028362.3592782135 4238146.093897044
v 4641312.8138132915 1028362.895983383 4238146.58883678
v 4641312.7280094735 1028363.5050398425 4238144.840862428
v 4641312.8138132915 1028362.895983383 4238146.58883678
v 4641311.500179801 1028366.6017199691 4238144.142296428
v 4641311.929660299 1028364.2417051038 4238144.582821102
v 4641311.657483546 1028368.1210968251 4238143.604984513
v 4641314.616844952 1028368.7196951521 4238146.612923339
v 4641311.842554354 1028369.9321106733 4238144.865037394
v 4641314.616844952 1028368.7196951521 4238146.612923339
v 4641310.536335827 1028370.8417343171 4238144.643302357
v 4641308.996030051 1028369.2443191834 4238142.16253653
v 4641304.781885622 1028370.1948093434 4238139.400595577
v 4641299.467163477 1028368.6175656825 4238144.138664497
v 4641299.495217828 1028368.737975681 4238145.23139781
v 4641299.096004966 1028370.3053377477 4238145.559018324
v 4641299.096004966 1028370.3053377477 4238145.559018324
v 4641299.495217828 1028368.737975681 4238145.23139781
v 4641302.632710949 1028366.8066740829 4238146.486336605
v 4641305.849246172 1028366.0919244586 4238147.972108831
v 4641305.714223289 1028368.2887926132 4238148.877332947
v 4641307.366009117 1028367.4557351065 4238149.043611689
v 4641307.366009117 1028367.4557351065 4238149.043611689
v 4641308.281541011 1028365.8314804268 4238149.455888469
v 4641308.642281655 1028364.9978557734 4238149.535519041
v 4641305.671642955 1028367.1374173786 4238150.556768267
v 4641305.580835131 1028368.5447234936 4238150.451922585
v 4641304.832649848 1028369.6921827027 4238150.989234493
v 4641303.092430078 1028370.7340353718 4238152.4277856015
v 4641303.891440236 1028371.3678455991 4238151.609210071
v 4641300.384615396 1028369.2205216744 4238155.805893997
v 4641298.875895289 1028370.3707629796 4238157.169839956
v 4641298.875895289 1028370.3707629796 4238157.169839956
v 4641299.588515727 1028368.2447730808 4238157.381523621
v 4641300.453064771 1028366.4950287023 4238156.456110064
v 4641300.453064771 1028366.4950287023 4238156.456110064
v 4641301.053587843 1028365.2006584164 4238157.40266583
v 4641299.800813268 1028366.3505116288 4238157.946043942
v 4641301.053587843 1028365.2006584164 4238157.40266583
v 4641305.792370643 1028360.6551022165 4238158.3591841115
v 4641306.273868499 1028361.3327566931 4238158.688797392
v 4641304.776584618 1028359.8590676418 4238160.67271894
v 4641303.61806159 1028358.7459218521 4238160.71006543
v 4641305.071498063 1028359.810216481 4238158.533609837
v 4641303.938235563 1028357.3323382876 4238160.566921163
v 4641305.071498063 1028359.810216481 4238158.533609837
v 4641303.61806159 1028358.7459218521 4238160.71006543
v 4641297.019615544 1028342.4386927085 4238151.687289435
v 4641301.052113867 1028347.8428266721 4238152.911899341
v 4641299.702085549 1028347.1440263117 4238152.04098912
v 4641300.17709643 1028346.1644289976 4238154.132700878
v 4641304.564140232 1028348.1071006617 4238151.264608972
v 4641304.885221917 1028349.4914741034 4238152.411757519
v 4641308.146504047 1028347.8730857117 4238154.13442893
v 4641305.785295277 1028350.3189676957 4238153.808888737
v 4641308.7897061305 1028352.7546533052 4238149.750324209
v 4641308.7487737555 1028352.9739722256 4238148.115253137
v 4641307.158921958 1028352.5646172717 4238146.418749441
v 4641306.802699979 1028353.8560194244 4238141.208099175
v 4641302.860662576 1028357.8358458076 4238144.19810532
v 4641304.328763612 1028352.2230341925 4238144.021687168
v 4641305.99840075 1028353.7920079933 4238141.759535015
v 4641305.776025379 1028360.2518012332 4238140.580064946
v 4641302.860662576 1028357.8358458076 4238144.19810532
v 4641306.814164417 1028361.3953710027 4238139.920750563
v 4641305.776025379 1028360.2518012332 4238140.580064946
v 4641305.457610536 1028360.2383482187 4238141.268580352
v 4641311.952292555 1028362.0770315302 4238147.316691181
v 4641310.833842158 1028360.8585705356 4238148.488102251
v 4641310.9951264495 1028362.3788292152 4238146.387291559
v 4641311.952292555 1028362.0770315302 4238147.316691181
v 4641311.441105485 1028363.2199050316 4238145.224979403
v 4641309.935749151 1028364.5421827661 4238146.476021073
v 4641311.441105485 1028363.2199050316 4238145.224979403
v 4641309.920741919 1028366.1375753708 4238146.175607889
v 4641311.657483546 1028368.1210968251 4238143.604984513
v 4641311.768676915 1028367.6318601687 4238145.025338701
v 4641311.500179801 1028366.6017199691 4238144.142296428
v 4641312.076184134 1028368.7848372904 4238144.54850735
v 4641311.768676915 1028367.6318601687 4238145.025338701
v 4641312.437007401 1028368.293813204 4238144.54547496
v 4641312.076184134 1028368.7848372904 4238144.54850735
v 4641312.437007401 1028368.293813204 4238144.54547496
v 4641311.103390234 1028369.4828514449 4238144.353980399
v 4641309.155992436 1028368.0236265325 4238142.2149592135
v 4641311.103390234 1028369.4828514449 4238144.353980399
v 4641308.996030051 1028369.2443191834 4238142.16253653
v 4641305.319284552 1028368.4867725729 4238139.092123809
v 4641306.768939228 1028368.0657059273 4238140.056789162
v 4641300.316821425 1028366.6361327936 4238144.573123322
v 4641300.316821425 1028366.6361327936 4238144.573123322
v 4641301.58915974 1028365.3193231226 4238144.387606996
v 4641308.044466993 1028366.0644379698 4238147.353085514
v 4641306.491281365 1028365.2064306714 4238146.944882162
v 4641305.849246172 1028366.0919244586 4238147.972108831
v 4641307.032746855 1028366.9822160448 4238148.435767804
v 4641307.032746855 1028366.9822160448 4238148.435767804
v 4641308.131584531 1028365.8553521329 4238148.732107688
v 4641308.438022621 1028366.2658308042 4238147.960929436
v 4641309.316479211 1028366.1178850981 4238148.328841452
v 4641308.131584531 1028365.8553521329 4238148.732107688
v 4641308.281541011 1028365.8314804268 4238149.455888469
v 4641306.362690599 1028365.5776185904 4238150.113210539
v 4641307.731994649 1028364.510681446 4238149.016404321
v 4641306.798290715 1028366.0738122877 4238149.994240896
v 4641305.671642955 1028367.1374173786 4238150.556768267
v 4641305.580835131 1028368.5447234936 4238150.451922585
v 4641303.99297898 1028364.4245024201 4238153.03667025
v 4641306.362690599 1028365.5776185904 4238150.113210539
v 4641305.671642955 1028367.1374173786 4238150.556768267
v 4641303.6310073435 1028365.2007572853 4238153.243328716
v 4641303.99297898 1028364.4245024201 4238153.03667025
v 4641305.671642955 1028367.1374173786 4238150.556768267
v 4641301.597472779 1028365.1498739546 4238155.332095798
v 4641303.6310073435 1028365.2007572853 4238153.243328716
v 4641303.040208817 1028368.2101940037 4238153.160665303
v 4641301.597472779 1028365.1498739546 4238155.332095798
v 4641301.597472779 1028365.1498739546 4238155.332095798
v 4641301.797507129 1028363.8238653407 4238156.518583612
v 4641301.587787934 1028364.0057867699 4238157.041771595
v 4641300.601579835 1028364.1869553985 4238157.257528658
v 4641301.587787934 1028364.0057867699 4238157.041771595
v 4641306.058037813 1028360.9994506211 4238157.987198832
v 4641307.21281728 1028357.6581964993 4238157.604122293
v 4641306.058037813 1028360.9994506211 4238157.987198832
v 4641305.792370643 1028360.6551022165 4238158.3591841115
v 4641305.908361313 1028358.511113844 4238158.343068063
v 4641305.409435205 1028359.4854126024 4238158.244287876
v 4641305.373870384 1028358.5068827115 4238158.993283946
v 4641307.0057243025 1028359.0397380108 4238160.00430587
v 4641305.373870384 1028358.5068827115 4238158.993283946
v 4641303.938235563 1028357.3323382876 4238160.566921163
v 4641305.408564541 1028357.6581139441 4238162.142462871
v 4641303.974287611 1028356.6551615247 4238160.69091614
v 4641305.408564541 1028357.6581139441 4238162.142462871
v 4641303.938235563 1028357.3323382876 4238160.566921163
v 4641305.559790839 1028356.4925824832 4238162.123313577
v 4641304.414191925 1028356.1816590864 4238160.462075133
v 4641305.559790839 1028356.4925824832 4238162.123313577
v 4641303.974287611 1028356.6551615247 4238160.69091614
v 4641306.02853448 1028356.2538579665 4238158.756385007
v 4641306.125419838 1028357.5314597756 4238158.343068066
v 4641304.414191925 1028356.1816590864 4238160.462075133
v 4641305.048392738 1028355.4086237968 4238159.822950611
v 4641306.650997156 1028353.1943397995 4238159.155577528
v 4641305.389278938 1028353.542852792 4238159.834041797
v 4641305.790212894 1028351.747483406 4238160.508432491
v 4641307.245782097 1028352.9264449086 4238158.505361646
v 4641304.778899617 1028350.2672753013 4238159.931869884
v 4641307.245782097 1028352.9264449086 4238158.505361646
v 4641305.790212894 1028351.747483406 4238160.508432491
v 4641306.422039505 1028352.1729607079 4238158.159631676
v 4641306.662521909 1028351.8836607988 4238157.4932995625
v 4641305.352194956 1028350.9081717258 4238158.543749114
v 4641291.347447002 1028342.666454249 4238146.686506435
v 4641291.123204725 1028341.4177307865 4238147.366963613
v 4641292.365848474 1028340.9507974497 4238147.618938098
v 4641292.535169659 1028342.2444483059 4238147.122957841
v 4641292.230830441 1028344.1183173809 4238146.324572172
v 4641294.432569575 1028343.9780815504 4238148.301299476
v 4641292.230830441 1028344.1183173809 4238146.324572172
v 4641292.535169659 1028342.2444483059 4238147.122957841
v 4641294.392749691 1028346.4815287059 4238147.334553576
v 4641295.630345297 1028345.2712153124 4238148.855680359
v 4641298.916494879 1028347.9977125074 4238150.249690327
v 4641300.585922368 1028349.1098637716 4238150.809096304
v 4641301.519012681 1028349.0882171588 4238151.697163674
v 4641303.605662569 1028349.3792577384 4238151.119471926
v 4641305.035278753 1028352.3224772355 4238143.839203664
v 4641299.793741996 1028355.2150191277 4238148.165948372
v 4641302.475862385 1028350.3279697475 4238146.358444718
v 4641301.722276934 1028356.6129677724 4238145.798950232
v 4641311.055415331 1028361.1360520249 4238148.586882116
v 4641310.090784651 1028361.721680781 4238147.258290549
v 4641311.055415331 1028361.1360520249 4238148.586882116
v 4641309.104330734 1028362.2453774541 4238148.13734726
v 4641310.090784651 1028361.721680781 4238147.258290549
v 4641310.9951264495 1028362.3788292152 4238146.387291559
v 4641306.522321211 1028362.9865228996 4238150.496287005
v 4641309.083176063 1028365.8949018002 4238147.484098444
v 4641310.578775436 1028366.797246949 4238146.656424407
v 4641310.056426311 1028367.081191678 4238147.223976795
v 4641310.9416156765 1028368.2479697141 4238145.166490348
v 4641310.056426311 1028367.081191678 4238147.223976795
v 4641312.076184134 1028368.7848372904 4238144.54850735
v 4641311.103390234 1028369.4828514449 4238144.353980399
v 4641310.9416156765 1028368.2479697141 4238145.166490348
v 4641312.076184134 1028368.7848372904 4238144.54850735
v 4641310.9416156765 1028368.2479697141 4238145.166490348
v 4641304.063876224 1028366.0960255362 4238139.542787398
v 4641304.9175617155 1028367.0274352066 4238139.203035535
v 4641304.21572493 1028367.4999991626 4238138.903662357
v 4641303.403629215 1028366.3494162204 4238139.38655936
v 4641310.056426311 1028367.081191678 4238147.223976795
v 4641308.438022621 1028366.2658308042 4238147.960929436
v 4641309.316479211 1028366.1178850981 4238148.328841452
v 4641304.279800882 1028361.1193262478 4238153.3179337755
v 4641306.522321211 1028362.9865228996 4238150.496287005
v 4641301.554153748 1028363.2560729885 4238155.971220823
v 4641301.554153748 1028363.2560729885 4238155.971220823
v 4641302.05209449 1028361.881876355 4238155.692989904
v 4641304.166261624 1028359.6667434254 4238154.130443692
v 4641303.293792086 1028359.8160156704 4238155.111313239
v 4641307.23500973 1028358.2911812009 4238157.224078897
v 4641308.169532524 1028356.4427461806 4238156.788579515
v 4641306.675612581 1028355.1410937171 4238158.659597269
v 4641307.717733375 1028358.0555542669 4238159.4669937845
v 4641306.125419838 1028357.5314597756 4238158.343068066
v 4641305.908361313 1028358.511113844 4238158.343068063
v 4641307.0057243025 1028359.0397380108 4238160.00430587
v 4641305.373870384 1028358.5068827115 4238158.993283946
v 4641307.0057243025 1028359.0397380108 4238160.00430587
v 4641305.908361313 1028358.511113844 4238158.343068063
v 4641305.791042654 1028355.1734908344 4238159.681798608
v 4641306.690786443 1028354.2309027972 4238158.794683605
v 4641306.442099355 1028352.6912786865 4238157.606203354
v 4641306.690786443 1028354.2309027972 4238158.794683605
v 4641307.245782097 1028352.9264449086 4238158.505361646
v 4641306.442099355 1028352.6912786865 4238157.606203354
v 4641305.688825926 1028352.5243785238 4238156.83909833
v 4641306.662521909 1028351.8836607988 4238157.4932995625
v 4641299.978913443 1028350.5169916165 4238154.654848688
v 4641299.788263591 1028349.8466820405 4238156.447187801
v 4641296.543712465 1028349.2419922687 4238153.412041244
v 4641297.112495523 1028349.9960835004 4238152.340450167
v 4641295.000457882 1028349.1855439505 4238150.630862429
v 4641297.112495523 1028349.9960835004 4238152.340450167
v 4641296.543712465 1028349.2419922687 4238153.412041244
v 4641297.846043829 1028350.615389569 4238150.7154301135
v 4641295.970960758 1028350.028642833 4238149.033050266
v 4641291.092990427 1028347.8630036965 4238148.218724204
v 4641293.088666567 1028348.8761491069 4238147.701513338
v 4641292.637317018 1028347.86259246 4238146.064450339
v 4641293.088666567 1028348.8761491069 4238147.701513338
v 4641291.092990427 1028347.8630036965 4238148.218724204
v 4641291.004475872 1028347.3295184389 4238147.29131788
v 4641290.709644776 1028345.9509612493 4238146.317554213
v 4641291.692655281 1028346.2829575322 4238146.049374451
v 4641293.24719568 1028347.7122359233 4238146.04729331
v 4641295.507469226 1028348.7269102242 4238147.478650265
v 4641293.24719568 1028347.7122359233 4238146.04729331
v 4641297.732506769 1028348.7631276676 4238148.913040148
v 4641298.916494879 1028347.9977125074 4238150.249690327
v 4641299.313339796 1028350.3695227557 4238149.043012646
v 4641299.42063815 1028349.822325555 4238149.329301685
v 4641299.42063815 1028349.822325555 4238149.329301685
v 4641300.707096311 1028351.93446746 4238148.030862049
v 4641300.657090662 1028349.8678938344 4238148.854463181
v 4641299.476102101 1028353.3746319362 4238149.022822817
v 4641298.896656827 1028353.4175376534 4238149.642798355
v 4641299.608835002 1028354.4888852958 4238149.35546902
v 4641298.896656827 1028353.4175376534 4238149.642798355
v 4641299.793741996 1028355.2150191277 4238148.165948372
v 4641300.765229794 1028356.4580152377 4238146.945146882
v 4641308.503551053 1028360.1709649642 4238149.223062624
v 4641308.199364821 1028359.418402861 4238152.243221382
v 4641309.146527267 1028359.9137475404 4238151.229078336
v 4641310.349760564 1028360.9226055285 4238149.270372074
v 4641309.795992916 1028360.914103253 4238148.8580952985
v 4641309.795992916 1028360.914103253 4238148.8580952985
v 4641310.349760564 1028360.9226055285 4238149.270372074
v 4641309.795992916 1028360.914103253 4238148.8580952985
v 4641309.359452892 1028361.5596421736 4238148.974032155
v 4641308.093510144 1028361.8501223503 4238149.264394278
v 4641307.670829398 1028361.185499781 4238149.884369862
v 4641304.279800882 1028361.1193262478 4238153.3179337755
v 4641306.835811705 1028362.7704966769 4238150.952928364
v 4641306.522321211 1028362.9865228996 4238150.496287005
v 4641304.711953933 1028361.1008828009 4238153.394531433
v 4641303.293792086 1028359.8160156704 4238155.111313239
v 4641304.24915494 1028359.3996244745 4238155.121364172
v 4641304.166261624 1028359.6667434254 4238154.130443692
v 4641304.807392822 1028359.1236318626 4238155.258442773
v 4641305.832693014 1028359.4079011932 4238153.6001497
v 4641305.311370413 1028360.263043436 4238154.503381322
v 4641304.807392822 1028359.1236318626 4238155.258442773
v 4641306.291135192 1028358.1962443151 4238153.393491191
v 4641304.90505001 1028357.203969605 4238154.598176193
v 4641307.791278118 1028357.2153934488 4238156.607136649
v 4641303.754560872 1028354.4938864933 4238155.825043334
v 4641306.675612581 1028355.1410937171 4238158.659597269
v 4641304.189828991 1028353.6196773449 4238156.036727314
v 4641302.331108978 1028352.0088090865 4238154.24447644
v 4641301.960068967 1028351.4698227049 4238154.710216058
v 4641302.331108978 1028352.0088090865 4238154.24447644
v 4641305.688825926 1028352.5243785238 4238156.83909833
v 4641304.536701919 1028351.7552330513 4238157.396600374
v 4641301.9239704665 1028351.0050481523 4238156.827143456
v 4641300.751833772 1028350.8595360062 4238155.6971517475
v 4641297.846043829 1028350.615389569 4238150.7154301135
v 4641299.917639442 1028351.3598709861 4238152.078247571
v 4641297.07115657 1028350.8433798061 4238149.334415335
v 4641299.917639442 1028351.3598709861 4238152.078247571
v 4641294.039068575 1028349.029629304 4238146.698461473
v 4641292.637317018 1028347.86259246 4238146.064450339
v 4641290.709644776 1028345.9509612493 4238146.317554213
v 4641294.039068575 1028349.029629304 4238146.698461473
v 4641297.034116553 1028349.7503286584 4238148.418099876
v 4641297.804168198 1028350.6061113186 4238148.662016914
v 4641298.504204293 1028351.3892833436 4238148.457350959
v 4641299.572240581 1028351.5688273688 4238149.353476398
v 4641300.639620963 1028351.3485467553 4238149.126628269
v 4641300.2065274 1028352.5087229308 4238149.046997741
v 4641300.3082487 1028352.7025520987 4238149.770778477
v 4641300.2065274 1028352.5087229308 4238149.046997741
v 4641299.476102101 1028353.3746319362 4238149.022822817
v 4641298.896656827 1028353.4175376534 4238149.642798355
v 4641298.737510581 1028352.9825966283 4238149.717403486
v 4641300.3082487 1028352.7025520987 4238149.770778477
v 4641298.896656827 1028353.4175376534 4238149.642798355
v 4641298.415898222 1028353.4823087867 4238150.35349551
v 4641298.737510581 1028352.9825966283 4238149.717403486
v 4641307.407942848 1028359.0146620361 4238153.3369948575
v 4641306.291135192 1028358.1962443151 4238153.393491191
v 4641307.205809255 1028358.0563231112 4238153.7200713195
v 4641305.832693014 1028359.4079011932 4238153.6001497
v 4641307.113483458 1028359.5774872472 4238154.606146345
v 4641305.832693014 1028359.4079011932 4238153.6001497
v 4641307.407942848 1028359.0146620361 4238153.3369948575
v 4641307.558604167 1028360.1328875272 4238150.327927279
v 4641307.558604167 1028360.1328875272 4238150.327927279
v 4641308.503551053 1028360.1709649642 4238149.223062624
v 4641308.769260508 1028362.4566223584 4238151.839954961
v 4641309.274790142 1028361.312495589 4238151.836922536
v 4641307.725421875 1028361.1404986054 4238150.445856757
v 4641306.835811705 1028362.7704966769 4238150.952928364
v 4641308.39399937 1028363.2299329612 4238152.3329027835
v 4641306.839743883 1028362.0291061277 4238154.245252285
v 4641308.39399937 1028363.2299329612 4238152.3329027835
v 4641306.835811705 1028362.7704966769 4238150.952928364
v 4641304.711953933 1028361.1008828009 4238153.394531433
v 4641306.232651073 1028361.323624269 4238155.143458418
v 4641305.311370413 1028360.263043436 4238154.503381322
v 4641306.232651073 1028361.323624269 4238155.143458418
v 4641304.711953933 1028361.1008828009 4238153.394531433
v 4641306.1711645 1028360.3393509194 4238154.973106145
v 4641306.1711645 1028360.3393509194 4238154.973106145
v 4641305.311370413 1028360.263043436 4238154.503381322
v 4641306.232651073 1028361.323624269 4238155.143458418
v 4641306.1711645 1028360.3393509194 4238154.973106145
v 4641307.113483458 1028359.5774872472 4238154.606146345
v 4641306.839743883 1028362.0291061277 4238154.245252285
v 4641308.39399937 1028363.2299329612 4238152.3329027835
v 4641309.274790142 1028361.312495589 4238151.836922536
v 4641308.769260508 1028362.4566223584 4238151.839954961
v 4641305.604018263 1028357.2446434338 4238154.099162948
v 4641306.403147572 1028357.4217037268 4238155.356182349
v 4641305.604018263 1028357.2446434338 4238154.099162948
v 4641304.90505001 1028357.203969605 4238154.598176193
v 4641306.667913069 1028357.7087551211 4238154.524523195
v 4641300.622805053 1028353.6287029237 4238153.136667009
v 4641299.917639442 1028351.3598709861 4238152.078247571
v 4641298.737510581 1028352.9825966283 4238149.717403486
v 4641297.13416447 1028353.0841254285 4238148.929156827
v 4641298.504204293 1028351.3892833436 4238148.457350959
v 4641299.572240581 1028351.5688273688 4238149.353476398
v 4641299.572240581 1028351.5688273688 4238149.353476398
v 4641300.3082487 1028352.7025520987 4238149.770778477
v 4641299.572240581 1028351.5688273688 4238149.353476398
v 4641298.415898222 1028353.4823087867 4238150.35349551
v 4641300.601579835 1028364.1869553985 4238157.257528658
v 4641300.375370057 1028363.5087674134 4238157.599273461
v 4641301.587787934 1028364.0057867699 4238157.041771595
v 4641298.334129848 1028363.2848851184 4238154.722347722
v 4641297.577122216 1028362.7745753265 4238154.855441373
v 4641298.160050874 1028362.44695645 4238156.198157143
v 4641300.375370057 1028363.5087674134 4238157.599273461
v 4641297.698083781 1028363.772026094 4238154.483456092
v 4641297.577122216 1028362.7745753265 4238154.855441373
v 4641298.334129848 1028363.2848851184 4238154.722347722
v 4641294.563417533 1028363.2487801712 4238151.038025425
v 4641294.404478373 1028363.6703414131 4238150.905972015
v 4641293.134068333 1028365.6156458091 4238151.886841849
v 4641292.824796674 1028363.1490452485 4238150.987683226
v 4641290.824578018 1028365.7891046348 4238150.493783606
v 4641292.824796674 1028363.1490452485 4238150.987683226
v 4641293.134068333 1028365.6156458091 4238151.886841849
v 4641290.022740167 1028365.8398324017 4238150.472641406
v 4641290.824578018 1028365.7891046348 4238150.493783606
v 4641291.119408665 1028367.1676622131 4238151.467546955
v 4641292.981519669 1028362.2702171184 4238151.029014887
v 4641294.421702151 1028362.5322162694 4238151.297106752
v 4641294.563417533 1028363.2487801712 4238151.038025425
v 4641292.981519669 1028362.2702171184 4238151.029014887
v 4641291.780711721 1028362.1754494287 4238150.256884529
v 4641292.981519669 1028362.2702171184 4238151.029014887
v 4641289.764124002 1028363.0989706694 4238149.0422368795
v 4641289.764124002 1028363.0989706694 4238149.0422368795
v 4641289.372578978 1028363.8686730616 4238149.147082592
v 4641300.635735195 1028342.0979628375 4238155.088355345
v 4641300.428394825 1028342.0520231576 4238155.121629003
v 4641300.553660833 1028342.0797779055 4238154.639772598
v 4641301.47104911 1028344.4527280683 4238154.561094288
v 4641305.34894273 1028343.998707382 4238153.841210209
v 4641301.988429728 1028342.3976746296 4238154.764719758
v 4641300.553660833 1028342.0797779055 4238154.639772598
v 4641301.771451469 1028342.3495995125 4238154.266746723
v 4641305.460711362 1028343.1670159143 4238153.8523012325
v 4641305.243732869 1028343.1189407456 4238153.354328464
v 4641307.0141014615 1028343.5111951214 4238153.638536754
v 4641307.040681017 1028343.5170842567 4238153.0659587225
v 4641307.675662309 1028343.657774842 4238153.425812537
v 4641307.575827829 1028343.9211400838 4238153.538716418
v 4641311.739404048 1028344.5581638856 4238154.549650011
v 4641311.706508663 1028344.5508753702 4238154.519409533
v 4641311.7759512095 1028344.5662615075 4238153.762355439
v 4641311.764548272 1028345.0205113537 4238154.885329051
v 4641312.246454935 1028344.6705093726 4238153.971006175
v 4641311.7759512095 1028344.5662615075 4238153.762355439
v 4641312.40654474 1028345.3340473913 4238154.314743241
v 4641312.3913266165 1028344.7026080831 4238153.805679364
v 4641311.7759512095 1028344.5662615075 4238153.762355439
v 4641312.434189493 1028344.7121050593 4238153.621203435
v 4641311.7759512095 1028344.5662615075 4238153.762355439
v 4641311.967007727 1028344.6085932286 4238153.340979749
v 4641312.753834947 1028344.7829277779 4238152.646399602
v 4641312.253757797 1028344.6721274317 4238152.33593544
v 4641313.728725546 1028344.9989308646 4238150.856052901
v 4641313.2648662785 1028344.8961551875 4238150.504257079
v 4641314.967108581 1028345.2733150452 4238148.561667014
v 4641314.467031156 1028345.1625146379 4238148.25120388
v 4641318.843668391 1028351.6706450131 4238145.514124579
v 4641318.985093019 1028351.1881065817 4238145.544365057
v 4641318.485098803 1028351.4199068715 4238145.151237577
v 4641318.650519867 1028351.6849468154 4238145.720783224
v 4641318.807491977 1028351.8339206621 4238145.514124578
v 4641318.485098803 1028351.4199068715 4238145.151237577
v 4641318.436863584 1028351.6376077367 4238145.151237576
v 4641316.2802095665 1028354.9852683361 4238143.9113751305
v 4641315.95453571 1028354.7418187868 4238143.5787289245
v 4641315.941411938 1028355.4240755212 4238143.699691151
v 4641315.615738081 1028355.1806259719 4238143.367044945
v 4641315.128954059 1028356.4431002267 4238143.18560176
v 4641314.803280203 1028356.1996506773 4238142.852955554
v 4641314.316496181 1028357.4621249322 4238142.671512368
v 4641313.931593269 1028356.8629699462 4238142.217903935
v 4641309.281273445 1028355.8897118717 4238137.953985806
v 4641309.29333225 1028355.8352866555 4238137.953985806
v 4641309.213266492 1028355.4178672159 4238137.802782943
v 4641308.922704204 1028355.638973807 4238137.591099123
v 4641308.2377399895 1028362.6243405906 4238138.347112948
v 4641308.0403672485 1028362.5806094018 4238138.165669686
v 4641307.8243737295 1028362.9324317775 4238138.044707457
v 4641308.141269551 1028363.0597423211 4238138.347112946
v 4641309.664303995 1028362.8833223502 4238139.647456837
v 4641309.765206362 1028363.3624552839 4238139.8289001575
v 4641310.0919451 1028362.9780732959 4238140.040584057
v 4641308.070096204 1028361.3310609255 4238142.501336581
v 4641310.189149128 1028362.3144457072 4238143.280485166
v 4641310.408841008 1028363.1053838588 4238140.342989626
v 4641309.765206362 1028363.3624552839 4238139.8289001575
v 4641310.258638431 1028363.4717833038 4238140.282508511
v 4641311.314574283 1028363.5344521907 4238141.219965617
v 4641311.230162649 1028363.915428705 4238141.219965616
v 4641313.701668785 1028363.6636728315 4238143.336804445
v 4641313.650152485 1028364.051938094 4238143.367044921
v 4641314.075577861 1028363.6894215156 4238143.669450651
v 4641313.016355872 1028362.8266659362 4238144.961824657
v 4641313.496669052 1028364.5889017417 4238143.336804442
v 4641313.386701325 1028364.1648572759 4238143.82975195
v 4641313.664427351 1028364.4547802313 4238143.457766671
v 4641313.650152485 1028364.051938094 4238143.367044921
v 4641313.183054 1028364.291026976 4238143.004158237
v 4641313.047126465 1028365.0602685966 4238143.034399031
v 4641312.676498419 1028364.863955748 4238142.671512348
v 4641312.394885831 1028368.627062727 4238143.155361249
v 4641312.204074889 1028368.2422031518 4238142.913436795
v 4641311.806048204 1028368.3253049004 4238142.580790588
v 4641312.145996581 1028368.9715965104 4238143.004158224
v 4641313.985926911 1028368.9224870976 4238144.606907664
v 4641312.394885831 1028368.627062727 4238143.155361249
v 4641312.145996581 1028368.9715965104 4238143.004158224
v 4641313.934411009 1028369.3107522039 4238144.6371484585
v 4641315.260072603 1028369.0906010203 4238145.756048987
v 4641314.8916606195 1028369.3515555254 4238145.483884053
v 4641303.323126935 1028371.8699938096 4238139.566962525
v 4641303.494249026 1028371.9079087324 4238139.5750208
v 4641303.649088182 1028371.9422158997 4238139.194977247
v 4641303.277270455 1028371.8598335466 4238139.077048121
v 4641303.013777966 1028371.801452441 4238139.581086294
v 4641302.82969478 1028371.7606657705 4238139.1133540915
v 4641302.773542125 1028371.7482242264 4238139.584119396
v 4641302.4874504255 1028371.6848358865 4238139.097237383
v 4641302.664888791 1028371.7241502883 4238139.708114016
v 4641302.773542125 1028371.7482242264 4238139.584119396
v 4641302.4874504255 1028371.6848358865 4238139.097237383
v 4641302.23724775 1028371.6293993569 4238139.314986855
v 4641302.299386717 1028371.643167276 4238140.193003957
v 4641301.871745504 1028371.5484163064 4238139.799876637
v 4641299.066024823 1028370.9267626214 4238144.086241652
v 4641298.635061286 1028370.8312755364 4238143.764686627
v 4641304.832649848 1028369.6921827027 4238150.989234493
v 4641306.842224493 1028368.1961376424 4238150.519421459
v 4641304.8513178555 1028372.2085898034 4238151.718040777
v 4641304.8513178555 1028372.2085898034 4238151.718040777
v 4641304.608089032 1028372.1546984396 4238151.046682836
v 4641303.891440236 1028371.3678455991 4238151.609210071
v 4641304.815099974 1028372.2005651344 4238151.759372436
v 4641304.608089032 1028372.1546984396 4238151.046682836
v 4641303.683035123 1028371.949737487 4238151.763445522
v 4641304.608089032 1028372.1546984396 4238151.046682836
v 4641303.4660568815 1028371.9016623739 4238151.265472824
v 4641300.025247724 1028344.7604553711 4238154.77182592
v 4641300.17709643 1028346.1644289976 4238154.132700878
v 4641305.771747968 1028345.177230681 4238153.097239604
v 4641308.292888425 1028345.0506664212 4238152.1475627115
v 4641311.949945481 1028345.4612684696 4238154.984109146
v 4641312.715199394 1028346.2017935276 4238153.634286879
v 4641312.830415254 1028345.8847392403 4238153.449810773
v 4641316.207956844 1028348.8027779126 4238149.140223229
v 4641316.207956844 1028348.8027779126 4238149.140223229
v 4641314.919493473 1028348.4602005582 4238150.556591854
v 4641312.851762366 1028351.3136896137 4238149.000199434
v 4641315.028533454 1028353.3376093218 4238146.0767400395
v 4641314.679569006 1028355.2586874908 4238144.502150751
v 4641313.712767131 1028356.9286794998 4238143.456814939
v 4641311.370329766 1028354.9822475377 4238146.4740284765
v 4641305.99840075 1028353.7920079933 4238141.759535015
v 4641308.345632937 1028354.4833671337 4238139.920750582
v 4641308.037044527 1028362.5798731985 4238138.237242256
v 4641306.814164417 1028361.3953710027 4238139.920750563
v 4641305.457610536 1028360.2383482187 4238141.268580352
v 4641307.436011718 1028360.2770163637 4238144.800747403
v 4641307.563159675 1028359.7913145949 4238147.355166366
v 4641312.453069145 1028362.3592782135 4238146.093897044
v 4641311.929660299 1028364.2417051038 4238144.582821102
v 4641312.7280094735 1028363.5050398425 4238144.840862428
v 4641311.657483546 1028368.1210968251 4238143.604984513
v 4641315.091041689 1028368.9960523898 4238145.962707633
v 4641311.657483546 1028368.1210968251 4238143.604984513
v 4641312.437007401 1028368.293813204 4238144.54547496
v 4641314.616844952 1028368.7196951521 4238146.612923339
v 4641303.947150368 1028368.8679181244 4238138.933902989
v 4641304.781885622 1028370.1948093434 4238139.400595577
v 4641302.845936731 1028371.5929733154 4238139.542787383
v 4641302.845936731 1028371.5929733154 4238139.542787383
v 4641299.467163477 1028368.6175656825 4238144.138664497
v 4641306.798290715 1028366.0738122877 4238149.994240896
v 4641308.642281655 1028364.9978557734 4238149.535519041
v 4641305.580835131 1028368.5447234936 4238150.451922585
v 4641298.243898546 1028366.1197455581 4238156.23844863
v 4641299.800813268 1028366.3505116288 4238157.946043942
v 4641298.911244478 1028368.1518095105 4238158.411783394
v 4641297.030050071 1028367.0498353078 4238155.504616826
v 4641297.9920614725 1028369.7752557201 4238158.817042211
v 4641295.435075595 1028369.6654896393 4238156.405856089
v 4641306.273868499 1028361.3327566931 4238158.688797392
v 4641305.595084012 1028362.3243019026 4238158.510387131
v 4641304.776584618 1028359.8590676418 4238160.67271894
v 4641292.535169659 1028342.2444483059 4238147.122957841
v 4641292.365848474 1028340.9507974497 4238147.618938098
v 4641294.524766236 1028340.972364969 4238149.7388103455
v 4641294.432569575 1028343.9780815504 4238148.301299476
v 4641297.019615544 1028342.4386927085 4238151.687289435
v 4641297.253537922 1028343.8608520909 4238151.496747335
v 4641300.025247724 1028344.7604553711 4238154.77182592
v 4641300.17709643 1028346.1644289976 4238154.132700878
v 4641298.334460196 1028346.0416477332 4238151.150929266
v 4641299.702085549 1028347.1440263117 4238152.04098912
v 4641301.052113867 1028347.8428266721 4238152.911899341
v 4641304.309953696 1028346.6804524051 4238152.630547514
v 4641304.564140232 1028348.1071006617 4238151.264608972
v 4641306.736557992 1028350.3584445128 4238153.306842591
v 4641305.785295277 1028350.3189676957 4238153.808888737
v 4641309.442796852 1028347.132553992 4238154.52954837
v 4641309.715233626 1028347.9922754592 4238153.890423667
v 4641311.949945481 1028345.4612684696 4238154.984109146
v 4641312.715199394 1028346.2017935276 4238153.634286879
v 4641306.773271141 1028351.0517434324 4238152.354221252
v 4641310.817854838 1028349.7211024979 4238151.460952117
v 4641314.919493473 1028348.4602005582 4238150.556591854
v 4641316.207956844 1028348.8027779126 4238149.140223229
v 4641308.7897061305 1028352.7546533052 4238149.750324209
v 4641308.7897061305 1028352.7546533052 4238149.750324209
v 4641306.802699979 1028353.8560194244 4238141.208099175
v 4641305.035278753 1028352.3224772355 4238143.839203664
v 4641306.802699979 1028353.8560194244 4238141.208099175
v 4641305.99840075 1028353.7920079933 4238141.759535015
v 4641304.328763612 1028352.2230341925 4238144.021687168
v 4641303.879237873 1028359.1463720357 4238143.180929151
v 4641305.776025379 1028360.2518012332 4238140.580064946
v 4641305.457610536 1028360.2383482187 4238141.268580352
v 4641303.879237873 1028359.1463720357 4238143.180929151
v 4641304.581767402 1028358.2742820412 4238146.761534387
v 4641303.879237873 1028359.1463720357 4238143.180929151
v 4641307.436011718 1028360.2770163637 4238144.800747403
v 4641305.817274435 1028358.4909319789 4238148.483253548
v 4641307.563159675 1028359.7913145949 4238147.355166366
v 4641306.660992584 1028359.4201333434 4238148.358218251
v 4641309.741353829 1028359.8171530019 4238150.537530618
v 4641310.833842158 1028360.8585705356 4238148.488102251
v 4641310.833842158 1028360.8585705356 4238148.488102251
v 4641311.441105485 1028363.2199050316 4238145.224979403
v 4641311.768676915 1028367.6318601687 4238145.025338701
v 4641309.920741919 1028366.1375753708 4238146.175607889
v 4641311.500179801 1028366.6017199691 4238144.142296428
v 4641311.768676915 1028367.6318601687 4238145.025338701
v 4641306.768939228 1028368.0657059273 4238140.056789162
v 4641309.155992436 1028368.0236265325 4238142.2149592135
v 4641308.996030051 1028369.2443191834 4238142.16253653
v 4641305.319284552 1028368.4867725729 4238139.092123809
v 4641304.21572493 1028367.4999991626 4238138.903662357
v 4641303.403629215 1028366.3494162204 4238139.38655936
v 4641304.21572493 1028367.4999991626 4238138.903662357
v 4641303.947150368 1028368.8679181244 4238138.933902989
v 4641302.896332639 1028366.5795985624 4238140.628502755
v 4641301.664190189 1028368.3049936019 4238141.82408951
v 4641301.447200938 1028364.5456077426 4238142.695087799
v 4641301.517174717 1028364.4469175042 4238143.185002559
v 4641300.316821425 1028366.6361327936 4238144.573123322
v 4641304.663039429 1028365.0297416721 4238146.129427445
v 4641301.58915974 1028365.3193231226 4238144.387606996
v 4641305.849246172 1028366.0919244586 4238147.972108831
v 4641306.491281365 1028365.2064306714 4238146.944882162
v 4641308.438022621 1028366.2658308042 4238147.960929436
v 4641307.032746855 1028366.9822160448 4238148.435767804
v 4641307.366009117 1028367.4557351065 4238149.043611689
v 4641308.642281655 1028364.9978557734 4238149.535519041
v 4641309.316479211 1028366.1178850981 4238148.328841452
v 4641308.281541011 1028365.8314804268 4238149.455888469
v 4641309.083176063 1028365.8949018002 4238147.484098444
v 4641309.316479211 1028366.1178850981 4238148.328841452
v 4641308.642281655 1028364.9978557734 4238149.535519041
v 4641307.731994649 1028364.510681446 4238149.016404321
v 4641307.731994649 1028364.510681446 4238149.016404321
v 4641299.436212847 1028364.5568165825 4238155.860397348
v 4641300.601579835 1028364.1869553985 4238157.257528658
v 4641297.047602775 1028365.9117835268 4238155.14978858
v 4641296.075755135 1028368.208725541 4238155.788913611
v 4641293.351913248 1028368.2903779345 4238153.716439188
v 4641294.956820286 1028370.0163006327 4238156.502643687
v 4641303.646052056 1028364.5760232467 4238158.732209541
v 4641301.587787934 1028364.0057867699 4238157.041771595
v 4641300.8158060135 1028362.9211887516 4238158.617401538
v 4641301.797507129 1028363.8238653407 4238156.518583612
v 4641301.587787934 1028364.0057867699 4238157.041771595
v 4641303.646052056 1028364.5760232467 4238158.732209541
v 4641304.711175389 1028363.7271750682 4238158.455971844
v 4641302.05209449 1028361.881876355 4238155.692989904
v 4641301.797507129 1028363.8238653407 4238156.518583612
v 4641304.711175389 1028363.7271750682 4238158.455971844
v 4641305.595084012 1028362.3243019026 4238158.510387131
v 4641304.710308647 1028361.1005182847 4238157.124346864
v 4641306.058037813 1028360.9994506211 4238157.987198832
v 4641306.273868499 1028361.3327566931 4238158.688797392
v 4641306.042682416 1028356.5424780332 4238161.586001666
v 4641305.559790839 1028356.4925824832 4238162.123313577
v 4641304.414191925 1028356.1816590864 4238160.462075133
v 4641306.125419838 1028357.5314597756 4238158.343068066
v 4641295.630345297 1028345.2712153124 4238148.855680359
v 4641298.916494879 1028347.9977125074 4238150.249690327
v 4641301.519012681 1028349.0882171588 4238151.697163674
v 4641303.010957822 1028348.6194231226 4238151.271715111
v 4641303.605662569 1028349.3792577384 4238151.119471926
v 4641304.658442077 1028350.1263918069 4238151.963174566
v 4641303.605662569 1028349.3792577384 4238151.119471926
v 4641304.885221917 1028349.4914741034 4238152.411757519
v 4641305.785295277 1028350.3189676957 4238153.808888737
v 4641306.773271141 1028351.0517434324 4238152.354221252
v 4641304.658442077 1028350.1263918069 4238151.963174566
v 4641305.785295277 1028350.3189676957 4238153.808888737
v 4641306.6861118665 1028351.0895288918 4238151.016530329
v 4641308.7897061305 1028352.7546533052 4238149.750324209
v 4641308.7487737555 1028352.9739722256 4238148.115253137
v 4641305.698757972 1028351.1562495476 4238148.821013276
v 4641307.158921958 1028352.5646172717 4238146.418749441
v 4641303.812273983 1028350.624073784 4238145.646707302
v 4641305.035278753 1028352.3224772355 4238143.839203664
v 4641303.812273983 1028350.624073784 4238145.646707302
v 4641302.475862385 1028350.3279697475 4238146.358444718
v 4641302.568498694 1028357.8282091279 4238145.060005358
v 4641301.722276934 1028356.6129677724 4238145.798950232
v 4641302.860662576 1028357.8358458076 4238144.19810532
v 4641302.568498694 1028357.8282091279 4238145.060005358
v 4641302.011774362 1028357.0196930344 4238146.131596437
v 4641304.201620381 1028357.6190836774 4238147.942996946
v 4641303.8437020965 1028356.7975192767 4238150.902674503
v 4641305.059196427 1028357.6378026537 4238150.936900078
v 4641307.07570964 1028358.7126620328 4238150.449930168
v 4641308.443946543 1028358.673235184 4238152.088985755
v 4641309.146527267 1028359.9137475404 4238151.229078336
v 4641308.443946543 1028358.673235184 4238152.088985755
v 4641309.741353829 1028359.8171530019 4238150.537530618
v 4641310.349760564 1028360.9226055285 4238149.270372074
v 4641311.055415331 1028361.1360520249 4238148.586882116
v 4641311.055415331 1028361.1360520249 4238148.586882116
v 4641310.578775436 1028366.797246949 4238146.656424407
v 4641309.920741919 1028366.1375753708 4238146.175607889
v 4641310.578775436 1028366.797246949 4238146.656424407
v 4641308.2474631425 1028366.5090944046 4238144.856114917
v 4641310.9416156765 1028368.2479697141 4238145.166490348
v 4641309.155992436 1028368.0236265325 4238142.2149592135
v 4641307.129799701 1028366.7753314896 4238142.212014604
v 4641304.063876224 1028366.0960255362 4238139.542787398
v 4641304.9175617155 1028367.0274352066 4238139.203035535
v 4641304.063876224 1028366.0960255362 4238139.542787398
v 4641309.155992436 1028368.0236265325 4238142.2149592135
v 4641306.768939228 1028368.0657059273 4238140.056789162
v 4641305.319284552 1028368.4867725729 4238139.092123809
v 4641304.9175617155 1028367.0274352066 4238139.203035535
v 4641306.768939228 1028368.0657059273 4238140.056789162
v 4641304.21572493 1028367.4999991626 4238138.903662357
v 4641303.365602318 1028365.2561464277 4238140.708133684
v 4641304.063876224 1028366.0960255362 4238139.542787398
v 4641303.403629215 1028366.3494162204 4238139.38655936
v 4641303.365602318 1028365.2561464277 4238140.708133684
v 4641302.498380778 1028364.6643198897 4238141.997474428
v 4641301.804743486 1028364.2251478896 4238142.722295531
v 4641301.804743486 1028364.2251478896 4238142.722295531
v 4641301.517174717 1028364.4469175042 4238143.185002559
v 4641300.316821425 1028366.6361327936 4238144.573123322
v 4641302.498380778 1028364.6643198897 4238141.997474428
v 4641301.804743486 1028364.2251478896 4238142.722295531
v 4641306.491281365 1028365.2064306714 4238146.944882162
v 4641306.881395636 1028365.8638373511 4238145.548702957
v 4641308.044466993 1028366.0644379698 4238147.353085514
v 4641310.056426311 1028367.081191678 4238147.223976795
v 4641308.438022621 1028366.2658308042 4238147.960929436
v 4641308.044466993 1028366.0644379698 4238147.353085514
v 4641303.365602318 1028365.2561464277 4238140.708133684
v 4641301.554153748 1028363.2560729885 4238155.971220823
v 4641303.293792086 1028359.8160156704 4238155.111313239
v 4641304.807392822 1028359.1236318626 4238155.258442773
v 4641305.399306998 1028359.7686537364 4238156.424741124
v 4641306.573697786 1028359.1724036242 4238157.188812996
v 4641307.23500973 1028358.2911812009 4238157.224078897
v 4641305.408564541 1028357.6581139441 4238162.142462871
v 4641307.717733375 1028358.0555542669 4238159.4669937845
v 4641307.0057243025 1028359.0397380108 4238160.00430587
v 4641306.042682416 1028356.5424780332 4238161.586001666
v 4641305.559790839 1028356.4925824832 4238162.123313577
v 4641307.717733375 1028358.0555542669 4238159.4669937845
v 4641304.536701919 1028351.7552330513 4238157.396600374
v 4641305.688825926 1028352.5243785238 4238156.83909833
v 4641306.662521909 1028351.8836607988 4238157.4932995625
v 4641305.352194956 1028350.9081717258 4238158.543749114
v 4641300.657090662 1028349.8678938344 4238148.854463181
v 4641299.42063815 1028349.822325555 4238149.329301685
v 4641300.585922368 1028349.1098637716 4238150.809096304
v 4641301.873035703 1028349.8518212963 4238147.603421127
v 4641302.989509575 1028349.6995152195 4238150.492478575
v 4641301.873035703 1028349.8518212963 4238147.603421127
v 4641300.585922368 1028349.1098637716 4238150.809096304
v 4641301.519012681 1028349.0882171588 4238151.697163674
v 4641302.989509575 1028349.6995152195 4238150.492478575
v 4641302.989509575 1028349.6995152195 4238150.492478575
v 4641302.475862385 1028350.3279697475 4238146.358444718
v 4641302.475862385 1028350.3279697475 4238146.358444718
v 4641301.623051951 1028356.1342063927 4238149.2757502645
v 4641299.608835002 1028354.4888852958 4238149.35546902
v 4641299.793741996 1028355.2150191277 4238148.165948372
v 4641300.765229794 1028356.4580152377 4238146.945146882
v 4641302.011774362 1028357.0196930344 4238146.131596437
v 4641300.765229794 1028356.4580152377 4238146.945146882
v 4641300.765229794 1028356.4580152377 4238146.945146882
v 4641303.8437020965 1028356.7975192767 4238150.902674503
v 4641303.311914118 1028355.594848815 4238152.516603198
v 4641304.00793351 1028357.1764897835 4238151.717176944
v 4641304.00793351 1028357.1764897835 4238151.717176944
v 4641307.270656778 1028357.8423029277 4238153.362210146
v 4641307.205809255 1028358.0563231112 4238153.7200713195
v 4641307.270656778 1028357.8423029277 4238153.362210146
v 4641308.443946543 1028358.673235184 4238152.088985755
v 4641307.407942848 1028359.0146620361 4238153.3369948575
v 4641308.199364821 1028359.418402861 4238152.243221382
v 4641308.199364821 1028359.418402861 4238152.243221382
v 4641307.725421875 1028361.1404986054 4238150.445856757
v 4641307.670829398 1028361.185499781 4238149.884369862
v 4641306.522321211 1028362.9865228996 4238150.496287005
v 4641306.835811705 1028362.7704966769 4238150.952928364
v 4641304.166261624 1028359.6667434254 4238154.130443692
v 4641304.711953933 1028361.1008828009 4238153.394531433
v 4641304.279800882 1028361.1193262478 4238153.3179337755
v 4641305.311370413 1028360.263043436 4238154.503381322
v 4641304.24915494 1028359.3996244745 4238155.121364172
v 4641304.807392822 1028359.1236318626 4238155.258442773
v 4641304.90505001 1028357.203969605 4238154.598176193
v 4641306.403147572 1028357.4217037268 4238155.356182349
v 4641307.791278118 1028357.2153934488 4238156.607136649
v 4641306.817579111 1028356.4857808466 4238155.537625853
v 4641308.169532524 1028356.4427461806 4238156.788579515
v 4641305.158243463 1028355.8897394738 4238154.6395079
v 4641306.817579111 1028356.4857808466 4238155.537625853
v 4641308.169532524 1028356.4427461806 4238156.788579515
v 4641306.675612581 1028355.1410937171 4238158.659597269
v 4641304.817266188 1028355.0719286567 4238156.495360936
v 4641303.754560872 1028354.4938864933 4238155.825043334
v 4641297.804168198 1028350.6061113186 4238148.662016914
v 4641297.07115657 1028350.8433798061 4238149.334415335
v 4641295.970960758 1028350.028642833 4238149.033050266
v 4641297.034116553 1028349.7503286584 4238148.418099876
v 4641294.039068575 1028349.029629304 4238146.698461473
v 4641297.034116553 1028349.7503286584 4238148.418099876
v 4641295.970960758 1028350.028642833 4238149.033050266
v 4641293.088666567 1028348.8761491069 4238147.701513338
v 4641293.24719568 1028347.7122359233 4238146.04729331
v 4641294.039068575 1028349.029629304 4238146.698461473
v 4641292.637317018 1028347.86259246 4238146.064450339
v 4641300.657090662 1028349.8678938344 4238148.854463181
v 4641299.572240581 1028351.5688273688 4238149.353476398
v 4641299.313339796 1028350.3695227557 4238149.043012646
v 4641299.42063815 1028349.822325555 4238149.329301685
v 4641300.639620963 1028351.3485467553 4238149.126628269
v 4641300.938923332 1028354.2126177782 4238152.85540332
v 4641298.415898222 1028353.4823087867 4238150.35349551
v 4641306.195151504 1028356.9759393933 4238154.266482039
v 4641306.195151504 1028356.9759393933 4238154.266482039
v 4641306.667913069 1028357.7087551211 4238154.524523195
v 4641306.195151504 1028356.9759393933 4238154.266482039
v 4641306.291135192 1028358.1962443151 4238153.393491191
v 4641306.667913069 1028357.7087551211 4238154.524523195
v 4641307.205809255 1028358.0563231112 4238153.7200713195
v 4641308.194977331 1028360.0454983419 4238152.435755744
v 4641307.113483458 1028359.5774872472 4238154.606146345
v 4641307.558604167 1028360.1328875272 4238150.327927279
v 4641308.194977331 1028360.0454983419 4238152.435755744
v 4641308.199364821 1028359.418402861 4238152.243221382
v 4641307.725421875 1028361.1404986054 4238150.445856757
v 4641307.670829398 1028361.185499781 4238149.884369862
v 4641309.274790142 1028361.312495589 4238151.836922536
v 4641308.194977331 1028360.0454983419 4238152.435755744
v 4641307.725421875 1028361.1404986054 4238150.445856757
v 4641309.274790142 1028361.312495589 4238151.836922536
v 4641305.604018263 1028357.2446434338 4238154.099162948
v 4641306.403147572 1028357.4217037268 4238155.356182349
v 4641306.195151504 1028356.9759393933 4238154.266482039
v 4641300.622805053 1028353.6287029237 4238153.136667009
v 4641298.474919838 1028352.9815123661 4238150.681116208
v 4641300.622805053 1028353.6287029237 4238153.136667009
v 4641299.917639442 1028351.3598709861 4238152.078247571
v 4641297.07115657 1028350.8433798061 4238149.334415335
v 4641298.415898222 1028353.4823087867 4238150.35349551
v 4641297.13416447 1028353.0841254285 4238148.929156827
v 4641297.804168198 1028350.6061113186 4238148.662016914
v 4641297.13416447 1028353.0841254285 4238148.929156827
v 4641297.07115657 1028350.8433798061 4238149.334415335
v 4641298.504204293 1028351.3892833436 4238148.457350959
v 4641299.436212847 1028364.5568165825 4238155.860397348
v 4641300.375370057 1028363.5087674134 4238157.599273461
v 4641300.601579835 1028364.1869553985 4238157.257528658
v 4641298.334129848 1028363.2848851184 4238154.722347722
v 4641298.234461797 1028364.2334517565 4238154.669924686
v 4641298.234461797 1028364.2334517565 4238154.669924686
v 4641297.698083781 1028363.772026094 4238154.483456092
v 4641296.920612896 1028364.7417059476 4238154.214323903
v 4641294.64414197 1028365.4363541546 4238152.727511437
v 4641293.134068333 1028365.6156458091 4238151.886841849
v 4641291.119408665 1028367.1676622131 4238151.467546955
v 4641294.624543075 1028369.9426791326 4238156.271810253
v 4641295.243241153 1028370.0797619002 4238156.243562202
v 4641295.634664311 1028370.1664881626 4238156.67802102
v 4641294.881390968 1028369.999588019 4238155.910916075
v 4641297.698083781 1028363.772026094 4238154.483456092
v 4641294.563417533 1028363.2487801712 4238151.038025425
v 4641297.577122216 1028362.7745753265 4238154.855441373
v 4641297.698083781 1028363.772026094 4238154.483456092
v 4641294.404478373 1028363.6703414131 4238150.905972015
v 4641294.404478373 1028363.6703414131 4238150.905972015
v 4641290.824578018 1028365.7891046348 4238150.493783606
v 4641288.711056819 1028362.5230639968 4238148.903165873
v 4641289.372578978 1028363.8686730616 4238149.147082592
v 4641287.803970754 1028362.8930545463 4238148.851783194
v 4641289.764124002 1028363.0989706694 4238149.0422368795
v 4641289.4530459335 1028360.9174550974 4238149.838630637
v 4641289.764124002 1028363.0989706694 4238149.0422368795
v 4641288.711056819 1028362.5230639968 4238148.903165873
v 4641291.780711721 1028362.1754494287 4238150.256884529
v 4641294.421702151 1028362.5322162694 4238151.297106752
v 4641294.163457328 1028361.7327363075 4238152.10961686
v 4641297.577122216 1028362.7745753265 4238154.855441373
v 4641294.421702151 1028362.5322162694 4238151.297106752
v 4641292.726555702 1028361.3001729538 4238151.811284359
v 4641292.981519669 1028362.2702171184 4238151.029014887
v 4641291.780711721 1028362.1754494287 4238150.256884529
v 4641302.77253618 1028371.747956174 4238139.583200099
v 4641302.260268713 1028371.6344516578 4238139.336154753
v 4641302.495921813 1028371.6866659669 4238139.1050302535
v 4641303.009612819 1028371.8004858996 4238139.577263036
v 4641302.77253618 1028371.747956174 4238139.583200099
v 4641302.495921813 1028371.6866659669 4238139.1050302535
v 4641302.824254158 1028371.759415471 4238139.108358128
v 4641303.337945163 1028371.8732354037 4238139.58059091
v 4641303.2617137795 1028371.8563446077 4238139.062754326
v 4641303.5021106275 1028371.9096099988 4238139.582255478
v 4641303.645559203 1028371.9413942976 4238139.191740846
v 4641300.539521798 1028371.2531809775 4238147.007961842
v 4641300.262081503 1028372.162356834 4238147.090624992
v 4641300.020615823 1028372.0517574961 4238147.37994662
v 4641300.249779313 1028371.1889819336 4238147.338614955
v 4641299.549306435 1028371.0337762288 4238146.17228981
v 4641299.29578178 1028370.9776020697 4238146.461611262
v 4641298.961756887 1028370.9035912557 4238145.557532879
v 4641298.561463274 1028370.8148970939 4238145.711930587
v 4641302.283833302 1028371.639672925 4238140.178708115
v 4641299.061871215 1028370.9257738705 4238144.082411981
v 4641298.622039097 1028370.8283190551 4238143.752703668
v 4641301.880219014 1028371.5502429943 4238139.80766814
v 4641302.663883002 1028371.7238815884 4238139.707194728
v 4641303.266064691 1028372.1998903856 4238139.655653864
v 4641305.428926361 1028372.3365398734 4238141.428190414
v 4641303.5021106275 1028371.9096099988 4238139.582255478
v 4641303.645559203 1028371.9413942976 4238139.191740846
v 4641305.68245086 1028372.392713998 4238141.13886914
v 4641305.356531452 1028372.4917904905 4238141.469521721
v 4641305.585937899 1028372.6568139727 4238141.180200448
v 4641305.235859481 1028372.6934403672 4238141.552185045
v 4641305.453206591 1028372.9128899248 4238141.262863772
v 4641298.960808068 1028370.9033810239 4238145.407407684
v 4641298.961756887 1028370.9035912557 4238145.557532879
v 4641298.561463274 1028370.8148970939 4238145.711930587
v 4641298.449963501 1028370.7901917826 4238145.385550148
v 4641298.922692773 1028370.8949357141 4238145.148489117
v 4641298.447591471 1028370.7896662072 4238145.010237499
v 4641298.9377178885 1028370.8982648727 4238144.63991692
v 4641298.407578711 1028370.7808004721 4238144.451068703
v 4641299.061871215 1028370.9257738705 4238144.082411981
v 4641298.622039097 1028370.8283190551 4238143.752703668
v 4641303.266064691 1028372.1998903856 4238139.655653864
v 4641306.859043974 1028372.6533909771 4238142.817490017
v 4641305.3601626195 1028372.4925710591 4238141.4728358295
v 4641305.432557527 1028372.337320442 4238141.4315045215
v 4641305.722300789 1028372.4015196582 4238141.1008505225
v 4641307.171641439 1028372.722654062 4238142.507847019
v 4641308.180747529 1028372.9462444773 4238144.181777683
v 4641308.493345615 1028373.0155077002 4238143.872133974
v 4641309.342468448 1028373.2036501841 4238145.398993077
v 4641309.641703046 1028373.2699524214 4238145.151691517
v 4641309.548161183 1028373.2492260904 4238145.588085062
v 4641309.641703046 1028373.2699524214 4238145.151691517
v 4641309.871999054 1028373.3209797412 4238145.736534148
v 4641310.116032839 1028373.3750509825 4238145.363859725
v 4641311.732725794 1028373.7332660955 4238147.521713906
v 4641312.054815219 1028373.8046323395 4238147.295422637
v 4641312.1993121635 1028373.8366489235 4238148.02527082
v 4641312.054521726 1028374.14715002 4238148.107934143
v 4641312.271747824 1028373.852698693 4238147.942607497
v 4641312.054521726 1028374.14715002 4238148.107934143
v 4641312.1993121635 1028373.8366489235 4238148.02527082
v 4641312.054815219 1028373.8046323395 4238147.295422637
v 4641312.054815219 1028373.8046323395 4238147.295422637
v 4641312.597709226 1028373.9249228629 4238147.570621481
v 4641312.054815219 1028373.8046323395 4238147.295422637
v 4641312.796032912 1028373.9688659915 4238147.155927344
v 4641312.348429838 1028373.8696893437 4238146.8190746
v 4641313.165955258 1028374.0508307102 4238146.451221317
v 4641312.718351604 1028373.9516539342 4238146.114369323
v 4641313.903675882 1028374.21428951 4238145.562245155
v 4641313.49229037 1028374.1231376878 4238145.1840611445
v 4641313.855439364 1028374.4319900874 4238145.562245156
v 4641313.444053852 1028374.3408382651 4238145.184061145
v 4641303.682986924 1028371.9496632059 4238151.763389726
v 4641303.505768821 1028371.9103965011 4238151.82435435
v 4641303.166819167 1028371.8352944925 4238151.36350688
v 4641303.462182408 1028371.9007389419 4238151.261899357
v 4641304.807115525 1028372.1987394843 4238151.752021538
v 4641304.603545614 1028372.1536339399 4238151.04249508
v 4641304.843333355 1028372.206764369 4238151.710689876
v 4641304.866188093 1028372.2118283565 4238151.731700089
v 4641304.866188093 1028372.2118283565 4238151.731700089
v 4641304.603545614 1028372.1536339399 4238151.04249508
v 4641304.603545614 1028372.1536339399 4238151.04249508
v 4641305.060640646 1028372.2549137467 4238151.462699554
v 4641304.603545614 1028372.1536339399 4238151.04249508
v 4641305.096858476 1028372.2629386315 4238151.421367893
v 4641304.603545614 1028372.1536339399 4238151.04249508
v 4641305.081746695 1028372.2595902737 4238151.108969509
v 4641305.096858476 1028372.2629386315 4238151.421367893
v 4641305.015305612 1028372.2448687423 4238150.525504047
v 4641304.737783556 1028372.8114457219 4238150.69083105
v 4641304.603545614 1028372.1536339399 4238151.04249508
v 4641302.174098891 1028371.900820327 4238148.566043773
v 4641304.737783556 1028372.8114457219 4238150.69083105
v 4641305.015305612 1028372.2448687423 4238150.525504047
v 4641302.558232895 1028371.7004483633 4238148.714492662
v 4641304.603545614 1028372.1536339399 4238151.04249508
v 4641302.177070678 1028371.6159931973 4238148.961105815
v 4641302.270612369 1028371.63671949 4238148.52471211
v 4641301.868718721 1028371.547670806 4238148.229880383
v 4641302.177070678 1028371.6159931973 4238148.961105815
v 4641301.638048079 1028371.4965604733 4238148.54021234
v 4641301.251640518 1028371.410943087 4238147.662604427
v 4641300.984752046 1028371.3518078695 4238148.014268045
v 4641300.5431430135 1028371.2539593413 4238147.0112873055
v 4641300.253400063 1028371.1897601942 4238147.341940951
v 4641300.265702152 1028372.1631370255 4238147.093950633
v 4641307.385269119 1028373.226765084 4238143.613812453
v 4641305.23948982 1028372.6942217291 4238141.555499863
v 4641294.886409984 1028370.0005813432 4238155.915514638
v 4641294.619521547 1028369.9414461337 4238156.267178929
v 4641293.396979351 1028369.6705640904 4238154.695544391
v 4641294.975705891 1028370.0203668813 4238156.519990391
v 4641295.252086149 1028370.0816052193 4238156.251678345
v 4641298.305130778 1028370.7580767366 4238158.983695828
v 4641298.164130591 1028370.7268349357 4238159.003328871
v 4641297.907108401 1028370.6698858212 4238158.543169985
v 4641298.230208605 1028371.1411558562 4238159.067047995
v 4641298.387058171 1028370.7762296154 4238158.98438467
v 4641297.907108401 1028370.6698858212 4238158.543169985
v 4641298.413784268 1028370.7821513909 4238158.859700845
v 4641297.907108401 1028370.6698858212 4238158.543169985
v 4641298.371946545 1028370.7728812922 4238158.671986109
v 4641297.907108401 1028370.6698858212 4238158.543169985
v 4641297.907108401 1028370.6698858212 4238158.543169985
v 4641298.389180995 1028370.7766999775 4238158.463950198
v 4641297.891996775 1028370.6665374979 4238158.230771423
v 4641298.393052749 1028370.7775578536 4238158.3182558855
v 4641297.891996775 1028370.6665374979 4238158.230771423
v 4641298.396924107 1028370.7784156416 4238158.172561849
v 4641297.922594314 1028370.6733170806 4238157.96039364
v 4641298.580136477 1028370.8190105157 4238157.445468795
v 4641298.155387831 1028370.7248977865 4238157.129626618
v 4641298.774588943 1028370.8620958866 4238157.176468181
v 4641298.326985644 1028370.7629191892 4238156.839615872
v 4641299.367438334 1028370.9934551666 4238156.452818744
v 4641298.919835036 1028370.8942784691 4238156.115966434
v 4641301.5042936085 1028371.4669241015 4238154.01424696
v 4641301.092908139 1028371.3757722888 4238153.636062989
v 4641302.785282645 1028371.7507563866 4238152.505294602
v 4641302.373897176 1028371.659604574 4238152.127110631
v 4641303.505768821 1028371.9103965011 4238151.82435435
v 4641303.166819167 1028371.8352944925 4238151.36350688
v 4641298.070720959 1028371.6196918143 4238157.900806545
vt 0.0039138943 0.30919766
vt 0.031311154 0.2857143
vt 0.031311154 0.2857143
vt 0.0039138943 0.30919766
vt 0.8356164 0.2035225
vt 0.84931505 0.18786693
vt 0.84931505 0.18786693
vt 0.8356164 0.2035225
vt 0.81996083 0.22309197
vt 0.81996083 0.22309197
vt 0.79843444 0.2485323
vt 0.79843444 0.2485323
vt 0.7729941 0.2778865
vt 0.7729941 0.2778865
vt 0.73189825 0.32681018
vt 0.73189825 0.32681018
vt 0.6731898 0.39726028
vt 0.6731898 0.39726028
vt 0.46183953 0.19765167
vt 0.4598826 0.19569471
vt 0.4598826 0.19569471
vt 0.4598826 0.25048923
vt 0.5068493 0.23287672
vt 0.46183953 0.19765167
vt 0.5068493 0.23287672
vt 0.2485323 0.5753425
vt 0.2407045 0.57338554
vt 0.2407045 0.57338554
vt 0.2485323 0.5753425
vt 0.2661448 0.5753425
vt 0.2661448 0.5753425
vt 0.27592954 0.5753425
vt 0.2857143 0.6046967
vt 0.2935421 0.57338554
vt 0.27592954 0.5753425
vt 0.5714286 0.2857143
vt 0.5714286 0.2857143
vt 0.5714286 0.2857143
vt 0.5714286 0.2857143
vt 0.58317024 0.29549903
vt 0.5596869 0.29158512
vt 0.5440313 0.42074364
vt 0.6516634 0.3522505
vt 0.58317024 0.29549903
vt 0.6516634 0.3522505
vt 0.6555773 0.35420743
vt 0.6555773 0.35420743
vt 0.667319 0.36399218
vt 0.667319 0.36399218
vt 0.6712329 0.99804306
vt 0.6594912 0.99804306
vt 0.6594912 0.99804306
vt 0.6712329 0.99804306
vt 0.83953035 0.18982388
vt 0.78669274 0.16046967
vt 0.8414873 0.12133072
vt 0.0019569471 0.32093933
vt 0.06849315 0.31702545
vt 0.7964775 0.21526419
vt 0.7729941 0.2661448
vt 0.6731898 0.34246576
vt 0.6947162 0.28767124
vt 0.49119374 0.27984345
vt 0.4403131 0.3072407
vt 0.4598826 0.25048923
vt 0.26418787 0.62818
vt 0.21722114 0.62035227
vt 0.49315068 0.33463797
vt 0.42465752 0.38356164
vt 0.42270058 0.5068493
vt 0.49119374 0.47162426
vt 0.62035227 0.3776908
vt 0.667319 0.9921722
vt 0.7103718 0.21135029
vt 0.7123288 0.09001957
vt 0.78277886 0.19373778
vt 0.7475538 0.24266145
vt 0.6712329 0.26418787
vt 0.46183953 0.32876712
vt 0.46183953 0.32876712
vt 0.3111546 0.4774951
vt 0.3365949 0.46183953
vt 0.3111546 0.45009786
vt 0.6183953 0.7005871
vt 0.6829746 0.7162427
vt 0.6497065 0.64187866
vt 0.34050882 0.48336595
vt 0.20156556 0.54990214
vt 0.15655577 0.5714286
vt 0.16634052 0.54598826
vt 0.19178082 0.54011744
vt 0.16634052 0.54598826
vt 0.19178082 0.54011744
vt 0.20156556 0.53816044
vt 0.20156556 0.53816044
vt 0.3189824 0.22504893
vt 0.29549903 0.23091976
vt 0.29549903 0.23091976
vt 0.3189824 0.22504893
vt 0.33463797 0.22113504
vt 0.33268103 0.23679061
vt 0.89432484 0.37181997
vt 0.84540117 0.40117416
vt 0.8551859 0.38356164
vt 0.8551859 0.38356164
vt 0.89432484 0.37181997
vt 0.8982387 0.37181997
vt 0.8630137 0.4187867
vt 0.8982387 0.369863
vt 0.8982387 0.37181997
vt 0.8982387 0.369863
vt 0.8982387 0.369863
vt 0.8982387 0.369863
vt 0.9197652 0.36399218
vt 0.9197652 0.36399218
vt 0.9197652 0.36399218
vt 0.9197652 0.36399218
vt 0.9197652 0.36399218
vt 0.9197652 0.36399218
vt 0.9197652 0.36399218
vt 0.9197652 0.36399218
vt 0.14285715 0.46183953
vt 0.13502936 0.45009786
vt 0.14285715 0.45009786
vt 0.6888454 0.51272017
vt 0.6771037 0.51272017
vt 0.6771037 0.51272017
vt 0.6888454 0.51272017
vt 0.7240704 0.51272017
vt 0.7240704 0.51272017
vt 0.3776908 0.6516634
vt 0.3776908 0.6438356
vt 0.3776908 0.6438356
vt 0.32093933 0.64579254
vt 0.3776908 0.65753424
vt 0.3776908 0.6516634
vt 0.24266145 0.6516634
vt 0.37181997 0.7573385
vt 0.3776908 0.7514677
vt 0.3776908 0.65753424
vt 0.3776908 0.7514677
vt 0.17612524 0.64579254
vt 0.14285715 0.5968689
vt 0.20156556 0.6223092
vt 0.32289627 0.42465752
vt 0.2935421 0.42270058
vt 0.27984345 0.3561644
vt 0.33072406 0.37964776
vt 0.33072406 0.32681018
vt 0.31702545 0.30332682
vt 0.28375733 0.27592954
vt 0.8297456 0.47358122
vt 0.87279844 0.48336595
vt 0.9080235 0.5029354
vt 0.95694715 0.4403131
vt 0.1409002 0.5440313
vt 0.021526419 0.5322896
vt 0.7240704 0.64579254
vt 0.70254403 0.6516634
vt 0.7221135 0.5694716
vt 0.7240704 0.7221135
vt 0.21917808 0.7514677
vt 0.16438356 0.6497065
vt 0.37964776 0.30136988
vt 0.36399218 0.33855185
vt 0.3365949 0.2994129
vt 0.369863 0.22700587
vt 0.34050882 0.22504893
vt 0.1780822 0.36594912
vt 0.14872798 0.3776908
vt 0.15264188 0.2994129
vt 0.1780822 0.29745597
vt 0.15068494 0.25048923
vt 0.8649706 0.50489235
vt 0.8630137 0.60273975
vt 0.8356164 0.555773
vt 0.83365947 0.49902153
vt 0.8923679 0.5851272
vt 0.95303327 0.57338554
vt 0.9667319 0.5303327
vt 0.07632094 0.57338554
vt 0.021526419 0.6223092
vt 0.1369863 0.6183953
vt 0.6086106 0.40313113
vt 0.5890411 0.39334637
vt 0.592955 0.3189824
vt 0.6183953 0.33463797
vt 0.6379648 0.39921722
vt 0.6947162 0.72798437
vt 0.14285715 0.6614481
vt 0.14677104 0.63013697
vt 0.18786693 0.41291586
vt 0.14481409 0.41682974
vt 0.22700587 0.40117416
vt 0.22309197 0.34246576
vt 0.2074364 0.27984345
vt 0.26810175 0.34637964
vt 0.26810175 0.26810175
vt 0.078277886 0.70841485
vt 0.019569471 0.74168295
vt 0.019569471 0.66340506
vt 0.09393346 0.6555773
vt 0.60273975 0.43639922
vt 0.09393346 0.7729941
vt 0.2661448 0.39138943
vt 0.0704501 0.9960861
vt 0.1369863 0.99804306
vt 0.1369863 0.99804306
vt 0.0704501 0.9960861
vt 0.04892368 0.9941292
vt 0.04892368 0.9941292
vt 0.043052837 0.9941292
vt 0.043052837 0.9941292
vt 0.0332681 0.9941292
vt 0.0332681 0.9941292
vt 0.0019569471 0.9921722
vt 0.0019569471 0.9921722
vt 0.83953035 0.9960861
vt 0.8414873 0.99804306
vt 0.8414873 0.99804306
vt 0.83953035 0.9960861
vt 0.8082192 0.98630136
vt 0.8082192 0.98630136
vt 0.7906067 0.9765166
vt 0.7906067 0.9765166
vt 0.9589041 0.58317024
vt 0.97455966 0.57925636
vt 0.97455966 0.57925636
vt 0.9589041 0.58317024
vt 0.9549902 0.5851272
vt 0.9549902 0.5851272
vt 0.13502936 0.9510763
vt 0.08219178 0.8923679
vt 0.037181996 0.86692756
vt 0.0019569471 0.9373777
vt 0.9041096 0.9295499
vt 0.8767123 0.9315069
vt 0.79452056 0.97455966
vt 0.9549902 0.5772994
vt 0.97455966 0.49902153
vt 0.1409002 0.8923679
vt 0.14677104 0.851272
vt 0.099804305 0.8258317
vt 0.064579256 0.80430526
vt 0.0039138943 0.7514677
vt 0.0039138943 0.8414873
vt 0.04696673 0.72015655
vt 0.007827789 0.71428573
vt 0.039138943 0.6947162
vt 0.0019569471 0.6966732
vt 0.09784736 0.69863015
vt 0.93933463 0.88454014
vt 0.86692756 0.888454
vt 0.7906067 0.8767123
vt 0.8473581 0.80626225
vt 0.7906067 0.7808219
vt 0.9589041 0.407045
vt 0.9726027 0.36594912
vt 0.960861 0.46575344
vt 0.1409002 0.7925636
vt 0.1409002 0.7240704
vt 0.14872798 0.704501
vt 0.6105675 0.8864971
vt 0.6144814 0.93933463
vt 0.61252445 0.99021524
vt 0.54598826 0.93933463
vt 0.5264188 0.9941292
vt 0.90215266 0.851272
vt 0.89041096 0.8121331
vt 0.9589041 0.86692756
vt 0.8238748 0.78277886
vt 0.4324853 0.95303327
vt 0.45401174 0.9960861
vt 0.42270058 0.99804306
vt 0.8434442 0.5303327
vt 0.8864971 0.5362035
vt 0.8806262 0.5812133
vt 0.81996083 0.58317024
vt 0.80430526 0.5029354
vt 0.87279844 0.41095892
vt 0.81604695 0.41291586
vt 0.7592955 0.42270058
vt 0.82778865 0.3620352
vt 0.7847358 0.36399218
vt 0.7573385 0.37964776
vt 0.7455969 0.41682974
vt 0.09001957 0.46183953
vt 0.08219178 0.49510762
vt 0.08219178 0.44618395
vt 0.18199609 0.7123288
vt 0.18003914 0.7338552
vt 0.15264188 0.7455969
vt 0.15264188 0.7064579
vt 0.8923679 0.95303327
vt 0.9197652 0.99804306
vt 0.851272 0.99804306
vt 0.89041096 0.49510762
vt 0.9510763 0.4598826
vt 0.9001957 0.45596868
vt 0.9510763 0.5029354
vt 0.9412916 0.553816
vt 0.8982387 0.56751466
vt 0.92759293 0.5772994
vt 0.5772994 0.8806262
vt 0.5264188 0.8630137
vt 0.49119374 0.9706458
vt 0.4520548 0.96868885
vt 0.42270058 0.8297456
vt 0.46771038 0.8551859
vt 0.43444228 0.7808219
vt 0.8590998 0.3561644
vt 0.8864971 0.3620352
vt 0.5596869 0.6927593
vt 0.52250487 0.69080234
vt 0.52837574 0.7221135
vt 0.5264188 0.7632094
vt 0.5636008 0.7475538
vt 0.5518591 0.7749511
vt 0.26810175 0.83953035
vt 0.25244617 0.8649706
vt 0.23874755 0.83953035
vt 0.6105675 0.35420743
vt 0.5479452 0.36007828
vt 0.6516634 0.36007828
vt 0.4853229 0.57338554
vt 0.46183953 0.57925636
vt 0.4774951 0.59099805
vt 0.50097847 0.5636008
vt 0.93933463 0.28962818
vt 0.89041096 0.30136988
vt 0.99021524 0.32093933
vt 0.9921722 0.27592954
vt 0.93542075 0.2446184
vt 0.9823875 0.22700587
vt 0.88258314 0.22504893
vt 0.97455966 0.19960861
vt 0.94716245 0.58317024
vt 0.56164384 0.8649706
vt 0.56751466 0.7808219
vt 0.5107632 0.7886497
vt 0.4774951 0.7808219
vt 0.21917808 0.9823875
vt 0.2661448 0.9784736
vt 0.22309197 0.96868885
vt 0.16242662 0.8003914
vt 0.16242662 0.8297456
vt 0.14872798 0.8258317
vt 0.5205479 0.65753424
vt 0.58317024 0.6771037
vt 0.50097847 0.555773
vt 0.48336595 0.5479452
vt 0.5029354 0.5303327
vt 0.54990214 0.5596869
vt 0.95303327 0.40508807
vt 0.9295499 0.39530334
vt 0.92367905 0.43835616
vt 0.95303327 0.45596868
vt 0.4598826 0.69863015
vt 0.47945204 0.66536206
vt 0.50097847 0.6966732
vt 0.52250487 0.7573385
vt 0.45401174 0.7632094
vt 0.51272017 0.78277886
vt 0.8864971 0.2818004
vt 0.88258314 0.30136988
vt 0.19960861 0.3894325
vt 0.28375733 0.3894325
vt 0.21330725 0.41291586
vt 0.18786693 0.40313113
vt 0.8864971 0.19960861
vt 0.2994129 0.9765166
vt 0.35029355 0.9882583
vt 0.3522505 0.96868885
vt 0.2857143 0.99804306
vt 0.6046967 0.6086106
vt 0.47358122 0.60078275
vt 0.5851272 0.63013697
vt 0.47358122 0.56164384
vt 0.44227007 0.5303327
vt 0.4324853 0.555773
vt 0.6183953 0.6399217
vt 0.60665363 0.6497065
vt 0.60665363 0.5890411
vt 0.6320939 0.6164383
vt 0.3189824 0.7064579
vt 0.29745597 0.7221135
vt 0.29158512 0.7064579
vt 0.73189825 0.7181996
vt 0.7221135 0.72798437
vt 0.6947162 0.72798437
vt 0.71428573 0.69863015
vt 0.67514676 0.7123288
vt 0.43444228 0.6731898
vt 0.45596868 0.6320939
vt 0.42857143 0.69863015
vt 0.4148728 0.739726
vt 0.36790606 0.78277886
vt 0.3894325 0.7005871
vt 0.3365949 0.7240704
vt 0.41095892 0.6731898
vt 0.32876712 0.59491193
vt 0.37964776 0.6144814
vt 0.36790606 0.59099805
vt 0.28962818 0.74951077
vt 0.25636008 0.739726
vt 0.2446184 0.7221135
vt 0.4187867 0.54011744
vt 0.407045 0.6105675
vt 0.9001957 0.79843444
vt 0.9001957 0.79843444
vt 0.90215266 0.8023483
vt 0.86888456 0.8023483
vt 0.8630137 0.82191783
vt 0.90606654 0.81604695
vt 0.90215266 0.8023483
vt 0.9099804 0.86692756
vt 0.9197652 0.86105675
vt 0.90606654 0.81604695
vt 0.9197652 0.86105675
vt 0.92367905 0.86692756
vt 0.92367905 0.86692756
vt 0.92367905 0.8708415
vt 0.92367905 0.8708415
vt 0.93542075 0.90215266
vt 0.93542075 0.90215266
vt 0.9589041 0.97455966
vt 0.9589041 0.97455966
vt 0.9784736 0.34050882
vt 0.9941292 0.34246576
vt 0.9941292 0.34246576
vt 0.9784736 0.34050882
vt 0.9765166 0.33855185
vt 0.9765166 0.33855185
vt 0.0058708414 0.43835616
vt 0.0019569471 0.40117416
vt 0.0019569471 0.40117416
vt 0.0058708414 0.43835616
vt 0.0058708414 0.45009786
vt 0.009784736 0.45009786
vt 0.0058708414 0.45009786
vt 0.009784736 0.45009786
vt 0.03522505 0.45009786
vt 0.03522505 0.45009786
vt 0.09001957 0.4481409
vt 0.09001957 0.4481409
vt 0.16046967 0.4481409
vt 0.16046967 0.4481409
vt 0.091976516 0.45401174
vt 0.023483366 0.45401174
vt 0.023483366 0.45401174
vt 0.091976516 0.45401174
vt 0.14481409 0.45401174
vt 0.14481409 0.45401174
vt 0.17025441 0.45401174
vt 0.17025441 0.45401174
vt 0.17612524 0.4520548
vt 0.119373776 0.5851272
vt 0.17612524 0.5068493
vt 0.18199609 0.45401174
vt 0.17612524 0.4520548
vt 0.18199609 0.45401174
vt 0.20156556 0.45596868
vt 0.20156556 0.45596868
vt 0.20156556 0.45596868
vt 0.15264188 0.57338554
vt 0.5029354 0.46379647
vt 0.5440313 0.3620352
vt 0.5362035 0.48336595
vt 0.5362035 0.48336595
vt 0.5029354 0.46379647
vt 0.49902153 0.46183953
vt 0.49902153 0.46183953
vt 0.46771038 0.444227
vt 0.46771038 0.444227
vt 0.46575344 0.444227
vt 0.46575344 0.444227
vt 0.47553816 0.46379647
vt 0.4853229 0.4774951
vt 0.4853229 0.4774951
vt 0.4324853 0.444227
vt 0.45009786 0.43444228
vt 0.47553816 0.46379647
vt 0.45009786 0.43444228
vt 0.39530334 0.3620352
vt 0.39530334 0.3620352
vt 0.37181997 0.33268103
vt 0.37181997 0.33268103
vt 0.369863 0.32876712
vt 0.36007828 0.33463797
vt 0.23874755 0.74951077
vt 0.21330725 0.7455969
vt 0.21526419 0.7553816
vt 0.21526419 0.7553816
vt 0.23874755 0.74951077
vt 0.28375733 0.739726
vt 0.28375733 0.739726
vt 0.31506848 0.7338552
vt 0.31506848 0.7338552
vt 0.36594912 0.72602737
vt 0.36594912 0.72602737
vt 0.37573385 0.7240704
vt 0.37573385 0.7240704
vt 0.45009786 0.5205479
vt 0.45009786 0.5205479
vt 0.45009786 0.5205479
vt 0.4853229 0.53816044
vt 0.444227 0.54598826
vt 0.45009786 0.5205479
vt 0.444227 0.54598826
vt 0.43835616 0.57925636
vt 0.43835616 0.57925636
vt 0.43444228 0.60273975
vt 0.43444228 0.60273975
vt 0.0039138943 0.98043054
vt 0.0058708414 0.99804306
vt 0.0058708414 0.99804306
vt 0.0039138943 0.98043054
vt 0.0019569471 0.925636
vt 0.0019569471 0.925636
vt 0.0019569471 0.89432484
vt 0.0019569471 0.89432484
vt 0.0019569471 0.85714287
vt 0.0019569471 0.85714287
vt 0.0039138943 0.81996083
vt 0.0039138943 0.81996083
vt 0.03522505 0.81604695
vt 0.04109589 0.91780823
vt 0.09784736 0.888454
vt 0.14677104 0.81409
vt 0.7573385 0.8003914
vt 0.69863015 0.8238748
vt 0.73189825 0.84540117
vt 0.739726 0.9080235
vt 0.8630137 0.9784736
vt 0.9941292 0.4266145
vt 0.97455966 0.37964776
vt 0.050880626 0.3816047
vt 0.16634052 0.4187867
vt 0.029354207 0.48336595
vt 0.11741683 0.5322896
vt 0.11545988 0.6144814
vt 0.1330724 0.6183953
vt 0.51663405 0.30332682
vt 0.5518591 0.31311154
vt 0.5146771 0.3561644
vt 0.46966732 0.35420743
vt 0.48336595 0.48336595
vt 0.38747555 0.481409
vt 0.32681018 0.37964776
vt 0.2407045 0.74168295
vt 0.2035225 0.6888454
vt 0.3111546 0.7064579
vt 0.369863 0.6966732
vt 0.518591 0.5890411
vt 0.01369863 0.99804306
vt 0.08219178 0.9921722
vt 0.13111547 0.9960861
vt 0.1409002 0.91780823
vt 0.20156556 0.8864971
vt 0.23091976 0.8121331
vt 0.6712329 0.79843444
vt 0.67514676 0.8747554
vt 0.7064579 0.962818
vt 0.8180039 0.99804306
vt 0.85714287 0.9882583
vt 0.9823875 0.43052837
vt 0.13894325 0.3444227
vt 0.08414873 0.592955
vt 0.0019569471 0.56164384
vt 0.46966732 0.2994129
vt 0.46575344 0.2739726
vt 0.30332682 0.42270058
vt 0.2935421 0.48336595
vt 0.27984345 0.64187866
vt 0.19569471 0.64187866
vt 0.36790606 0.6712329
vt 0.27984345 0.9843444
vt 0.28962818 0.99804306
vt 0.26418787 0.99804306
vt 0.19373778 0.99021524
vt 0.21722114 0.9158513
vt 0.22309197 0.8806262
vt 0.22896282 0.8356164
vt 0.25048923 0.369863
vt 0.31702545 0.3483366
vt 0.32485324 0.37181997
vt 0.25831702 0.33268103
vt 0.21722114 0.34050882
vt 0.15459883 0.37181997
vt 0.6712329 0.9726027
vt 0.69080234 0.9784736
vt 0.7592955 0.98630136
vt 0.4520548 0.407045
vt 0.42465752 0.39334637
vt 0.41291586 0.35812134
vt 0.46183953 0.35812134
vt 0.24266145 0.9295499
vt 0.23679061 0.9960861
vt 0.853229 0.21526419
vt 0.90606654 0.23483366
vt 0.88454014 0.19765167
vt 0.851272 0.2818004
vt 0.30919766 0.30528376
vt 0.15068494 0.3189824
vt 0.20547946 0.31702545
vt 0.19373778 0.2778865
vt 0.22309197 0.27201566
vt 0.119373776 0.31311154
vt 0.49315068 0.25636008
vt 0.55772996 0.27592954
vt 0.47358122 0.27201566
vt 0.5870842 0.21917808
vt 0.7162427 0.3561644
vt 0.7103718 0.32876712
vt 0.7749511 0.31506848
vt 0.77690804 0.36007828
vt 0.42857143 0.96868885
vt 0.43052837 0.9960861
vt 0.39138943 0.99804306
vt 0.3894325 0.96868885
vt 0.94716245 0.2818004
vt 0.94716245 0.22700587
vt 0.1409002 0.27592954
vt 0.11154599 0.27201566
vt 0.07632094 0.31506848
vt 0.5988258 0.27592954
vt 0.63013697 0.25440314
vt 0.45792565 0.23287672
vt 0.4853229 0.23287672
vt 0.45401174 0.27984345
vt 0.49315068 0.2035225
vt 0.8356164 0.6555773
vt 0.8473581 0.6086106
vt 0.86105675 0.6614481
vt 0.8082192 0.62426615
vt 0.8180039 0.6594912
vt 0.21917808 0.7749511
vt 0.21526419 0.7592955
vt 0.26027396 0.7592955
vt 0.0665362 0.2739726
vt 0.01369863 0.2857143
vt 0.78277886 0.2778865
vt 0.7749511 0.29745597
vt 0.7749511 0.29745597
vt 0.78277886 0.2778865
vt 0.7847358 0.27592954
vt 0.7847358 0.27592954
vt 0.81409 0.19178082
vt 0.81409 0.19178082
vt 0.82778865 0.16046967
vt 0.82778865 0.16046967
vt 0.82778865 0.16046967
vt 0.82778865 0.16046967
vt 0.83170253 0.14481409
vt 0.83170253 0.14481409
vt 0.83953035 0.12720157
vt 0.83953035 0.12720157
vt 0.0332681 0.9589041
vt 0.009784736 0.9491194
vt 0.009784736 0.9491194
vt 0.04892368 0.9295499
vt 0.043052837 0.960861
vt 0.0332681 0.9589041
vt 0.06066536 0.96868885
vt 0.043052837 0.960861
vt 0.06066536 0.96868885
vt 0.0704501 0.9726027
vt 0.0704501 0.9726027
vt 0.12915851 0.9941292
vt 0.12915851 0.9941292
vt 0.1330724 0.9960861
vt 0.1330724 0.9960861
vt 0.13502936 0.9960861
vt 0.1369863 0.9921722
vt 0.13502936 0.9960861
vt 0.1369863 0.9921722
vt 0.13894325 0.9882583
vt 0.0665362 0.9491194
vt 0.1409002 0.9843444
vt 0.13894325 0.9882583
vt 0.1409002 0.9843444
vt 0.1409002 0.9823875
vt 0.1409002 0.9823875
vt 0.15655577 0.94520545
vt 0.15655577 0.94520545
vt 0.16242662 0.925636
vt 0.16438356 0.9197652
vt 0.16438356 0.9217221
vt 0.16242662 0.925636
vt 0.16438356 0.9217221
vt 0.16634052 0.9197652
vt 0.16634052 0.9197652
vt 0.16829745 0.91193736
vt 0.19960861 0.8297456
vt 0.16829745 0.91193736
vt 0.19960861 0.8297456
vt 0.2035225 0.81996083
vt 0.2035225 0.81996083
vt 0.9765166 0.57925636
vt 0.99021524 0.6046967
vt 0.99021524 0.6046967
vt 0.9765166 0.57925636
vt 0.97455966 0.57925636
vt 0.93933463 0.6046967
vt 0.88258314 0.57925636
vt 0.97455966 0.57925636
vt 0.97455966 0.57925636
vt 0.97455966 0.57925636
vt 0.71428573 0.99804306
vt 0.65753424 0.99804306
vt 0.65753424 0.99804306
vt 0.71428573 0.99804306
vt 0.76125246 0.99804306
vt 0.76125246 0.99804306
vt 0.83170253 0.99804306
vt 0.83170253 0.99804306
vt 0.89041096 0.99804306
vt 0.89041096 0.99804306
vt 0.77103716 0.5068493
vt 0.77103716 0.5851272
vt 0.77103716 0.5851272
vt 0.77103716 0.5068493
vt 0.77103716 0.4892368
vt 0.8551859 0.4970646
vt 0.77103716 0.4598826
vt 0.77103716 0.4892368
vt 0.77103716 0.4598826
vt 0.77103716 0.4148728
vt 0.77103716 0.4148728
vt 0.77103716 0.3483366
vt 0.77103716 0.3483366
vt 0.77103716 0.33268103
vt 0.78669274 0.33463797
vt 0.77103716 0.32289627
vt 0.77103716 0.33268103
vt 0.77103716 0.32289627
vt 0.77103716 0.30332682
vt 0.80430526 0.30528376
vt 0.77103716 0.30332682
vt 0.80430526 0.30528376
vt 0.84931505 0.30528376
vt 0.84931505 0.30528376
vt 0.92759293 0.30528376
vt 0.92759293 0.30528376
vt 0.95303327 0.30332682
vt 0.95303327 0.30332682
vt 0.64579254 0.09589041
vt 0.6477495 0.08806262
vt 0.6477495 0.08806262
vt 0.64579254 0.09589041
vt 0.64187866 0.11741683
vt 0.64187866 0.11741683
vt 0.9941292 0.8375734
vt 0.99021524 0.7964775
vt 0.99021524 0.7964775
vt 0.9941292 0.8375734
vt 0.14481409 0.4266145
vt 0.19765167 0.4853229
vt 0.13502936 0.45596868
vt 0.19765167 0.41682974
vt 0.7064579 0.27201566
vt 0.7455969 0.30528376
vt 0.68101764 0.15655577
vt 0.7690802 0.15655577
vt 0.8082192 0.13111547
vt 0.0058708414 0.9197652
vt 0.009784736 0.87279844
vt 0.043052837 0.84931505
vt 0.08219178 0.87279844
vt 0.1330724 0.86692756
vt 0.16634052 0.7632094
vt 0.19178082 0.7671233
vt 0.21330725 0.70841485
vt 0.1741683 0.5694716
vt 0.21722114 0.5753425
vt 0.6320939 0.95694715
vt 0.72602737 0.8806262
vt 0.79843444 0.94716245
vt 0.8982387 0.9138943
vt 0.83953035 0.54990214
vt 0.9510763 0.56164384
vt 0.9549902 0.39334637
vt 0.8375734 0.39921722
vt 0.85714287 0.34050882
vt 0.73776907 0.08806262
vt 0.68101764 0.11741683
vt 0.9843444 0.7964775
vt 0.9941292 0.8375734
vt 0.9412916 0.8434442
vt 0.87279844 0.8708415
vt 0.87279844 0.81996083
vt 0.9158513 0.8297456
vt 0.9080235 0.87279844
vt 0.5303327 0.08414873
vt 0.5596869 0.03522505
vt 0.52837574 0.037181996
vt 0.52250487 0.04892368
vt 0.48727983 0.07632094
vt 0.6477495 0.12720157
vt 0.60078275 0.28962818
vt 0.51663405 0.19178082
vt 0.47945204 0.14872798
vt 0.5205479 0.14872798
vt 0.87866926 0.072407044
vt 0.80430526 0.029354207
vt 0.7925636 0.072407044
vt 0.8708415 0.029354207
vt 0.91780823 0.045009784
vt 0.0039138943 0.80430526
vt 0.029354207 0.7906067
vt 0.072407044 0.7847358
vt 0.11741683 0.7358121
vt 0.12524462 0.6614481
vt 0.12524462 0.58317024
vt 0.68101764 0.81409
vt 0.73189825 0.8082192
vt 0.6399217 0.7964775
vt 0.83170253 0.8180039
vt 0.9315069 0.09001957
vt 0.99021524 0.07632094
vt 0.90215266 0.07632094
vt 0.9217221 0.11741683
vt 0.2661448 0.22504893
vt 0.23679061 0.25440314
vt 0.24657534 0.19960861
vt 0.3111546 0.18786693
vt 0.5870842 0.064579256
vt 0.6223092 0.050880626
vt 0.7005871 0.06066536
vt 0.67514676 0.08414873
vt 0.5264188 0.14481409
vt 0.54011744 0.2778865
vt 0.57925636 0.15459883
vt 0.58317024 0.09589041
vt 0.086105675 0.6888454
vt 0.04109589 0.6966732
vt 0.009784736 0.76125246
vt 0.050880626 0.7553816
vt 0.48727983 0.19765167
vt 0.444227 0.16829745
vt 0.072407044 0.6438356
vt 0.83953035 0.80430526
vt 0.9843444 0.099804305
vt 0.33268103 0.23287672
vt 0.40508807 0.21722114
vt 0.39334637 0.18003914
vt 0.4266145 0.18590999
vt 0.55772996 0.11545988
vt 0.4598826 0.113502935
vt 0.021526419 0.6712329
vt 0.021526419 0.57338554
vt 0.22896282 0.05479452
vt 0.2857143 0.043052837
vt 0.3111546 0.099804305
vt 0.19373778 0.099804305
vt 0.3776908 0.66340506
vt 0.35812134 0.6223092
vt 0.3776908 0.57338554
vt 0.17221135 0.32681018
vt 0.1741683 0.32681018
vt 0.1741683 0.32681018
vt 0.17221135 0.32681018
vt 0.17025441 0.32485324
vt 0.12524462 0.3365949
vt 0.15264188 0.30919766
vt 0.15459883 0.30919766
vt 0.17025441 0.32485324
vt 0.15459883 0.30919766
vt 0.15459883 0.30919766
vt 0.15459883 0.30919766
vt 0.15264188 0.3072407
vt 0.15264188 0.3072407
vt 0.15068494 0.30528376
vt 0.10763209 0.29549903
vt 0.11154599 0.26810175
vt 0.15068494 0.30528376
vt 0.11154599 0.26810175
vt 0.21917808 0.99804306
vt 0.2074364 0.9960861
vt 0.2074364 0.9960861
vt 0.19765167 0.96868885
vt 0.22896282 0.96868885
vt 0.24657534 0.9941292
vt 0.21917808 0.99804306
vt 0.24657534 0.9941292
vt 0.7299413 0.16634052
vt 0.72798437 0.16046967
vt 0.72798437 0.16046967
vt 0.7299413 0.16634052
vt 0.739726 0.3444227
vt 0.739726 0.3444227
vt 0.7553816 0.3444227
vt 0.7906067 0.26810175
vt 0.7964775 0.3444227
vt 0.7553816 0.3444227
vt 0.7964775 0.3444227
vt 0.8356164 0.3444227
vt 0.8356164 0.3444227
vt 0.8473581 0.3444227
vt 0.84540117 0.3189824
vt 0.91193736 0.3444227
vt 0.8473581 0.3444227
vt 0.91193736 0.3444227
vt 0.9706458 0.3444227
vt 0.9706458 0.3444227
vt 0.9726027 0.89432484
vt 0.9726027 0.9373777
vt 0.9726027 0.9373777
vt 0.9726027 0.89432484
vt 0.9726027 0.89041096
vt 0.9726027 0.89041096
vt 0.9726027 0.81017613
vt 0.9726027 0.81017613
vt 0.9726027 0.76125246
vt 0.9726027 0.76125246
vt 0.70254403 0.9667319
vt 0.69080234 0.99804306
vt 0.69080234 0.99804306
vt 0.70254403 0.9667319
vt 0.72015655 0.9197652
vt 0.72015655 0.9197652
vt 0.26027396 0.7123288
vt 0.26027396 0.7123288
vt 0.26027396 0.7123288
vt 0.26027396 0.7123288
vt 0.47553816 0.27005872
vt 0.5146771 0.33268103
vt 0.45792565 0.33268103
vt 0.42074364 0.30919766
vt 0.13502936 0.70841485
vt 0.16634052 0.7592955
vt 0.086105675 0.74951077
vt 0.853229 0.15459883
vt 0.95303327 0.14677104
vt 0.8180039 0.14285715
vt 0.9001957 0.22700587
vt 0.9432485 0.30332682
vt 0.888454 0.9295499
vt 0.8982387 0.81409
vt 0.90606654 0.72602737
vt 0.6497065 0.9960861
vt 0.7123288 0.9197652
vt 0.51663405 0.2857143
vt 0.52837574 0.28962818
vt 0.9960861 0.25831702
vt 0.9960861 0.33463797
vt 0.9549902 0.3111546
vt 0.06849315 0.555773
vt 0.06066536 0.50097847
vt 0.0019569471 0.43835616
vt 0.01369863 0.5362035
vt 0.22309197 0.70254403
vt 0.22700587 0.7592955
vt 0.62818 0.6105675
vt 0.5440313 0.6086106
vt 0.555773 0.65753424
vt 0.60665363 0.6555773
vt 0.6379648 0.6712329
vt 0.54990214 0.7005871
vt 0.64187866 0.7064579
vt 0.9941292 0.16242662
vt 0.7886497 0.82778865
vt 0.7925636 0.9960861
vt 0.7964775 0.73776907
vt 0.52837574 0.90215266
vt 0.39726028 0.9843444
vt 0.5988258 0.9334638
vt 0.9921722 0.38551858
vt 0.9158513 0.47162426
vt 0.9315069 0.36594912
vt 0.9941292 0.44227007
vt 0.5694716 0.89041096
vt 0.46379647 0.8962818
vt 0.53816044 0.853229
vt 0.6144814 0.84931505
vt 0.007827789 0.59491193
vt 0.043052837 0.6379648
vt 0.25636008 0.7162427
vt 0.56751466 0.5518591
vt 0.48336595 0.555773
vt 0.592955 0.57338554
vt 0.6731898 0.5714286
vt 0.7299413 0.6555773
vt 0.739726 0.66927594
vt 0.74951077 0.70254403
vt 0.778865 0.9882583
vt 0.10958904 0.667319
vt 0.0704501 0.7690802
vt 0.06849315 0.60273975
vt 0.091976516 0.5968689
vt 0.1741683 0.60273975
vt 0.10176125 0.5303327
vt 0.18786693 0.5088063
vt 0.18199609 0.39726028
vt 0.9941292 0.56751466
vt 0.9412916 0.64579254
vt 0.9373777 0.54011744
vt 0.96477497 0.50097847
vt 0.86105675 0.9549902
vt 0.8551859 0.99804306
vt 0.9217221 0.9882583
vt 0.105675146 0.14872798
vt 0.1780822 0.13111547
vt 0.17221135 0.17221135
vt 0.113502935 0.18003914
vt 0.0019569471 0.15264188
vt 0.019569471 0.13111547
vt 0.07436399 0.555773
vt 0.07436399 0.5088063
vt 0.10176125 0.51663405
vt 0.60078275 0.92759293
vt 0.67514676 0.888454
vt 0.70841485 0.853229
vt 0.037181996 0.6927593
vt 0.06066536 0.66340506
vt 0.015655577 0.6497065
vt 0.0019569471 0.6947162
vt 0.5772994 0.48336595
vt 0.57925636 0.34637964
vt 0.47358122 0.33855185
vt 0.48727983 0.47358122
vt 0.553816 0.50489235
vt 0.6594912 0.4853229
vt 0.69863015 0.5205479
vt 0.7573385 0.52837574
vt 0.7671233 0.5772994
vt 0.7964775 0.54011744
vt 0.851272 0.66340506
vt 0.8414873 0.5753425
vt 0.19569471 0.6771037
vt 0.22113504 0.55772996
vt 0.9921722 0.6927593
vt 0.9295499 0.73189825
vt 0.9823875 0.6497065
vt 0.24657534 0.6399217
vt 0.2739726 0.6771037
vt 0.83953035 0.49510762
vt 0.7847358 0.4853229
vt 0.8630137 0.40313113
vt 0.91193736 0.37964776
vt 0.91193736 0.43639922
vt 0.68101764 0.3444227
vt 0.0039138943 0.7906067
vt 0.05479452 0.77690804
vt 0.87866926 0.3483366
vt 0.9960861 0.68688846
vt 0.9315069 0.6849315
vt 0.9960861 0.59491193
vt 0.9960861 0.69080234
vt 0.9491194 0.7005871
vt 0.9960861 0.69863015
vt 0.4598826 0.48336595
vt 0.40900195 0.45596868
vt 0.45401174 0.4481409
vt 0.46183953 0.49510762
vt 0.37964776 0.47945204
vt 0.853229 0.65753424
vt 0.8434442 0.6927593
vt 0.30919766 0.48336595
vt 0.30332682 0.46575344
vt 0.9706458 0.25440314
vt 0.9334638 0.21722114
vt 0.94520545 0.16046967
vt 0.9765166 0.18199609
vt 0.99804306 0.25244617
vt 0.99804306 0.17612524
vt 0.667319 0.2407045
vt 0.5890411 0.25636008
vt 0.5714286 0.23483366
vt 0.7162427 0.25831702
vt 0.57338554 0.5088063
vt 0.53816044 0.49119374
vt 0.42857143 0.5694716
vt 0.47358122 0.57338554
vt 0.42857143 0.59491193
vt 0.4774951 0.6164383
vt 0.4892368 0.6046967
vt 0.5596869 0.5440313
vt 0.56164384 0.60665363
vt 0.37573385 0.31311154
vt 0.4187867 0.33072406
vt 0.36790606 0.3522505
vt 0.36399218 0.28962818
vt 0.18199609 0.6849315
vt 0.19765167 0.7103718
vt 0.19765167 0.7103718
vt 0.18199609 0.6849315
vt 0.6262231 0.045009784
vt 0.6399217 0.064579256
vt 0.6399217 0.064579256
vt 0.6262231 0.045009784
vt 0.60273975 0.017612524
vt 0.60273975 0.017612524
vt 0.56164384 0.91780823
vt 0.5812133 0.92759293
vt 0.5812133 0.92759293
vt 0.56164384 0.91780823
vt 0.38356164 0.81604695
vt 0.3483366 0.8023483
vt 0.3483366 0.8023483
vt 0.38356164 0.81604695
vt 0.38551858 0.81604695
vt 0.38747555 0.8121331
vt 0.38747555 0.8180039
vt 0.38551858 0.81604695
vt 0.26223093 0.7455969
vt 0.26223093 0.7455969
vt 0.26223093 0.7455969
vt 0.26223093 0.7455969
vt 0.26223093 0.74363995
vt 0.26223093 0.74363995
vt 0.23679061 0.38747555
vt 0.2485323 0.3894325
vt 0.2485323 0.3894325
vt 0.23679061 0.38747555
vt 0.20156556 0.3737769
vt 0.20156556 0.3737769
vt 0.14481409 0.36007828
vt 0.14481409 0.36007828
vt 0.10763209 0.3444227
vt 0.10763209 0.3444227
vt 0.06262231 0.31311154
vt 0.06262231 0.31311154
vt 0.0019569471 0.22504893
vt 0.0019569471 0.18786693
vt 0.0019569471 0.18786693
vt 0.0019569471 0.22504893
vt 0.0019569471 0.27005872
vt 0.0019569471 0.27005872
vt 0.0019569471 0.27201566
vt 0.0019569471 0.27201566
vt 0.8708415 0.07632094
vt 0.8708415 0.07436399
vt 0.8708415 0.07436399
vt 0.8708415 0.07632094
vt 0.6262231 0.8023483
vt 0.62426615 0.80430526
vt 0.62426615 0.80430526
vt 0.6262231 0.8023483
vt 0.6555773 0.7925636
vt 0.6555773 0.7925636
vt 0.70841485 0.7749511
vt 0.70841485 0.7749511
vt 0.7123288 0.7729941
vt 0.7123288 0.7729941
vt 0.7221135 0.7690802
vt 0.7123288 0.7808219
vt 0.7847358 0.74951077
vt 0.7221135 0.7690802
vt 0.7847358 0.74951077
vt 0.80626225 0.74168295
vt 0.7906067 0.81017613
vt 0.80626225 0.74168295
vt 0.80626225 0.74168295
vt 0.80626225 0.8473581
vt 0.5107632 0.5812133
vt 0.5655577 0.57925636
vt 0.51663405 0.54011744
vt 0.60273975 0.017612524
vt 0.60273975 0.08806262
vt 0.6320939 0.07436399
vt 0.19765167 0.67906064
vt 0.5596869 0.90606654
vt 0.5890411 0.90606654
vt 0.34246576 0.79452056
vt 0.3561644 0.7847358
vt 0.40117416 0.7847358
vt 0.24266145 0.7299413
vt 0.24266145 0.6947162
vt 0.27201566 0.70254403
vt 0.23483366 0.43052837
vt 0.1409002 0.3776908
vt 0.052837573 0.3561644
vt 0.0332681 0.4148728
vt 0.04892368 0.35029355
vt 0.72015655 0.25440314
vt 0.73189825 0.2407045
vt 0.7455969 0.1741683
vt 0.045009784 0.25636008
vt 0.007827789 0.18786693
vt 0.0019569471 0.27201566
vt 0.8121331 0.07436399
vt 0.8003914 0.04696673
vt 0.83953035 0.04696673
vt 0.67906064 0.851272
vt 0.6183953 0.8708415
vt 0.7221135 0.8121331
vt 0.7808219 0.9197652
vt 0.7964775 0.9882583
vt 0.80626225 0.9882583
vt 0.3111546 0.93933463
vt 0.32681018 0.90606654
vt 0.32681018 0.960861
vt 0.3111546 0.89041096
vt 0.24657534 0.2935421
vt 0.23483366 0.2935421
vt 0.21722114 0.27201566
vt 0.23091976 0.2446184
vt 0.24657534 0.25048923
vt 0.31311154 0.46183953
vt 0.32681018 0.481409
vt 0.28767124 0.49902153
vt 0.2778865 0.46183953
vt 0.21330725 0.5264188
vt 0.25048923 0.54598826
vt 0.21330725 0.54990214
vt 0.8806262 0.72602737
vt 0.9197652 0.72602737
vt 0.92759293 0.704501
vt 0.9001957 0.6947162
vt 0.27005872 0.6829746
vt 0.21917808 0.46379647
vt 0.23874755 0.45009786
vt 0.119373776 0.43835616
vt 0.10958904 0.48336595
vt 0.052837573 0.46575344
vt 0.74951077 0.29158512
vt 0.68688846 0.25440314
vt 0.0019569471 0.6164383
vt 0.017612524 0.60665363
vt 0.017612524 0.6379648
vt 0.6614481 0.3776908
vt 0.6497065 0.29549903
vt 0.5812133 0.3620352
vt 0.86888456 0.94520545
vt 0.82778865 0.89041096
vt 0.81017613 0.9726027
vt 0.9295499 0.9882583
vt 0.8375734 0.99804306
vt 0.47162426 0.38356164
vt 0.39530334 0.38356164
vt 0.39921722 0.36007828
vt 0.88258314 0.65362036
vt 0.8551859 0.62426615
vt 0.8982387 0.62426615
vt 0.8923679 0.6516634
vt 0.7240704 0.9843444
vt 0.6086106 0.99021524
vt 0.61252445 0.9823875
vt 0.6712329 0.96868885
vt 0.6594912 0.92367905
vt 0.592955 0.9099804
vt 0.7749511 0.07632094
vt 0.7358121 0.9334638
vt 0.7005871 0.9921722
vt 0.7906067 0.99804306
vt 0.6927593 0.47162426
vt 0.69080234 0.4266145
vt 0.67514676 0.43639922
vt 0.029354207 0.08806262
vt 0.0332681 0.052837573
vt 0.045009784 0.10176125
vt 0.0019569471 0.058708414
vt 0.0019569471 0.10958904
vt 0.4520548 0.45401174
vt 0.4148728 0.42465752
vt 0.44618395 0.46379647
vt 0.4187867 0.40117416
vt 0.47358122 0.38747555
vt 0.47358122 0.4403131
vt 0.26418787 0.52250487
vt 0.27984345 0.54990214
vt 0.9882583 0.90215266
vt 0.9960861 0.96868885
vt 0.9510763 0.93933463
vt 0.94716245 0.90606654
vt 0.9960861 0.87279844
vt 0.2857143 0.5205479
vt 0.27201566 0.46379647
vt 0.16438356 0.49510762
vt 0.078277886 0.5440313
vt 0.7749511 0.36790606
vt 0.853229 0.853229
vt 0.81604695 0.7749511
vt 0.88454014 0.88258314
vt 0.9158513 0.9138943
vt 0.98043054 0.9726027
vt 0.113502935 0.5596869
vt 0.18003914 0.5264188
vt 0.119373776 0.5303327
vt 0.091976516 0.5518591
vt 0.058708414 0.59099805
vt 0.0019569471 0.5322896
vt 0.04109589 0.67514676
vt 0.68688846 0.39921722
vt 0.7103718 0.42270058
vt 0.667319 0.42270058
vt 0.26223093 0.17221135
vt 0.31311154 0.2407045
vt 0.23091976 0.23483366
vt 0.23874755 0.18395303
vt 0.61252445 0.119373776
vt 0.6731898 0.09589041
vt 0.6888454 0.119373776
vt 0.64187866 0.0704501
vt 0.8356164 0.7005871
vt 0.8258317 0.7299413
vt 0.84540117 0.78277886
vt 0.8767123 0.7514677
vt 0.86888456 0.68101764
vt 0.7455969 0.4774951
vt 0.75342464 0.4266145
vt 0.9099804 0.72798437
vt 0.9510763 0.7671233
vt 0.9041096 0.77690804
vt 0.8923679 0.73189825
vt 0.88258314 0.7553816
vt 0.28375733 0.16046967
vt 0.22309197 0.14677104
vt 0.21526419 0.18003914
vt 0.27201566 0.08219178
vt 0.3072407 0.13502936
vt 0.2857143 0.086105675
vt 0.58317024 0.5205479
vt 0.6731898 0.45401174
vt 0.704501 0.49510762
vt 0.66340506 0.42465752
vt 0.60078275 0.45596868
vt 0.53424656 0.41291586
vt 0.4970646 0.47162426
vt 0.4774951 0.42270058
vt 0.8630137 0.7964775
vt 0.91780823 0.82191783
vt 0.9412916 0.84931505
vt 0.9706458 0.87866926
vt 0.12133072 0.6086106
vt 0.18982388 0.6183953
vt 0.24657534 0.58317024
vt 0.09001957 0.6379648
vt 0.06262231 0.7553816
vt 0.01369863 0.73189825
vt 0.49119374 0.7592955
vt 0.5440313 0.74951077
vt 0.5322896 0.7808219
vt 0.5088063 0.74951077
vt 0.73189825 0.40508807
vt 0.7455969 0.41682974
vt 0.7064579 0.38551858
vt 0.62035227 0.5264188
vt 0.6516634 0.553816
vt 0.65753424 0.5264188
vt 0.12720157 0.99804306
vt 0.1369863 0.98630136
vt 0.14872798 0.99804306
vt 0.33072406 0.18199609
vt 0.36594912 0.2485323
vt 0.2818004 0.18199609
vt 0.22113504 0.5518591
vt 0.25831702 0.5772994
vt 0.2661448 0.5518591
vt 0.1780822 0.3483366
vt 0.19960861 0.2857143
vt 0.25636008 0.30919766
vt 0.2818004 0.3365949
vt 0.22700587 0.3776908
vt 0.77690804 0.7221135
vt 0.79452056 0.68101764
vt 0.8180039 0.65753424
vt 0.87279844 0.65753424
vt 0.8767123 0.6594912
vt 0.7671233 0.7475538
vt 0.76516634 0.6927593
vt 0.7338552 0.7123288
vt 0.7338552 0.75342464
vt 0.7749511 0.45401174
vt 0.95303327 0.7358121
vt 0.9843444 0.77690804
vt 0.21526419 0.099804305
vt 0.21526419 0.05479452
vt 0.26027396 0.03522505
vt 0.2857143 0.05479452
vt 0.26027396 0.029354207
vt 0.40117416 0.1330724
vt 0.3776908 0.12915851
vt 0.3561644 0.16242662
vt 0.43639922 0.16046967
vt 0.44227007 0.17221135
vt 0.5812133 0.3816047
vt 0.5636008 0.32876712
vt 0.48727983 0.34246576
vt 0.9412916 0.78669274
vt 0.96477497 0.77690804
vt 0.9921722 0.81409
vt 0.105675146 0.6829746
vt 0.16829745 0.68101764
vt 0.19569471 0.7162427
vt 0.6144814 0.5420744
vt 0.07632094 0.26810175
vt 0.031311154 0.27201566
vt 0.08219178 0.23874755
vt 0.119373776 0.24266145
vt 0.3816047 0.17221135
vt 0.40508807 0.22504893
vt 0.04892368 0.9960861
vt 0.007827789 0.9726027
vt 0.04892368 0.96868885
vt 0.0019569471 0.99804306
vt 0.42074364 0.18199609
vt 0.43052837 0.21330725
vt 0.5636008 0.10958904
vt 0.555773 0.078277886
vt 0.5968689 0.06849315
vt 0.09393346 0.29745597
vt 0.37181997 0.9843444
vt 0.39921722 0.99021524
vt 0.39530334 0.9726027
vt 0.19569471 0.21917808
vt 0.22700587 0.22896282
vt 0.22700587 0.19178082
vt 0.20547946 0.18590999
vt 0.6731898 0.38551858
vt 0.6712329 0.40508807
vt 0.6379648 0.407045
vt 0.6320939 0.38551858
vt 0.12133072 0.3072407
vt 0.15068494 0.33855185
vt 0.79843444 0.57925636
vt 0.81017613 0.5714286
vt 0.8414873 0.6379648
vt 0.79843444 0.6516634
vt 0.8590998 0.63600785
vt 0.46771038 0.12915851
vt 0.4970646 0.3189824
vt 0.553816 0.29158512
vt 0.9510763 0.072407044
vt 0.9960861 0.04892368
vt 0.9960861 0.12915851
vt 0.9589041 0.099804305
vt 0.94716245 0.12720157
vt 0.9706458 0.16438356
vt 0.18786693 0.10176125
vt 0.21526419 0.13894325
vt 0.16829745 0.13894325
vt 0.5812133 0.6966732
vt 0.54011744 0.7181996
vt 0.5420744 0.68688846
vt 0.5772994 0.6712329
vt 0.5812133 0.6046967
vt 0.52446187 0.65362036
vt 0.553816 0.6183953
vt 0.5714286 0.7475538
vt 0.078277886 0.8434442
vt 0.04696673 0.81604695
vt 0.086105675 0.78277886
vt 0.9921722 0.6223092
vt 0.94716245 0.66536206
vt 0.94520545 0.6262231
vt 0.9882583 0.592955
vt 0.9941292 0.74168295
vt 0.04696673 0.8434442
vt 0.086105675 0.8747554
vt 0.9921722 0.69080234
vt 0.69863015 0.9432485
vt 0.9197652 0.6262231
vt 0.9412916 0.6379648
vt 0.9197652 0.667319
vt 0.6849315 0.76125246
vt 0.6712329 0.7671233
vt 0.6712329 0.7671233
vt 0.68101764 0.78277886
vt 0.7181996 0.78277886
vt 0.704501 0.75342464
vt 0.6849315 0.76125246
vt 0.704501 0.75342464
vt 0.27005872 0.89041096
vt 0.27592954 0.84540117
vt 0.27592954 0.84540117
vt 0.27005872 0.89041096
vt 0.26027396 0.9491194
vt 0.26027396 0.9491194
vt 0.25440314 0.9882583
vt 0.25440314 0.9882583
vt 0.25440314 0.9921722
vt 0.25440314 0.9921722
vt 0.25440314 0.9941292
vt 0.23874755 0.9823875
vt 0.25440314 0.9960861
vt 0.25440314 0.9941292
vt 0.25440314 0.9960861
vt 0.94520545 0.17025441
vt 0.94520545 0.16634052
vt 0.94520545 0.16634052
vt 0.94520545 0.17025441
vt 0.94520545 0.20939335
vt 0.94520545 0.20939335
vt 0.82191783 0.5362035
vt 0.82191783 0.4598826
vt 0.82191783 0.4598826
vt 0.82191783 0.5362035
vt 0.82191783 0.59491193
vt 0.82191783 0.59491193
vt 0.39334637 0.7455969
vt 0.40313113 0.74363995
vt 0.40313113 0.74363995
vt 0.40313113 0.74168295
vt 0.30528376 0.7514677
vt 0.34637964 0.7573385
vt 0.39334637 0.7455969
vt 0.34637964 0.7573385
vt 0.9882583 0.5655577
vt 0.9882583 0.5655577
vt 0.9882583 0.5655577
vt 0.9882583 0.5655577
vt 0.9960861 0.5362035
vt 0.9882583 0.5655577
vt 0.9960861 0.5362035
vt 0.9960861 0.5322896
vt 0.9491194 0.5420744
vt 0.9921722 0.5322896
vt 0.9960861 0.5322896
vt 0.99804306 0.50489235
vt 0.9921722 0.5322896
vt 0.99804306 0.50489235
vt 0.031311154 0.99804306
vt 0.03522505 0.9941292
vt 0.037181996 0.99804306
vt 0.037181996 0.99804306
vt 0.3522505 0.30528376
vt 0.3737769 0.33855185
vt 0.369863 0.34050882
vt 0.3522505 0.3365949
vt 0.369863 0.34050882
vt 0.091976516 0.16046967
vt 0.0665362 0.1330724
vt 0.06066536 0.16046967
vt 0.086105675 0.16242662
vt 0.06066536 0.16046967
vt 0.086105675 0.16242662
vt 0.091976516 0.16438356
vt 0.091976516 0.16438356
vt 0.09393346 0.16438356
vt 0.09393346 0.16438356
vt 0.1037182 0.16634052
vt 0.10763209 0.14872798
vt 0.1330724 0.16438356
vt 0.1037182 0.16634052
vt 0.1330724 0.16438356
vt 0.15068494 0.16438356
vt 0.15068494 0.16438356
vt 0.15851273 0.16634052
vt 0.15851273 0.16634052
vt 0.16242662 0.16634052
vt 0.16829745 0.15459883
vt 0.16634052 0.16634052
vt 0.16242662 0.16634052
vt 0.16634052 0.16634052
vt 0.17025441 0.12524462
vt 0.16829745 0.15459883
vt 0.17025441 0.12524462
vt 0.75342464 0.96477497
vt 0.7573385 0.9921722
vt 0.7573385 0.9921722
vt 0.75342464 0.96477497
vt 0.74951077 0.9432485
vt 0.74951077 0.9432485
vt 0.74951077 0.9412916
vt 0.74951077 0.9412916
vt 0.5753425 0.73189825
vt 0.58317024 0.7455969
vt 0.58317024 0.7455969
vt 0.5714286 0.7103718
vt 0.5694716 0.7181996
vt 0.5753425 0.73189825
vt 0.5655577 0.7103718
vt 0.5694716 0.7181996
vt 0.5655577 0.7103718
vt 0.9041096 0.444227
vt 0.9041096 0.44227007
vt 0.9041096 0.44227007
vt 0.9041096 0.444227
vt 0.9099804 0.46575344
vt 0.9099804 0.46575344
vt 0.6379648 0.25636008
vt 0.6438356 0.25636008
vt 0.6438356 0.25636008
vt 0.6164383 0.2739726
vt 0.61252445 0.25636008
vt 0.6379648 0.25636008
vt 0.61252445 0.25636008
vt 0.60665363 0.25636008
vt 0.45792565 0.32681018
vt 0.50097847 0.25636008
vt 0.60665363 0.25636008
vt 0.50097847 0.25636008
vt 0.43444228 0.25636008
vt 0.43444228 0.25636008
vt 0.050880626 0.81017613
vt 0.037181996 0.80626225
vt 0.037181996 0.80626225
vt 0.03522505 0.739726
vt 0.050880626 0.81017613
vt 0.26223093 0.60273975
vt 0.26223093 0.6046967
vt 0.26223093 0.60273975
vt 0.26223093 0.60273975
vt 0.26223093 0.60273975
vt 0.26027396 0.60273975
vt 0.1780822 0.67906064
vt 0.16046967 0.60273975
vt 0.26027396 0.60273975
vt 0.16046967 0.60273975
vt 0.1409002 0.60273975
vt 0.1409002 0.60273975
vt 0.13111547 0.60273975
vt 0.13111547 0.60273975
vt 0.11741683 0.60273975
vt 0.08023483 0.6966732
vt 0.078277886 0.6438356
vt 0.058708414 0.60273975
vt 0.11741683 0.60273975
vt 0.058708414 0.60273975
vt 0.045009784 0.60273975
vt 0.043052837 0.6340509
vt 0.87279844 0.99804306
vt 0.83170253 0.99804306
vt 0.851272 0.97455966
vt 0.851272 0.97455966
vt 0.87279844 0.99804306
vt 0.7221135 0.7886497
vt 0.6183953 0.7886497
vt 0.7221135 0.78669274
vt 0.7221135 0.78669274
vt 0.67514676 0.86692756
vt 0.72015655 0.83170253
vt 0.7221135 0.7886497
vt 0.72015655 0.83170253
vt 0.7181996 0.8630137
vt 0.7181996 0.8630137
vt 0.72015655 0.8864971
vt 0.72015655 0.8864971
vt 0.72015655 0.9491194
vt 0.72015655 0.9491194
vt 0.72015655 0.9765166
vt 0.72015655 0.9765166
vt 0.43835616 0.7592955
vt 0.45401174 0.76125246
vt 0.45401174 0.76125246
vt 0.43835616 0.7592955
vt 0.30332682 0.7592955
vt 0.30332682 0.7592955
vt 0.29549903 0.7592955
vt 0.29549903 0.7592955
vt 0.0058708414 0.86692756
vt 0.0058708414 0.86692756
vt 0.0058708414 0.86692756
vt 0.0058708414 0.86692756
vt 0.023483366 0.86888456
vt 0.023483366 0.86888456
vt 0.32681018 0.15459883
vt 0.3072407 0.15264188
vt 0.3072407 0.15264188
vt 0.32681018 0.15459883
vt 0.3444227 0.15851273
vt 0.3444227 0.15851273
vt 0.35420743 0.15851273
vt 0.33463797 0.1780822
vt 0.32093933 0.27201566
vt 0.35812134 0.16046967
vt 0.35420743 0.15851273
vt 0.35812134 0.16046967
vt 0.3620352 0.16046967
vt 0.3620352 0.16046967
vt 0.3483366 0.24266145
vt 0.3483366 0.24266145
vt 0.34050882 0.2994129
vt 0.34050882 0.2994129
vt 0.33463797 0.33463797
vt 0.33463797 0.33463797
vt 0.33072406 0.36594912
vt 0.33072406 0.36594912
vt 0.60273975 0.6927593
vt 0.5812133 0.6947162
vt 0.5812133 0.6947162
vt 0.60273975 0.6927593
vt 0.62035227 0.6888454
vt 0.62035227 0.6888454
vt 0.65362036 0.6849315
vt 0.65362036 0.6849315
vt 0.15655577 0.8356164
vt 0.24657534 0.8551859
vt 0.11545988 0.9549902
vt 0.2074364 0.9921722
vt 0.9001957 0.16046967
vt 0.9080235 0.20156556
vt 0.8551859 0.4598826
vt 0.8238748 0.59491193
vt 0.8923679 0.5264188
vt 0.84540117 0.58317024
vt 0.30528376 0.72015655
vt 0.39334637 0.7181996
vt 0.92367905 0.5518591
vt 0.92759293 0.5264188
vt 0.9843444 0.4892368
vt 0.38356164 0.30919766
vt 0.3522505 0.26027396
vt 0.08806262 0.09001957
vt 0.11741683 0.09001957
vt 0.1369863 0.12328767
vt 0.72602737 0.99804306
vt 0.72602737 0.9412916
vt 0.58317024 0.7064579
vt 0.9041096 0.44227007
vt 0.95694715 0.46575344
vt 0.65753424 0.2994129
vt 0.5088063 0.3620352
vt 0.45792565 0.36399218
vt 0.050880626 0.7358121
vt 0.043052837 0.7064579
vt 0.28375733 0.6829746
vt 0.091976516 0.7553816
vt 0.11545988 0.21917808
vt 0.12720157 0.2407045
vt 0.18786693 0.2485323
vt 0.19178082 0.21917808
vt 0.21722114 0.2485323
vt 0.0665362 0.6712329
vt 0.5420744 0.851272
vt 0.47945204 0.7964775
vt 0.592955 0.81996083
vt 0.6086106 0.89432484
vt 0.6927593 0.8962818
vt 0.6771037 0.9667319
vt 0.40900195 0.79843444
vt 0.46379647 0.80430526
vt 0.29549903 0.82191783
vt 0.0019569471 0.8121331
vt 0.021526419 0.8023483
vt 0.27005872 0.22113504
vt 0.27201566 0.29549903
vt 0.32093933 0.36790606
vt 0.58317024 0.6849315
vt 0.6438356 0.65753424
vt 0.04892368 0.84540117
vt 0.023483366 0.8767123
vt 0.07436399 0.9667319
vt 0.9941292 0.96477497
vt 0.9941292 0.99804306
vt 0.9823875 0.9667319
vt 0.80430526 0.16634052
vt 0.8003914 0.16046967
vt 0.86105675 0.21330725
vt 0.91780823 0.50097847
vt 0.90215266 0.46771038
vt 0.34050882 0.667319
vt 0.38551858 0.6046967
vt 0.38747555 0.64187866
vt 0.9589041 0.481409
vt 0.92367905 0.47162426
vt 0.39138943 0.2778865
vt 0.4148728 0.29745597
vt 0.407045 0.22700587
vt 0.60078275 0.15264188
vt 0.5870842 0.15851273
vt 0.6497065 0.18590999
vt 0.67514676 0.16438356
vt 0.61252445 0.12720157
vt 0.64187866 0.11741683
vt 0.7064579 0.18590999
vt 0.704501 0.12524462
vt 0.6731898 0.1037182
vt 0.9510763 0.4403131
vt 0.5988258 0.33463797
vt 0.6497065 0.31506848
vt 0.47358122 0.37573385
vt 0.16634052 0.7514677
vt 0.22700587 0.75342464
vt 0.30332682 0.7103718
vt 0.12328767 0.7729941
vt 0.119373776 0.7886497
vt 0.65362036 0.34050882
vt 0.57925636 0.36399218
vt 0.5772994 0.3483366
vt 0.49315068 0.84931505
vt 0.481409 0.8708415
vt 0.4892368 0.91780823
vt 0.518591 0.92367905
vt 0.553816 0.962818
vt 0.62035227 0.9706458
vt 0.46183953 0.86105675
vt 0.37181997 0.89041096
vt 0.2935421 0.8864971
vt 0.007827789 0.75342464
vt 0.031311154 0.73189825
vt 0.24266145 0.2994129
vt 0.23091976 0.3816047
vt 0.65362036 0.60078275
vt 0.5968689 0.5968689
vt 0.63013697 0.57338554
vt 0.7690802 0.9510763
vt 0.82191783 0.9197652
vt 0.74363995 0.9197652
vt 0.7906067 0.99804306
vt 0.011741683 0.99804306
vt 0.0019569471 0.92367905
vt 0.91780823 0.10763209
vt 0.95694715 0.09001957
vt 0.95694715 0.15851273
vt 0.9315069 0.16046967
vt 0.91193736 0.8434442
vt 0.94716245 0.81604695
vt 0.9510763 0.8434442
vt 0.9217221 0.8180039
vt 0.7906067 0.18786693
vt 0.53816044 0.5068493
vt 0.5029354 0.5205479
vt 0.57338554 0.54011744
vt 0.57925636 0.5029354
vt 0.56751466 0.49119374
vt 0.3444227 0.6144814
vt 0.41095892 0.24266145
vt 0.10176125 0.9726027
vt 0.08219178 0.99804306
vt 0.06849315 0.9882583
vt 0.07436399 0.97455966
vt 0.12915851 0.9726027
vt 0.17612524 0.77103716
vt 0.6771037 0.39530334
vt 0.75342464 0.4853229
vt 0.6086106 0.4481409
vt 0.6614481 0.3620352
vt 0.69863015 0.3365949
vt 0.67514676 0.54990214
vt 0.6947162 0.5440313
vt 0.67514676 0.5029354
vt 0.4970646 0.45401174
vt 0.47358122 0.49315068
vt 0.45596868 0.47945204
vt 0.4598826 0.45401174
vt 0.42857143 0.4892368
vt 0.49510762 0.94716245
vt 0.4324853 0.9667319
vt 0.4853229 0.9823875
vt 0.46771038 0.925636
vt 0.41291586 0.92367905
vt 0.28962818 0.9373777
vt 0.0019569471 0.70841485
vt 0.019569471 0.66340506
vt 0.19178082 0.3620352
vt 0.6105675 0.5420744
vt 0.5753425 0.555773
vt 0.6164383 0.4892368
vt 0.25831702 0.78669274
vt 0.28962818 0.7906067
vt 0.2739726 0.8414873
vt 0.2485323 0.81604695
vt 0.9373777 0.87279844
vt 0.8982387 0.86692756
vt 0.94520545 0.9099804
vt 0.9197652 0.9373777
vt 0.8630137 0.960861
vt 0.76125246 0.1780822
vt 0.78669274 0.25244617
vt 0.78669274 0.16829745
vt 0.14677104 0.29549903
vt 0.16438356 0.3620352
vt 0.1037182 0.33268103
vt 0.099804305 0.2778865
vt 0.13894325 0.25636008
vt 0.09589041 0.25244617
vt 0.5029354 0.47553816
vt 0.5303327 0.39921722
vt 0.56164384 0.42857143
vt 0.25831702 0.22113504
vt 0.22309197 0.23679061
vt 0.22700587 0.25636008
vt 0.2485323 0.25244617
vt 0.13111547 0.99804306
vt 0.79452056 0.43444228
vt 0.81017613 0.4598826
vt 0.7690802 0.31506848
vt 0.72798437 0.32093933
vt 0.51272017 0.99804306
vt 0.4892368 0.98630136
vt 0.49510762 0.94716245
vt 0.35812134 0.99804306
vt 0.444227 0.99021524
vt 0.28375733 0.99804306
vt 0.0039138943 0.65362036
vt 0.5851272 0.52446187
vt 0.5968689 0.4403131
vt 0.9510763 0.851272
vt 0.97455966 0.8414873
vt 0.5655577 0.43444228
vt 0.59099805 0.46379647
vt 0.59099805 0.4187867
vt 0.56751466 0.4148728
vt 0.9491194 0.8923679
vt 0.8121331 0.6183953
vt 0.81604695 0.65362036
vt 0.83365947 0.66340506
vt 0.83365947 0.6046967
vt 0.80626225 0.26223093
vt 0.79452056 0.22504893
vt 0.86105675 0.22504893
vt 0.8414873 0.26810175
vt 0.74363995 0.2935421
vt 0.78277886 0.31702545
vt 0.73776907 0.25244617
vt 0.73776907 0.21526419
vt 0.72602737 0.17221135
vt 0.69863015 0.21135029
vt 0.9960861 0.2074364
vt 0.96868885 0.13894325
vt 0.9960861 0.1330724
vt 0.22896282 0.2661448
vt 0.22700587 0.30332682
vt 0.20547946 0.25244617
vt 0.5107632 0.407045
vt 0.9706458 0.47945204
vt 0.9960861 0.47553816
vt 0.9941292 0.45009786
vt 0.960861 0.45009786
vt 0.19569471 0.20156556
vt 0.22309197 0.18395303
vt 0.26418787 0.1741683
vt 0.8473581 0.28962818
vt 0.7906067 0.26223093
vt 0.8297456 0.39334637
vt 0.87866926 0.39334637
vt 0.8747554 0.4481409
vt 0.81996083 0.43639922
vt 0.80430526 0.44227007
vt 0.19765167 0.42074364
vt 0.16634052 0.39138943
vt 0.18199609 0.39530334
vt 0.22309197 0.54011744
vt 0.15459883 0.49510762
vt 0.14481409 0.57338554
vt 0.22896282 0.5518591
vt 0.119373776 0.5518591
vt 0.07436399 0.5988258
vt 0.064579256 0.5870842
vt 0.06262231 0.51272017
vt 0.050880626 0.5518591
vt 0.07436399 0.38356164
vt 0.12524462 0.35029355
vt 0.16046967 0.369863
vt 0.06262231 0.6771037
vt 0.03522505 0.6947162
vt 0.06262231 0.7181996
vt 0.34637964 0.12720157
vt 0.34637964 0.08023483
vt 0.38747555 0.11741683
vt 0.04696673 0.65362036
vt 0.93933463 0.99804306
vt 0.9726027 0.9510763
vt 0.98043054 0.99021524
vt 0.23679061 0.407045
vt 0.27201566 0.39921722
vt 0.21917808 0.39921722
vt 0.55772996 0.96868885
vt 0.51272017 0.9726027
vt 0.518591 0.99804306
vt 0.5655577 0.99804306
vt 0.20547946 0.11154599
vt 0.21526419 0.12720157
vt 0.18395303 0.14285715
vt 0.16634052 0.11154599
vt 0.25440314 0.42074364
vt 0.04892368 0.43052837
vt 0.0058708414 0.42270058
vt 0.0019569471 0.39530334
vt 0.050880626 0.37964776
vt 0.99804306 0.38356164
vt 0.9334638 0.42465752
vt 0.98043054 0.4403131
vt 0.94716245 0.3522505
vt 0.9843444 0.34637964
vt 0.9491194 0.31311154
vt 0.98630136 0.3189824
vt 0.70841485 0.28962818
vt 0.7162427 0.31506848
vt 0.6731898 0.26223093
vt 0.6497065 0.22896282
vt 0.56164384 0.39530334
vt 0.4892368 0.39530334
vt 0.5303327 0.36007828
vt 0.94716245 0.24266145
vt 0.960861 0.21526419
vt 0.9882583 0.25244617
vt 0.96477497 0.2739726
vt 0.93542075 0.3111546
vt 0.90606654 0.2818004
vt 0.87279844 0.2818004
vt 0.50097847 0.105675146
vt 0.51663405 0.13894325
vt 0.5518591 0.105675146
vt 0.06849315 0.32681018
vt 0.09393346 0.36399218
vt 0.06262231 0.35029355
vt 0.8649706 0.27592954
vt 0.85714287 0.25244617
vt 0.8962818 0.3365949
vt 0.11154599 0.40117416
vt 0.9217221 0.3189824
vt 0.6516634 0.24266145
vt 0.9315069 0.21526419
vt 0.87866926 0.21917808
vt 0.09393346 0.30136988
vt 0.08023483 0.26223093
vt 0.8864971 0.29549903
vt 0.962818 0.19960861
vt 0.9784736 0.22896282
vt 0.36790606 0.19765167
vt 0.39921722 0.22504893
vt 0.407045 0.19765167
vt 0.35812134 0.22309197
vt 0.17221135 0.16438356
vt 0.23679061 0.12524462
vt 0.26418787 0.12915851
vt 0.32093933 0.119373776
vt 0.33855185 0.14285715
vt 0.30136988 0.14872798
vt 0.6262231 0.9784736
vt 0.64579254 0.99804306
vt 0.6712329 0.9726027
vt 0.8434442 0.72602737
vt 0.9041096 0.7455969
vt 0.9041096 0.7455969
vt 0.8434442 0.72602737
vt 0.739726 0.6927593
vt 0.739726 0.6927593
vt 0.7338552 0.69080234
vt 0.72798437 0.7925636
vt 0.7064579 0.79452056
vt 0.73189825 0.69080234
vt 0.7338552 0.69080234
vt 0.73189825 0.69080234
vt 0.71428573 0.6849315
vt 0.71428573 0.6849315
vt 0.70841485 0.6829746
vt 0.70841485 0.6888454
vt 0.7064579 0.9549902
vt 0.7064579 0.9549902
vt 0.7064579 0.9549902
vt 0.7064579 0.9549902
vt 0.7064579 0.9706458
vt 0.7064579 0.9706458
vt 0.7064579 0.9726027
vt 0.7123288 0.96868885
vt 0.7221135 0.9941292
vt 0.7064579 0.99804306
vt 0.7064579 0.9726027
vt 0.7064579 0.99804306
vt 0.0019569471 0.99804306
vt 0.0058708414 0.9921722
vt 0.0058708414 0.9921722
vt 0.0019569471 0.99804306
vt 0.29549903 0.74168295
vt 0.28375733 0.7358121
vt 0.28375733 0.7358121
vt 0.29549903 0.74168295
vt 0.15655577 0.056751467
vt 0.14872798 0.058708414
vt 0.14872798 0.058708414
vt 0.15655577 0.056751467
vt 0.62035227 0.1409002
vt 0.62035227 0.18982388
vt 0.62035227 0.18982388
vt 0.62035227 0.1409002
vt 0.6223092 0.11545988
vt 0.6223092 0.11545988
vt 0.62035227 0.0665362
vt 0.62035227 0.0665362
vt 0.62035227 0.050880626
vt 0.6829746 0.05479452
vt 0.29745597 0.96477497
vt 0.29745597 0.9667319
vt 0.29745597 0.9667319
vt 0.29745597 0.9667319
vt 0.29745597 0.96477497
vt 0.29745597 0.95303327
vt 0.29745597 0.925636
vt 0.29745597 0.95303327
vt 0.29745597 0.925636
vt 0.29745597 0.9158513
vt 0.29745597 0.9158513
vt 0.46183953 0.29745597
vt 0.46379647 0.29745597
vt 0.46379647 0.29745597
vt 0.46183953 0.29745597
vt 0.42857143 0.30528376
vt 0.42857143 0.30528376
vt 0.6379648 0.6614481
vt 0.56751466 0.66536206
vt 0.56751466 0.66536206
vt 0.6379648 0.6614481
vt 0.64187866 0.66536206
vt 0.64579254 0.6477495
vt 0.64579254 0.66536206
vt 0.64187866 0.66536206
vt 0.64579254 0.66536206
vt 0.6614481 0.66536206
vt 0.6614481 0.66536206
vt 0.6849315 0.66536206
vt 0.6849315 0.66536206
vt 0.7514677 0.6614481
vt 0.7514677 0.6614481
vt 0.75342464 0.6614481
vt 0.75342464 0.6614481
vt 0.64579254 0.27005872
vt 0.6888454 0.27201566
vt 0.66340506 0.2035225
vt 0.6594912 0.2035225
vt 0.66340506 0.2035225
vt 0.6477495 0.2035225
vt 0.6594912 0.2035225
vt 0.6399217 0.20939335
vt 0.6399217 0.2035225
vt 0.6477495 0.2035225
vt 0.6379648 0.2035225
vt 0.6399217 0.2035225
vt 0.6379648 0.2035225
vt 0.63600785 0.2035225
vt 0.63600785 0.2035225
vt 0.62035227 0.2035225
vt 0.62035227 0.2035225
vt 0.2407045 0.17612524
vt 0.16438356 0.21330725
vt 0.2407045 0.21526419
vt 0.2407045 0.21526419
vt 0.2407045 0.17612524
vt 0.2407045 0.12915851
vt 0.2407045 0.12915851
vt 0.9217221 0.49510762
vt 0.9158513 0.47553816
vt 0.9158513 0.47553816
vt 0.9217221 0.49510762
vt 0.92367905 0.5029354
vt 0.92367905 0.5029354
vt 0.9334638 0.7475538
vt 0.9491194 0.74951077
vt 0.9491194 0.74951077
vt 0.9334638 0.7475538
vt 0.9217221 0.7455969
vt 0.9217221 0.7592955
vt 0.0019569471 0.5772994
vt 0.019569471 0.555773
vt 0.007827789 0.555773
vt 0.007827789 0.555773
vt 0.01369863 0.58317024
vt 0.0019569471 0.5812133
vt 0.0019569471 0.5772994
vt 0.0039138943 0.40313113
vt 0.0019569471 0.39138943
vt 0.0019569471 0.39138943
vt 0.0039138943 0.40313113
vt 0.0039138943 0.45792565
vt 0.0039138943 0.45792565
vt 0.0039138943 0.5107632
vt 0.0039138943 0.5107632
vt 0.0039138943 0.5264188
vt 0.0039138943 0.5264188
vt 0.0058708414 0.5420744
vt 0.09393346 0.52837574
vt 0.0058708414 0.5479452
vt 0.0058708414 0.5420744
vt 0.099804305 0.5479452
vt 0.18395303 0.32681018
vt 0.21917808 0.21917808
vt 0.21722114 0.31506848
vt 0.21722114 0.31506848
vt 0.18395303 0.32681018
vt 0.14677104 0.33855185
vt 0.14677104 0.33855185
vt 0.13111547 0.3444227
vt 0.13111547 0.3444227
vt 0.019569471 0.37964776
vt 0.019569471 0.37964776
vt 0.015655577 0.3816047
vt 0.015655577 0.23287672
vt 0.0039138943 0.3620352
vt 0.0039138943 0.38747555
vt 0.015655577 0.3816047
vt 0.0332681 0.63013697
vt 0.07632094 0.57338554
vt 0.052837573 0.5714286
vt 0.052837573 0.5714286
vt 0.0332681 0.63013697
vt 0.019569471 0.6712329
vt 0.019569471 0.6712329
vt 0.0019569471 0.72015655
vt 0.0019569471 0.72015655
vt 0.01369863 0.72602737
vt 0.037181996 0.6712329
vt 0.09784736 0.76125246
vt 0.01369863 0.72602737
vt 0.09784736 0.76125246
vt 0.1037182 0.7632094
vt 0.1037182 0.7632094
vt 0.10763209 0.76516634
vt 0.10763209 0.76516634
vt 0.119373776 0.7690802
vt 0.16046967 0.6731898
vt 0.2818004 0.7553816
vt 0.12328767 0.77103716
vt 0.119373776 0.7690802
vt 0.25440314 0.7729941
vt 0.27592954 0.17612524
vt 0.27005872 0.30919766
vt 0.26810175 0.1780822
vt 0.26810175 0.1780822
vt 0.2994129 0.21135029
vt 0.30919766 0.16046967
vt 0.27592954 0.17612524
vt 0.30919766 0.16046967
vt 0.3365949 0.16046967
vt 0.3365949 0.16046967
vt 0.3444227 0.15459883
vt 0.33855185 0.16634052
vt 0.39921722 0.12133072
vt 0.3444227 0.15459883
vt 0.39921722 0.12133072
vt 0.41682974 0.119373776
vt 0.41682974 0.119373776
vt 0.42074364 0.12524462
vt 0.42074364 0.12524462
vt 0.88454014 0.050880626
vt 0.88454014 0.043052837
vt 0.88454014 0.043052837
vt 0.88454014 0.050880626
vt 0.88454014 0.19569471
vt 0.88454014 0.19569471
vt 0.88454014 0.2661448
vt 0.88454014 0.2661448
vt 0.86105675 0.14872798
vt 0.82778865 0.15459883
vt 0.82778865 0.15459883
vt 0.86105675 0.14872798
vt 0.42270058 0.49119374
vt 0.43052837 0.32681018
vt 0.43052837 0.32681018
vt 0.42270058 0.49119374
vt 0.42074364 0.49510762
vt 0.42074364 0.49510762
vt 0.42074364 0.49510762
vt 0.42074364 0.49510762
vt 0.4187867 0.49510762
vt 0.4187867 0.49510762
vt 0.40508807 0.51272017
vt 0.4187867 0.49510762
vt 0.40508807 0.51272017
vt 0.2485323 0.5107632
vt 0.25048923 0.52250487
vt 0.25048923 0.52250487
vt 0.2485323 0.5107632
vt 0.2485323 0.5107632
vt 0.2485323 0.5107632
vt 0.2485323 0.50489235
vt 0.2485323 0.50489235
vt 0.2485323 0.37573385
vt 0.2485323 0.37573385
vt 0.8864971 0.32876712
vt 0.9099804 0.32876712
vt 0.9099804 0.32876712
vt 0.8864971 0.32876712
vt 0.8708415 0.33072406
vt 0.8708415 0.33072406
vt 0.81409 0.33072406
vt 0.81409 0.33072406
vt 0.7906067 0.32876712
vt 0.7906067 0.32876712
vt 0.7847358 0.33072406
vt 0.77690804 0.30528376
vt 0.7729941 0.33072406
vt 0.7847358 0.33072406
vt 0.7729941 0.33072406
vt 0.704501 0.32681018
vt 0.704501 0.32681018
vt 0.70254403 0.32681018
vt 0.6966732 0.27005872
vt 0.6947162 0.32681018
vt 0.7005871 0.32681018
vt 0.70254403 0.32681018
vt 0.6947162 0.32876712
vt 0.7005871 0.32681018
vt 0.9080235 0.7162427
vt 0.9080235 0.71428573
vt 0.9080235 0.71428573
vt 0.9080235 0.7162427
vt 0.90606654 0.7162427
vt 0.9080235 0.7103718
vt 0.8630137 0.7103718
vt 0.87866926 0.73189825
vt 0.90606654 0.7162427
vt 0.87866926 0.73189825
vt 0.9041096 0.81409
vt 0.91780823 0.8180039
vt 0.9158513 0.74951077
vt 0.9158513 0.74951077
vt 0.9158513 0.74951077
vt 0.9158513 0.74951077
vt 0.76516634 0.7906067
vt 0.5264188 0.9921722
vt 0.49902153 0.960861
vt 0.5440313 0.98630136
vt 0.47358122 0.99804306
vt 0.0019569471 0.59491193
vt 0.0019569471 0.65753424
vt 0.0332681 0.6105675
vt 0.32093933 0.7240704
vt 0.27984345 0.7240704
vt 0.19569471 0.11154599
vt 0.08806262 0.09393346
vt 0.15655577 0.06066536
vt 0.26810175 0.0704501
vt 0.15655577 0.06066536
vt 0.64579254 0.18590999
vt 0.68101764 0.11154599
vt 0.72602737 0.1037182
vt 0.72015655 0.037181996
vt 0.33463797 0.9882583
vt 0.32093933 0.99804306
vt 0.30332682 0.9510763
vt 0.33463797 0.92759293
vt 0.46966732 0.26418787
vt 0.43835616 0.2661448
vt 0.6379648 0.65362036
vt 0.5694716 0.592955
vt 0.555773 0.6614481
vt 0.6438356 0.5812133
vt 0.667319 0.58317024
vt 0.7553816 0.6144814
vt 0.6829746 0.6594912
vt 0.75342464 0.6614481
vt 0.62035227 0.2857143
vt 0.667319 0.29745597
vt 0.0039138943 0.21526419
vt 0.02739726 0.18395303
vt 0.0019569471 0.18199609
vt 0.08219178 0.19178082
vt 0.05479452 0.21135029
vt 0.13111547 0.12133072
vt 0.18590999 0.12133072
vt 0.23091976 0.13111547
vt 0.8864971 0.4774951
vt 0.8806262 0.5029354
vt 0.94716245 0.7964775
vt 0.9217221 0.8121331
vt 0.0665362 0.56164384
vt 0.007827789 0.39138943
vt 0.0665362 0.3894325
vt 0.11741683 0.4774951
vt 0.21135029 0.518591
vt 0.26810175 0.54990214
vt 0.12524462 0.9373777
vt 0.18982388 0.9960861
vt 0.015655577 0.99804306
vt 0.015655577 0.86692756
vt 0.08806262 0.21917808
vt 0.20547946 0.79452056
vt 0.0019569471 0.79452056
vt 0.01369863 0.7808219
vt 0.0019569471 0.22113504
vt 0.21526419 0.5753425
vt 0.34050882 0.8258317
vt 0.34246576 0.99804306
vt 0.5205479 0.9295499
vt 0.43835616 0.83365947
vt 0.54011744 0.81604695
vt 0.54011744 0.9589041
vt 0.30528376 0.33855185
vt 0.36007828 0.25831702
vt 0.42270058 0.17221135
vt 0.4187867 0.13111547
vt 0.89041096 0.045009784
vt 0.9158513 0.23091976
vt 0.9921722 0.33855185
vt 0.82778865 0.16242662
vt 0.4148728 0.2935421
vt 0.3620352 0.2818004
vt 0.32876712 0.33463797
vt 0.33463797 0.43639922
vt 0.25048923 0.5107632
vt 0.32289627 0.5146771
vt 0.37964776 0.51272017
vt 0.27592954 0.52250487
vt 0.27201566 0.3620352
vt 0.8962818 0.30528376
vt 0.86692756 0.2485323
vt 0.81409 0.21526419
vt 0.77103716 0.24657534
vt 0.6966732 0.18982388
vt 0.7455969 0.42074364
vt 0.7553816 0.45596868
vt 0.7181996 0.45596868
vt 0.9041096 0.8434442
vt 0.9158513 0.86888456
vt 0.76125246 0.82778865
vt 0.33463797 0.9001957
vt 0.30919766 0.88258314
vt 0.30919766 0.9138943
vt 0.32289627 0.86692756
vt 0.9921722 0.45596868
vt 0.9921722 0.37573385
vt 0.9823875 0.33855185
vt 0.9138943 0.33463797
vt 0.9001957 0.46379647
vt 0.8023483 0.41095892
vt 0.86692756 0.33855185
vt 0.45596868 0.960861
vt 0.4324853 0.9784736
vt 0.70254403 0.39138943
vt 0.70254403 0.45401174
vt 0.72798437 0.4324853
vt 0.7925636 0.33463797
vt 0.7573385 0.3365949
vt 0.76125246 0.444227
vt 0.7064579 0.9138943
vt 0.74363995 0.87866926
vt 0.74168295 0.9295499
vt 0.7064579 0.8590998
vt 0.2446184 0.12524462
vt 0.29549903 0.11154599
vt 0.92367905 0.12133072
vt 0.9882583 0.12915851
vt 0.9941292 0.08219178
vt 0.9432485 0.09589041
vt 0.70841485 0.16046967
vt 0.7221135 0.13502936
vt 0.31506848 0.08806262
vt 0.3111546 0.12720157
vt 0.34246576 0.12720157
vt 0.3894325 0.11741683
vt 0.04109589 0.7749511
vt 0.037181996 0.74168295
vt 0.0019569471 0.7749511
vt 0.06849315 0.7749511
vt 0.33463797 0.94716245
vt 0.39530334 0.09784736
vt 0.33463797 0.064579256
vt 0.8121331 0.15068494
vt 0.7925636 0.10176125
vt 0.8473581 0.13894325
vt 0.45401174 0.22896282
vt 0.42465752 0.18982388
vt 0.6223092 0.52446187
vt 0.67906064 0.5303327
vt 0.7553816 0.5772994
vt 0.7690802 0.5440313
vt 0.7573385 0.5146771
vt 0.7690802 0.52250487
vt 0.6497065 0.31506848
vt 0.037181996 0.12133072
vt 0.105675146 0.12133072
vt 0.83365947 0.4892368
vt 0.9510763 0.8982387
vt 0.962818 0.84540117
vt 0.9217221 0.8434442
vt 0.12133072 0.39138943
vt 0.16829745 0.43052837
vt 0.18982388 0.39530334
vt 0.2446184 0.3894325
vt 0.54598826 0.79452056
vt 0.54598826 0.70254403
vt 0.6712329 0.66927594
vt 0.6477495 0.8121331
vt 0.6771037 0.79452056
vt 0.70254403 0.72798437
vt 0.70254403 0.8375734
vt 0.27592954 0.9589041
vt 0.30136988 0.9941292
vt 0.33463797 0.7925636
vt 0.18786693 0.7808219
vt 0.29745597 0.778865
vt 0.3444227 0.7181996
vt 0.481409 0.6731898
vt 0.6320939 0.3189824
vt 0.5479452 0.3816047
vt 0.69080234 0.32289627
vt 0.37573385 0.5968689
vt 0.37181997 0.52250487
vt 0.3111546 0.52250487
vt 0.30919766 0.66927594
vt 0.2446184 0.5753425
vt 0.4148728 0.28962818
vt 0.92367905 0.14285715
vt 0.962818 0.18395303
vt 0.97455966 0.23874755
vt 0.9941292 0.2857143
vt 0.5890411 0.3816047
vt 0.5772994 0.40900195
vt 0.5636008 0.41095892
vt 0.6086106 0.41095892
vt 0.8082192 0.18786693
vt 0.79452056 0.1780822
vt 0.82778865 0.16242662
vt 0.7592955 0.19765167
vt 0.70254403 0.16829745
vt 0.91193736 0.99804306
vt 0.76516634 0.9334638
vt 0.7573385 0.88258314
vt 0.5146771 0.74363995
vt 0.51663405 0.69863015
vt 0.5420744 0.7103718
vt 0.54011744 0.75342464
vt 0.5420744 0.7886497
vt 0.9784736 0.7005871
vt 0.99804306 0.7475538
vt 0.9589041 0.7475538
vt 0.9080235 0.7240704
vt 0.3737769 0.6888454
vt 0.31311154 0.7221135
vt 0.26418787 0.6888454
vt 0.78669274 0.4598826
vt 0.7005871 0.41682974
vt 0.67906064 0.3776908
vt 0.7005871 0.35029355
vt 0.26810175 0.13894325
vt 0.3072407 0.15655577
vt 0.9941292 0.1741683
vt 0.93542075 0.14677104
vt 0.30136988 0.11154599
vt 0.7553816 0.099804305
vt 0.7358121 0.15068494
vt 0.4324853 0.14677104
vt 0.46966732 0.15459883
vt 0.66927594 0.4774951
vt 0.60273975 0.4853229
vt 0.7690802 0.4892368
vt 0.92367905 0.98630136
vt 0.960861 0.9667319
vt 0.92759293 0.9138943
vt 0.9217221 0.8864971
vt 0.98043054 0.85714287
vt 0.96868885 0.9315069
vt 0.9726027 0.9589041
vt 0.9921722 0.853229
vt 0.9941292 0.9099804
vt 0.9823875 0.9549902
vt 0.5968689 0.8414873
vt 0.54598826 0.82778865
vt 0.6438356 0.88454014
vt 0.68101764 0.94520545
vt 0.70254403 0.95303327
vt 0.80430526 0.66536206
vt 0.77690804 0.63013697
vt 0.77690804 0.5146771
vt 0.81409 0.48727983
vt 0.9823875 0.5479452
vt 0.9823875 0.66340506
vt 0.9960861 0.5088063
vt 0.9941292 0.6594912
vt 0.44227007 0.518591
vt 0.592955 0.51663405
vt 0.43444228 0.30919766
vt 0.4853229 0.32093933
vt 0.4481409 0.6262231
vt 0.518591 0.52250487
vt 0.4266145 0.66927594
vt 0.37964776 0.66927594
vt 0.6183953 0.99804306
vt 0.66927594 0.99804306
vt 0.6555773 0.9823875
vt 0.5479452 0.9843444
vt 0.5694716 0.99804306
vt 0.5420744 0.62035227
vt 0.5303327 0.66536206
vt 0.5518591 0.6731898
vt 0.5322896 0.555773
vt 0.555773 0.54598826
vt 0.5714286 0.5264188
vt 0.9882583 0.6849315
vt 0.8003914 0.7064579
vt 0.7221135 0.9765166
vt 0.7123288 0.93542075
vt 0.9941292 0.79452056
vt 0.9549902 0.7632094
vt 0.95694715 0.8003914
vt 0.32876712 0.7299413
vt 0.33855185 0.7690802
vt 0.30528376 0.7690802
vt 0.2857143 0.75342464
vt 0.35420743 0.70841485
vt 0.92759293 0.481409
vt 0.9823875 0.5146771
vt 0.9334638 0.5264188
vt 0.9823875 0.481409
vt 0.6614481 0.39530334
vt 0.6262231 0.36399218
vt 0.68101764 0.45596868
vt 0.6497065 0.41291586
vt 0.6516634 0.44227007
vt 0.5694716 0.57925636
vt 0.54598826 0.5596869
vt 0.54598826 0.6164383
vt 0.56164384 0.55772996
vt 0.7553816 0.8434442
vt 0.7123288 0.81017613
vt 0.7064579 0.8434442
vt 0.74951077 0.80430526
vt 0.7299413 0.10763209
vt 0.46771038 0.119373776
vt 0.61252445 0.4598826
vt 0.6516634 0.45596868
vt 0.6829746 0.4598826
vt 0.77690804 0.4598826
vt 0.962818 0.82191783
vt 0.9941292 0.81604695
vt 0.9667319 0.80430526
vt 0.9510763 0.99804306
vt 0.555773 0.8708415
vt 0.54598826 0.9491194
vt 0.6046967 0.9373777
vt 0.6144814 0.96868885
vt 0.67906064 0.96868885
vt 0.70254403 0.99804306
vt 0.7749511 0.6771037
vt 0.60273975 0.41682974
vt 0.5772994 0.45401174
vt 0.6144814 0.45401174
vt 0.9941292 0.75342464
vt 0.6086106 0.23679061
vt 0.6164383 0.3111546
vt 0.6164383 0.15851273
vt 0.6086106 0.13111547
vt 0.5303327 0.27592954
vt 0.5440313 0.15068494
vt 0.5362035 0.1330724
vt 0.49119374 0.13111547
vt 0.47945204 0.19373778
vt 0.6183953 0.38551858
vt 0.54990214 0.31311154
vt 0.4853229 0.3072407
vt 0.47945204 0.31506848
vt 0.54598826 0.9706458
vt 0.6771037 0.9941292
vt 0.5714286 0.4266145
vt 0.47358122 0.5870842
vt 0.481409 0.667319
vt 0.25831702 0.6712329
vt 0.70841485 0.9549902
vt 0.007827789 0.99804306
vt 0.9706458 0.9667319
vt 0.99021524 0.99804306
vt 0.96868885 0.9960861
vt 0.39530334 0.6947162
vt 0.37573385 0.6849315
vt 0.39530334 0.6731898
vt 0.3816047 0.99804306
vt 0.4148728 0.9765166
vt 0.42270058 0.99804306
vt 0.99021524 0.9589041
vt 0.24266145 0.518591
vt 0.22504893 0.481409
vt 0.2446184 0.49119374
vt 0.0019569471 0.7632094
vt 0.015655577 0.7553816
vt 0.0019569471 0.7338552
vt 0.3776908 0.69863015
vt 0.22504893 0.5205479
vt 0.7221135 0.20156556
vt 0.7358121 0.19569471
vt 0.7358121 0.19960861
vt 0.7358121 0.19960861
vt 0.7103718 0.113502935
vt 0.7103718 0.20156556
vt 0.7221135 0.20156556
vt 0.7103718 0.20156556
vt 0.8551859 0.49315068
vt 0.8551859 0.49315068
vt 0.8551859 0.49315068
vt 0.8551859 0.49315068
vt 0.8551859 0.49119374
vt 0.8551859 0.49119374
vt 0.853229 0.4853229
vt 0.853229 0.4853229
vt 0.84931505 0.46771038
vt 0.84931505 0.46771038
vt 0.83170253 0.39921722
vt 0.83170253 0.39921722
vt 0.8258317 0.37181997
vt 0.8414873 0.36007828
vt 0.82778865 0.3561644
vt 0.5655577 0.23091976
vt 0.5420744 0.21135029
vt 0.5440313 0.22896282
vt 0.5440313 0.22896282
vt 0.61252445 0.2446184
vt 0.5655577 0.23091976
vt 0.61252445 0.2446184
vt 0.67906064 0.23679061
vt 0.67906064 0.23679061
vt 0.704501 0.23679061
vt 0.704501 0.23679061
vt 0.7240704 0.23679061
vt 0.7240704 0.23679061
vt 0.7358121 0.23483366
vt 0.7358121 0.23483366
vt 0.7358121 0.23287672
vt 0.7358121 0.23287672
vt 0.5205479 0.7162427
vt 0.5205479 0.74168295
vt 0.5205479 0.74168295
vt 0.5205479 0.7162427
vt 0.5205479 0.7064579
vt 0.49902153 0.7123288
vt 0.5068493 0.70841485
vt 0.5205479 0.7064579
vt 0.49902153 0.70841485
vt 0.5068493 0.70841485
vt 0.49902153 0.70841485
vt 0.2778865 0.7925636
vt 0.2778865 0.7592955
vt 0.2778865 0.7592955
vt 0.2778865 0.7925636
vt 0.27005872 0.8434442
vt 0.27005872 0.8434442
vt 0.2857143 0.86105675
vt 0.2857143 0.86105675
vt 0.54011744 0.16242662
vt 0.6046967 0.15851273
vt 0.6046967 0.15851273
vt 0.54011744 0.16242662
vt 0.8356164 0.3111546
vt 0.83365947 0.3111546
vt 0.83365947 0.3111546
vt 0.89432484 0.30919766
vt 0.86105675 0.30528376
vt 0.8356164 0.3111546
vt 0.2661448 0.6888454
vt 0.22504893 0.60665363
vt 0.25636008 0.60665363
vt 0.25636008 0.60665363
vt 0.2661448 0.6888454
vt 0.2661448 0.69080234
vt 0.2661448 0.69080234
vt 0.2661448 0.69080234
vt 0.2661448 0.69080234
vt 0.2661448 0.7749511
vt 0.2661448 0.7749511
vt 0.2661448 0.7847358
vt 0.2661448 0.7847358
vt 0.26223093 0.7925636
vt 0.26223093 0.7925636
vt 0.9510763 0.73189825
vt 0.96477497 0.72015655
vt 0.96477497 0.72015655
vt 0.9510763 0.73189825
vt 0.93542075 0.72798437
vt 0.9491194 0.73776907
vt 0.8551859 0.7162427
vt 0.93542075 0.72798437
vt 0.8551859 0.7162427
vt 0.8414873 0.7162427
vt 0.8414873 0.7162427
vt 0.83953035 0.7162427
vt 0.83953035 0.7162427
vt 0.8356164 0.7162427
vt 0.8356164 0.7162427
vt 0.8082192 0.7181996
vt 0.8082192 0.7181996
vt 0.42465752 0.99804306
vt 0.407045 0.99804306
vt 0.407045 0.99804306
vt 0.42465752 0.99804306
vt 0.5851272 0.13894325
vt 0.6262231 0.12915851
vt 0.6262231 0.12915851
vt 0.5851272 0.13894325
vt 0.56751466 0.14285715
vt 0.56751466 0.14285715
vt 0.5205479 0.15655577
vt 0.5205479 0.15655577
vt 0.51663405 0.15655577
vt 0.518591 0.15264188
vt 0.36790606 0.19373778
vt 0.3737769 0.19569471
vt 0.51663405 0.15655577
vt 0.3737769 0.19569471
vt 0.029354207 0.7064579
vt 0.0058708414 0.6555773
vt 0.0058708414 0.6555773
vt 0.029354207 0.7064579
vt 0.3072407 0.42074364
vt 0.32289627 0.44618395
vt 0.25831702 0.444227
vt 0.2994129 0.42270058
vt 0.25831702 0.444227
vt 0.2994129 0.42270058
vt 0.3072407 0.4187867
vt 0.96868885 0.7358121
vt 0.9706458 0.7358121
vt 0.96868885 0.7358121
vt 0.96868885 0.7358121
vt 0.96868885 0.73776907
vt 0.96868885 0.7358121
vt 0.96868885 0.73776907
vt 0.96868885 0.7671233
vt 0.96868885 0.7671233
vt 0.96868885 0.8003914
vt 0.96868885 0.8003914
vt 0.96868885 0.8003914
vt 0.96868885 0.8003914
vt 0.25244617 0.39334637
vt 0.25244617 0.39530334
vt 0.25244617 0.39530334
vt 0.25244617 0.39334637
vt 0.25440314 0.3365949
vt 0.25440314 0.3365949
vt 0.25440314 0.31702545
vt 0.25440314 0.31702545
vt 0.25244617 0.28767124
vt 0.25244617 0.28767124
vt 0.25244617 0.28767124
vt 0.27984345 0.2778865
vt 0.25244617 0.27592954
vt 0.25244617 0.28767124
vt 0.25244617 0.27592954
vt 0.2485323 0.27201566
vt 0.25244617 0.27201566
vt 0.25048923 0.26027396
vt 0.2485323 0.27201566
vt 0.25048923 0.26027396
vt 0.7906067 0.2485323
vt 0.7906067 0.2485323
vt 0.7906067 0.2485323
vt 0.7906067 0.2485323
vt 0.7886497 0.2485323
vt 0.7886497 0.2485323
vt 0.74951077 0.23483366
vt 0.74951077 0.23483366
vt 0.739726 0.23287672
vt 0.74168295 0.15851273
vt 0.66536206 0.5518591
vt 0.66536206 0.53816044
vt 0.66536206 0.53816044
vt 0.66536206 0.5518591
vt 0.66536206 0.5694716
vt 0.6712329 0.5694716
vt 0.518591 0.19373778
vt 0.5107632 0.18395303
vt 0.51663405 0.18395303
vt 0.5205479 0.19373778
vt 0.51663405 0.18395303
vt 0.5205479 0.19373778
vt 0.5205479 0.19373778
vt 0.5205479 0.19373778
vt 0.52446187 0.2035225
vt 0.52446187 0.2074364
vt 0.52446187 0.2035225
vt 0.52446187 0.2074364
vt 0.52446187 0.2074364
vt 0.52446187 0.2074364
vt 0.53816044 0.24657534
vt 0.53816044 0.24657534
vt 0.54598826 0.2661448
vt 0.54598826 0.2661448
vt 0.54990214 0.2778865
vt 0.5440313 0.28962818
vt 0.5596869 0.36007828
vt 0.56164384 0.31311154
vt 0.54990214 0.2778865
vt 0.56164384 0.31311154
vt 0.5753425 0.35029355
vt 0.5753425 0.35029355
vt 0.5812133 0.369863
vt 0.5812133 0.369863
vt 0.58317024 0.37573385
vt 0.49315068 0.40508807
vt 0.58317024 0.37573385
vt 0.49315068 0.40508807
vt 0.4892368 0.407045
vt 0.4892368 0.407045
vt 0.48727983 0.407045
vt 0.48727983 0.407045
vt 0.43835616 0.42270058
vt 0.43835616 0.42270058
vt 0.43835616 0.42270058
vt 0.46183953 0.2994129
vt 0.44227007 0.34637964
vt 0.015655577 0.5714286
vt 0.0058708414 0.56751466
vt 0.0058708414 0.56751466
vt 0.015655577 0.5714286
vt 0.021526419 0.57338554
vt 0.021526419 0.57338554
vt 0.08219178 0.59491193
vt 0.08219178 0.59491193
vt 0.10763209 0.6046967
vt 0.10763209 0.6046967
vt 0.47358122 0.6829746
vt 0.4853229 0.6966732
vt 0.4853229 0.6829746
vt 0.4853229 0.6829746
vt 0.47358122 0.6829746
vt 0.40508807 0.68688846
vt 0.40508807 0.68688846
vt 0.37573385 0.6849315
vt 0.37573385 0.6849315
vt 0.36399218 0.6849315
vt 0.36594912 0.704501
vt 0.3522505 0.6849315
vt 0.36399218 0.6849315
vt 0.3522505 0.6849315
vt 0.30919766 0.6849315
vt 0.30919766 0.6849315
vt 0.30332682 0.6849315
vt 0.30332682 0.6849315
vt 0.29549903 0.6829746
vt 0.29549903 0.6829746
vt 0.29549903 0.68101764
vt 0.29549903 0.68101764
vt 0.5753425 0.62035227
vt 0.5812133 0.6046967
vt 0.5812133 0.6046967
vt 0.5753425 0.62035227
vt 0.53424656 0.7181996
vt 0.53424656 0.7181996
vt 0.518591 0.7553816
vt 0.518591 0.7553816
vt 0.5107632 0.77690804
vt 0.5107632 0.77690804
vt 0.5088063 0.778865
vt 0.5088063 0.778865
vt 0.5088063 0.7808219
vt 0.5088063 0.7808219
vt 0.9784736 0.9706458
vt 0.99021524 0.99804306
vt 0.99021524 0.99804306
vt 0.9784736 0.9706458
vt 0.9726027 0.9589041
vt 0.9726027 0.9589041
vt 0.96868885 0.9510763
vt 0.96868885 0.9510763
vt 0.9667319 0.9432485
vt 0.9667319 0.9432485
vt 0.54011744 0.45401174
vt 0.54011744 0.39726028
vt 0.54011744 0.39726028
vt 0.54011744 0.45401174
vt 0.54011744 0.49510762
vt 0.54011744 0.49510762
vt 0.5420744 0.5655577
vt 0.5420744 0.5655577
vt 0.5420744 0.56751466
vt 0.5420744 0.56751466
vt 0.5420744 0.59491193
vt 0.5420744 0.59491193
vt 0.5420744 0.6555773
vt 0.5420744 0.6555773
vt 0.5420744 0.6888454
vt 0.5420744 0.6888454
vt 0.15655577 0.5205479
vt 0.15459883 0.52837574
vt 0.15459883 0.52837574
vt 0.15655577 0.5205479
vt 0.1741683 0.45792565
vt 0.1741683 0.45792565
vt 0.17612524 0.45401174
vt 0.1369863 0.4520548
vt 0.13894325 0.407045
vt 0.17612524 0.4520548
vt 0.17612524 0.45401174
vt 0.17612524 0.4520548
vt 0.17612524 0.4520548
vt 0.17612524 0.4520548
vt 0.17612524 0.4481409
vt 0.1741683 0.39334637
vt 0.1780822 0.444227
vt 0.17612524 0.4481409
vt 0.1780822 0.444227
vt 0.18003914 0.43444228
vt 0.18395303 0.39530334
vt 0.18786693 0.40313113
vt 0.18786693 0.407045
vt 0.18003914 0.43444228
vt 0.18786693 0.407045
vt 0.18982388 0.40508807
vt 0.18982388 0.40508807
vt 0.18982388 0.40313113
vt 0.18982388 0.39921722
vt 0.18982388 0.40313113
vt 0.18982388 0.39921722
vt 0.19178082 0.39530334
vt 0.19178082 0.39530334
vt 0.18786693 0.39530334
vt 0.18786693 0.39530334
vt 0.18395303 0.39530334
vt 0.15655577 0.3894325
vt 0.1741683 0.39334637
vt 0.15655577 0.3894325
vt 0.1369863 0.38356164
vt 0.1369863 0.38356164
vt 0.8238748 0.704501
vt 0.82778865 0.70841485
vt 0.8258317 0.70841485
vt 0.8258317 0.70841485
vt 0.86105675 0.68688846
vt 0.8082192 0.66536206
vt 0.8238748 0.704501
vt 0.8082192 0.66536206
vt 0.8003914 0.6477495
vt 0.8003914 0.6477495
vt 0.79843444 0.64187866
vt 0.85714287 0.5812133
vt 0.77690804 0.5870842
vt 0.79843444 0.64187866
vt 0.77690804 0.5870842
vt 0.76125246 0.5518591
vt 0.76125246 0.5518591
vt 0.7592955 0.54598826
vt 0.7592955 0.54598826
vt 0.56751466 0.80626225
vt 0.5714286 0.7925636
vt 0.5714286 0.7925636
vt 0.59491193 0.8023483
vt 0.57338554 0.9001957
vt 0.5479452 0.8590998
vt 0.56751466 0.80626225
vt 0.5479452 0.8590998
vt 0.50489235 0.9843444
vt 0.50489235 0.9843444
vt 0.50489235 0.9882583
vt 0.57338554 0.9882583
vt 0.9960861 0.26027396
vt 0.9726027 0.2446184
vt 0.9706458 0.27592954
vt 0.9960861 0.32093933
vt 0.7338552 0.08806262
vt 0.9882583 0.45401174
vt 0.9432485 0.50489235
vt 0.96868885 0.40508807
vt 0.87279844 0.40117416
vt 0.8767123 0.35812134
vt 0.9158513 0.3444227
vt 0.9882583 0.3189824
vt 0.1780822 0.6105675
vt 0.12915851 0.6086106
vt 0.21135029 0.6947162
vt 0.20547946 0.7181996
vt 0.2074364 0.7925636
vt 0.96477497 0.7749511
vt 0.9589041 0.9041096
vt 0.91193736 0.83953035
vt 0.90215266 0.76516634
vt 0.8414873 0.7573385
vt 0.80626225 0.74168295
vt 0.4187867 0.98630136
vt 0.60273975 0.11154599
vt 0.5694716 0.1409002
vt 0.54990214 0.11545988
vt 0.5088063 0.099804305
vt 0.31702545 0.68101764
vt 0.27201566 0.66536206
vt 0.26810175 0.61252445
vt 0.34637964 0.65753424
vt 0.35029355 0.61252445
vt 0.43639922 0.16046967
vt 0.029354207 0.73189825
vt 0.0019569471 0.7592955
vt 0.0019569471 0.6555773
vt 0.3483366 0.4187867
vt 0.3620352 0.43052837
vt 0.9726027 0.76516634
vt 0.9941292 0.7690802
vt 0.30528376 0.32681018
vt 0.29549903 0.40900195
vt 0.32289627 0.25831702
vt 0.7906067 0.2485323
vt 0.7906067 0.20156556
vt 0.7906067 0.16634052
vt 0.7886497 0.13502936
vt 0.8434442 0.99804306
vt 0.86692756 0.9823875
vt 0.81409 0.9823875
vt 0.74168295 0.5694716
vt 0.7358121 0.5362035
vt 0.45596868 0.20156556
vt 0.43835616 0.18395303
vt 0.48336595 0.23287672
vt 0.518591 0.28767124
vt 0.43835616 0.23679061
vt 0.0058708414 0.55772996
vt 0.017612524 0.5636008
vt 0.11154599 0.5714286
vt 0.49119374 0.7671233
vt 0.5029354 0.7553816
vt 0.41682974 0.7455969
vt 0.40313113 0.6966732
vt 0.40313113 0.739726
vt 0.2994129 0.7338552
vt 0.29158512 0.7906067
vt 0.6888454 0.61252445
vt 0.6516634 0.70841485
vt 0.57338554 0.7847358
vt 0.5146771 0.7808219
vt 0.8356164 0.23287672
vt 0.79843444 0.34637964
vt 0.8003914 0.2035225
vt 0.9765166 0.9510763
vt 0.9921722 0.9921722
vt 0.9706458 0.93933463
vt 0.43444228 0.46966732
vt 0.45009786 0.5988258
vt 0.50097847 0.6829746
vt 0.53816044 0.6947162
vt 0.14481409 0.50489235
vt 0.96477497 0.7123288
vt 0.88454014 0.7123288
vt 0.98043054 0.68688846
vt 0.9334638 0.64187866
vt 0.8767123 0.65753424
vt 0.853229 0.6183953
vt 0.9138943 0.55772996
vt 0.81409 0.5362035
vt 0.7632094 0.54598826
vt 0.7847358 0.5088063
vt 0.66927594 0.5714286
vt 0.62035227 0.6046967
vt 0.61252445 0.5714286
vt 0.69863015 0.81017613
vt 0.65362036 0.80430526
vt 0.64579254 0.9001957
vt 0.62426615 0.99021524
vt 0.9823875 0.3561644
vt 0.078277886 0.6712329
vt 0.021526419 0.6086106
vt 0.13111547 0.6947162
vt 0.09001957 0.7553816
vt 0.08023483 0.79843444
vt 0.0019569471 0.79843444
vt 0.91780823 0.99804306
vt 0.960861 0.98043054
vt 0.8375734 0.88454014
vt 0.79843444 0.8747554
vt 0.7749511 0.778865
vt 0.8023483 0.9217221
vt 0.8356164 0.962818
vt 0.32485324 0.22700587
vt 0.31311154 0.24657534
vt 0.36007828 0.22309197
vt 0.3483366 0.19765167
vt 0.36399218 0.1780822
vt 0.25048923 0.1780822
vt 0.29549903 0.22700587
vt 0.23874755 0.21526419
vt 0.19960861 0.18395303
vt 0.35812134 0.4187867
vt 0.4266145 0.4187867
vt 0.38551858 0.45009786
vt 0.3561644 0.32681018
vt 0.37964776 0.4148728
vt 0.38356164 0.27201566
vt 0.3894325 0.20547946
vt 0.88454014 0.9941292
vt 0.27005872 0.7455969
vt 0.28767124 0.7299413
vt 0.28767124 0.7632094
vt 0.98630136 0.14481409
vt 0.9432485 0.17612524
vt 0.9315069 0.1369863
vt 0.9941292 0.119373776
vt 0.007827789 0.5107632
vt 0.009784736 0.42857143
vt 0.0019569471 0.45596868
vt 0.12524462 0.5146771
vt 0.40117416 0.99804306
vt 0.3620352 0.99804306
vt 0.33463797 0.9882583
vt 0.40508807 0.9882583
vt 0.49902153 0.8375734
vt 0.4148728 0.8551859
vt 0.40900195 0.79452056
vt 0.37181997 0.8356164
vt 0.29745597 0.8414873
vt 0.778865 0.6320939
vt 0.739726 0.6105675
vt 0.7592955 0.7103718
vt 0.7553816 0.7906067
vt 0.63013697 0.78669274
vt 0.851272 0.27984345
vt 0.9041096 0.2407045
vt 0.8747554 0.18786693
vt 0.888454 0.15068494
vt 0.9412916 0.18199609
vt 0.9823875 0.8375734
vt 0.9667319 0.8375734
vt 0.41291586 0.481409
vt 0.4324853 0.41682974
vt 0.39530334 0.54011744
vt 0.36399218 0.64579254
vt 0.4481409 0.66340506
vt 0.5068493 0.93542075
vt 0.5303327 0.8708415
vt 0.5205479 0.92367905
vt 0.98630136 0.7064579
vt 0.99021524 0.6829746
vt 0.9843444 0.56164384
vt 0.9726027 0.53424656
vt 0.8806262 0.5303327
vt 0.84540117 0.5107632
vt 0.67906064 0.60273975
vt 0.71428573 0.5714286
vt 0.7358121 0.6046967
vt 0.75342464 0.5714286
vt 0.7240704 0.89041096
vt 0.739726 0.8082192
vt 0.7553816 0.99804306
vt 0.18003914 0.81604695
vt 0.21917808 0.80430526
vt 0.16634052 0.8003914
vt 0.25636008 0.82191783
vt 0.27005872 0.8003914
vt 0.5890411 0.37181997
vt 0.60665363 0.25440314
vt 0.57925636 0.2407045
vt 0.29158512 0.518591
vt 0.3737769 0.45401174
vt 0.37181997 0.58317024
vt 0.2661448 0.60665363
vt 0.043052837 0.7123288
vt 0.26027396 0.52446187
vt 0.1780822 0.5655577
vt 0.18786693 0.518591
vt 0.6086106 0.40900195
vt 0.6105675 0.38747555
vt 0.5636008 0.39726028
vt 0.5812133 0.4403131
vt 0.6399217 0.43835616
vt 0.6086106 0.4892368
vt 0.54598826 0.52250487
vt 0.60665363 0.53816044
vt 0.9706458 0.7299413
vt 0.99804306 0.7553816
vt 0.99804306 0.7005871
vt 0.2818004 0.26223093
vt 0.23287672 0.25244617
vt 0.20547946 0.22309197
vt 0.1741683 0.19569471
vt 0.8258317 0.19373778
vt 0.853229 0.16634052
vt 0.853229 0.19569471
vt 0.28962818 0.6927593
vt 0.27201566 0.7162427
vt 0.28962818 0.72602737
vt 0.853229 0.12133072
vt 0.8082192 0.12915851
vt 0.7964775 0.15655577
vt 0.79452056 0.19373778
vt 0.407045 0.33072406
vt 0.42857143 0.4148728
vt 0.42857143 0.22504893
vt 0.6086106 0.60273975
vt 0.5870842 0.5772994
vt 0.592955 0.60078275
vt 0.6086106 0.5753425
vt 0.9941292 0.22504893
vt 0.95303327 0.22113504
vt 0.962818 0.19178082
vt 0.0019569471 0.35812134
vt 0.11545988 0.34246576
vt 0.02739726 0.3444227
vt 0.1330724 0.39138943
vt 0.11741683 0.4598826
vt 0.1330724 0.4598826
vt 0.4403131 0.8747554
vt 0.50097847 0.88454014
vt 0.40900195 0.8923679
vt 0.40117416 0.8747554
vt 0.33463797 0.88258314
vt 0.28962818 0.88454014
vt 0.32876712 0.95303327
vt 0.28962818 0.9706458
vt 0.15264188 0.91193736
vt 0.17612524 0.8258317
vt 0.26223093 0.8297456
vt 0.27984345 0.9080235
vt 0.2857143 0.9882583
vt 0.19178082 0.99021524
vt 0.15851273 0.99804306
vt 0.38747555 0.52250487
vt 0.021526419 0.2446184
vt 0.0019569471 0.2485323
vt 0.0039138943 0.19569471
vt 0.0665362 0.2035225
vt 0.5068493 0.84540117
vt 0.5264188 0.7886497
vt 0.16829745 0.25244617
vt 0.16242662 0.19569471
vt 0.18199609 0.22113504
vt 0.19569471 0.3111546
vt 0.17221135 0.3111546
vt 0.08023483 0.26223093
vt 0.04696673 0.31506848
vt 0.0058708414 0.31311154
vt 0.9960861 0.52446187
vt 0.8180039 0.9510763
vt 0.81017613 0.9843444
vt 0.7847358 0.99804306
vt 0.7847358 0.9315069
vt 0.90606654 0.50489235
vt 0.7729941 0.78669274
vt 0.7808219 0.9941292
vt 0.6731898 0.27005872
vt 0.78277886 0.25831702
vt 0.7455969 0.2407045
vt 0.7358121 0.28962818
vt 0.6614481 0.32681018
vt 0.63013697 0.26810175
vt 0.62035227 0.37181997
vt 0.592955 0.3816047
vt 0.29745597 0.45596868
vt 0.36594912 0.44227007
vt 0.25440314 0.4481409
vt 0.18003914 0.46183953
vt 0.66927594 0.39726028
vt 0.6731898 0.5068493
vt 0.6516634 0.5518591
vt 0.8180039 0.43835616
vt 0.84931505 0.49315068
vt 0.8180039 0.50489235
vt 0.8082192 0.35420743
vt 0.7749511 0.39138943
vt 0.7749511 0.36399218
vt 0.55772996 0.62426615
vt 0.58317024 0.5988258
vt 0.58317024 0.5596869
vt 0.54598826 0.5753425
vt 0.10176125 0.1409002
vt 0.0019569471 0.13111547
vt 0.021526419 0.17025441
vt 0.19373778 0.16829745
vt 0.09784736 0.19373778
vt 0.16242662 0.13502936
vt 0.19178082 0.13111547
vt 0.39334637 0.6829746
vt 0.40117416 0.6594912
vt 0.37181997 0.66927594
vt 0.12720157 0.34637964
vt 0.1741683 0.36399218
vt 0.16242662 0.32876712
vt 0.14481409 0.36399218
vt 0.1330724 0.36007828
vt 0.407045 0.9823875
vt 0.5029354 0.9765166
vt 0.5029354 0.9412916
vt 0.39921722 0.9334638
vt 0.3365949 0.92367905
vt 0.36594912 0.9315069
vt 0.37573385 0.9784736
vt 0.14872798 0.5420744
vt 0.1741683 0.5694716
vt 0.1741683 0.5146771
vt 0.6086106 0.5714286
vt 0.62035227 0.5518591
vt 0.57925636 0.5518591
vt 0.32876712 0.9882583
vt 0.2935421 0.99804306
vt 0.0704501 0.853229
vt 0.14872798 0.82191783
vt 0.01369863 0.99021524
vt 0.03522505 0.99804306
vt 0.79452056 0.30332682
vt 0.7749511 0.33268103
vt 0.72602737 0.32485324
vt 0.77103716 0.35812134
vt 0.017612524 0.81017613
vt 0.0019569471 0.86888456
vt 0.0058708414 0.8082192
vt 0.2074364 0.4148728
vt 0.24657534 0.43639922
vt 0.75342464 0.46183953
vt 0.7162427 0.369863
vt 0.74363995 0.50489235
vt 0.80626225 0.6849315
vt 0.7749511 0.73776907
vt 0.7749511 0.6712329
vt 0.8121331 0.7064579
vt 0.12524462 0.555773
vt 0.113502935 0.60273975
vt 0.15459883 0.60273975
vt 0.17612524 0.5851272
vt 0.16829745 0.5714286
vt 0.7573385 0.5068493
vt 0.75342464 0.5479452
vt 0.81604695 0.39138943
vt 0.80626225 0.50097847
vt 0.7906067 0.40313113
vt 0.8180039 0.39530334
vt 0.24657534 0.31702545
vt 0.1741683 0.34246576
vt 0.18199609 0.31506848
vt 0.2446184 0.38551858
vt 0.0704501 0.80430526
vt 0.1409002 0.8023483
vt 0.5322896 0.8023483
vt 0.555773 0.82778865
vt 0.53424656 0.83170253
vt 0.555773 0.7925636
vt 0.41291586 0.6829746
vt 0.0058708414 0.9823875
vt 0.94716245 0.2935421
vt 0.95303327 0.23679061
vt 0.9412916 0.21135029
vt 0.9921722 0.81017613
vt 0.9882583 0.7847358
vt 0.7005871 0.79452056
vt 0.62818 0.16046967
vt 0.62818 0.21917808
vt 0.72015655 0.22309197
vt 0.7358121 0.23287672
vt 0.7005871 0.19569471
vt 0.69863015 0.15851273
vt 0.5068493 0.7455969
vt 0.2857143 0.8375734
vt 0.2857143 0.7690802
vt 0.66927594 0.23287672
vt 0.667319 0.23483366
vt 0.667319 0.23091976
vt 0.667319 0.19178082
vt 0.7358121 0.18590999
vt 0.9941292 0.26418787
vt 0.92367905 0.21722114
vt 0.9941292 0.21135029
vt 0.9941292 0.32681018
vt 0.925636 0.37573385
vt 0.9941292 0.369863
vt 0.9941292 0.42074364
vt 0.60665363 0.6731898
vt 0.6164383 0.6712329
vt 0.6164383 0.6712329
vt 0.60665363 0.6731898
vt 0.59491193 0.6771037
vt 0.59491193 0.6771037
vt 0.9706458 0.90215266
vt 0.96477497 0.8962818
vt 0.96477497 0.8962818
vt 0.9706458 0.90215266
vt 0.9197652 0.8434442
vt 0.90215266 0.8414873
vt 0.92367905 0.8414873
vt 0.92367905 0.8414873
vt 0.90606654 0.84931505
vt 0.9197652 0.8434442
vt 0.90215266 0.851272
vt 0.90606654 0.84931505
vt 0.90215266 0.851272
vt 0.89432484 0.8551859
vt 0.89432484 0.8551859
vt 0.8003914 0.9001957
vt 0.8003914 0.9001957
vt 0.78669274 0.90606654
vt 0.7808219 0.8414873
vt 0.78277886 0.8923679
vt 0.78669274 0.90606654
vt 0.7671233 0.8414873
vt 0.78277886 0.8923679
vt 0.7671233 0.8414873
vt 0.9784736 0.9882583
vt 0.98043054 0.98630136
vt 0.98043054 0.98630136
vt 0.9784736 0.9882583
vt 0.962818 0.9960861
vt 0.962818 0.9960861
vt 0.4187867 0.5636008
vt 0.44618395 0.65753424
vt 0.44618395 0.65753424
vt 0.4187867 0.5636008
vt 0.407045 0.5205479
vt 0.407045 0.5205479
vt 0.407045 0.51663405
vt 0.407045 0.51663405
vt 0.40313113 0.5068493
vt 0.40313113 0.5068493
vt 0.38747555 0.4520548
vt 0.38747555 0.4520548
vt 0.3816047 0.4324853
vt 0.5029354 0.44227007
vt 0.3816047 0.42857143
vt 0.3816047 0.4324853
vt 0.39921722 0.42857143
vt 0.667319 0.42270058
vt 0.6927593 0.4403131
vt 0.667319 0.43835616
vt 0.667319 0.35029355
vt 0.74168295 0.30919766
vt 0.667319 0.3072407
vt 0.47945204 0.65753424
vt 0.52250487 0.5518591
vt 0.52250487 0.67906064
vt 0.98043054 0.9373777
vt 0.95694715 0.9197652
vt 0.9765166 0.9765166
vt 0.95303327 0.9667319
vt 0.5440313 0.518591
vt 0.73776907 0.33463797
vt 0.5322896 0.851272
vt 0.54598826 0.81409
vt 0.55772996 0.83953035
vt 0.5870842 0.851272
vt 0.76125246 0.35812134
vt 0.85714287 0.28962818
vt 0.81409 0.35812134
vt 0.70841485 0.28962818
vt 0.704501 0.35812134
vt 0.6927593 0.35812134
vt 0.6614481 0.28962818
vt 0.65753424 0.35812134
vt 0.6086106 0.32876712
vt 0.6223092 0.35812134
vt 0.60665363 0.35812134
vt 0.60665363 0.35812134
vt 0.6086106 0.32876712
vt 0.60078275 0.29158512
vt 0.60078275 0.29158512
vt 0.8082192 0.39530334
vt 0.8180039 0.35812134
vt 0.8180039 0.35812134
vt 0.8082192 0.39530334
vt 0.7886497 0.46575344
vt 0.7886497 0.46575344
vt 0.778865 0.49902153
vt 0.778865 0.49902153
vt 0.77690804 0.50097847
vt 0.77690804 0.50097847
vt 0.75342464 0.5812133
vt 0.75342464 0.5812133
vt 0.739726 0.63013697
vt 0.739726 0.63013697
vt 0.60665363 0.7338552
vt 0.5870842 0.8003914
vt 0.5870842 0.8003914
vt 0.60665363 0.7338552
vt 0.6320939 0.65362036
vt 0.6320939 0.65362036
vt 0.49510762 0.87279844
vt 0.44618395 0.7005871
vt 0.44618395 0.7005871
vt 0.49510762 0.87279844
vt 0.4970646 0.88258314
vt 0.4970646 0.88258314
vt 0.5068493 0.91780823
vt 0.5029354 0.9041096
vt 0.5029354 0.9041096
vt 0.5068493 0.91780823
vt 0.51663405 0.95303327
vt 0.51663405 0.95303327
vt 0.17221135 0.5088063
vt 0.17612524 0.48727983
vt 0.17612524 0.48727983
vt 0.17221135 0.5088063
vt 0.19765167 0.57925636
vt 0.19765167 0.57925636
vt 0.2035225 0.5890411
vt 0.14677104 0.5362035
vt 0.1369863 0.5968689
vt 0.19373778 0.62035227
vt 0.2035225 0.5890411
vt 0.19373778 0.62035227
vt 0.20156556 0.6594912
vt 0.20156556 0.6594912
vt 0.2035225 0.6712329
vt 0.18199609 0.66536206
vt 0.052837573 0.592955
vt 0.039138943 0.63013697
vt 0.039138943 0.63013697
vt 0.052837573 0.592955
vt 0.056751467 0.5812133
vt 0.056751467 0.5812133
vt 0.058708414 0.57338554
vt 0.058708414 0.57338554
vt 0.0665362 0.5479452
vt 0.0665362 0.5479452
vt 0.09001957 0.46575344
vt 0.09001957 0.46575344
vt 0.2407045 0.2935421
vt 0.25440314 0.24657534
vt 0.23874755 0.24657534
vt 0.23874755 0.24657534
vt 0.2407045 0.2935421
vt 0.2407045 0.31311154
vt 0.2407045 0.31311154
vt 0.25831702 0.31311154
vt 0.2661448 0.31311154
vt 0.2818004 0.31311154
vt 0.35812134 0.24266145
vt 0.34050882 0.31506848
vt 0.407045 0.28767124
vt 0.38356164 0.31506848
vt 0.40900195 0.31506848
vt 0.30919766 0.79452056
vt 0.28375733 0.81604695
vt 0.28962818 0.6927593
vt 0.51272017 0.7886497
vt 0.49119374 0.5596869
vt 0.47162426 0.6614481
vt 0.4853229 0.82191783
vt 0.8356164 0.46379647
vt 0.81409 0.64187866
vt 0.8414873 0.6105675
vt 0.8258317 0.41682974
vt 0.7925636 0.4970646
vt 0.778865 0.50097847
vt 0.78669274 0.6516634
vt 0.5420744 0.7808219
vt 0.5812133 0.54990214
vt 0.39726028 0.80430526
vt 0.3776908 0.9765166
vt 0.5068493 0.9765166
vt 0.1369863 0.481409
vt 0.08023483 0.5851272
vt 0.052837573 0.6340509
vt 0.099804305 0.46771038
vt 0.34637964 0.80430526
vt 0.3444227 0.95694715
vt 0.26810175 0.99804306
vt 0.30528376 0.85714287
vt 0.27984345 0.83953035
vt 0.51272017 0.24266145
vt 0.25440314 0.81409
vt 0.30919766 0.79452056
vt 0.5303327 0.54990214
vt 0.49315068 0.40313113
vt 0.43444228 0.40117416
vt 0.43444228 0.40117416
vt 0.49315068 0.40313113
vt 0.4970646 0.40313113
vt 0.4970646 0.40313113
vt 0.22113504 0.71428573
vt 0.21526419 0.6966732
vt 0.21526419 0.6966732
vt 0.22113504 0.71428573
vt 0.22309197 0.72015655
vt 0.20939335 0.7123288
vt 0.21917808 0.7221135
vt 0.22309197 0.72015655
vt 0.21917808 0.7221135
vt 0.8121331 0.27984345
vt 0.8023483 0.27592954
vt 0.8023483 0.27592954
vt 0.80626225 0.26027396
vt 0.81409 0.2818004
vt 0.8121331 0.27984345
vt 0.81409 0.2818004
vt 0.8180039 0.28375733
vt 0.8180039 0.28375733
vt 0.8414873 0.28962818
vt 0.8414873 0.28962818
vt 0.853229 0.2994129
vt 0.853229 0.2994129
vt 0.85714287 0.30136988
vt 0.8806262 0.2818004
vt 0.79452056 0.2778865
vt 0.80626225 0.30528376
vt 0.8180039 0.29745597
vt 0.8180039 0.29745597
vt 0.79452056 0.2778865
vt 0.778865 0.2661448
vt 0.778865 0.2661448
vt 0.7123288 0.3894325
vt 0.7299413 0.34246576
vt 0.7475538 0.3522505
vt 0.7475538 0.3522505
vt 0.7123288 0.3894325
vt 0.66536206 0.43444228
vt 0.66536206 0.43444228
vt 0.2035225 0.56751466
vt 0.20156556 0.53424656
vt 0.20156556 0.53424656
vt 0.2035225 0.56751466
vt 0.2035225 0.5694716
vt 0.2035225 0.5694716
vt 0.62426615 0.77103716
vt 0.62426615 0.7690802
vt 0.62426615 0.7690802
vt 0.62426615 0.77103716
vt 0.62426615 0.77690804
vt 0.62426615 0.77690804
vt 0.6262231 0.7808219
vt 0.6262231 0.7808219
vt 0.5479452 0.74363995
vt 0.51272017 0.739726
vt 0.51272017 0.739726
vt 0.5479452 0.74363995
vt 0.407045 0.9412916
vt 0.41095892 0.9941292
vt 0.41095892 0.9941292
vt 0.407045 0.9412916
vt 0.40313113 0.9041096
vt 0.40313113 0.9041096
vt 0.444227 0.37573385
vt 0.5068493 0.39138943
vt 0.8238748 0.26027396
vt 0.8473581 0.2818004
vt 0.7671233 0.28375733
vt 0.6497065 0.41682974
vt 0.19960861 0.5694716
vt 0.1780822 0.5303327
vt 0.6223092 0.7690802
vt 0.39138943 0.962818
vt 0.05479452 0.5479452
vt 0.050880626 0.54011744
vt 0.050880626 0.54011744
vt 0.05479452 0.5479452
vt 0.056751467 0.5636008
vt 0.056751467 0.5636008
vt 0.056751467 0.5890411
vt 0.056751467 0.5890411
vt 0.82191783 0.6731898
vt 0.81996083 0.67514676
vt 0.82191783 0.6731898
vt 0.8180039 0.67514676
vt 0.8003914 0.6594912
vt 0.81996083 0.67514676
vt 0.7925636 0.6888454
vt 0.8180039 0.67514676
vt 0.7925636 0.6888454
vt 0.5714286 0.553816
vt 0.58317024 0.5362035
vt 0.58317024 0.5362035
vt 0.5714286 0.553816
vt 0.5714286 0.57925636
vt 0.5714286 0.57925636
vt 0.5753425 0.57925636
vt 0.5772994 0.57925636
vt 0.7162427 0.4970646
vt 0.71428573 0.49510762
vt 0.71428573 0.49510762
vt 0.71428573 0.49510762
vt 0.7162427 0.4970646
vt 0.73776907 0.5107632
vt 0.73776907 0.5107632
vt 0.73776907 0.5107632
vt 0.74168295 0.7514677
vt 0.74168295 0.7221135
vt 0.74168295 0.7221135
vt 0.74168295 0.7514677
vt 0.739726 0.7906067
vt 0.739726 0.7906067
vt 0.73776907 0.8003914
vt 0.73776907 0.7632094
vt 0.71428573 0.79843444
vt 0.70254403 0.5479452
vt 0.6966732 0.52837574
vt 0.6966732 0.52837574
vt 0.70254403 0.5479452
vt 0.7064579 0.56164384
vt 0.043052837 0.59491193
vt 0.043052837 0.54598826
vt 0.7221135 0.7240704
vt 0.5968689 0.56751466
vt 0.9765166 0.27005872
vt 0.96868885 0.30528376
vt 0.96868885 0.30528376
vt 0.9765166 0.27005872
vt 0.9784736 0.26810175
vt 0.9784736 0.26810175
vt 0.056751467 0.6516634
vt 0.08023483 0.6594912
vt 0.058708414 0.6516634
vt 0.058708414 0.6516634
vt 0.056751467 0.6516634
vt 0.050880626 0.65753424
vt 0.0019569471 0.7123288
vt 0.011741683 0.69080234
vt 0.050880626 0.65753424
vt 0.011741683 0.69080234
vt 0.9667319 0.74363995
vt 0.99804306 0.79452056
vt 0.99804306 0.79452056
vt 0.9667319 0.74363995
vt 0.962818 0.73776907
vt 0.962818 0.73776907
vt 0.88454014 0.31311154
vt 0.89432484 0.29549903
vt 0.89432484 0.29549903
vt 0.88454014 0.31311154
vt 0.8630137 0.3522505
vt 0.8630137 0.3522505
vt 0.85714287 0.36399218
vt 0.85714287 0.36399218
vt 0.8434442 0.3894325
vt 0.8434442 0.3894325
vt 0.9373777 0.12133072
vt 0.9080235 0.119373776
vt 0.9080235 0.119373776
vt 0.9373777 0.12133072
vt 0.93933463 0.12133072
vt 0.93933463 0.12133072
vt 0.9412916 0.12133072
vt 0.9412916 0.12133072
vt 0.9549902 0.119373776
vt 0.9549902 0.119373776
vt 0.41095892 0.40313113
vt 0.4148728 0.4324853
vt 0.37964776 0.42270058
vt 0.39530334 0.41095892
vt 0.37964776 0.42270058
vt 0.39530334 0.41095892
vt 0.40313113 0.40313113
vt 0.40313113 0.40313113
vt 0.18982388 0.6399217
vt 0.18982388 0.64187866
vt 0.18982388 0.64187866
vt 0.18982388 0.6399217
vt 0.18982388 0.54990214
vt 0.18982388 0.54990214
vt 0.44227007 0.9941292
vt 0.44227007 0.96477497
vt 0.44227007 0.96477497
vt 0.45009786 0.9941292
vt 0.44227007 0.99804306
vt 0.44227007 0.9941292
vt 0.19178082 0.6438356
vt 0.20939335 0.62426615
vt 0.20939335 0.62426615
vt 0.19178082 0.6438356
vt 0.42857143 0.38747555
vt 0.4187867 0.39334637
vt 0.4187867 0.39334637
vt 0.42857143 0.38747555
vt 0.7475538 0.091976516
vt 0.7475538 0.09393346
vt 0.7475538 0.09393346
vt 0.72015655 0.07436399
vt 0.74168295 0.072407044
vt 0.7475538 0.086105675
vt 0.7475538 0.091976516
vt 0.7475538 0.086105675
vt 0.7475538 0.072407044
vt 0.7475538 0.072407044
vt 0.74168295 0.072407044
vt 0.72015655 0.07436399
vt 0.9726027 0.17025441
vt 0.9784736 0.17025441
vt 0.9784736 0.17025441
vt 0.9726027 0.17025441
vt 0.91193736 0.17025441
vt 0.91193736 0.17025441
vt 0.90606654 0.7181996
vt 0.8982387 0.7162427
vt 0.8982387 0.7162427
vt 0.90606654 0.7181996
vt 0.9080235 0.7123288
vt 0.9158513 0.6927593
vt 0.9080235 0.7123288
vt 0.9158513 0.6927593
vt 0.9295499 0.65362036
vt 0.9295499 0.65362036
vt 0.9412916 0.6164383
vt 0.9412916 0.6164383
vt 0.94716245 0.60273975
vt 0.92759293 0.5870842
vt 0.9549902 0.5812133
vt 0.94716245 0.60273975
vt 0.9549902 0.5812133
vt 0.9706458 0.54011744
vt 0.9706458 0.54011744
vt 0.9706458 0.54011744
vt 0.9706458 0.54011744
vt 0.9706458 0.5362035
vt 0.9706458 0.5362035
vt 0.97455966 0.5264188
vt 0.97455966 0.5264188
vt 0.97455966 0.5264188
vt 0.97455966 0.5264188
vt 0.9784736 0.5146771
vt 0.0019569471 0.42465752
vt 0.0019569471 0.44618395
vt 0.0019569471 0.42465752
vt 0.0019569471 0.44618395
vt 0.0019569471 0.46183953
vt 0.0019569471 0.46183953
vt 0.6340509 0.052837573
vt 0.6477495 0.058708414
vt 0.6477495 0.058708414
vt 0.6340509 0.052837573
vt 0.6320939 0.052837573
vt 0.6320939 0.052837573
vt 0.63013697 0.052837573
vt 0.63013697 0.052837573
vt 0.62426615 0.04892368
vt 0.61252445 0.045009784
vt 0.6086106 0.052837573
vt 0.62426615 0.04892368
vt 0.6086106 0.043052837
vt 0.61252445 0.045009784
vt 0.01369863 0.12133072
vt 0.0039138943 0.12915851
vt 0.0039138943 0.119373776
vt 0.0039138943 0.119373776
vt 0.056751467 0.13111547
vt 0.01369863 0.12133072
vt 0.056751467 0.13111547
vt 0.058708414 0.1330724
vt 0.058708414 0.1330724
vt 0.06066536 0.1330724
vt 0.06066536 0.1330724
vt 0.9667319 0.30528376
vt 0.97455966 0.27005872
vt 0.9960861 0.74168295
vt 0.86692756 0.3620352
vt 0.8375734 0.4324853
vt 0.93933463 0.12328767
vt 0.91193736 0.16438356
vt 0.9921722 0.13502936
vt 0.18982388 0.64187866
vt 0.21722114 0.553816
vt 0.9765166 0.16829745
vt 0.96868885 0.54011744
vt 0.27201566 0.9765166
vt 0.2739726 0.91780823
vt 0.27201566 0.9765166
vt 0.27201566 0.9784736
vt 0.27201566 0.9784736
vt 0.7729941 0.039138943
vt 0.7729941 0.029354207
vt 0.7729941 0.029354207
vt 0.7729941 0.039138943
vt 0.7729941 0.072407044
vt 0.7729941 0.072407044
vt 0.7729941 0.086105675
vt 0.7729941 0.086105675
vt 0.7729941 0.086105675
vt 0.7729941 0.086105675
vt 0.7729941 0.08806262
vt 0.7553816 0.11741683
vt 0.7690802 0.12328767
vt 0.7729941 0.08806262
vt 0.7690802 0.12328767
vt 0.6262231 0.62426615
vt 0.5988258 0.61252445
vt 0.5988258 0.61252445
vt 0.6262231 0.62426615
vt 0.62818 0.62426615
vt 0.5988258 0.5968689
vt 0.62818 0.60078275
vt 0.25440314 0.6144814
vt 0.25440314 0.63013697
vt 0.25440314 0.63013697
vt 0.23091976 0.6320939
vt 0.25244617 0.5636008
vt 0.25440314 0.6144814
vt 0.25244617 0.5636008
vt 0.25048923 0.53816044
vt 0.25048923 0.53816044
vt 0.2485323 0.48727983
vt 0.2485323 0.48727983
vt 0.66927594 0.14481409
vt 0.74363995 0.2778865
vt 0.74363995 0.2778865
vt 0.66927594 0.14481409
vt 0.66536206 0.1409002
vt 0.66536206 0.1409002
vt 0.6399217 0.09589041
vt 0.6399217 0.09589041
vt 0.79843444 0.0665362
vt 0.88454014 0.06849315
vt 0.88454014 0.06849315
vt 0.79843444 0.0665362
vt 0.7808219 0.06849315
vt 0.77690804 0.031311154
vt 0.6164383 0.85714287
vt 0.6164383 0.8473581
vt 0.6164383 0.8473581
vt 0.6164383 0.85714287
vt 0.6164383 0.94520545
vt 0.6164383 0.94520545
vt 0.6164383 0.94520545
vt 0.6164383 0.94520545
vt 0.8434442 0.72798437
vt 0.778865 0.72798437
vt 0.7808219 0.7162427
vt 0.7808219 0.7162427
vt 0.8434442 0.72798437
vt 0.63013697 0.8923679
vt 0.6183953 0.94520545
vt 0.6183953 0.94520545
vt 0.63013697 0.8923679
vt 0.6340509 0.85714287
vt 0.6340509 0.85714287
vt 0.518591 0.025440313
vt 0.518591 0.025440313
vt 0.54011744 0.039138943
vt 0.26810175 0.6477495
vt 0.26810175 0.6477495
vt 0.26810175 0.6477495
vt 0.26810175 0.6477495
vt 0.26418787 0.7181996
vt 0.26418787 0.7181996
vt 0.2661448 0.74168295
vt 0.2661448 0.74168295
vt 0.2661448 0.7573385
vt 0.2661448 0.7573385
vt 0.26810175 0.7632094
vt 0.26810175 0.7632094
vt 0.27005872 0.7671233
vt 0.2407045 0.7690802
vt 0.2661448 0.83953035
vt 0.27005872 0.7671233
vt 0.2661448 0.83953035
vt 0.2661448 0.851272
vt 0.2661448 0.851272
vt 0.27005872 0.8551859
vt 0.24266145 0.8551859
vt 0.27005872 0.86692756
vt 0.27005872 0.8551859
vt 0.27005872 0.86692756
vt 0.27201566 0.86692756
vt 0.23287672 0.87866926
vt 0.27201566 0.86692756
vt 0.27201566 0.8982387
vt 0.27201566 0.8982387
vt 0.2739726 0.91780823
vt 0.27005872 0.9784736
vt 0.77103716 0.02739726
vt 0.2074364 0.6262231
vt 0.18590999 0.48336595
vt 0.84931505 0.045009784
vt 0.6262231 0.84931505
vt 0.6183953 0.94520545
vt 0.7553816 0.14677104
vt 0.7455969 0.14285715
vt 0.7455969 0.14285715
vt 0.7553816 0.14677104
vt 0.8023483 0.16634052
vt 0.8023483 0.16634052
vt 0.8297456 0.1780822
vt 0.8297456 0.1780822
vt 0.8708415 0.19569471
vt 0.8708415 0.19569471
vt 0.8923679 0.20547946
vt 0.8923679 0.20547946
vt 0.95694715 0.46379647
vt 0.95694715 0.52250487
vt 0.96477497 0.5205479
vt 0.96477497 0.4970646
vt 0.96477497 0.5205479
vt 0.96477497 0.4970646
vt 0.96477497 0.46379647
vt 0.96477497 0.46379647
vt 0.69863015 0.2485323
vt 0.69863015 0.2485323
vt 0.69863015 0.2485323
vt 0.69863015 0.2485323
vt 0.7005871 0.25048923
vt 0.7005871 0.25048923
vt 0.7162427 0.2818004
vt 0.7162427 0.2818004
vt 0.72015655 0.28767124
vt 0.72015655 0.28767124
vt 0.7358121 0.32289627
vt 0.7358121 0.32289627
vt 0.22113504 0.25048923
vt 0.15459883 0.2739726
vt 0.15459883 0.2739726
vt 0.22113504 0.25048923
vt 0.2739726 0.23091976
vt 0.2739726 0.23091976
vt 0.2994129 0.22113504
vt 0.2994129 0.22113504
vt 0.30136988 0.22113504
vt 0.30136988 0.22113504
vt 0.31506848 0.26810175
vt 0.31506848 0.26810175
vt 0.32681018 0.30528376
vt 0.32681018 0.30528376
vt 0.34246576 0.3620352
vt 0.34246576 0.3620352
vt 0.93933463 0.7808219
vt 0.93933463 0.7847358
vt 0.93933463 0.7847358
vt 0.9080235 0.7847358
vt 0.9373777 0.76516634
vt 0.93933463 0.7808219
vt 0.9217221 0.76516634
vt 0.8962818 0.74363995
vt 0.9373777 0.7514677
vt 0.9373777 0.76516634
vt 0.9373777 0.7514677
vt 0.9373777 0.704501
vt 0.9373777 0.704501
vt 0.93542075 0.6555773
vt 0.93542075 0.6555773
vt 0.93542075 0.6438356
vt 0.93542075 0.6438356
vt 0.6340509 0.56164384
vt 0.6379648 0.56164384
vt 0.6379648 0.56164384
vt 0.6340509 0.56164384
vt 0.6144814 0.553816
vt 0.6144814 0.553816
vt 0.57925636 0.5420744
vt 0.57925636 0.5420744
vt 0.48336595 0.5107632
vt 0.48336595 0.5107632
vt 0.46966732 0.50489235
vt 0.46966732 0.50489235
vt 0.35420743 0.39334637
vt 0.35812134 0.39138943
vt 0.35812134 0.39138943
vt 0.35420743 0.39334637
vt 0.34637964 0.39334637
vt 0.34637964 0.39334637
vt 0.739726 0.11154599
vt 0.73776907 0.1330724
vt 0.6947162 0.13111547
vt 0.6947162 0.12720157
vt 0.6947162 0.13111547
vt 0.69080234 0.10763209
vt 0.6947162 0.12720157
vt 0.9706458 0.481409
vt 0.9921722 0.52446187
vt 0.9941292 0.46966732
vt 0.9843444 0.46771038
vt 0.9941292 0.46966732
vt 0.9706458 0.46575344
vt 0.9843444 0.46771038
vt 0.6829746 0.5851272
vt 0.68101764 0.5596869
vt 0.68101764 0.5596869
vt 0.6829746 0.5851272
vt 0.68688846 0.64187866
vt 0.68688846 0.64187866
vt 0.68688846 0.6477495
vt 0.68688846 0.6477495
vt 0.15264188 0.18590999
vt 0.15068494 0.18590999
vt 0.15068494 0.18590999
vt 0.15068494 0.19373778
vt 0.19569471 0.17221135
vt 0.19569471 0.17025441
vt 0.15264188 0.18590999
vt 0.19569471 0.17025441
vt 0.19569471 0.17025441
vt 0.19569471 0.17025441
vt 0.19960861 0.16829745
vt 0.19960861 0.16829745
vt 0.27984345 0.13894325
vt 0.27984345 0.13894325
vt 0.28962818 0.16829745
vt 0.28962818 0.16829745
vt 0.29745597 0.18982388
vt 0.29745597 0.18982388
vt 0.30136988 0.20156556
vt 0.26810175 0.20156556
vt 0.30528376 0.21330725
vt 0.30136988 0.20156556
vt 0.23483366 0.21722114
vt 0.30528376 0.21722114
vt 0.30528376 0.21330725
vt 0.04109589 0.72015655
vt 0.07436399 0.7906067
vt 0.0019569471 0.7886497
vt 0.0019569471 0.7749511
vt 0.0019569471 0.7886497
vt 0.0039138943 0.7240704
vt 0.0019569471 0.7749511
vt 0.0039138943 0.7240704
vt 0.0039138943 0.7162427
vt 0.0039138943 0.7162427
vt 0.0039138943 0.7103718
vt 0.029354207 0.7123288
vt 0.0058708414 0.67514676
vt 0.0039138943 0.7103718
vt 0.0058708414 0.67514676
vt 0.007827789 0.6379648
vt 0.007827789 0.6379648
vt 0.009784736 0.5420744
vt 0.009784736 0.5420744
vt 0.017612524 0.41095892
vt 0.0019569471 0.40900195
vt 0.0019569471 0.40900195
vt 0.017612524 0.41095892
vt 0.029354207 0.41095892
vt 0.029354207 0.41095892
vt 0.037181996 0.41095892
vt 0.037181996 0.41095892
vt 0.039138943 0.41095892
vt 0.039138943 0.41095892
vt 0.26418787 0.54598826
vt 0.2661448 0.5636008
vt 0.2661448 0.5636008
vt 0.26418787 0.54598826
vt 0.26418787 0.49902153
vt 0.26418787 0.49902153
vt 0.26418787 0.48336595
vt 0.26418787 0.48336595
vt 0.26418787 0.47358122
vt 0.26418787 0.47358122
vt 0.26418787 0.46575344
vt 0.33855185 0.47358122
vt 0.33268103 0.39726028
vt 0.26418787 0.40117416
vt 0.26418787 0.46575344
vt 0.26418787 0.40117416
vt 0.4970646 0.18003914
vt 0.49510762 0.19178082
vt 0.49510762 0.19178082
vt 0.42857143 0.18786693
vt 0.49902153 0.17221135
vt 0.4970646 0.18003914
vt 0.40900195 0.16634052
vt 0.50097847 0.17025441
vt 0.49902153 0.17221135
vt 0.38747555 0.15851273
vt 0.5029354 0.16046967
vt 0.50097847 0.17025441
vt 0.52250487 0.9412916
vt 0.52250487 0.94520545
vt 0.52250487 0.94520545
vt 0.52250487 0.9412916
vt 0.52446187 0.9138943
vt 0.52446187 0.9138943
vt 0.52837574 0.86105675
vt 0.52837574 0.86105675
vt 0.53424656 0.7729941
vt 0.53424656 0.7729941
vt 0.5362035 0.7475538
vt 0.5362035 0.7475538
vt 0.5362035 0.739726
vt 0.5362035 0.739726
vt 0.62426615 0.25636008
vt 0.6046967 0.25048923
vt 0.6046967 0.25048923
vt 0.62426615 0.25636008
vt 0.62818 0.25831702
vt 0.62818 0.25831702
vt 0.6320939 0.25831702
vt 0.63013697 0.2485323
vt 0.63600785 0.26027396
vt 0.6320939 0.25831702
vt 0.63600785 0.26027396
vt 0.64187866 0.26223093
vt 0.62426615 0.18395303
vt 0.64187866 0.16242662
vt 0.6438356 0.26223093
vt 0.64187866 0.26223093
vt 0.97455966 0.1330724
vt 0.9921722 0.10176125
vt 0.9960861 0.19765167
vt 0.9941292 0.19960861
vt 0.9960861 0.19765167
vt 0.97455966 0.18003914
vt 0.99021524 0.19960861
vt 0.9941292 0.19960861
vt 0.7475538 0.1369863
vt 0.80430526 0.16046967
vt 0.9197652 0.1369863
vt 0.9315069 0.47553816
vt 0.6966732 0.30332682
vt 0.667319 0.2661448
vt 0.6927593 0.25636008
vt 0.72798437 0.33463797
vt 0.64579254 0.34050882
vt 0.7221135 0.3444227
vt 0.2035225 0.35812134
vt 0.2994129 0.26810175
vt 0.81996083 0.76516634
vt 0.79452056 0.7847358
vt 0.83365947 0.7162427
vt 0.86692756 0.6516634
vt 0.5890411 0.60665363
vt 0.6262231 0.70841485
vt 0.46966732 0.52446187
vt 0.3561644 0.3776908
vt 0.34637964 0.39334637
vt 0.7690802 0.12720157
vt 0.7671233 0.10763209
vt 0.9726027 0.51663405
vt 0.9941292 0.55772996
vt 0.72798437 0.60665363
vt 0.7338552 0.5420744
vt 0.7103718 0.64579254
vt 0.15459883 0.21722114
vt 0.11154599 0.73189825
vt 0.15851273 0.7925636
vt 0.078277886 0.7123288
vt 0.113502935 0.6516634
vt 0.0665362 0.553816
vt 0.0019569471 0.46771038
vt 0.029354207 0.46575344
vt 0.039138943 0.4266145
vt 0.2818004 0.5636008
vt 0.32485324 0.56751466
vt 0.39334637 0.5068493
vt 0.43444228 0.4403131
vt 0.37573385 0.42465752
vt 0.41095892 0.39726028
vt 0.3561644 0.18982388
vt 0.31311154 0.16634052
vt 0.2935421 0.15851273
vt 0.6594912 0.9941292
vt 0.6223092 0.99804306
vt 0.5890411 0.9765166
vt 0.553816 0.91780823
vt 0.54011744 0.9510763
vt 0.5851272 0.8003914
vt 0.54990214 0.74951077
vt 0.60078275 0.23679061
vt 0.6105675 0.75342464
vt 0.6594912 0.7847358
vt 0.61252445 0.12720157
vt 0.64579254 0.09784736
vt 0.9706458 0.08219178
vt 0.98630136 0.04109589
vt 0.74363995 0.6223092
vt 0.7338552 0.64187866
vt 0.81017613 0.6379648
vt 0.8414873 0.6144814
vt 0.7671233 0.60665363
vt 0.12915851 0.95303327
vt 0.21526419 0.98043054
vt 0.1409002 0.99021524
vt 0.81996083 0.13894325
vt 0.68688846 0.21526419
vt 0.6516634 0.2074364
vt 0.6477495 0.26223093
vt 0.5440313 0.2661448
vt 0.52250487 0.30332682
vt 0.6105675 0.33463797
vt 0.5205479 0.3444227
vt 0.667319 0.78277886
vt 0.7005871 0.76125246
vt 0.70254403 0.71428573
vt 0.81409 0.6438356
vt 0.29745597 0.99021524
vt 0.34050882 0.8375734
vt 0.25440314 0.8414873
vt 0.4774951 0.6105675
vt 0.4774951 0.75342464
vt 0.3444227 0.34246576
vt 0.3620352 0.30919766
vt 0.35029355 0.29549903
vt 0.79843444 0.11545988
vt 0.8434442 0.12720157
vt 0.962818 0.5851272
vt 0.99021524 0.592955
vt 0.9549902 0.5479452
vt 0.80626225 0.555773
vt 0.7573385 0.5146771
vt 0.7964775 0.5988258
vt 0.39530334 0.82778865
vt 0.3737769 0.79843444
vt 0.35420743 0.82778865
vt 0.3444227 0.10763209
vt 0.369863 0.086105675
vt 0.3444227 0.09001957
vt 0.14285715 0.72798437
vt 0.15851273 0.73189825
vt 0.11741683 0.7123288
vt 0.12524462 0.7103718
vt 0.16438356 0.6555773
vt 0.15851273 0.7123288
vt 0.113502935 0.553816
vt 0.1330724 0.5870842
vt 0.007827789 0.5205479
vt 0.38551858 0.5694716
vt 0.4324853 0.553816
vt 0.81996083 0.2778865
vt 0.82778865 0.31702545
vt 0.86888456 0.3111546
vt 0.86888456 0.2778865
vt 0.42270058 0.41095892
vt 0.3111546 0.18395303
vt 0.3111546 0.20939335
vt 0.8806262 0.5988258
vt 0.851272 0.6105675
vt 0.83953035 0.5988258
vt 0.93933463 0.59491193
vt 0.8962818 0.56164384
vt 0.9295499 0.6086106
vt 0.95694715 0.6399217
vt 0.95303327 0.6771037
vt 0.78277886 0.38551858
vt 0.8864971 0.3620352
vt 0.86888456 0.3189824
vt 0.7064579 0.9001957
vt 0.72798437 0.9080235
vt 0.6594912 0.9941292
vt 0.6966732 0.35812134
vt 0.7729941 0.36399218
vt 0.6223092 0.8982387
vt 0.7005871 0.8238748
vt 0.59099805 0.078277886
vt 0.6320939 0.05479452
vt 0.64579254 0.064579256
vt 0.962818 0.025440313
vt 0.9843444 0.007827789
vt 0.72798437 0.62426615
vt 0.23679061 0.9001957
vt 0.25440314 0.9941292
vt 0.2407045 0.9921722
vt 0.21526419 0.9412916
vt 0.22309197 0.96868885
vt 0.19373778 0.9510763
vt 0.9667319 0.1780822
vt 0.925636 0.16634052
vt 0.9217221 0.105675146
vt 0.9667319 0.099804305
vt 0.16438356 0.6399217
vt 0.1330724 0.6046967
vt 0.14481409 0.64579254
vt 0.16438356 0.5968689
vt 0.19960861 0.8297456
vt 0.23091976 0.84931505
vt 0.19373778 0.84931505
vt 0.1780822 0.888454
vt 0.20547946 0.9158513
vt 0.12328767 0.9197652
vt 0.1330724 0.89041096
vt 0.1409002 0.81409
vt 0.113502935 0.8414873
vt 0.08414873 0.8003914
vt 0.15851273 0.7964775
vt 0.9491194 0.80430526
vt 0.9921722 0.70841485
vt 0.9921722 0.78277886
vt 0.9667319 0.7240704
vt 0.95303327 0.7103718
vt 0.9432485 0.76125246
vt 0.66927594 0.62818
vt 0.6731898 0.592955
vt 0.6438356 0.58317024
vt 0.64187866 0.6183953
vt 0.65362036 0.66927594
vt 0.9960861 0.3894325
vt 0.94520545 0.42270058
vt 0.9921722 0.45009786
vt 0.9373777 0.34637964
vt 0.9921722 0.3483366
vt 0.6477495 0.15851273
vt 0.6927593 0.15655577
vt 0.7123288 0.17612524
vt 0.5029354 0.27201566
vt 0.7181996 0.6497065
vt 0.45009786 0.98630136
vt 0.43639922 0.82778865
vt 0.36007828 0.9823875
vt 0.83953035 0.119373776
vt 0.9589041 0.62426615
vt 0.9921722 0.6438356
vt 0.8590998 0.4970646
vt 0.8258317 0.47945204
vt 0.7906067 0.49315068
vt 0.9491194 0.5264188
vt 0.8375734 0.59491193
vt 0.4266145 0.09001957
vt 0.4403131 0.10763209
vt 0.4520548 0.46575344
vt 0.43639922 0.4148728
vt 0.43639922 0.49510762
vt 0.70254403 0.99804306
vt 0.70254403 0.960861
vt 0.6731898 0.9843444
vt 0.12524462 0.64187866
vt 0.2778865 0.960861
vt 0.2818004 0.9941292
vt 0.26027396 0.99804306
vt 0.26027396 0.960861
vt 0.92367905 0.6086106
vt 0.87279844 0.62035227
vt 0.481409 0.099804305
vt 0.7749511 0.47358122
vt 0.8767123 0.4324853
vt 0.6771037 0.40900195
vt 0.62818 0.04109589
vt 0.6888454 0.4481409
vt 0.75342464 0.51272017
vt 0.7181996 0.5068493
vt 0.25244617 0.91193736
vt 0.25048923 0.853229
vt 0.17612524 0.8551859
vt 0.7338552 0.88454014
vt 0.7221135 0.8434442
vt 0.69863015 0.851272
vt 0.69863015 0.8962818
vt 0.0058708414 0.53424656
vt 0.029354207 0.5029354
vt 0.029354207 0.54011744
vt 0.14481409 0.8747554
vt 0.16046967 0.8356164
vt 0.9726027 0.9726027
vt 0.9315069 0.9960861
vt 0.96868885 0.9960861
vt 0.96868885 0.704501
vt 0.9726027 0.9510763
vt 0.9941292 0.9706458
vt 0.19569471 0.4481409
vt 0.14872798 0.46575344
vt 0.15264188 0.3776908
vt 0.19178082 0.3737769
vt 0.07436399 0.29745597
vt 0.08414873 0.2407045
vt 0.045009784 0.23874755
vt 0.1330724 0.2485323
vt 0.13111547 0.30136988
vt 0.04892368 0.39138943
vt 0.099804305 0.36594912
vt 0.0332681 0.4774951
vt 0.07632094 0.46183953
vt 0.09393346 0.51663405
vt 0.06849315 0.5205479
vt 0.6966732 0.71428573
vt 0.6731898 0.72602737
vt 0.64187866 0.76516634
vt 0.9099804 0.28767124
vt 0.8864971 0.34246576
vt 0.95303327 0.25440314
vt 0.9960861 0.2485323
vt 0.9412916 0.20156556
vt 0.95694715 0.20939335
vt 0.68101764 0.11545988
vt 0.47358122 0.8962818
vt 0.51663405 0.8551859
vt 0.49315068 0.9510763
vt 0.51272017 0.96477497
vt 0.87279844 0.27005872
vt 0.89041096 0.2407045
vt 0.8747554 0.30136988
vt 0.39726028 0.99804306
vt 0.29549903 0.099804305
vt 0.3620352 0.1409002
vt 0.32485324 0.1409002
vt 0.26223093 0.13111547
vt 0.26223093 0.11545988
vt 0.9726027 0.667319
vt 0.98630136 0.667319
vt 0.8630137 0.45596868
vt 0.87279844 0.47553816
vt 0.9001957 0.4892368
vt 0.9217221 0.47358122
vt 0.33855185 0.39530334
vt 0.25831702 0.37964776
vt 0.25440314 0.39530334
vt 0.33463797 0.38356164
vt 0.67906064 0.7886497
vt 0.70254403 0.7906067
vt 0.7005871 0.81604695
vt 0.7162427 0.7886497
vt 0.08023483 0.099804305
vt 0.06066536 0.0704501
vt 0.031311154 0.091976516
vt 0.08219178 0.1369863
vt 0.031311154 0.14872798
vt 0.25831702 0.8767123
vt 0.9080235 0.9158513
vt 0.9080235 0.99804306
vt 0.9334638 0.92367905
vt 0.96477497 0.86692756
vt 0.23483366 0.481409
vt 0.25636008 0.48336595
vt 0.26027396 0.56751466
vt 0.22309197 0.555773
vt 0.18590999 0.5068493
vt 0.18982388 0.47358122
vt 0.2407045 0.36594912
vt 0.25440314 0.41682974
vt 0.15068494 0.2778865
vt 0.14481409 0.19765167
vt 0.04696673 0.43639922
vt 0.65753424 0.7690802
vt 0.0332681 0.5440313
vt 0.8767123 0.30528376
vt 0.9197652 0.24657534
vt 0.9158513 0.21917808
vt 0.90606654 0.19569471
vt 0.92759293 0.1741683
vt 0.5029354 0.89041096
vt 0.49315068 0.92367905
vt 0.09784736 0.52837574
vt 0.10176125 0.54598826
vt 0.07632094 0.54990214
vt 0.064579256 0.52837574
vt 0.5968689 0.7221135
vt 0.62035227 0.7514677
vt 0.5890411 0.73189825
vt 0.87279844 0.22504893
vt 0.8982387 0.23287672
vt 0.9041096 0.79452056
vt 0.92367905 0.8238748
vt 0.9041096 0.8238748
vt 0.9432485 0.79452056
vt 0.19178082 0.25440314
vt 0.18199609 0.22113504
vt 0.21917808 0.23287672
vt 0.33072406 0.099804305
vt 0.93542075 0.44618395
vt 0.8962818 0.444227
vt 0.67906064 0.099804305
vt 0.6497065 0.1037182
vt 0.6516634 0.06066536
vt 0.7005871 0.058708414
vt 0.70254403 0.1037182
vt 0.16438356 0.14872798
vt 0.23483366 0.14872798
vt 0.23091976 0.1037182
vt 0.1369863 0.10176125
vt 0.13111547 0.14872798
vt 0.70254403 0.5107632
vt 0.68101764 0.53816044
vt 0.72798437 0.53816044
vt 0.6849315 0.51272017
vt 0.16046967 0.25440314
vt 0.15264188 0.23483366
vt 0.40117416 0.81996083
vt 0.39334637 0.79452056
vt 0.40313113 0.76125246
vt 0.43639922 0.8238748
vt 0.5088063 0.82191783
vt 0.5088063 0.76125246
vt 0.51272017 0.79452056
vt 0.052837573 0.15459883
vt 0.98043054 0.7005871
vt 0.9589041 0.67906064
vt 0.9432485 0.6947162
vt 0.98630136 0.67906064
vt 0.91193736 0.83365947
vt 0.9667319 0.8023483
vt 0.12133072 0.11545988
vt 0.08806262 0.1330724
vt 0.09784736 0.072407044
vt 0.12524462 0.06849315
vt 0.6379648 0.7221135
vt 0.5029354 0.9315069
vt 0.5205479 0.9099804
vt 0.12524462 0.13894325
vt 0.0019569471 0.0332681
vt 0.007827789 0.050880626
vt 0.021526419 0.017612524
vt 0.5088063 0.99804306
vt 0.50489235 0.97455966
vt 0.53424656 0.960861
vt 0.5772994 0.99804306
vt 0.5205479 0.9373777
vt 0.5205479 0.960861
vt 0.50097847 0.94716245
vt 0.555773 0.064579256
vt 0.54598826 0.064579256
vt 0.4853229 0.1037182
vt 0.553816 0.10958904
vt 0.0704501 0.23679061
vt 0.12133072 0.16634052
vt 0.12720157 0.23287672
vt 0.74951077 0.26223093
vt 0.7299413 0.26418787
vt 0.7299413 0.22113504
vt 0.481409 0.83170253
vt 0.5088063 0.84540117
vt 0.5205479 0.83170253
vt 0.5772994 0.10958904
vt 0.09784736 0.1409002
vt 0.12720157 0.14481409
vt 0.04696673 0.16242662
vt 0.7455969 0.34050882
vt 0.7573385 0.32093933
vt 0.4187867 0.81604695
vt 0.4148728 0.81996083
vt 0.4148728 0.81996083
vt 0.407045 0.7514677
vt 0.49902153 0.7103718
vt 0.44618395 0.7925636
vt 0.4187867 0.81604695
vt 0.44618395 0.7925636
vt 0.51272017 0.72798437
vt 0.51272017 0.72798437
vt 0.5420744 0.7005871
vt 0.5420744 0.7005871
vt 0.555773 0.6888454
vt 0.5479452 0.68688846
vt 0.9706458 0.8649706
vt 0.9706458 0.8649706
vt 0.9706458 0.8649706
vt 0.9843444 0.8649706
vt 0.96477497 0.84540117
vt 0.9706458 0.8649706
vt 0.9823875 0.8414873
vt 0.962818 0.83953035
vt 0.96477497 0.84540117
vt 0.960861 0.8356164
vt 0.962818 0.83953035
vt 0.960861 0.8356164
vt 0.9510763 0.8121331
vt 0.9510763 0.8121331
vt 0.9315069 0.7592955
vt 0.9315069 0.7592955
vt 0.9080235 0.6947162
vt 0.9080235 0.6947162
vt 0.72015655 0.8082192
vt 0.7240704 0.79843444
vt 0.7240704 0.79843444
vt 0.72798437 0.8121331
vt 0.7181996 0.8121331
vt 0.72015655 0.8082192
vt 0.7181996 0.8121331
vt 0.68688846 0.9158513
vt 0.68688846 0.9158513
vt 0.6829746 0.9315069
vt 0.6829746 0.9315069
vt 0.6712329 0.96477497
vt 0.6712329 0.96477497
vt 0.6614481 0.99804306
vt 0.6614481 0.99804306
vt 0.2994129 0.20156556
vt 0.30136988 0.20156556
vt 0.30136988 0.20156556
vt 0.2994129 0.20156556
vt 0.14481409 0.79843444
vt 0.13894325 0.79843444
vt 0.13894325 0.79843444
vt 0.14481409 0.79843444
vt 0.18395303 0.79843444
vt 0.18395303 0.79843444
vt 0.19569471 0.8003914
vt 0.19569471 0.70254403
vt 0.23874755 0.73189825
vt 0.2035225 0.8003914
vt 0.19569471 0.8003914
vt 0.2035225 0.8003914
vt 0.23091976 0.8023483
vt 0.23091976 0.8023483
vt 0.2935421 0.8003914
vt 0.2935421 0.8003914
vt 0.30528376 0.8003914
vt 0.30528376 0.74951077
vt 0.20547946 0.39530334
vt 0.19178082 0.3894325
vt 0.2035225 0.38747555
vt 0.2035225 0.38747555
vt 0.20547946 0.39530334
vt 0.21135029 0.41291586
vt 0.21135029 0.41291586
vt 0.22896282 0.99804306
vt 0.2407045 0.9921722
vt 0.2407045 0.9921722
vt 0.22896282 0.99804306
vt 0.88258314 0.6399217
vt 0.88258314 0.68101764
vt 0.88258314 0.68101764
vt 0.88258314 0.6399217
vt 0.88258314 0.60665363
vt 0.88258314 0.60665363
vt 0.015655577 0.16438356
vt 0.019569471 0.16438356
vt 0.019569471 0.16438356
vt 0.015655577 0.16438356
vt 0.007827789 0.16634052
vt 0.007827789 0.16634052
vt 0.0019569471 0.16634052
vt 0.0019569471 0.16634052
vt 0.555773 0.47945204
vt 0.5518591 0.47945204
vt 0.5518591 0.47945204
vt 0.555773 0.47945204
vt 0.57338554 0.47945204
vt 0.57338554 0.47945204
vt 0.71428573 0.4853229
vt 0.71428573 0.4853229
vt 0.23287672 0.39726028
vt 0.25636008 0.45596868
vt 0.26027396 0.33463797
vt 0.26027396 0.33463797
vt 0.26027396 0.33463797
vt 0.23091976 0.3444227
vt 0.26027396 0.33463797
vt 0.26027396 0.33463797
vt 0.23287672 0.32681018
vt 0.26027396 0.33463797
vt 0.23287672 0.32681018
vt 0.37181997 0.76125246
vt 0.35812134 0.72015655
vt 0.49510762 0.6712329
vt 0.553816 0.6340509
vt 0.9941292 0.86105675
vt 0.9941292 0.81409
vt 0.9843444 0.8121331
vt 0.99021524 0.64579254
vt 0.8630137 0.7964775
vt 0.9138943 0.81017613
vt 0.87866926 0.9001957
vt 0.7671233 0.90606654
vt 0.7181996 0.9491194
vt 0.6927593 0.9960861
vt 0.8082192 0.99804306
vt 0.28375733 0.072407044
vt 0.31311154 0.1409002
vt 0.13894325 0.7964775
vt 0.14285715 0.73189825
vt 0.13894325 0.6731898
vt 0.21526419 0.63600785
vt 0.25048923 0.58317024
vt 0.3111546 0.71428573
vt 0.16046967 0.4187867
vt 0.15851273 0.38747555
vt 0.22896282 0.9706458
vt 0.89041096 0.60665363
vt 0.9099804 0.6849315
vt 0.9138943 0.66340506
vt 0.9138943 0.6046967
vt 0.007827789 0.09001957
vt 0.03522505 0.113502935
vt 0.0019569471 0.16242662
vt 0.54990214 0.48336595
vt 0.71428573 0.5479452
vt 0.23287672 0.50489235
vt 0.26027396 0.553816
vt 0.23679061 0.43444228
vt 0.04892368 0.93542075
vt 0.0019569471 0.9334638
vt 0.0058708414 0.8767123
vt 0.07632094 0.90606654
vt 0.011741683 0.8258317
vt 0.08414873 0.8180039
vt 0.9667319 0.22504893
vt 0.93542075 0.21917808
vt 0.9706458 0.30136988
vt 0.2074364 0.29158512
vt 0.23287672 0.32093933
vt 0.19569471 0.36790606
vt 0.14481409 0.29549903
vt 0.12720157 0.39334637
vt 0.09784736 0.369863
vt 0.0332681 0.4266145
vt 0.0058708414 0.39530334
vt 0.043052837 0.33463797
vt 0.0019569471 0.34050882
vt 0.36007828 0.6594912
vt 0.44618395 0.6477495
vt 0.43835616 0.5968689
vt 0.74168295 0.6086106
vt 0.7181996 0.592955
vt 0.72015655 0.7162427
vt 0.7455969 0.704501
vt 0.72602737 0.7925636
vt 0.7729941 0.7886497
vt 0.7690802 0.59491193
vt 0.8297456 0.6888454
vt 0.89041096 0.78277886
vt 0.93933463 0.79452056
vt 0.86888456 0.59491193
vt 0.93542075 0.9960861
vt 0.2994129 0.091976516
vt 0.2778865 0.12524462
vt 0.2778865 0.04109589
vt 0.26223093 0.06066536
vt 0.2661448 0.13894325
vt 0.84931505 0.13111547
vt 0.76516634 0.14481409
vt 0.78277886 0.13502936
vt 0.13894325 0.5988258
vt 0.6105675 0.89432484
vt 0.667319 0.960861
vt 0.59099805 0.99804306
vt 0.56751466 0.88258314
vt 0.555773 0.94520545
vt 0.555773 0.9080235
vt 0.47945204 0.9197652
vt 0.4892368 0.9882583
vt 0.31702545 0.6262231
vt 0.13111547 0.407045
vt 0.19178082 0.9412916
vt 0.22504893 0.99804306
vt 0.22504893 0.9334638
vt 0.9412916 0.667319
vt 0.0019569471 0.5322896
vt 0.03522505 0.47945204
vt 0.0019569471 0.46966732
vt 0.03522505 0.0704501
vt 0.0019569471 0.056751467
vt 0.5518591 0.62426615
vt 0.52446187 0.5988258
vt 0.5264188 0.5596869
vt 0.5851272 0.6164383
vt 0.62818 0.5655577
vt 0.6614481 0.66536206
vt 0.6712329 0.66927594
vt 0.71428573 0.6046967
vt 0.46966732 0.5440313
vt 0.39530334 0.54598826
vt 0.5029354 0.5851272
vt 0.51272017 0.54598826
vt 0.5988258 0.78669274
vt 0.6379648 0.7729941
vt 0.6477495 0.78669274
vt 0.43444228 0.49119374
vt 0.39334637 0.49119374
vt 0.4266145 0.46575344
vt 0.46771038 0.8590998
vt 0.45009786 0.84931505
vt 0.45401174 0.8023483
vt 0.4774951 0.7925636
vt 0.23679061 0.5596869
vt 0.039138943 0.9882583
vt 0.0039138943 0.99804306
vt 0.08219178 0.93542075
vt 0.08414873 0.8649706
vt 0.15459883 0.84931505
vt 0.08806262 0.8023483
vt 0.2994129 0.22700587
vt 0.2935421 0.2818004
vt 0.23874755 0.27592954
vt 0.9941292 0.89432484
vt 0.9941292 0.87866926
vt 0.94520545 0.86105675
vt 0.92759293 0.89432484
vt 0.40508807 0.16438356
vt 0.3894325 0.11154599
vt 0.32093933 0.13502936
vt 0.31506848 0.1780822
vt 0.35029355 0.20547946
vt 0.32093933 0.21917808
vt 0.30528376 0.20939335
vt 0.98043054 0.98043054
vt 0.98043054 0.99804306
vt 0.93933463 0.9882583
vt 0.93933463 0.9080235
vt 0.1037182 0.29158512
vt 0.0019569471 0.29158512
vt 0.35812134 0.61252445
vt 0.39921722 0.60078275
vt 0.40117416 0.5753425
vt 0.25440314 0.8434442
vt 0.2818004 0.8590998
vt 0.24657534 0.86105675
vt 0.21330725 0.8434442
vt 0.54598826 0.47162426
vt 0.5812133 0.43444228
vt 0.59491193 0.47553816
vt 0.5205479 0.45401174
vt 0.44618395 0.47358122
vt 0.41291586 0.45009786
vt 0.49315068 0.41095892
vt 0.41095892 0.40313113
vt 0.46771038 0.33855185
vt 0.39530334 0.33855185
vt 0.29158512 0.18982388
vt 0.27201566 0.22309197
vt 0.9158513 0.12915851
vt 0.9549902 0.14481409
vt 0.8982387 0.14285715
vt 0.66340506 0.888454
vt 0.6594912 0.84931505
vt 0.60078275 0.85714287
vt 0.56751466 0.7847358
vt 0.5479452 0.81409
vt 0.52250487 0.86692756
vt 0.47945204 0.8551859
vt 0.3189824 0.3072407
vt 0.30136988 0.3483366
vt 0.30136988 0.28767124
vt 0.3111546 0.24266145
vt 0.30332682 0.21917808
vt 0.48336595 0.9921722
vt 0.45596868 0.90606654
vt 0.4774951 0.9001957
vt 0.20156556 0.9960861
vt 0.704501 0.35420743
vt 0.6399217 0.38551858
vt 0.6888454 0.43639922
vt 0.7358121 0.407045
vt 0.8121331 0.43639922
vt 0.064579256 0.14285715
vt 0.039138943 0.16438356
vt 0.039138943 0.045009784
vt 0.072407044 0.09784736
vt 0.66927594 0.8356164
vt 0.69863015 0.86105675
vt 0.69863015 0.8121331
vt 0.67906064 0.86888456
vt 0.2739726 0.87279844
vt 0.2407045 0.8923679
vt 0.23679061 0.87279844
vt 0.58317024 0.65362036
vt 0.62818 0.66536206
vt 0.65753424 0.67514676
vt 0.39138943 0.49510762
vt 0.38747555 0.5107632
vt 0.36594912 0.5851272
vt 0.8414873 0.35420743
vt 0.853229 0.32681018
vt 0.7358121 0.27984345
vt 0.7299413 0.32093933
vt 0.69863015 0.29158512
vt 0.65362036 0.32093933
vt 0.68688846 0.2818004
vt 0.592955 0.7729941
vt 0.8258317 0.39530334
vt 0.40313113 0.12524462
vt 0.40508807 0.23091976
vt 0.38551858 0.26418787
vt 0.35812134 0.2485323
vt 0.33268103 0.27201566
vt 0.32681018 0.2994129
vt 0.12524462 0.61252445
vt 0.08806262 0.6966732
vt 0.12524462 0.6888454
vt 0.086105675 0.6183953
vt 0.09393346 0.60078275
vt 0.98043054 0.8982387
vt 0.44227007 0.16634052
vt 0.407045 0.17612524
vt 0.41291586 0.2074364
vt 0.46183953 0.20156556
vt 0.4892368 0.51272017
vt 0.51663405 0.53424656
vt 0.54011744 0.49315068
vt 0.44618395 0.49315068
vt 0.58317024 0.38747555
vt 0.5420744 0.33268103
vt 0.6320939 0.3561644
vt 0.6340509 0.3816047
vt 0.38747555 0.5655577
vt 0.29745597 0.8473581
vt 0.50489235 0.32681018
vt 0.407045 0.49510762
vt 0.28767124 0.39530334
vt 0.3483366 0.3776908
vt 0.3189824 0.35812134
vt 0.26418787 0.34637964
vt 0.9510763 0.13111547
vt 0.99021524 0.13111547
vt 0.667319 0.8082192
vt 0.26418787 0.44618395
vt 0.31506848 0.46966732
vt 0.2661448 0.46183953
vt 0.553816 0.77690804
vt 0.481409 0.80430526
vt 0.77690804 0.15851273
vt 0.77103716 0.17025441
vt 0.7221135 0.17221135
vt 0.75342464 0.14285715
vt 0.7181996 0.15068494
vt 0.32485324 0.3444227
vt 0.18003914 0.5988258
vt 0.1780822 0.6144814
vt 0.22504893 0.6144814
vt 0.22113504 0.5988258
vt 0.57925636 0.6927593
vt 0.62035227 0.6829746
vt 0.62035227 0.6927593
vt 0.59099805 0.66340506
vt 0.5596869 0.68688846
vt 0.555773 0.6731898
vt 0.40117416 0.31506848
vt 0.36790606 0.32289627
vt 0.33268103 0.3365949
vt 0.36399218 0.3483366
vt 0.32681018 0.35812134
vt 0.3072407 0.5264188
vt 0.28375733 0.5596869
vt 0.27984345 0.59491193
vt 0.3522505 0.61252445
vt 0.3522505 0.555773
vt 0.37181997 0.5322896
vt 0.043052837 0.4403131
vt 0.01369863 0.43835616
vt 0.0019569471 0.46771038
vt 0.037181996 0.46771038
vt 0.6614481 0.44227007
vt 0.592955 0.4481409
vt 0.6086106 0.4774951
vt 0.6771037 0.4774951
vt 0.007827789 0.7221135
vt 0.043052837 0.7358121
vt 0.0019569471 0.7358121
vt 0.03522505 0.739726
vt 0.009784736 0.7886497
vt 0.0039138943 0.7573385
vt 0.0019569471 0.74363995
vt 0.03522505 0.7808219
vt 0.3816047 0.4520548
vt 0.40117416 0.38356164
vt 0.26810175 0.5303327
vt 0.48727983 0.7592955
vt 0.8023483 0.15459883
vt 0.81409 0.17221135
vt 0.8962818 0.7455969
vt 0.9197652 0.76516634
vt 0.91780823 0.739726
vt 0.71428573 0.1330724
vt 0.7729941 0.11154599
vt 0.5518591 0.97455966
vt 0.5146771 0.99804306
vt 0.5088063 0.98043054
vt 0.5636008 0.99804306
vt 0.57338554 0.9941292
vt 0.59491193 0.41682974
vt 0.63013697 0.38551858
vt 0.63013697 0.4403131
vt 0.6712329 0.11741683
vt 0.8962818 0.778865
vt 0.8238748 0.14872798
vt 0.3894325 0.3365949
vt 0.40117416 0.45401174
vt 0.7064579 0.23287672
vt 0.70254403 0.16829745
vt 0.7573385 0.19765167
vt 0.7573385 0.27592954
vt 0.69080234 0.23874755
vt 0.6966732 0.27592954
vt 0.08219178 0.6262231
vt 0.019569471 0.5988258
vt 0.08023483 0.5988258
vt 0.06066536 0.64187866
vt 0.18982388 0.45596868
vt 0.23091976 0.42074364
vt 0.22700587 0.44227007
vt 0.15851273 0.42074364
vt 0.15459883 0.4481409
vt 0.07436399 0.9921722
vt 0.086105675 0.99804306
vt 0.099804305 0.96868885
vt 0.15264188 0.93933463
vt 0.18786693 0.925636
vt 0.22113504 0.86888456
vt 0.09589041 0.8023483
vt 0.08806262 0.8023483
vt 0.078277886 0.8023483
vt 0.09589041 0.8023483
vt 0.14677104 0.43444228
vt 0.21526419 0.82778865
vt 0.3072407 0.81017613
vt 0.30136988 0.83953035
vt 0.21135029 0.83953035
vt 0.18395303 0.9941292
vt 0.2407045 0.90606654
vt 0.9843444 0.18199609
vt 0.9706458 0.21722114
vt 0.962818 0.1741683
vt 0.9921722 0.2074364
vt 0.011741683 0.6594912
vt 0.058708414 0.70254403
vt 0.06262231 0.67514676
vt 0.0019569471 0.7162427
vt 0.6771037 0.2739726
vt 0.6477495 0.26418787
vt 0.6183953 0.3483366
vt 0.21917808 0.80626225
vt 0.6438356 0.23091976
vt 0.67514676 0.24266145
vt 0.68688846 0.21526419
vt 0.39921722 0.29158512
vt 0.39334637 0.29158512
vt 0.39921722 0.29158512
vt 0.23287672 0.62035227
vt 0.22700587 0.6223092
vt 0.22700587 0.6223092
vt 0.23287672 0.62035227
vt 0.2446184 0.6164383
vt 0.2446184 0.6164383
vt 0.25048923 0.6164383
vt 0.25048923 0.6164383
vt 0.1330724 0.43052837
vt 0.10176125 0.43052837
vt 0.10176125 0.43052837
vt 0.1330724 0.43052837
vt 0.13502936 0.39921722
vt 0.13502936 0.39921722
vt 0.13502936 0.3776908
vt 0.13502936 0.3776908
vt 0.37181997 0.29549903
vt 0.19569471 0.32289627
vt 0.19569471 0.32289627
vt 0.37181997 0.29549903
vt 0.39334637 0.29158512
vt 0.2485323 0.6262231
vt 0.01369863 0.5264188
vt 0.08219178 0.52250487
vt 0.08219178 0.52250487
vt 0.01369863 0.5264188
vt 0.01369863 0.52250487
vt 0.01369863 0.52250487
vt 0.01369863 0.51272017
vt 0.01369863 0.51272017
vt 0.49119374 0.34246576
vt 0.48727983 0.34050882
vt 0.48727983 0.34050882
vt 0.49119374 0.34246576
vt 0.49902153 0.34246576
vt 0.49902153 0.34246576
vt 0.5146771 0.34246576
vt 0.5146771 0.34246576
vt 0.53424656 0.3444227
vt 0.53424656 0.3444227
vt 0.08414873 0.5107632
vt 0.5440313 0.9412916
vt 0.53816044 0.99804306
vt 0.5440313 0.99804306
vt 0.5440313 0.99804306
vt 0.5440313 0.9412916
vt 0.5440313 0.888454
vt 0.5440313 0.888454
vt 0.5420744 0.83953035
vt 0.5420744 0.83953035
vt 0.5420744 0.83170253
vt 0.5420744 0.83170253
vt 0.5440313 0.82191783
vt 0.5440313 0.82191783
vt 0.5440313 0.74951077
vt 0.5440313 0.74951077
vt 0.5440313 0.7299413
vt 0.5303327 0.7299413
vt 0.69863015 0.47358122
vt 0.704501 0.4598826
vt 0.70254403 0.47358122
vt 0.70254403 0.47358122
vt 0.69863015 0.47358122
vt 0.68101764 0.4774951
vt 0.68101764 0.4774951
vt 0.66340506 0.481409
vt 0.66340506 0.481409
vt 0.6340509 0.48727983
vt 0.6340509 0.48727983
vt 0.5890411 0.49510762
vt 0.5890411 0.49510762
vt 0.5870842 0.4853229
vt 0.5870842 0.4853229
vt 0.10176125 0.55772996
vt 0.10763209 0.555773
vt 0.10763209 0.555773
vt 0.10176125 0.55772996
vt 0.06262231 0.5655577
vt 0.06262231 0.5655577
vt 0.06262231 0.5655577
vt 0.06262231 0.5655577
vt 0.06262231 0.56751466
vt 0.06262231 0.5655577
vt 0.06262231 0.56751466
vt 0.050880626 0.5714286
vt 0.050880626 0.5714286
vt 0.04892368 0.5714286
vt 0.031311154 0.9941292
vt 0.04109589 0.9960861
vt 0.031311154 0.9941292
vt 0.06066536 0.99804306
vt 0.056751467 0.97455966
vt 0.04109589 0.9960861
vt 0.5205479 0.2739726
vt 0.5088063 0.1780822
vt 0.5303327 0.1780822
vt 0.5303327 0.2661448
vt 0.5303327 0.1780822
vt 0.5303327 0.2661448
vt 0.5303327 0.27592954
vt 0.5303327 0.28962818
vt 0.5303327 0.27592954
vt 0.5303327 0.28962818
vt 0.5303327 0.31311154
vt 0.5303327 0.31311154
vt 0.5303327 0.34050882
vt 0.5303327 0.34050882
vt 0.49510762 0.34050882
vt 0.52446187 0.9138943
vt 0.5264188 0.99804306
vt 0.011741683 0.7240704
vt 0.011741683 0.7240704
vt 0.050880626 0.7240704
vt 0.0019569471 0.7240704
vt 0.0019569471 0.7240704
vt 0.0019569471 0.96868885
vt 0.0019569471 0.9726027
vt 0.0019569471 0.9726027
vt 0.015655577 0.9706458
vt 0.0019569471 0.96477497
vt 0.0019569471 0.96868885
vt 0.0019569471 0.962818
vt 0.0019569471 0.96477497
vt 0.0019569471 0.95694715
vt 0.0019569471 0.962818
vt 0.0019569471 0.95694715
vt 0.0019569471 0.9510763
vt 0.0019569471 0.9510763
vt 0.0019569471 0.94520545
vt 0.0019569471 0.94520545
vt 0.0019569471 0.9412916
vt 0.0019569471 0.9412916
vt 0.0019569471 0.9138943
vt 0.0019569471 0.9138943
vt 0.0019569471 0.9041096
vt 0.0019569471 0.9041096
vt 0.0019569471 0.86692756
vt 0.0019569471 0.86692756
vt 0.0019569471 0.74168295
vt 0.0019569471 0.74168295
vt 0.0019569471 0.66536206
vt 0.0019569471 0.66536206
vt 0.0019569471 0.6262231
vt 0.0019569471 0.6262231
vt 0.037181996 0.93542075
usemtl mtl_26_0
f 1/1 2/2 3/3
f 4/4 1/1 3/3
f 5/5 6/6 7/7
f 8/8 5/5 7/7
f 9/9 5/5 8/8
f 10/10 9/9 8/8
f 11/11 9/9 10/10
f 12/12 11/11 10/10
f 13/13 11/11 12/12
f 14/14 13/13 12/12
f 15/15 13/13 14/14
f 16/16 15/15 14/14
f 17/17 15/15 16/16
f 18/18 17/17 16/16
f 19/19 20/20 21/21
f 22/22 20/20 19/19
f 23/23 22/22 19/19
f 24/24 23/23 19/19
f 25/25 23/23 24/24
f 26/26 27/27 28/28
f 29/29 26/26 28/28
f 30/30 26/26 29/29
f 31/31 30/30 29/29
f 32/32 30/30 31/31
f 33/33 30/30 32/32
f 34/34 33/33 32/32
f 35/35 34/34 32/32
f 36/36 37/37 38/38
f 39/39 36/36 38/38
f 40/40 36/36 39/39
f 41/41 36/36 40/40
f 42/42 41/41 40/40
f 43/43 42/42 40/40
f 44/44 43/43 40/40
f 45/45 43/43 44/44
f 46/46 43/43 45/45
f 47/47 46/46 45/45
f 48/48 46/46 47/47
f 49/49 48/48 47/47
f 50/50 51/51 52/52
f 53/53 50/50 52/52
f 54/54 55/55 56/56
f 2/2 57/57 58/58
f 1/1 57/57 2/2
f 5/5 54/54 6/6
f 59/59 54/54 5/5
f 9/9 59/59 5/5
f 60/60 59/59 9/9
f 11/11 60/60 9/9
f 13/13 60/60 11/11
f 61/61 60/60 13/13
f 15/15 61/61 13/13
f 17/17 61/61 15/15
f 62/62 60/60 61/61
f 63/63 64/64 65/65
f 30/30 66/66 67/67
f 26/26 30/30 67/67
f 27/27 26/26 67/67
f 33/33 66/66 30/30
f 42/42 68/68 41/41
f 69/69 68/68 42/42
f 70/70 69/69 42/42
f 71/71 70/70 42/42
f 43/43 72/72 42/42
f 46/46 72/72 43/43
f 48/48 72/72 46/46
f 51/51 50/50 73/73
f 74/74 75/75 55/55
f 76/76 74/74 55/55
f 54/54 76/76 55/55
f 59/59 76/76 54/54
f 77/77 76/76 59/59
f 60/60 77/77 59/59
f 62/62 77/77 60/60
f 78/78 77/77 62/62
f 63/63 79/79 64/64
f 74/74 77/77 78/78
f 68/68 69/69 80/80
f 76/76 77/77 74/74
f 81/81 82/82 83/83
f 84/84 85/85 86/86
f 87/87 82/82 81/81
f 37/37 36/36 41/41
usemtl mtl_26_1
f 88/88 89/89 90/90
f 91/91 88/88 90/90
f 92/92 91/91 90/90
f 93/93 91/91 92/92
f 94/94 91/91 93/93
f 95/95 94/94 93/93
f 96/96 97/97 98/98
f 99/99 96/96 98/98
f 100/100 96/96 99/99
f 101/101 96/96 100/100
f 102/102 103/103 104/104
f 105/105 102/102 104/104
f 106/106 102/102 105/105
f 107/107 102/102 106/106
f 103/103 102/102 107/107
f 108/108 103/103 107/107
f 109/109 108/108 107/107
f 110/110 109/109 107/107
f 111/111 109/109 110/110
f 112/112 109/109 111/111
f 113/113 112/112 111/111
f 114/114 112/112 113/113
f 115/115 114/114 113/113
f 116/116 114/114 115/115
f 117/117 114/114 116/116
f 118/118 117/117 116/116
f 119/119 118/118 116/116
f 120/120 118/118 119/119
f 121/121 118/118 120/120
f 117/117 118/118 121/121
f 122/122 123/123 124/124
f 125/125 126/126 127/127
f 128/128 129/129 125/125
f 130/130 129/129 128/128
f 131/131 132/132 133/133
f 134/134 132/132 131/131
f 135/135 134/134 131/131
f 136/136 135/135 131/131
f 137/137 134/134 135/135
f 138/138 137/137 135/135
f 139/139 138/138 135/135
f 140/140 139/139 135/135
f 141/141 139/139 140/140
f 142/142 143/143 89/89
f 144/144 142/142 89/89
f 88/88 144/144 89/89
f 145/145 146/146 147/147
f 148/148 145/145 147/147
f 149/149 148/148 147/147
f 150/150 149/149 147/147
f 151/151 150/150 147/147
f 96/96 151/151 97/97
f 101/101 151/151 96/96
f 150/150 151/151 101/101
f 108/108 152/152 103/103
f 153/153 152/152 108/108
f 154/154 153/153 108/108
f 109/109 154/154 108/108
f 155/155 154/154 109/109
f 112/112 155/155 109/109
f 117/117 155/155 112/112
f 114/114 117/117 112/112
f 156/156 157/157 122/122
f 158/158 159/159 160/160
f 161/161 159/159 158/158
f 162/162 163/163 137/137
f 164/164 165/165 166/166
f 167/167 164/164 166/166
f 168/168 167/167 166/166
f 169/169 170/170 171/171
f 172/172 169/169 171/171
f 173/173 172/172 171/171
f 174/174 175/175 176/176
f 177/177 174/174 176/176
f 152/152 174/174 177/177
f 153/153 174/174 152/152
f 154/154 174/174 153/153
f 178/178 174/174 154/154
f 179/179 178/178 154/154
f 155/155 179/179 154/154
f 180/180 179/179 155/155
f 181/181 182/182 157/157
f 156/156 181/181 157/157
f 183/183 181/181 156/156
f 184/184 185/185 186/186
f 187/187 184/184 186/186
f 188/188 184/184 187/187
f 161/161 189/189 159/159
f 190/190 191/191 163/163
f 162/162 190/190 163/163
f 170/170 192/192 193/193
f 169/169 192/192 170/170
f 194/194 192/192 169/169
f 195/195 194/194 169/169
f 172/172 195/195 169/169
f 196/196 195/195 172/172
f 174/174 178/178 175/175
f 197/197 195/195 196/196
f 198/198 197/197 196/196
f 199/199 200/200 201/201
f 202/202 199/199 201/201
f 182/182 202/202 201/201
f 183/183 202/202 182/182
f 181/181 183/183 182/182
f 190/190 202/202 183/183
f 184/184 203/203 185/185
f 199/199 202/202 190/190
f 204/204 199/199 190/190
f 195/195 205/205 194/194
f 197/197 205/205 195/195
f 91/91 94/94 88/88
usemtl mtl_27_0
f 409/409 410/410 411/411
f 412/412 409/409 411/411
f 413/413 412/412 411/411
f 414/414 413/413 411/411
f 415/415 414/414 411/411
f 416/416 413/413 414/414
f 417/417 416/416 414/414
f 418/418 417/417 414/414
f 419/419 417/417 418/418
f 420/420 417/417 419/419
f 421/421 420/420 419/419
f 422/422 420/420 421/421
f 423/423 422/422 421/421
f 424/424 422/422 423/423
f 425/425 424/424 423/423
f 426/426 424/424 425/425
f 427/427 426/426 425/425
f 428/428 429/429 430/430
f 431/431 428/428 430/430
f 432/432 428/428 431/431
f 433/433 432/432 431/431
f 434/434 435/435 436/436
f 437/437 434/434 436/436
f 438/438 434/434 437/437
f 439/439 434/434 438/438
f 440/440 439/439 438/438
f 441/441 439/439 440/440
f 442/442 439/439 441/441
f 443/443 442/442 441/441
f 444/444 442/442 443/443
f 445/445 444/444 443/443
f 446/446 444/444 445/445
f 447/447 446/446 445/445
f 448/448 449/449 450/450
f 451/451 448/448 450/450
f 452/452 448/448 451/451
f 453/453 452/452 451/451
f 454/454 452/452 453/453
f 455/455 454/454 453/453
f 456/456 454/454 455/455
f 457/457 454/454 456/456
f 458/458 457/457 456/456
f 459/459 458/458 456/456
f 460/460 459/459 456/456
f 461/461 459/459 460/460
f 462/462 459/459 461/461
f 458/458 459/459 462/462
f 463/463 458/458 462/462
f 464/464 463/463 462/462
f 465/465 458/458 463/463
f 466/466 467/467 468/468
f 469/469 466/466 468/468
f 470/470 466/466 469/469
f 471/471 466/466 470/470
f 472/472 471/471 470/470
f 473/473 471/471 472/472
f 474/474 473/473 472/472
f 475/475 473/473 474/474
f 476/476 475/475 474/474
f 477/477 478/478 479/479
f 480/480 478/478 477/477
f 481/481 480/480 477/477
f 482/482 481/481 477/477
f 483/483 481/481 482/482
f 484/484 481/481 483/483
f 485/485 484/484 483/483
f 486/486 484/484 485/485
f 487/487 486/486 485/485
f 488/488 486/486 487/487
f 489/489 486/486 488/488
f 490/490 491/491 492/492
f 493/493 490/490 492/492
f 494/494 490/490 493/493
f 495/495 490/490 494/494
f 496/496 495/495 494/494
f 497/497 495/495 496/496
f 498/498 497/497 496/496
f 499/499 497/497 498/498
f 500/500 499/499 498/498
f 501/501 499/499 500/500
f 502/502 501/501 500/500
f 503/503 504/504 505/505
f 506/506 504/504 503/503
f 507/507 506/506 503/503
f 508/508 507/507 503/503
f 509/509 507/507 508/508
f 510/510 507/507 509/509
f 511/511 510/510 509/509
f 512/512 510/510 511/511
f 513/513 512/512 511/511
f 514/514 515/515 516/516
f 517/517 514/514 516/516
f 518/518 514/514 517/517
f 519/519 518/518 517/517
f 520/520 518/518 519/519
f 521/521 520/520 519/519
f 522/522 520/520 521/521
f 523/523 522/522 521/521
f 524/524 522/522 523/523
f 525/525 524/524 523/523
f 526/526 522/522 524/524
f 520/520 522/522 526/526
f 527/527 520/520 526/526
f 528/528 527/527 526/526
f 529/529 528/528 526/526
f 413/413 530/530 412/412
f 531/531 530/530 413/413
f 532/532 531/531 413/413
f 416/416 532/532 413/413
f 533/533 532/532 416/416
f 534/534 533/533 416/416
f 424/424 534/534 416/416
f 422/422 424/424 416/416
f 420/420 422/422 416/416
f 417/417 420/420 416/416
f 426/426 534/534 424/424
f 428/428 535/535 429/429
f 536/536 535/535 428/428
f 432/432 536/536 428/428
f 439/439 537/537 435/435
f 434/434 439/439 435/435
f 442/442 537/537 439/439
f 444/444 537/537 442/442
f 538/538 537/537 444/444
f 446/446 538/538 444/444
f 448/448 539/539 449/449
f 540/540 539/539 448/448
f 452/452 540/540 448/448
f 454/454 540/540 452/452
f 457/457 540/540 454/454
f 541/541 540/540 457/457
f 542/542 541/541 457/457
f 465/465 542/542 457/457
f 458/458 465/465 457/457
f 543/543 544/544 467/467
f 545/545 543/543 467/467
f 466/466 545/545 467/467
f 471/471 545/545 466/466
f 473/473 545/545 471/471
f 546/546 545/545 473/473
f 475/475 546/546 473/473
f 480/480 547/547 478/478
f 548/548 547/547 480/480
f 549/549 548/548 480/480
f 489/489 549/549 480/480
f 481/481 489/489 480/480
f 484/484 489/489 481/481
f 486/486 489/489 484/484
f 550/550 551/551 491/491
f 490/490 550/550 491/491
f 495/495 550/550 490/490
f 497/497 550/550 495/495
f 552/552 550/550 497/497
f 499/499 552/552 497/497
f 501/501 552/552 499/499
f 553/553 552/552 501/501
f 510/510 554/554 506/506
f 507/507 510/510 506/506
f 512/512 554/554 510/510
f 514/514 555/555 515/515
f 527/527 555/555 514/514
f 518/518 527/527 514/514
f 520/520 527/527 518/518
f 556/556 555/555 527/527
f 528/528 556/556 527/527
f 557/557 556/556 528/528
f 558/558 557/557 528/528
f 529/529 558/558 528/528
f 559/559 558/558 529/529
f 560/560 559/559 529/529
f 531/531 561/561 530/530
f 562/562 561/561 531/531
f 533/533 562/562 531/531
f 532/532 533/533 531/531
f 563/563 562/562 533/533
f 564/564 563/563 533/533
f 534/534 564/564 533/533
f 565/565 564/564 534/534
f 536/536 566/566 535/535
f 538/538 567/567 537/537
f 568/568 569/569 539/539
f 540/540 568/568 539/539
f 541/541 568/568 540/540
f 570/570 571/571 543/543
f 545/545 570/570 543/543
f 546/546 570/570 545/545
f 572/572 573/573 548/548
f 549/549 572/572 548/548
f 574/574 575/575 551/551
f 552/552 574/574 551/551
f 550/550 552/552 551/551
f 576/576 574/574 552/552
f 553/553 576/576 552/552
f 577/577 578/578 579/579
f 556/556 557/557 555/555
f 558/558 580/580 557/557
f 559/559 580/580 558/558
f 581/581 580/580 559/559
f 582/582 581/581 559/559
f 583/583 582/582 559/559
f 560/560 583/583 559/559
f 584/584 585/585 586/586
f 587/587 585/585 584/584
f 588/588 587/587 584/584
f 589/589 588/588 584/584
f 563/563 590/590 562/562
f 591/591 590/590 563/563
f 592/592 591/591 563/563
f 564/564 592/592 563/563
f 593/593 594/594 595/595
f 596/596 593/593 595/595
f 581/581 597/597 598/598
f 580/580 581/581 598/598
f 599/599 600/600 601/601
f 602/602 600/600 599/599
f 585/585 587/587 603/603
f 589/589 604/604 588/588
f 605/605 606/606 607/607
f 608/608 606/606 605/605
f 609/609 610/610 611/611
f 612/612 610/610 609/609
f 613/613 614/614 615/615
f 616/616 613/613 615/615
f 617/617 618/618 619/619
f 620/620 617/617 619/619
f 621/621 622/622 600/600
f 602/602 621/621 600/600
f 608/608 623/623 606/606
f 624/624 623/623 608/608
f 625/625 624/624 608/608
f 612/612 626/626 610/610
f 627/627 626/626 612/612
f 628/628 629/629 630/630
f 631/631 629/629 628/628
f 632/632 633/633 634/634
f 635/635 633/633 632/632
f 636/636 635/635 632/632
f 637/637 638/638 639/639
f 625/625 640/640 624/624
f 641/641 640/640 625/625
usemtl mtl_27_1
f 206/206 207/207 208/208
f 209/209 206/206 208/208
f 210/210 206/206 209/209
f 211/211 210/210 209/209
f 212/212 210/210 211/211
f 213/213 212/212 211/211
f 214/214 212/212 213/213
f 215/215 214/214 213/213
f 216/216 214/214 215/215
f 217/217 216/216 215/215
f 218/218 219/219 220/220
f 221/221 218/218 220/220
f 222/222 218/218 221/221
f 223/223 222/222 221/221
f 224/224 222/222 223/223
f 225/225 224/224 223/223
f 226/226 227/227 228/228
f 229/229 226/226 228/228
f 230/230 226/226 229/229
f 231/231 230/230 229/229
f 206/206 232/232 207/207
f 233/233 232/232 206/206
f 210/210 233/233 206/206
f 234/234 233/233 210/210
f 212/212 234/234 210/210
f 235/235 234/234 212/212
f 214/214 235/235 212/212
f 216/216 235/235 214/214
f 218/218 236/236 219/219
f 237/237 236/236 218/218
f 222/222 237/237 218/218
f 238/238 237/237 222/222
f 224/224 238/238 222/222
f 239/239 240/240 227/227
f 226/226 239/239 227/227
f 230/230 239/239 226/226
f 233/233 241/241 232/232
f 234/234 241/241 233/233
f 242/242 241/241 234/234
f 243/243 242/242 234/234
f 244/244 243/243 234/234
f 245/245 244/244 234/234
f 246/246 245/245 234/234
f 235/235 246/246 234/234
f 247/247 245/245 248/248
f 249/249 247/247 248/248
f 250/250 249/249 248/248
f 251/251 247/247 249/249
f 237/237 252/252 236/236
f 253/253 252/252 237/237
f 238/238 253/253 237/237
f 254/254 253/253 238/238
f 255/255 253/253 254/254
f 256/256 255/255 254/254
f 257/257 258/258 240/240
f 259/259 257/257 240/240
f 239/239 259/259 240/240
f 243/243 260/260 242/242
f 244/244 260/260 243/243
f 261/261 260/260 244/244
f 245/245 261/261 244/244
f 247/247 261/261 245/245
f 262/262 261/261 247/247
f 251/251 262/262 247/247
f 263/263 264/264 265/265
f 266/266 263/263 265/265
f 267/267 266/266 265/265
f 268/268 269/269 270/270
f 252/252 268/268 270/270
f 253/253 268/268 252/252
f 255/255 268/268 253/253
f 269/269 268/268 255/255
f 271/271 269/269 255/255
f 256/256 271/271 255/255
f 272/272 273/273 274/274
f 275/275 276/276 277/277
f 278/278 275/275 277/277
f 279/279 275/275 278/278
f 280/280 275/275 279/279
f 281/281 280/280 279/279
f 282/282 281/281 279/279
f 283/283 281/281 282/282
f 284/284 283/283 282/282
f 285/285 284/284 282/282
f 286/286 285/285 282/282
f 287/287 288/288 289/289
f 290/290 291/291 292/292
f 293/293 290/290 292/292
f 294/294 295/295 296/296
f 297/297 298/298 299/299
f 300/300 298/298 297/297
f 301/301 300/300 297/297
f 302/302 301/301 297/297
f 303/303 301/301 302/302
f 266/266 304/304 263/263
f 305/305 304/304 266/266
f 306/306 305/305 266/266
f 267/267 306/306 266/266
f 273/273 306/306 267/267
f 307/307 306/306 273/273
f 272/272 307/307 273/273
f 308/308 307/307 272/272
f 275/275 280/280 276/276
f 309/309 307/307 308/308
f 310/310 309/309 308/308
f 311/311 312/312 280/280
f 281/281 311/311 280/280
f 283/283 311/311 281/281
f 313/313 314/314 315/315
f 316/316 313/313 315/315
f 317/317 313/313 316/316
f 318/318 317/317 316/316
f 319/319 320/320 321/321
f 322/322 323/323 324/324
f 325/325 326/326 327/327
f 328/328 325/325 327/327
f 329/329 330/330 331/331
f 332/332 329/329 331/331
f 333/333 329/329 332/332
f 334/334 333/333 332/332
f 335/335 333/333 334/334
f 336/336 335/335 334/334
f 303/303 337/337 301/301
f 305/305 338/338 304/304
f 339/339 338/338 305/305
f 340/340 339/339 305/305
f 309/309 340/340 305/305
f 306/306 309/309 305/305
f 307/307 309/309 306/306
f 341/341 340/340 309/309
f 310/310 341/341 309/309
f 342/342 343/343 344/344
f 345/345 346/346 347/347
f 313/313 348/348 314/314
f 349/349 348/348 313/313
f 350/350 351/351 352/352
f 353/353 350/350 352/352
f 354/354 355/355 356/356
f 357/357 354/354 356/356
f 358/358 359/359 360/360
f 361/361 358/358 360/360
f 362/362 358/358 361/361
f 363/363 362/362 361/361
f 364/364 365/365 330/330
f 329/329 364/364 330/330
f 333/333 364/364 329/329
f 335/335 364/364 333/333
f 365/365 364/364 335/335
f 366/366 367/367 368/368
f 369/369 366/366 368/368
f 336/336 370/370 335/335
f 371/371 372/372 373/373
f 374/374 372/372 371/371
f 343/343 374/374 371/371
f 342/342 374/374 343/343
f 375/375 376/376 348/348
f 377/377 375/375 348/348
f 349/349 377/377 348/348
f 378/378 379/379 351/351
f 350/350 378/378 351/351
f 380/380 379/379 378/378
f 381/381 382/382 383/383
f 384/384 381/381 383/383
f 385/385 386/386 387/387
f 388/388 389/389 390/390
f 391/391 388/388 390/390
f 392/392 391/391 390/390
f 393/393 394/394 359/359
f 358/358 393/393 359/359
f 395/395 393/393 358/358
f 362/362 395/395 358/358
f 396/396 395/395 362/362
f 397/397 396/396 362/362
f 398/398 396/396 397/397
f 399/399 398/398 397/397
f 400/400 398/398 399/399
f 401/401 400/400 399/399
f 402/402 400/400 401/401
f 403/403 402/402 401/401
f 386/386 404/404 405/405
f 406/406 386/386 405/405
f 379/379 380/380 407/407
f 393/393 408/408 394/394
f 402/402 408/408 393/393
f 400/400 402/402 393/393
f 395/395 400/400 393/393
f 398/398 400/400 395/395
f 396/396 398/398 395/395
usemtl mtl_29_0
f 642/642 643/643 644/644
f 645/645 642/642 644/644
f 646/646 642/642 645/645
f 647/647 646/646 645/645
f 648/648 646/646 647/647
f 649/649 648/648 647/647
f 650/650 648/648 649/649
f 651/651 650/650 649/649
f 652/652 650/650 651/651
f 653/653 652/652 651/651
f 654/654 652/652 653/653
f 655/655 654/654 653/653
f 656/656 654/654 655/655
f 657/657 656/656 655/655
f 658/658 659/659 660/660
f 661/661 659/659 658/658
f 662/662 661/661 658/658
f 663/663 662/662 658/658
f 664/664 661/661 662/662
f 665/665 664/664 662/662
f 666/666 664/664 665/665
f 667/667 664/664 666/666
f 668/668 667/667 666/666
f 669/669 667/667 668/668
f 670/670 669/669 668/668
f 671/671 669/669 670/670
f 672/672 671/671 670/670
f 673/673 671/671 672/672
f 674/674 671/671 673/673
f 675/675 674/674 673/673
f 676/676 674/674 675/675
f 677/677 674/674 676/676
f 669/669 674/674 677/677
f 667/667 669/669 677/677
f 678/678 667/667 677/677
f 679/679 678/678 677/677
f 680/680 679/679 677/677
f 681/681 679/679 680/680
f 682/682 679/679 681/681
f 683/683 682/682 681/681
f 684/684 682/682 683/683
f 685/685 684/684 683/683
f 686/686 684/684 685/685
f 687/687 684/684 686/686
f 688/688 687/687 686/686
f 689/689 688/688 686/686
f 690/690 688/688 689/689
f 691/691 688/688 690/690
f 692/692 691/691 690/690
f 693/693 691/691 692/692
f 687/687 691/691 693/693
f 694/694 687/687 693/693
f 695/695 694/694 693/693
f 696/696 694/694 695/695
f 697/697 694/694 696/696
f 698/698 697/697 696/696
f 699/699 700/700 701/701
f 702/702 699/699 701/701
f 703/703 699/699 702/702
f 704/704 699/699 703/703
f 705/705 704/704 703/703
f 706/706 705/705 703/703
f 707/707 706/706 703/703
f 708/708 706/706 707/707
f 709/709 710/710 711/711
f 712/712 709/709 711/711
f 713/713 709/709 712/712
f 714/714 713/713 712/712
f 715/715 713/713 714/714
f 716/716 715/715 714/714
f 717/717 715/715 716/716
f 718/718 717/717 716/716
f 719/719 720/720 721/721
f 722/722 719/719 721/721
f 723/723 719/719 722/722
f 724/724 719/719 723/723
f 725/725 724/724 723/723
f 726/726 725/725 723/723
f 727/727 725/725 726/726
f 728/728 725/725 727/727
f 729/729 728/728 727/727
f 730/730 728/728 729/729
f 731/731 730/730 729/729
f 732/732 730/730 731/731
f 733/733 730/730 732/732
f 734/734 733/733 732/732
f 735/735 734/734 732/732
f 736/736 734/734 735/735
f 737/737 734/734 736/736
f 733/733 734/734 737/737
f 738/738 733/733 737/737
f 739/739 738/738 737/737
f 740/740 738/738 739/739
f 741/741 738/738 740/740
f 742/742 741/741 740/740
f 743/743 741/741 742/742
f 744/744 743/743 742/742
f 745/745 743/743 744/744
f 746/746 745/745 744/744
f 747/747 748/748 749/749
f 750/750 747/747 749/749
f 751/751 747/747 750/750
f 752/752 751/751 750/750
f 753/753 754/754 755/755
f 756/756 753/753 755/755
f 757/757 758/758 759/759
f 760/760 758/758 757/757
f 643/643 761/761 762/762
f 642/642 761/761 643/643
f 646/646 761/761 642/642
f 648/648 761/761 646/646
f 763/763 761/761 648/648
f 650/650 763/763 648/648
f 764/764 763/763 650/650
f 652/652 764/764 650/650
f 765/765 764/764 652/652
f 654/654 765/765 652/652
f 656/656 765/765 654/654
f 661/661 766/766 659/659
f 767/767 766/766 661/661
f 768/768 767/767 661/661
f 678/678 769/769 661/661
f 664/664 678/678 661/661
f 667/667 678/678 664/664
f 679/679 769/769 678/678
f 770/770 769/769 679/679
f 682/682 770/770 679/679
f 687/687 770/770 682/682
f 684/684 687/687 682/682
f 771/771 770/770 687/687
f 694/694 771/771 687/687
f 772/772 771/771 694/694
f 697/697 772/772 694/694
f 699/699 704/704 700/700
f 773/773 771/771 772/772
f 774/774 771/771 773/773
f 775/775 774/774 773/773
f 709/709 776/776 710/710
f 777/777 776/776 709/709
f 778/778 777/777 709/709
f 713/713 778/778 709/709
f 715/715 778/778 713/713
f 717/717 778/778 715/715
f 779/779 778/778 717/717
f 719/719 780/780 720/720
f 724/724 780/780 719/719
f 781/781 780/780 724/724
f 782/782 781/781 724/724
f 783/783 782/782 724/724
f 725/725 783/783 724/724
f 728/728 783/783 725/725
f 733/733 783/783 728/728
f 730/730 733/733 728/728
f 784/784 783/783 733/733
f 741/741 784/784 733/733
f 738/738 741/741 733/733
f 743/743 784/784 741/741
f 745/745 784/784 743/743
f 782/782 784/784 745/745
f 747/747 785/785 748/748
f 786/786 785/785 747/747
f 751/751 786/786 747/747
f 753/753 787/787 754/754
f 788/788 787/787 753/753
f 789/789 787/787 788/788
f 790/790 791/791 792/792
f 793/793 790/790 792/792
f 794/794 795/795 796/796
f 797/797 794/794 796/796
f 794/794 797/797 798/798
f 799/799 800/800 761/761
f 763/763 799/799 761/761
f 801/801 802/802 803/803
f 804/804 805/805 806/806
f 807/807 805/805 804/804
f 808/808 807/807 804/804
f 768/768 809/809 767/767
f 810/810 809/809 768/768
f 770/770 811/811 769/769
f 812/812 811/811 770/770
f 771/771 812/812 770/770
f 813/813 812/812 771/771
f 774/774 813/813 771/771
f 814/814 813/813 774/774
f 815/815 816/816 817/817
f 777/777 815/815 776/776
f 816/816 815/815 777/777
f 818/818 816/816 777/777
f 778/778 818/818 777/777
f 779/779 818/818 778/778
f 819/819 820/820 821/821
f 822/822 819/819 821/821
f 786/786 822/822 821/821
f 785/785 786/786 821/821
f 823/823 824/824 825/825
f 826/826 823/823 825/825
f 827/827 828/828 795/795
f 794/794 827/827 795/795
f 829/829 828/828 827/827
f 830/830 829/829 827/827
f 831/831 832/832 800/800
f 833/833 831/831 800/800
f 834/834 833/833 800/800
f 799/799 834/834 800/800
f 835/835 836/836 837/837
f 838/838 835/835 837/837
f 839/839 840/840 802/802
f 801/801 839/839 802/802
f 835/835 838/838 811/811
f 812/812 835/835 811/811
f 813/813 835/835 812/812
f 841/841 835/835 813/813
f 814/814 841/841 813/813
f 818/818 842/842 816/816
f 819/819 843/843 820/820
f 822/822 843/843 819/819
f 823/823 844/844 824/824
f 826/826 844/844 823/823
f 845/845 844/844 826/826
f 846/846 845/845 826/826
f 847/847 845/845 846/846
f 848/848 849/849 831/831
f 833/833 848/848 831/831
f 834/834 848/848 833/833
f 841/841 850/850 836/836
f 835/835 841/841 836/836
f 851/851 850/850 841/841
f 852/852 853/853 854/854
f 855/855 852/852 854/854
f 856/856 857/857 858/858
f 783/783 784/784 782/782
f 688/688 691/691 687/687
f 671/671 674/674 669/669
usemtl mtl_29_1
f 859/859 860/860 861/861
f 862/862 859/859 861/861
f 863/863 859/859 862/862
f 864/864 859/859 863/863
f 865/865 864/864 863/863
f 866/866 865/865 863/863
f 867/867 866/866 863/863
f 868/868 866/866 867/867
f 869/869 866/866 868/868
f 870/870 869/869 868/868
f 871/871 869/869 870/870
f 872/872 871/871 870/870
f 873/873 871/871 872/872
f 865/865 871/871 873/873
f 874/874 865/865 873/873
f 875/875 874/874 873/873
f 876/876 875/875 873/873
f 877/877 875/875 876/876
f 878/878 879/879 880/880
f 881/881 879/879 878/878
f 882/882 881/881 878/878
f 883/883 882/882 878/878
f 884/884 883/883 878/878
f 885/885 883/883 884/884
f 886/886 887/887 888/888
f 889/889 886/886 888/888
f 890/890 886/886 889/889
f 891/891 890/890 889/889
f 892/892 890/890 891/891
f 893/893 890/890 892/892
f 894/894 893/893 892/892
f 895/895 894/894 892/892
f 896/896 894/894 895/895
f 897/897 894/894 896/896
f 898/898 897/897 896/896
f 899/899 897/897 898/898
f 900/900 897/897 899/899
f 901/901 900/900 899/899
f 902/902 901/901 899/899
f 903/903 901/901 902/902
f 904/904 901/901 903/903
f 905/905 904/904 903/903
f 906/906 907/907 908/908
f 909/909 906/906 908/908
f 910/910 906/906 909/909
f 911/911 910/910 909/909
f 912/912 910/910 911/911
f 913/913 912/912 911/911
f 914/914 912/912 913/913
f 915/915 914/914 913/913
f 916/916 917/917 918/918
f 919/919 916/916 918/918
f 920/920 916/916 919/919
f 921/921 920/920 919/919
f 922/922 923/923 924/924
f 925/925 923/923 922/922
f 859/859 864/864 860/860
f 926/926 927/927 928/928
f 929/929 926/926 928/928
f 865/865 874/874 864/864
f 930/930 931/931 932/932
f 933/933 934/934 935/935
f 887/887 933/933 935/935
f 893/893 933/933 887/887
f 886/886 893/893 887/887
f 890/890 893/893 886/886
f 900/900 933/933 893/893
f 894/894 900/900 893/893
f 897/897 900/900 894/894
f 936/936 933/933 900/900
f 937/937 936/936 900/900
f 901/901 937/937 900/900
f 904/904 937/937 901/901
f 906/906 938/938 907/907
f 910/910 938/938 906/906
f 939/939 938/938 910/910
f 912/912 939/939 910/910
f 914/914 939/939 912/912
f 940/940 939/939 914/914
f 916/916 941/941 917/917
f 920/920 941/941 916/916
f 942/942 941/941 920/920
f 927/927 943/943 944/944
f 926/926 943/943 927/927
f 945/945 946/946 947/947
f 948/948 949/949 950/950
f 951/951 948/948 950/950
f 952/952 953/953 931/931
f 930/930 952/952 931/931
f 954/954 955/955 956/956
f 957/957 954/954 956/956
f 958/958 957/957 956/956
f 959/959 958/958 956/956
f 960/960 958/958 959/959
f 936/936 961/961 934/934
f 933/933 936/936 934/934
f 937/937 961/961 936/936
f 962/962 963/963 938/938
f 939/939 962/962 938/938
f 964/964 962/962 939/939
f 940/940 964/964 939/939
f 965/965 966/966 941/941
f 967/967 965/965 941/941
f 942/942 967/967 941/941
f 968/968 969/969 970/970
f 971/971 969/969 968/968
f 972/972 973/973 974/974
f 975/975 972/972 974/974
f 976/976 977/977 948/948
f 951/951 976/976 948/948
f 952/952 978/978 953/953
f 979/979 980/980 955/955
f 981/981 979/979 955/955
f 954/954 981/981 955/955
f 982/982 981/981 954/954
f 983/983 982/982 954/954
f 957/957 983/983 954/954
f 958/958 983/983 957/957
f 984/984 983/983 958/958
f 960/960 984/984 958/958
f 985/985 984/984 960/960
f 962/962 986/986 963/963
f 987/987 988/988 989/989
f 990/990 987/987 989/989
f 991/991 990/990 992/992
f 993/993 991/991 992/992
f 994/994 993/993 992/992
f 995/995 996/996 997/997
f 998/998 995/995 997/997
f 969/969 998/998 997/997
f 971/971 998/998 969/969
f 999/999 1000/1000 1001/1001
f 1002/1002 1003/1003 1004/1004
f 1005/1005 1002/1002 1004/1004
f 1006/1006 1002/1002 1005/1005
f 1007/1007 1002/1002 1006/1006
f 1008/1008 1009/1009 1010/1010
f 975/975 1011/1011 972/972
f 1012/1012 1011/1011 975/975
f 1013/1013 1012/1012 975/975
f 977/977 1014/1014 1015/1015
f 1016/1016 1014/1014 977/977
f 976/976 1016/1016 977/977
f 1017/1017 1016/1016 976/976
f 1018/1018 1019/1019 1020/1020
f 1021/1021 1018/1018 1020/1020
f 1022/1022 1018/1018 1021/1021
f 979/979 1022/1022 980/980
f 1018/1018 1022/1022 979/979
f 981/981 1018/1018 979/979
f 982/982 1018/1018 981/981
f 1023/1023 1018/1018 982/982
f 1024/1024 1023/1023 982/982
f 1025/1025 1024/1024 982/982
f 1026/1026 1025/1025 982/982
f 983/983 1026/1026 982/982
f 1027/1027 1026/1026 983/983
f 1028/1028 1027/1027 983/983
f 984/984 1028/1028 983/983
f 985/985 1028/1028 984/984
f 1029/1029 1027/1027 1028/1028
f 991/991 1030/1030 987/987
f 990/990 991/991 987/987
f 1031/1031 1030/1030 991/991
f 996/996 1032/1032 1033/1033
f 1034/1034 1032/1032 996/996
f 995/995 1034/1034 996/996
f 1035/1035 1030/1030 1031/1031
f 1036/1036 1030/1030 1035/1035
f 1027/1027 1029/1029 1037/1037
f 1038/1038 1027/1027 1037/1037
f 1039/1039 1040/1040 1041/1041
f 1042/1042 1023/1023 1038/1038
f 1043/1043 1044/1044 1014/1014
f 1017/1017 1043/1043 1014/1014
f 1016/1016 1017/1017 1014/1014
f 1023/1023 1042/1042 1019/1019
f 1018/1018 1023/1023 1019/1019
f 1045/1045 1040/1040 1039/1039
f 869/869 871/871 865/865
f 866/866 869/869 865/865
usemtl mtl_33_0
f 1046/1046 1047/1047 1048/1048
f 1049/1049 1047/1047 1046/1046
f 1050/1050 1047/1047 1049/1049
f 1051/1051 1050/1050 1049/1049
f 1052/1052 1053/1053 1054/1054
f 1055/1055 1053/1053 1052/1052
f 1056/1056 1053/1053 1055/1055
f 1050/1050 1057/1057 1047/1047
f 1058/1058 1057/1057 1050/1050
f 1059/1059 1060/1060 1053/1053
f 1056/1056 1059/1059 1053/1053
usemtl mtl_33_1
f 1061/1061 1062/1062 1063/1063
f 1064/1064 1061/1061 1063/1063
f 1065/1065 1061/1061 1064/1064
f 1066/1066 1065/1065 1064/1064
f 1067/1067 1068/1068 1069/1069
f 1070/1070 1068/1068 1067/1067
f 1071/1071 1072/1072 1073/1073
f 1074/1074 1071/1071 1073/1073
f 1075/1075 1074/1074 1073/1073
f 1076/1076 1074/1074 1075/1075
f 1077/1077 1074/1074 1076/1076
f 1074/1074 1078/1078 1071/1071
f 1077/1077 1078/1078 1074/1074
f 1079/1079 1078/1078 1077/1077
f 1080/1080 1081/1081 1082/1082
f 1083/1083 1080/1080 1082/1082
usemtl mtl_34_0
f 1084/1084 1085/1085 1086/1086
f 1087/1087 1084/1084 1086/1086
f 1088/1088 1089/1089 1090/1090
f 1091/1091 1088/1088 1090/1090
f 1092/1092 1088/1088 1091/1091
f 1093/1093 1092/1092 1091/1091
f 1094/1094 1095/1095 1096/1096
f 1097/1097 1094/1094 1096/1096
f 1098/1098 1099/1099 1100/1100
f 1101/1101 1098/1098 1100/1100
f 1102/1102 1098/1098 1101/1101
f 1103/1103 1098/1098 1102/1102
f 1104/1104 1103/1103 1102/1102
f 1105/1105 1104/1104 1102/1102
f 1106/1106 1107/1107 1108/1108
f 1109/1109 1106/1106 1108/1108
f 1110/1110 1106/1106 1109/1109
f 1111/1111 1110/1110 1109/1109
f 1112/1112 1113/1113 1114/1114
f 1115/1115 1112/1112 1114/1114
f 1116/1116 1112/1112 1115/1115
f 1117/1117 1116/1116 1115/1115
f 1118/1118 1116/1116 1117/1117
f 1119/1119 1118/1118 1117/1117
f 1120/1120 1118/1118 1119/1119
f 1121/1121 1120/1120 1119/1119
f 1122/1122 1120/1120 1121/1121
f 1123/1123 1122/1122 1121/1121
f 1124/1124 1125/1125 1126/1126
f 1127/1127 1124/1124 1126/1126
f 1128/1128 1124/1124 1127/1127
f 1129/1129 1128/1128 1127/1127
f 1130/1130 1128/1128 1129/1129
f 1131/1131 1130/1130 1129/1129
f 1132/1132 1133/1133 1134/1134
f 1135/1135 1132/1132 1134/1134
f 1136/1136 1137/1137 1138/1138
f 1139/1139 1136/1136 1138/1138
f 1140/1140 1136/1136 1139/1139
f 1141/1141 1140/1140 1139/1139
f 1142/1142 1140/1140 1141/1141
f 1143/1143 1142/1142 1141/1141
f 1144/1144 1142/1142 1143/1143
f 1145/1145 1144/1144 1143/1143
f 1146/1146 1144/1144 1145/1145
f 1147/1147 1144/1144 1146/1146
f 1148/1148 1147/1147 1146/1146
f 1149/1149 1148/1148 1146/1146
f 1150/1150 1148/1148 1149/1149
f 1151/1151 1148/1148 1150/1150
f 1152/1152 1148/1148 1151/1151
f 1153/1153 1152/1152 1151/1151
f 1154/1154 1153/1153 1151/1151
f 1155/1155 1152/1152 1153/1153
f 1156/1156 1157/1157 1158/1158
f 1159/1159 1160/1160 1161/1161
f 1088/1088 1159/1159 1161/1161
f 1089/1089 1088/1088 1161/1161
f 1085/1085 1084/1084 1162/1162
f 1092/1092 1159/1159 1088/1088
f 1163/1163 1164/1164 1095/1095
f 1094/1094 1163/1163 1095/1095
f 1103/1103 1165/1165 1099/1099
f 1098/1098 1103/1103 1099/1099
f 1166/1166 1165/1165 1103/1103
f 1167/1167 1166/1166 1103/1103
f 1106/1106 1168/1168 1107/1107
f 1169/1169 1168/1168 1106/1106
f 1110/1110 1169/1169 1106/1106
f 1170/1170 1169/1169 1110/1110
f 1112/1112 1171/1171 1113/1113
f 1172/1172 1171/1171 1112/1112
f 1116/1116 1172/1172 1112/1112
f 1118/1118 1172/1172 1116/1116
f 1173/1173 1172/1172 1118/1118
f 1120/1120 1173/1173 1118/1118
f 1122/1122 1173/1173 1120/1120
f 1174/1174 1173/1173 1175/1175
f 1176/1176 1177/1177 1178/1178
f 1125/1125 1179/1179 1180/1180
f 1124/1124 1179/1179 1125/1125
f 1181/1181 1179/1179 1124/1124
f 1128/1128 1181/1181 1124/1124
f 1130/1130 1181/1181 1128/1128
f 1182/1182 1183/1183 1184/1184
f 1132/1132 1182/1182 1184/1184
f 1133/1133 1132/1132 1184/1184
f 1185/1185 1186/1186 1137/1137
f 1136/1136 1185/1185 1137/1137
f 1147/1147 1185/1185 1136/1136
f 1140/1140 1147/1147 1136/1136
f 1142/1142 1147/1147 1140/1140
f 1144/1144 1147/1147 1142/1142
f 1187/1187 1185/1185 1147/1147
f 1152/1152 1187/1187 1147/1147
f 1148/1148 1152/1152 1147/1147
f 1185/1185 1187/1187 1152/1152
f 1188/1188 1185/1185 1152/1152
f 1155/1155 1188/1188 1152/1152
f 1189/1189 1188/1188 1155/1155
f 1190/1190 1189/1189 1155/1155
f 1191/1191 1192/1192 1193/1193
f 1194/1194 1192/1192 1191/1191
f 1195/1195 1196/1196 1197/1197
f 1198/1198 1195/1195 1197/1197
f 1199/1199 1195/1195 1198/1198
f 1200/1200 1201/1201 1202/1202
f 1203/1203 1200/1200 1202/1202
f 1204/1204 1205/1205 1206/1206
f 1207/1207 1208/1208 1209/1209
f 1210/1210 1207/1207 1209/1209
f 1170/1170 1211/1211 1169/1169
f 1212/1212 1213/1213 1171/1171
f 1214/1214 1212/1212 1171/1171
f 1172/1172 1214/1214 1171/1171
f 1173/1173 1214/1214 1172/1172
f 1174/1174 1214/1214 1173/1173
f 1215/1215 1214/1214 1174/1174
f 1216/1216 1215/1215 1174/1174
f 1176/1176 1217/1217 1177/1177
f 1218/1218 1217/1217 1176/1176
f 1219/1219 1220/1220 1221/1221
f 1222/1222 1223/1223 1224/1224
f 1225/1225 1226/1226 1227/1227
f 1228/1228 1225/1225 1227/1227
f 1229/1229 1228/1228 1227/1227
f 1230/1230 1231/1231 1232/1232
f 1233/1233 1234/1234 1235/1235
f 1236/1236 1233/1233 1235/1235
f 1237/1237 1238/1238 1239/1239
f 1240/1240 1237/1237 1239/1239
f 1241/1241 1240/1240 1239/1239
f 1242/1242 1241/1241 1239/1239
f 1185/1185 1241/1241 1242/1242
f 1186/1186 1185/1185 1242/1242
f 1183/1183 1182/1182 1243/1243
f 1188/1188 1241/1241 1185/1185
f 1244/1244 1241/1241 1188/1188
f 1237/1237 1244/1244 1188/1188
f 1189/1189 1237/1237 1188/1188
f 1245/1245 1237/1237 1189/1189
f 1246/1246 1245/1245 1189/1189
f 1190/1190 1246/1246 1189/1189
f 1247/1247 1248/1248 1249/1249
f 1250/1250 1251/1251 1252/1252
f 1253/1253 1251/1251 1250/1250
f 1254/1254 1253/1253 1250/1250
f 1255/1255 1256/1256 1257/1257
f 1258/1258 1256/1256 1255/1255
f 1259/1259 1258/1258 1255/1255
f 1260/1260 1259/1259 1255/1255
f 1205/1205 1261/1261 1262/1262
f 1204/1204 1261/1261 1205/1205
f 1263/1263 1264/1264 1265/1265
f 1266/1266 1263/1263 1265/1265
f 1267/1267 1263/1263 1266/1266
f 1212/1212 1268/1268 1269/1269
f 1213/1213 1212/1212 1269/1269
f 1270/1270 1268/1268 1212/1212
f 1214/1214 1270/1270 1212/1212
f 1215/1215 1270/1270 1214/1214
f 1271/1271 1270/1270 1215/1215
f 1216/1216 1271/1271 1215/1215
f 1222/1222 1272/1272 1217/1217
f 1218/1218 1222/1222 1217/1217
f 1223/1223 1222/1222 1218/1218
f 1273/1273 1274/1274 1226/1226
f 1275/1275 1273/1273 1226/1226
f 1225/1225 1275/1275 1226/1226
f 1276/1276 1275/1275 1225/1225
f 1228/1228 1276/1276 1225/1225
f 1277/1277 1276/1276 1228/1228
f 1278/1278 1279/1279 1280/1280
f 1281/1281 1278/1278 1280/1280
f 1282/1282 1278/1278 1281/1281
f 1283/1283 1282/1282 1281/1281
f 1237/1237 1245/1245 1238/1238
f 1284/1284 1282/1282 1283/1283
f 1285/1285 1286/1286 1287/1287
f 1288/1288 1289/1289 1290/1290
f 1291/1291 1288/1288 1290/1290
f 1292/1292 1293/1293 1294/1294
f 1295/1295 1293/1293 1292/1292
f 1296/1296 1297/1297 1298/1298
f 1299/1299 1296/1296 1298/1298
f 1300/1300 1296/1296 1299/1299
f 1301/1301 1302/1302 1248/1248
f 1247/1247 1301/1301 1248/1248
f 1303/1303 1304/1304 1305/1305
f 1306/1306 1303/1303 1305/1305
f 1307/1307 1306/1306 1305/1305
f 1308/1308 1309/1309 1310/1310
f 1311/1311 1309/1309 1308/1308
f 1312/1312 1311/1311 1308/1308
f 1313/1313 1311/1311 1312/1312
f 1314/1314 1315/1315 1316/1316
f 1317/1317 1315/1315 1314/1314
f 1318/1318 1317/1317 1314/1314
f 1319/1319 1318/1318 1314/1314
f 1320/1320 1319/1319 1314/1314
f 1321/1321 1319/1319 1320/1320
f 1273/1273 1322/1322 1274/1274
f 1275/1275 1322/1322 1273/1273
f 1323/1323 1322/1322 1275/1275
f 1324/1324 1323/1323 1275/1275
f 1276/1276 1324/1324 1275/1275
f 1325/1325 1324/1324 1276/1276
f 1326/1326 1327/1327 1328/1328
f 1279/1279 1326/1326 1328/1328
f 1278/1278 1326/1326 1279/1279
f 1329/1329 1326/1326 1278/1278
f 1282/1282 1329/1329 1278/1278
f 1284/1284 1329/1329 1282/1282
f 1330/1330 1329/1329 1284/1284
f 1331/1331 1330/1330 1284/1284
f 1332/1332 1333/1333 1334/1334
f 1335/1335 1333/1333 1332/1332
f 1286/1286 1336/1336 1337/1337
f 1285/1285 1336/1336 1286/1286
f 1338/1338 1336/1336 1285/1285
f 1339/1339 1340/1340 1341/1341
f 1342/1342 1343/1343 1344/1344
f 1345/1345 1346/1346 1289/1289
f 1347/1347 1345/1345 1289/1289
f 1288/1288 1347/1347 1289/1289
f 1348/1348 1349/1349 1350/1350
f 1351/1351 1352/1352 1353/1353
f 1354/1354 1351/1351 1353/1353
f 1355/1355 1351/1351 1354/1354
f 1296/1296 1356/1356 1297/1297
f 1357/1357 1356/1356 1296/1296
f 1358/1358 1357/1357 1296/1296
f 1359/1359 1358/1358 1296/1296
f 1300/1300 1359/1359 1296/1296
f 1360/1360 1359/1359 1300/1300
f 1361/1361 1362/1362 1363/1363
f 1364/1364 1361/1361 1363/1363
f 1301/1301 1365/1365 1302/1302
f 1366/1366 1367/1367 1304/1304
f 1303/1303 1366/1366 1304/1304
f 1311/1311 1368/1368 1309/1309
f 1369/1369 1368/1368 1311/1311
f 1370/1370 1369/1369 1311/1311
f 1371/1371 1370/1370 1311/1311
f 1313/1313 1371/1371 1311/1311
f 1372/1372 1370/1370 1371/1371
f 1373/1373 1374/1374 1375/1375
f 1376/1376 1373/1373 1375/1375
f 1377/1377 1376/1376 1375/1375
f 1318/1318 1378/1378 1317/1317
f 1319/1319 1378/1378 1318/1318
f 1379/1379 1378/1378 1319/1319
f 1380/1380 1379/1379 1319/1319
f 1321/1321 1380/1380 1319/1319
f 1323/1323 1381/1381 1322/1322
f 1324/1324 1381/1381 1323/1323
f 1382/1382 1381/1381 1324/1324
f 1325/1325 1382/1382 1324/1324
f 1383/1383 1382/1382 1325/1325
f 1384/1384 1385/1385 1327/1327
f 1326/1326 1384/1384 1327/1327
f 1329/1329 1384/1384 1326/1326
f 1330/1330 1384/1384 1329/1329
f 1386/1386 1384/1384 1330/1330
f 1340/1340 1339/1339 1387/1387
f 1388/1388 1389/1389 1390/1390
f 1391/1391 1388/1388 1390/1390
f 1392/1392 1393/1393 1346/1346
f 1345/1345 1392/1392 1346/1346
f 1394/1394 1395/1395 1396/1396
f 1397/1397 1395/1395 1394/1394
f 1398/1398 1399/1399 1393/1393
f 1392/1392 1398/1398 1393/1393
f 1400/1400 1401/1401 1402/1402
f 1403/1403 1388/1388 1391/1391
f 1404/1404 1405/1405 1406/1406
f 1407/1407 1408/1408 1409/1409
f 1410/1410 1407/1407 1409/1409
f 1411/1411 1412/1412 1413/1413
f 1414/1414 1411/1411 1413/1413
f 1415/1415 1403/1403 1352/1352
f 1416/1416 1415/1415 1352/1352
f 1351/1351 1416/1416 1352/1352
f 1417/1417 1418/1418 1419/1419
f 1420/1420 1417/1417 1419/1419
f 1359/1359 1421/1421 1358/1358
f 1376/1376 1422/1422 1373/1373
f 1377/1377 1422/1422 1376/1376
f 1423/1423 1424/1424 1379/1379
f 1380/1380 1423/1423 1379/1379
f 1425/1425 1426/1426 1427/1427
f 1428/1428 1425/1425 1427/1427
f 1429/1429 1428/1428 1427/1427
f 1430/1430 1429/1429 1427/1427
f 1431/1431 1432/1432 1433/1433
f 1434/1434 1435/1435 1436/1436
f 1437/1437 1434/1434 1436/1436
f 1438/1438 1437/1437 1436/1436
f 1439/1439 1438/1438 1436/1436
f 1440/1440 1438/1438 1439/1439
f 1434/1434 1441/1441 1435/1435
f 1385/1385 1384/1384 1386/1386
f 1442/1442 1443/1443 1444/1444
f 1445/1445 1446/1446 1447/1447
f 1448/1448 1445/1445 1447/1447
f 1366/1366 1449/1449 1367/1367
f 1442/1442 1450/1450 1443/1443
f 1451/1451 1450/1450 1442/1442
f 1445/1445 1452/1452 1446/1446
f 1453/1453 1244/1244 1237/1237
f 1240/1240 1453/1453 1237/1237
f 1241/1241 1453/1453 1240/1240
f 1244/1244 1453/1453 1241/1241
f 1454/1454 1455/1455 1456/1456
usemtl mtl_34_1
f 1457/1457 1458/1458 1459/1459
f 1460/1460 1458/1458 1457/1457
f 1461/1461 1460/1460 1457/1457
f 1462/1462 1461/1461 1457/1457
f 1463/1463 1462/1462 1457/1457
f 1464/1464 1462/1462 1463/1463
f 1465/1465 1466/1466 1467/1467
f 1468/1468 1465/1465 1467/1467
f 1469/1469 1465/1465 1468/1468
f 1470/1470 1469/1469 1468/1468
f 1471/1471 1469/1469 1470/1470
f 1472/1472 1471/1471 1470/1470
f 1473/1473 1471/1471 1472/1472
f 1474/1474 1473/1473 1472/1472
f 1475/1475 1473/1473 1474/1474
f 1476/1476 1473/1473 1475/1475
f 1477/1477 1476/1476 1475/1475
f 1478/1478 1477/1477 1475/1475
f 1479/1479 1477/1477 1478/1478
f 1480/1480 1481/1481 1482/1482
f 1483/1483 1480/1480 1482/1482
f 1484/1484 1480/1480 1483/1483
f 1485/1485 1484/1484 1483/1483
f 1486/1486 1487/1487 1488/1488
f 1489/1489 1486/1486 1488/1488
f 1490/1490 1486/1486 1489/1489
f 1491/1491 1490/1490 1489/1489
f 1492/1492 1493/1493 1494/1494
f 1495/1495 1493/1493 1492/1492
f 1496/1496 1495/1495 1492/1492
f 1497/1497 1496/1496 1492/1492
f 1498/1498 1497/1497 1492/1492
f 1499/1499 1497/1497 1498/1498
f 1500/1500 1501/1501 1502/1502
f 1503/1503 1501/1501 1500/1500
f 1504/1504 1503/1503 1500/1500
f 1505/1505 1504/1504 1500/1500
f 1506/1506 1504/1504 1505/1505
f 1507/1507 1504/1504 1506/1506
f 1503/1503 1504/1504 1507/1507
f 1508/1508 1503/1503 1507/1507
f 1509/1509 1508/1508 1507/1507
f 1510/1510 1509/1509 1507/1507
f 1511/1511 1508/1508 1509/1509
f 1512/1512 1511/1511 1509/1509
f 1513/1513 1511/1511 1512/1512
f 1514/1514 1515/1515 1516/1516
f 1517/1517 1514/1514 1516/1516
f 1518/1518 1519/1519 1520/1520
f 1521/1521 1518/1518 1520/1520
f 1522/1522 1521/1521 1520/1520
f 1523/1523 1524/1524 1525/1525
f 1526/1526 1523/1523 1525/1525
f 1527/1527 1526/1526 1525/1525
f 1528/1528 1526/1526 1527/1527
f 1529/1529 1526/1526 1528/1528
f 1530/1530 1529/1529 1528/1528
f 1531/1531 1529/1529 1530/1530
f 1532/1532 1531/1531 1530/1530
f 1533/1533 1531/1531 1532/1532
f 1534/1534 1531/1531 1533/1533
f 1535/1535 1534/1534 1533/1533
f 1536/1536 1535/1535 1533/1533
f 1537/1537 1535/1535 1536/1536
f 1538/1538 1535/1535 1537/1537
f 1539/1539 1538/1538 1537/1537
f 1540/1540 1538/1538 1539/1539
f 1541/1541 1540/1540 1539/1539
f 1542/1542 1540/1540 1541/1541
f 1543/1543 1540/1540 1542/1542
f 1544/1544 1543/1543 1542/1542
f 1545/1545 1544/1544 1542/1542
f 1546/1546 1544/1544 1545/1545
f 1543/1543 1544/1544 1546/1546
f 1547/1547 1540/1540 1543/1543
f 1548/1548 1547/1547 1543/1543
f 1549/1549 1547/1547 1548/1548
f 1550/1550 1551/1551 1552/1552
f 1553/1553 1550/1550 1552/1552
f 1554/1554 1550/1550 1553/1553
f 1555/1555 1554/1554 1553/1553
f 1556/1556 1554/1554 1555/1555
f 1557/1557 1556/1556 1555/1555
f 1558/1558 1559/1559 1560/1560
f 1561/1561 1559/1559 1558/1558
f 1562/1562 1561/1561 1558/1558
f 1563/1563 1562/1562 1558/1558
f 1564/1564 1561/1561 1562/1562
f 1565/1565 1564/1564 1562/1562
f 1566/1566 1564/1564 1565/1565
f 1567/1567 1568/1568 1569/1569
f 1570/1570 1567/1567 1569/1569
f 1571/1571 1567/1567 1570/1570
f 1572/1572 1571/1571 1570/1570
f 1573/1573 1574/1574 1575/1575
f 1576/1576 1574/1574 1573/1573
f 1577/1577 1576/1576 1573/1573
f 1578/1578 1577/1577 1573/1573
f 1579/1579 1577/1577 1578/1578
f 1580/1580 1577/1577 1579/1579
f 1576/1576 1577/1577 1580/1580
f 1581/1581 1576/1576 1580/1580
f 1582/1582 1581/1581 1580/1580
f 1583/1583 1582/1582 1580/1580
f 1584/1584 1582/1582 1583/1583
f 1585/1585 1582/1582 1584/1584
f 1586/1586 1585/1585 1584/1584
f 1587/1587 1588/1588 1589/1589
f 1590/1590 1588/1588 1587/1587
f 1591/1591 1590/1590 1587/1587
f 1592/1592 1593/1593 1594/1594
f 1595/1595 1592/1592 1594/1594
f 1596/1596 1592/1592 1595/1595
f 1597/1597 1592/1592 1596/1596
f 1593/1593 1592/1592 1597/1597
f 1598/1598 1593/1593 1597/1597
f 1599/1599 1598/1598 1597/1597
f 1600/1600 1599/1599 1597/1597
f 1601/1601 1599/1599 1600/1600
f 1602/1602 1599/1599 1601/1601
f 1603/1603 1602/1602 1601/1601
f 1604/1604 1602/1602 1603/1603
f 1605/1605 1604/1604 1603/1603
f 1606/1606 1604/1604 1605/1605
f 1607/1607 1604/1604 1606/1606
f 1608/1608 1607/1607 1606/1606
f 1609/1609 1608/1608 1606/1606
f 1610/1610 1609/1609 1606/1606
f 1611/1611 1609/1609 1610/1610
f 1612/1612 1609/1609 1611/1611
f 1608/1608 1609/1609 1612/1612
f 1613/1613 1608/1608 1612/1612
f 1614/1614 1615/1615 1616/1616
f 1617/1617 1614/1614 1616/1616
f 1618/1618 1614/1614 1617/1617
f 1619/1619 1620/1620 1621/1621
f 1622/1622 1619/1619 1621/1621
f 1623/1623 1620/1620 1619/1619
f 1624/1624 1623/1623 1619/1619
f 1625/1625 1624/1624 1619/1619
f 1626/1626 1624/1624 1625/1625
f 1627/1627 1624/1624 1626/1626
f 1628/1628 1627/1627 1626/1626
f 1629/1629 1627/1627 1628/1628
f 1630/1630 1629/1629 1628/1628
f 1631/1631 1629/1629 1630/1630
f 1632/1632 1631/1631 1630/1630
f 1633/1633 1631/1631 1632/1632
f 1634/1634 1633/1633 1632/1632
f 1635/1635 1636/1636 1637/1637
f 1638/1638 1635/1635 1637/1637
f 1639/1639 1635/1635 1638/1638
f 1640/1640 1639/1639 1638/1638
f 1641/1641 1639/1639 1640/1640
f 1642/1642 1641/1641 1640/1640
f 1643/1643 1644/1644 1645/1645
f 1646/1646 1643/1643 1645/1645
f 1647/1647 1643/1643 1646/1646
f 1648/1648 1647/1647 1646/1646
f 1649/1649 1650/1650 1651/1651
f 1652/1652 1649/1649 1651/1651
f 1653/1653 1649/1649 1652/1652
f 1654/1654 1653/1653 1652/1652
f 1655/1655 1653/1653 1654/1654
f 1656/1656 1653/1653 1655/1655
f 1657/1657 1656/1656 1655/1655
f 1658/1658 1657/1657 1655/1655
f 1659/1659 1658/1658 1655/1655
f 1660/1660 1658/1658 1659/1659
f 1661/1661 1658/1658 1660/1660
f 1662/1662 1661/1661 1660/1660
f 1663/1663 1661/1661 1662/1662
f 1664/1664 1663/1663 1662/1662
f 1665/1665 1663/1663 1664/1664
f 1666/1666 1665/1665 1664/1664
f 1667/1667 1665/1665 1666/1666
f 1668/1668 1667/1667 1666/1666
f 1669/1669 1667/1667 1668/1668
f 1670/1670 1669/1669 1668/1668
f 1671/1671 1672/1672 1673/1673
f 1674/1674 1671/1671 1673/1673
f 1675/1675 1671/1671 1674/1674
f 1676/1676 1675/1675 1674/1674
f 1677/1677 1675/1675 1676/1676
f 1678/1678 1677/1677 1676/1676
f 1476/1476 1679/1679 1680/1680
f 1465/1465 1476/1476 1680/1680
f 1466/1466 1465/1465 1680/1680
f 1469/1469 1476/1476 1465/1465
f 1471/1471 1476/1476 1469/1469
f 1473/1473 1476/1476 1471/1471
f 1681/1681 1679/1679 1476/1476
f 1682/1682 1681/1681 1476/1476
f 1477/1477 1682/1682 1476/1476
f 1480/1480 1683/1683 1481/1481
f 1684/1684 1683/1683 1480/1480
f 1484/1484 1684/1684 1480/1480
f 1486/1486 1685/1685 1487/1487
f 1686/1686 1685/1685 1486/1486
f 1490/1490 1686/1686 1486/1486
f 1687/1687 1685/1685 1686/1686
f 1688/1688 1687/1687 1686/1686
f 1689/1689 1690/1690 1495/1495
f 1496/1496 1689/1689 1495/1495
f 1508/1508 1691/1691 1503/1503
f 1692/1692 1691/1691 1508/1508
f 1693/1693 1692/1692 1508/1508
f 1511/1511 1693/1693 1508/1508
f 1518/1518 1694/1694 1519/1519
f 1695/1695 1694/1694 1518/1518
f 1523/1523 1696/1696 1524/1524
f 1534/1534 1696/1696 1523/1523
f 1531/1531 1534/1534 1523/1523
f 1529/1529 1531/1531 1523/1523
f 1526/1526 1529/1529 1523/1523
f 1697/1697 1696/1696 1534/1534
f 1698/1698 1697/1697 1534/1534
f 1535/1535 1698/1698 1534/1534
f 1538/1538 1698/1698 1535/1535
f 1547/1547 1698/1698 1538/1538
f 1540/1540 1547/1547 1538/1538
f 1550/1550 1699/1699 1551/1551
f 1554/1554 1699/1699 1550/1550
f 1556/1556 1699/1699 1554/1554
f 1700/1700 1699/1699 1556/1556
f 1561/1561 1701/1701 1559/1559
f 1567/1567 1702/1702 1568/1568
f 1571/1571 1702/1702 1567/1567
f 1703/1703 1702/1702 1571/1571
f 1576/1576 1704/1704 1574/1574
f 1705/1705 1704/1704 1576/1576
f 1706/1706 1705/1705 1576/1576
f 1581/1581 1706/1706 1576/1576
f 1707/1707 1708/1708 1590/1590
f 1591/1591 1707/1707 1590/1590
f 1598/1598 1709/1709 1593/1593
f 1710/1710 1709/1709 1598/1598
f 1602/1602 1710/1710 1598/1598
f 1599/1599 1602/1602 1598/1598
f 1607/1607 1710/1710 1602/1602
f 1604/1604 1607/1607 1602/1602
f 1711/1711 1712/1712 1713/1713
f 1714/1714 1711/1711 1713/1713
f 1715/1715 1714/1714 1713/1713
f 1608/1608 1716/1716 1607/1607
f 1613/1613 1716/1716 1608/1608
f 1717/1717 1718/1718 1620/1620
f 1719/1719 1717/1717 1620/1620
f 1623/1623 1719/1719 1620/1620
f 1720/1720 1719/1719 1623/1623
f 1721/1721 1720/1720 1623/1623
f 1629/1629 1721/1721 1623/1623
f 1627/1627 1629/1629 1623/1623
f 1624/1624 1627/1627 1623/1623
f 1631/1631 1721/1721 1629/1629
f 1633/1633 1721/1721 1631/1631
f 1722/1722 1721/1721 1633/1633
f 1723/1723 1724/1724 1636/1636
f 1635/1635 1723/1723 1636/1636
f 1639/1639 1723/1723 1635/1635
f 1641/1641 1723/1723 1639/1639
f 1725/1725 1723/1723 1641/1641
f 1643/1643 1726/1726 1644/1644
f 1727/1727 1726/1726 1643/1643
f 1647/1647 1727/1727 1643/1643
f 1649/1649 1728/1728 1650/1650
f 1656/1656 1728/1728 1649/1649
f 1653/1653 1656/1656 1649/1649
f 1729/1729 1728/1728 1656/1656
f 1657/1657 1729/1729 1656/1656
f 1730/1730 1729/1729 1657/1657
f 1665/1665 1730/1730 1657/1657
f 1663/1663 1665/1665 1657/1657
f 1661/1661 1663/1663 1657/1657
f 1658/1658 1661/1661 1657/1657
f 1667/1667 1730/1730 1665/1665
f 1669/1669 1730/1730 1667/1667
f 1671/1671 1731/1731 1672/1672
f 1675/1675 1731/1731 1671/1671
f 1732/1732 1731/1731 1675/1675
f 1677/1677 1732/1732 1675/1675
f 1681/1681 1733/1733 1679/1679
f 1734/1734 1733/1733 1681/1681
f 1735/1735 1734/1734 1681/1681
f 1736/1736 1737/1737 1738/1738
f 1683/1683 1739/1739 1740/1740
f 1741/1741 1739/1739 1683/1683
f 1684/1684 1741/1741 1683/1683
f 1742/1742 1743/1743 1685/1685
f 1687/1687 1742/1742 1685/1685
f 1744/1744 1745/1745 1746/1746
f 1690/1690 1744/1744 1746/1746
f 1689/1689 1744/1744 1690/1690
f 1747/1747 1748/1748 1692/1692
f 1693/1693 1747/1747 1692/1692
f 1749/1749 1750/1750 1694/1694
f 1695/1695 1749/1749 1694/1694
f 1751/1751 1749/1749 1695/1695
f 1752/1752 1753/1753 1754/1754
f 1755/1755 1752/1752 1754/1754
f 1756/1756 1752/1752 1755/1755
f 1757/1757 1756/1756 1755/1755
f 1758/1758 1757/1757 1755/1755
f 1759/1759 1757/1757 1758/1758
f 1760/1760 1757/1757 1759/1759
f 1702/1702 1703/1703 1761/1761
f 1762/1762 1763/1763 1704/1704
f 1705/1705 1762/1762 1704/1704
f 1706/1706 1764/1764 1705/1705
f 1765/1765 1766/1766 1767/1767
f 1710/1710 1765/1765 1767/1767
f 1709/1709 1710/1710 1767/1767
f 1768/1768 1765/1765 1710/1710
f 1769/1769 1768/1768 1710/1710
f 1770/1770 1771/1771 1772/1772
f 1773/1773 1774/1774 1718/1718
f 1717/1717 1773/1773 1718/1718
f 1775/1775 1773/1773 1717/1717
f 1776/1776 1775/1775 1717/1717
f 1720/1720 1776/1776 1717/1717
f 1719/1719 1720/1720 1717/1717
f 1777/1777 1776/1776 1720/1720
f 1778/1778 1777/1777 1720/1720
f 1721/1721 1778/1778 1720/1720
f 1722/1722 1778/1778 1721/1721
f 1723/1723 1779/1779 1724/1724
f 1780/1780 1779/1779 1723/1723
f 1725/1725 1780/1780 1723/1723
f 1781/1781 1780/1780 1725/1725
f 1727/1727 1782/1782 1726/1726
f 1783/1783 1782/1782 1727/1727
f 1729/1729 1784/1784 1728/1728
f 1785/1785 1784/1784 1729/1729
f 1730/1730 1785/1785 1729/1729
f 1786/1786 1787/1787 1731/1731
f 1732/1732 1786/1786 1731/1731
f 1788/1788 1787/1787 1786/1786
f 1789/1789 1790/1790 1791/1791
f 1792/1792 1790/1790 1789/1789
f 1793/1793 1794/1794 1734/1734
f 1735/1735 1793/1793 1734/1734
f 1795/1795 1796/1796 1797/1797
f 1798/1798 1795/1795 1797/1797
f 1799/1799 1800/1800 1801/1801
f 1802/1802 1800/1800 1799/1799
f 1741/1741 1803/1803 1739/1739
f 1804/1804 1805/1805 1806/1806
f 1807/1807 1804/1804 1806/1806
f 1808/1808 1804/1804 1807/1807
f 1744/1744 1809/1809 1745/1745
f 1749/1749 1810/1810 1750/1750
f 1751/1751 1810/1810 1749/1749
f 1811/1811 1812/1812 1813/1813
f 1814/1814 1811/1811 1813/1813
f 1815/1815 1812/1812 1811/1811
f 1765/1765 1816/1816 1766/1766
f 1768/1768 1816/1816 1765/1765
f 1769/1769 1816/1816 1768/1768
f 1817/1817 1818/1818 1819/1819
f 1820/1820 1817/1817 1819/1819
f 1771/1771 1820/1820 1819/1819
f 1770/1770 1820/1820 1771/1771
f 1821/1821 1820/1820 1770/1770
f 1822/1822 1823/1823 1824/1824
f 1773/1773 1775/1775 1774/1774
f 1825/1825 1826/1826 1827/1827
f 1828/1828 1825/1825 1827/1827
f 1829/1829 1828/1828 1827/1827
f 1777/1777 1830/1830 1776/1776
f 1831/1831 1832/1832 1833/1833
f 1834/1834 1831/1831 1833/1833
f 1779/1779 1834/1834 1833/1833
f 1780/1780 1834/1834 1779/1779
f 1835/1835 1834/1834 1780/1780
f 1781/1781 1835/1835 1780/1780
f 1783/1783 1836/1836 1782/1782
f 1837/1837 1836/1836 1783/1783
f 1785/1785 1838/1838 1784/1784
f 1839/1839 1840/1840 1787/1787
f 1788/1788 1839/1839 1787/1787
f 1841/1841 1839/1839 1788/1788
f 1842/1842 1843/1843 1844/1844
f 1845/1845 1842/1842 1844/1844
f 1846/1846 1847/1847 1790/1790
f 1848/1848 1846/1846 1790/1790
f 1849/1849 1848/1848 1790/1790
f 1850/1850 1849/1849 1790/1790
f 1792/1792 1850/1850 1790/1790
f 1851/1851 1852/1852 1853/1853
f 1854/1854 1855/1855 1856/1856
f 1857/1857 1854/1854 1856/1856
f 1858/1858 1854/1854 1857/1857
f 1859/1859 1858/1858 1857/1857
f 1804/1804 1860/1860 1805/1805
f 1861/1861 1860/1860 1804/1804
f 1862/1862 1861/1861 1804/1804
f 1808/1808 1862/1862 1804/1804
f 1863/1863 1864/1864 1865/1865
f 1866/1866 1863/1863 1865/1865
f 1812/1812 1815/1815 1867/1867
f 1868/1868 1869/1869 1818/1818
f 1870/1870 1868/1868 1818/1818
f 1817/1817 1870/1870 1818/1818
f 1820/1820 1870/1870 1817/1817
f 1871/1871 1870/1870 1820/1820
f 1821/1821 1871/1871 1820/1820
f 1872/1872 1873/1873 1874/1874
f 1875/1875 1876/1876 1831/1831
f 1877/1877 1875/1875 1831/1831
f 1834/1834 1877/1877 1831/1831
f 1835/1835 1877/1877 1834/1834
f 1837/1837 1878/1878 1836/1836
f 1839/1839 1879/1879 1840/1840
f 1880/1880 1879/1879 1839/1839
f 1841/1841 1880/1880 1839/1839
f 1881/1881 1882/1882 1847/1847
f 1846/1846 1881/1881 1847/1847
f 1883/1883 1884/1884 1885/1885
f 1886/1886 1883/1883 1885/1885
f 1848/1848 1887/1887 1846/1846
f 1888/1888 1889/1889 1890/1890
f 1891/1891 1888/1888 1890/1890
f 1892/1892 1893/1893 1894/1894
f 1895/1895 1892/1892 1894/1894
f 1852/1852 1896/1896 1897/1897
f 1898/1898 1896/1896 1852/1852
f 1899/1899 1898/1898 1852/1852
f 1851/1851 1899/1899 1852/1852
f 1900/1900 1899/1899 1851/1851
f 1901/1901 1899/1899 1900/1900
f 1902/1902 1903/1903 1904/1904
f 1905/1905 1906/1906 1855/1855
f 1854/1854 1905/1905 1855/1855
f 1907/1907 1905/1905 1854/1854
f 1858/1858 1907/1907 1854/1854
f 1861/1861 1908/1908 1860/1860
f 1909/1909 1910/1910 1911/1911
f 1912/1912 1909/1909 1911/1911
f 1863/1863 1913/1913 1864/1864
f 1914/1914 1913/1913 1863/1863
f 1915/1915 1914/1914 1863/1863
f 1916/1916 1917/1917 1918/1918
f 1919/1919 1916/1916 1918/1918
f 1920/1920 1919/1919 1918/1918
f 1921/1921 1920/1920 1918/1918
f 1922/1922 1921/1921 1918/1918
f 1923/1923 1924/1924 1925/1925
f 1926/1926 1924/1924 1923/1923
f 1927/1927 1924/1924 1926/1926
f 1928/1928 1927/1927 1926/1926
f 1929/1929 1928/1928 1926/1926
f 1930/1930 1927/1927 1928/1928
f 1931/1931 1930/1930 1928/1928
f 1932/1932 1930/1930 1931/1931
f 1933/1933 1930/1930 1932/1932
f 1934/1934 1933/1933 1932/1932
f 1935/1935 1936/1936 1937/1937
f 1938/1938 1939/1939 1940/1940
f 1941/1941 1942/1942 1943/1943
f 1938/1938 1944/1944 1939/1939
f 1945/1945 1946/1946 1947/1947
f 1948/1948 1949/1949 1950/1950
f 1951/1951 1952/1952 1953/1953
f 1954/1954 1951/1951 1953/1953
f 1955/1955 1956/1956 1957/1957
f 1958/1958 1955/1955 1957/1957
f 1949/1949 1948/1948 1959/1959
f 1960/1960 1961/1961 1962/1962
f 1963/1963 1960/1960 1962/1962
f 1964/1964 1965/1965 1966/1966
f 1967/1967 1965/1965 1964/1964
f 1968/1968 1967/1967 1964/1964
f 1969/1969 1967/1967 1968/1968
f 1970/1970 1969/1969 1968/1968
f 1896/1896 1971/1971 1972/1972
f 1898/1898 1971/1971 1896/1896
f 1973/1973 1971/1971 1898/1898
f 1899/1899 1973/1973 1898/1898
f 1974/1974 1973/1973 1899/1899
f 1901/1901 1974/1974 1899/1899
f 1975/1975 1976/1976 1977/1977
f 1978/1978 1979/1979 1980/1980
f 1981/1981 1978/1978 1980/1980
f 1982/1982 1978/1978 1981/1981
f 1983/1983 1978/1978 1982/1982
f 1984/1984 1983/1983 1982/1982
f 1985/1985 1986/1986 1987/1987
f 1988/1988 1989/1989 1990/1990
f 1916/1916 1991/1991 1992/1992
f 1993/1993 1991/1991 1916/1916
f 1919/1919 1993/1993 1916/1916
f 1965/1965 1993/1993 1919/1919
f 1920/1920 1965/1965 1919/1919
f 1960/1960 1963/1963 1994/1994
f 1927/1927 1960/1960 1994/1994
f 1924/1924 1927/1927 1994/1994
f 1933/1933 1960/1960 1927/1927
f 1930/1930 1933/1933 1927/1927
f 1967/1967 1993/1993 1965/1965
f 1995/1995 1993/1993 1967/1967
f 1969/1969 1995/1995 1967/1967
f 1974/1974 1996/1996 1973/1973
f 1978/1978 1997/1997 1979/1979
f 1998/1998 1997/1997 1978/1978
f 1983/1983 1998/1998 1978/1978
f 1984/1984 1998/1998 1983/1983
f 1988/1988 1999/1999 1989/1989
f 2000/2000 1999/1999 1988/1988
f 1995/1995 2001/2001 1993/1993
f 1902/1902 2002/2002 1903/1903
f 2003/2003 2002/2002 1902/1902
f 2004/2004 2005/2005 2006/2006
f 2007/2007 2005/2005 2004/2004
f 1914/1914 2008/2008 1913/1913
f 2009/2009 2008/2008 1914/1914
f 1915/1915 2009/2009 1914/1914
f 2010/2010 2009/2009 1915/1915
f 1582/1582 1585/1585 1581/1581
f 2011/2011 2012/2012 2013/2013
f 2014/2014 2015/2015 2016/2016
usemtl mtl_35_0
f 2017/2017 2018/2018 2019/2019
f 2020/2020 2017/2017 2019/2019
f 2021/2021 2017/2017 2020/2020
f 2022/2022 2021/2021 2020/2020
f 2023/2023 2021/2021 2022/2022
f 2024/2024 2021/2021 2023/2023
f 2025/2025 2024/2024 2023/2023
f 2026/2026 2025/2025 2023/2023
f 2027/2027 2026/2026 2023/2023
f 2028/2028 2026/2026 2027/2027
f 2029/2029 2026/2026 2028/2028
f 2030/2030 2029/2029 2028/2028
f 2031/2031 2029/2029 2030/2030
f 2032/2032 2029/2029 2031/2031
f 2033/2033 2034/2034 2035/2035
f 2036/2036 2033/2033 2035/2035
f 2037/2037 2033/2033 2036/2036
f 2038/2038 2037/2037 2036/2036
f 2039/2039 2037/2037 2038/2038
f 2040/2040 2037/2037 2039/2039
f 2041/2041 2040/2040 2039/2039
f 2042/2042 2041/2041 2039/2039
f 2043/2043 2042/2042 2039/2039
f 2044/2044 2042/2042 2043/2043
f 2045/2045 2046/2046 2047/2047
f 2048/2048 2045/2045 2047/2047
f 2049/2049 2050/2050 2051/2051
f 2052/2052 2049/2049 2051/2051
f 2053/2053 2054/2054 2055/2055
f 2056/2056 2053/2053 2055/2055
f 2057/2057 2058/2058 2059/2059
f 2060/2060 2057/2057 2059/2059
f 2061/2061 2057/2057 2060/2060
f 2062/2062 2061/2061 2060/2060
f 2063/2063 2061/2061 2062/2062
f 2064/2064 2063/2063 2062/2062
f 2065/2065 2063/2063 2064/2064
f 2066/2066 2063/2063 2065/2065
f 2067/2067 2068/2068 2069/2069
f 2070/2070 2067/2067 2069/2069
f 2071/2071 2067/2067 2070/2070
f 2072/2072 2067/2067 2071/2071
f 2068/2068 2067/2067 2072/2072
f 2073/2073 2068/2068 2072/2072
f 2074/2074 2073/2073 2072/2072
f 2075/2075 2073/2073 2074/2074
f 2076/2076 2073/2073 2075/2075
f 2077/2077 2076/2076 2075/2075
f 2078/2078 2079/2079 2080/2080
f 2081/2081 2078/2078 2080/2080
f 2082/2082 2078/2078 2081/2081
f 2083/2083 2082/2082 2081/2081
f 2084/2084 2085/2085 2086/2086
f 2087/2087 2084/2084 2086/2086
f 2088/2088 2084/2084 2087/2087
f 2089/2089 2084/2084 2088/2088
f 2090/2090 2089/2089 2088/2088
f 2091/2091 2090/2090 2088/2088
f 2092/2092 2090/2090 2091/2091
f 2093/2093 2090/2090 2092/2092
f 2094/2094 2093/2093 2092/2092
f 2095/2095 2093/2093 2094/2094
f 2096/2096 2095/2095 2094/2094
f 2097/2097 2095/2095 2096/2096
f 2098/2098 2097/2097 2096/2096
f 2099/2099 2097/2097 2098/2098
f 2100/2100 2099/2099 2098/2098
f 2101/2101 2102/2102 2103/2103
f 2104/2104 2101/2101 2103/2103
f 2105/2105 2104/2104 2103/2103
f 2106/2106 2101/2101 2104/2104
f 2107/2107 2106/2106 2104/2104
f 2108/2108 2101/2101 2106/2106
f 2109/2109 2108/2108 2106/2106
f 2110/2110 2109/2109 2106/2106
f 2111/2111 2108/2108 2109/2109
f 2112/2112 2111/2111 2109/2109
f 2113/2113 2111/2111 2112/2112
f 2114/2114 2111/2111 2113/2113
f 2115/2115 2114/2114 2113/2113
f 2116/2116 2114/2114 2115/2115
f 2117/2117 2116/2116 2115/2115
f 2118/2118 2119/2119 2120/2120
f 2121/2121 2118/2118 2120/2120
f 2122/2122 2118/2118 2121/2121
f 2123/2123 2118/2118 2122/2122
f 2124/2124 2123/2123 2122/2122
f 2125/2125 2126/2126 2127/2127
f 2128/2128 2125/2125 2127/2127
f 2129/2129 2125/2125 2128/2128
f 2130/2130 2129/2129 2128/2128
f 2131/2131 2132/2132 2133/2133
f 2134/2134 2131/2131 2133/2133
f 2135/2135 2131/2131 2134/2134
f 2136/2136 2131/2131 2135/2135
f 2137/2137 2138/2138 2139/2139
f 2140/2140 2137/2137 2139/2139
f 2141/2141 2138/2138 2137/2137
f 2142/2142 2141/2141 2137/2137
f 2143/2143 2142/2142 2137/2137
f 2144/2144 2145/2145 2146/2146
f 2147/2147 2144/2144 2146/2146
f 2148/2148 2144/2144 2147/2147
f 2149/2149 2148/2148 2147/2147
f 2150/2150 2148/2148 2149/2149
f 2151/2151 2150/2150 2149/2149
f 2152/2152 2150/2150 2151/2151
f 2153/2153 2152/2152 2151/2151
f 2154/2154 2152/2152 2153/2153
f 2155/2155 2152/2152 2154/2154
f 2156/2156 2155/2155 2154/2154
f 2157/2157 2156/2156 2154/2154
f 2158/2158 2155/2155 2156/2156
f 2159/2159 2160/2160 2161/2161
f 2162/2162 2159/2159 2161/2161
f 2163/2163 2159/2159 2162/2162
f 2164/2164 2159/2159 2163/2163
f 2165/2165 2164/2164 2163/2163
f 2166/2166 2164/2164 2165/2165
f 2167/2167 2166/2166 2165/2165
f 2168/2168 2166/2166 2167/2167
f 2169/2169 2168/2168 2167/2167
f 2170/2170 2168/2168 2169/2169
f 2171/2171 2168/2168 2170/2170
f 2172/2172 2171/2171 2170/2170
f 2173/2173 2172/2172 2170/2170
f 2174/2174 2173/2173 2170/2170
f 2175/2175 2176/2176 2177/2177
f 2178/2178 2175/2175 2177/2177
f 2179/2179 2175/2175 2178/2178
f 2180/2180 2175/2175 2179/2179
f 2181/2181 2180/2180 2179/2179
f 2182/2182 2180/2180 2181/2181
f 2183/2183 2182/2182 2181/2181
f 2184/2184 2182/2182 2183/2183
f 2185/2185 2182/2182 2184/2184
f 2186/2186 2185/2185 2184/2184
f 2187/2187 2186/2186 2184/2184
f 2188/2188 2186/2186 2187/2187
f 2189/2189 2186/2186 2188/2188
f 2190/2190 2189/2189 2188/2188
f 2191/2191 2189/2189 2190/2190
f 2192/2192 2191/2191 2190/2190
f 2193/2193 2191/2191 2192/2192
f 2194/2194 2191/2191 2193/2193
f 2195/2195 2194/2194 2193/2193
f 2196/2196 2195/2195 2193/2193
f 2197/2197 2196/2196 2193/2193
f 2198/2198 2195/2195 2196/2196
f 2199/2199 2200/2200 2201/2201
f 2202/2202 2199/2199 2201/2201
f 2203/2203 2200/2200 2199/2199
f 2204/2204 2203/2203 2199/2199
f 2205/2205 2204/2204 2199/2199
f 2206/2206 2204/2204 2205/2205
f 2207/2207 2204/2204 2206/2206
f 2208/2208 2207/2207 2206/2206
f 2209/2209 2207/2207 2208/2208
f 2210/2210 2207/2207 2209/2209
f 2211/2211 2210/2210 2209/2209
f 2212/2212 2211/2211 2209/2209
f 2213/2213 2211/2211 2212/2212
f 2214/2214 2211/2211 2213/2213
f 2215/2215 2214/2214 2213/2213
f 2216/2216 2214/2214 2215/2215
f 2217/2217 2216/2216 2215/2215
f 2218/2218 2219/2219 2220/2220
f 2221/2221 2218/2218 2220/2220
f 2222/2222 2218/2218 2221/2221
f 2223/2223 2222/2222 2221/2221
f 2224/2224 2222/2222 2223/2223
f 2225/2225 2224/2224 2223/2223
f 2226/2226 2227/2227 2228/2228
f 2229/2229 2226/2226 2228/2228
f 2230/2230 2231/2231 2232/2232
f 2233/2233 2230/2230 2232/2232
f 2234/2234 2230/2230 2233/2233
f 2235/2235 2234/2234 2233/2233
f 2236/2236 2234/2234 2235/2235
f 2237/2237 2236/2236 2235/2235
f 2238/2238 2236/2236 2237/2237
f 2239/2239 2236/2236 2238/2238
f 2240/2240 2239/2239 2238/2238
f 2241/2241 2240/2240 2238/2238
f 2242/2242 2240/2240 2241/2241
f 2243/2243 2244/2244 2245/2245
f 2246/2246 2243/2243 2245/2245
f 2247/2247 2243/2243 2246/2246
f 2248/2248 2247/2247 2246/2246
f 2249/2249 2247/2247 2248/2248
f 2250/2250 2249/2249 2248/2248
f 2251/2251 2249/2249 2250/2250
f 2252/2252 2251/2251 2250/2250
f 2253/2253 2254/2254 2255/2255
f 2256/2256 2253/2253 2255/2255
f 2257/2257 2253/2253 2256/2256
f 2258/2258 2257/2257 2256/2256
f 2259/2259 2257/2257 2258/2258
f 2260/2260 2259/2259 2258/2258
f 2261/2261 2259/2259 2260/2260
f 2262/2262 2261/2261 2260/2260
f 2263/2263 2261/2261 2262/2262
f 2264/2264 2261/2261 2263/2263
f 2265/2265 2264/2264 2263/2263
f 2266/2266 2265/2265 2263/2263
f 2267/2267 2265/2265 2266/2266
f 2268/2268 2265/2265 2267/2267
f 2269/2269 2268/2268 2267/2267
f 2270/2270 2268/2268 2269/2269
f 2271/2271 2268/2268 2270/2270
f 2272/2272 2271/2271 2270/2270
f 2273/2273 2272/2272 2270/2270
f 2274/2274 2273/2273 2270/2270
f 2275/2275 2272/2272 2273/2273
f 2276/2276 2275/2275 2273/2273
f 2277/2277 2278/2278 2279/2279
f 2280/2280 2277/2277 2279/2279
f 2281/2281 2277/2277 2280/2280
f 2282/2282 2277/2277 2281/2281
f 2283/2283 2282/2282 2281/2281
f 2284/2284 2283/2283 2281/2281
f 2285/2285 2284/2284 2281/2281
f 2286/2286 2284/2284 2285/2285
f 2287/2287 2288/2288 2289/2289
f 2290/2290 2287/2287 2289/2289
f 2291/2291 2290/2290 2289/2289
f 2292/2292 2290/2290 2291/2291
f 2018/2018 2290/2290 2292/2292
f 2287/2287 2290/2290 2018/2018
f 2017/2017 2287/2287 2018/2018
f 2293/2293 2287/2287 2017/2017
f 2021/2021 2293/2293 2017/2017
f 2024/2024 2293/2293 2021/2021
f 2294/2294 2295/2295 2296/2296
f 2297/2297 2295/2295 2294/2294
f 2298/2298 2299/2299 2300/2300
f 2029/2029 2032/2032 2025/2025
f 2026/2026 2029/2029 2025/2025
f 2301/2301 2302/2302 2050/2050
f 2049/2049 2301/2301 2050/2050
f 2303/2303 2304/2304 2305/2305
f 2306/2306 2303/2303 2305/2305
f 2054/2054 2053/2053 2307/2307
f 2057/2057 2308/2308 2058/2058
f 2061/2061 2308/2308 2057/2057
f 2309/2309 2308/2308 2061/2061
f 2063/2063 2309/2309 2061/2061
f 2066/2066 2309/2309 2063/2063
f 2310/2310 2309/2309 2066/2066
f 2311/2311 2310/2310 2066/2066
f 2312/2312 2313/2313 2068/2068
f 2314/2314 2312/2312 2068/2068
f 2073/2073 2314/2314 2068/2068
f 2076/2076 2314/2314 2073/2073
f 2315/2315 2314/2314 2076/2076
f 2078/2078 2316/2316 2079/2079
f 2317/2317 2316/2316 2078/2078
f 2082/2082 2317/2317 2078/2078
f 2318/2318 2319/2319 2320/2320
f 2085/2085 2318/2318 2320/2320
f 2084/2084 2318/2318 2085/2085
f 2089/2089 2318/2318 2084/2084
f 2321/2321 2318/2318 2089/2089
f 2322/2322 2321/2321 2089/2089
f 2323/2323 2322/2322 2089/2089
f 2324/2324 2323/2323 2089/2089
f 2093/2093 2324/2324 2089/2089
f 2090/2090 2093/2093 2089/2089
f 2095/2095 2324/2324 2093/2093
f 2325/2325 2324/2324 2095/2095
f 2097/2097 2325/2325 2095/2095
f 2099/2099 2325/2325 2097/2097
f 2326/2326 2327/2327 2102/2102
f 2101/2101 2326/2326 2102/2102
f 2328/2328 2329/2329 2330/2330
f 2108/2108 2116/2116 2101/2101
f 2114/2114 2116/2116 2108/2108
f 2111/2111 2114/2114 2108/2108
f 2331/2331 2332/2332 2119/2119
f 2333/2333 2331/2331 2119/2119
f 2334/2334 2333/2333 2119/2119
f 2335/2335 2334/2334 2119/2119
f 2118/2118 2335/2335 2119/2119
f 2123/2123 2335/2335 2118/2118
f 2125/2125 2336/2336 2126/2126
f 2129/2129 2336/2336 2125/2125
f 2337/2337 2336/2336 2129/2129
f 2131/2131 2338/2338 2132/2132
f 2136/2136 2338/2338 2131/2131
f 2339/2339 2338/2338 2136/2136
f 2141/2141 2340/2340 2138/2138
f 2144/2144 2341/2341 2145/2145
f 2342/2342 2341/2341 2144/2144
f 2148/2148 2342/2342 2144/2144
f 2150/2150 2342/2342 2148/2148
f 2155/2155 2342/2342 2150/2150
f 2152/2152 2155/2155 2150/2150
f 2343/2343 2342/2342 2155/2155
f 2344/2344 2343/2343 2155/2155
f 2345/2345 2344/2344 2155/2155
f 2158/2158 2345/2345 2155/2155
f 2346/2346 2347/2347 2348/2348
f 2349/2349 2346/2346 2348/2348
f 2164/2164 2350/2350 2160/2160
f 2159/2159 2164/2164 2160/2160
f 2166/2166 2350/2350 2164/2164
f 2171/2171 2350/2350 2166/2166
f 2168/2168 2171/2171 2166/2166
f 2351/2351 2349/2349 2352/2352
f 2353/2353 2351/2351 2352/2352
f 2172/2172 2354/2354 2171/2171
f 2194/2194 2355/2355 2176/2176
f 2191/2191 2194/2194 2176/2176
f 2189/2189 2191/2191 2176/2176
f 2186/2186 2189/2189 2176/2176
f 2185/2185 2186/2186 2176/2176
f 2175/2175 2185/2185 2176/2176
f 2180/2180 2185/2185 2175/2175
f 2182/2182 2185/2185 2180/2180
f 2195/2195 2355/2355 2194/2194
f 2356/2356 2357/2357 2358/2358
f 2359/2359 2356/2356 2358/2358
f 2360/2360 2359/2359 2358/2358
f 2361/2361 2360/2360 2358/2358
f 2203/2203 2362/2362 2200/2200
f 2363/2363 2362/2362 2203/2203
f 2364/2364 2363/2363 2203/2203
f 2210/2210 2364/2364 2203/2203
f 2204/2204 2210/2210 2203/2203
f 2207/2207 2210/2210 2204/2204
f 2365/2365 2364/2364 2210/2210
f 2211/2211 2365/2365 2210/2210
f 2214/2214 2365/2365 2211/2211
f 2216/2216 2365/2365 2214/2214
f 2218/2218 2366/2366 2219/2219
f 2367/2367 2366/2366 2218/2218
f 2222/2222 2367/2367 2218/2218
f 2224/2224 2367/2367 2222/2222
f 2368/2368 2367/2367 2224/2224
f 2226/2226 2369/2369 2227/2227
f 2230/2230 2370/2370 2231/2231
f 2239/2239 2370/2370 2230/2230
f 2234/2234 2239/2239 2230/2230
f 2236/2236 2239/2239 2234/2234
f 2371/2371 2370/2370 2239/2239
f 2372/2372 2371/2371 2239/2239
f 2373/2373 2372/2372 2239/2239
f 2374/2374 2373/2373 2239/2239
f 2375/2375 2374/2374 2239/2239
f 2376/2376 2375/2375 2239/2239
f 2240/2240 2376/2376 2239/2239
f 2377/2377 2374/2374 2375/2375
f 2244/2244 2374/2374 2377/2377
f 2243/2243 2374/2374 2244/2244
f 2247/2247 2374/2374 2243/2243
f 2249/2249 2374/2374 2247/2247
f 2378/2378 2374/2374 2249/2249
f 2251/2251 2378/2378 2249/2249
f 2253/2253 2379/2379 2254/2254
f 2257/2257 2379/2379 2253/2253
f 2380/2380 2379/2379 2257/2257
f 2264/2264 2380/2380 2257/2257
f 2259/2259 2264/2264 2257/2257
f 2261/2261 2264/2264 2259/2259
f 2381/2381 2380/2380 2264/2264
f 2382/2382 2381/2381 2264/2264
f 2271/2271 2382/2382 2264/2264
f 2268/2268 2271/2271 2264/2264
f 2265/2265 2268/2268 2264/2264
f 2383/2383 2382/2382 2271/2271
f 2277/2277 2282/2282 2278/2278
f 2384/2384 2385/2385 2386/2386
f 2387/2387 2388/2388 2288/2288
f 2287/2287 2387/2387 2288/2288
f 2389/2389 2387/2387 2287/2287
f 2293/2293 2389/2389 2287/2287
f 2390/2390 2391/2391 2392/2392
f 2393/2393 2391/2391 2390/2390
f 2394/2394 2395/2395 2396/2396
f 2397/2397 2394/2394 2396/2396
f 2398/2398 2394/2394 2397/2397
f 2399/2399 2398/2398 2397/2397
f 2400/2400 2399/2399 2397/2397
f 2297/2297 2401/2401 2295/2295
f 2402/2402 2401/2401 2297/2297
f 2403/2403 2404/2404 2405/2405
f 2399/2399 2406/2406 2407/2407
f 2408/2408 2399/2399 2407/2407
f 2409/2409 2410/2410 2411/2411
f 2412/2412 2410/2410 2409/2409
f 2306/2306 2413/2413 2303/2303
f 2414/2414 2413/2413 2306/2306
f 2415/2415 2416/2416 2417/2417
f 2418/2418 2415/2415 2417/2417
f 2309/2309 2419/2419 2308/2308
f 2420/2420 2419/2419 2309/2309
f 2310/2310 2420/2420 2309/2309
f 2421/2421 2422/2422 2423/2423
f 2424/2424 2421/2421 2423/2423
f 2425/2425 2426/2426 2427/2427
f 2428/2428 2425/2425 2427/2427
f 2426/2426 2425/2425 2428/2428
f 2314/2314 2429/2429 2312/2312
f 2315/2315 2429/2429 2314/2314
f 2421/2421 2424/2424 2430/2430
f 2431/2431 2421/2421 2430/2430
f 2432/2432 2433/2433 2434/2434
f 2317/2317 2435/2435 2316/2316
f 2436/2436 2435/2435 2317/2317
f 2321/2321 2437/2437 2319/2319
f 2318/2318 2321/2321 2319/2319
f 2322/2322 2437/2437 2321/2321
f 2438/2438 2437/2437 2322/2322
f 2439/2439 2438/2438 2322/2322
f 2323/2323 2439/2439 2322/2322
f 2440/2440 2438/2438 2439/2439
f 2441/2441 2438/2438 2440/2440
f 2442/2442 2441/2441 2440/2440
f 2326/2326 2443/2443 2327/2327
f 2332/2332 2444/2444 2329/2329
f 2328/2328 2332/2332 2329/2329
f 2331/2331 2444/2444 2332/2332
f 2445/2445 2444/2444 2331/2331
f 2333/2333 2445/2445 2331/2331
f 2337/2337 2446/2446 2336/2336
f 2447/2447 2448/2448 2338/2338
f 2449/2449 2447/2447 2338/2338
f 2339/2339 2449/2449 2338/2338
f 2343/2343 2450/2450 2342/2342
f 2451/2451 2450/2450 2343/2343
f 2344/2344 2451/2451 2343/2343
f 2452/2452 2451/2451 2344/2344
f 2453/2453 2452/2452 2344/2344
f 2454/2454 2455/2455 2456/2456
f 2457/2457 2454/2454 2456/2456
f 2458/2458 2457/2457 2456/2456
f 2459/2459 2458/2458 2456/2456
f 2460/2460 2458/2458 2459/2459
f 2461/2461 2462/2462 2347/2347
f 2346/2346 2461/2461 2347/2347
f 2351/2351 2461/2461 2346/2346
f 2349/2349 2351/2351 2346/2346
f 2463/2463 2461/2461 2351/2351
f 2464/2464 2463/2463 2351/2351
f 2353/2353 2464/2464 2351/2351
f 2465/2465 2463/2463 2464/2464
f 2359/2359 2466/2466 2356/2356
f 2467/2467 2466/2466 2359/2359
f 2360/2360 2467/2467 2359/2359
f 2468/2468 2469/2469 2470/2470
f 2471/2471 2472/2472 2473/2473
f 2474/2474 2471/2471 2473/2473
f 2475/2475 2474/2474 2473/2473
f 2364/2364 2476/2476 2363/2363
f 2367/2367 2477/2477 2366/2366
f 2478/2478 2477/2477 2367/2367
f 2479/2479 2478/2478 2367/2367
f 2368/2368 2479/2479 2367/2367
f 2480/2480 2479/2479 2368/2368
f 2481/2481 2482/2482 2483/2483
f 2484/2484 2482/2482 2481/2481
f 2485/2485 2486/2486 2487/2487
f 2381/2381 2485/2485 2487/2487
f 2488/2488 2485/2485 2381/2381
f 2382/2382 2488/2488 2381/2381
f 2383/2383 2488/2488 2382/2382
f 2489/2489 2488/2488 2383/2383
f 2387/2387 2490/2490 2388/2388
f 2491/2491 2490/2490 2387/2387
f 2389/2389 2491/2491 2387/2387
f 2492/2492 2491/2491 2389/2389
f 2493/2493 2494/2494 2495/2495
f 2496/2496 2493/2493 2495/2495
f 2497/2497 2496/2496 2495/2495
f 2498/2498 2499/2499 2500/2500
f 2501/2501 2498/2498 2500/2500
f 2502/2502 2503/2503 2504/2504
f 2399/2399 2505/2505 2398/2398
f 2408/2408 2505/2505 2399/2399
f 2506/2506 2507/2507 2508/2508
f 2414/2414 2509/2509 2413/2413
f 2510/2510 2509/2509 2414/2414
f 2415/2415 2511/2511 2416/2416
f 2512/2512 2511/2511 2415/2415
f 2422/2422 2421/2421 2513/2513
f 2432/2432 2514/2514 2433/2433
f 2515/2515 2514/2514 2432/2432
f 2516/2516 2517/2517 2435/2435
f 2436/2436 2516/2516 2435/2435
f 2518/2518 2519/2519 2437/2437
f 2438/2438 2518/2518 2437/2437
f 2441/2441 2518/2518 2438/2438
f 2520/2520 2518/2518 2441/2441
f 2521/2521 2522/2522 2447/2447
f 2523/2523 2521/2521 2447/2447
f 2524/2524 2523/2523 2447/2447
f 2449/2449 2524/2524 2447/2447
f 2525/2525 2526/2526 2527/2527
f 2528/2528 2525/2525 2527/2527
f 2529/2529 2528/2528 2527/2527
f 2530/2530 2529/2529 2527/2527
f 2531/2531 2532/2532 2454/2454
f 2457/2457 2531/2531 2454/2454
f 2533/2533 2531/2531 2457/2457
f 2458/2458 2533/2533 2457/2457
f 2534/2534 2533/2533 2458/2458
f 2535/2535 2534/2534 2458/2458
f 2460/2460 2535/2535 2458/2458
f 2536/2536 2537/2537 2538/2538
f 2539/2539 2536/2536 2538/2538
f 2540/2540 2536/2536 2539/2539
f 2541/2541 2536/2536 2540/2540
f 2542/2542 2541/2541 2540/2540
f 2543/2543 2541/2541 2542/2542
f 2469/2469 2544/2544 2545/2545
f 2546/2546 2544/2544 2469/2469
f 2547/2547 2546/2546 2469/2469
f 2468/2468 2547/2547 2469/2469
f 2548/2548 2549/2549 2472/2472
f 2471/2471 2548/2548 2472/2472
f 2550/2550 2548/2548 2471/2471
f 2551/2551 2550/2550 2471/2471
f 2474/2474 2551/2551 2471/2471
f 2552/2552 2553/2553 2554/2554
f 2555/2555 2552/2552 2554/2554
f 2556/2556 2552/2552 2555/2555
f 2557/2557 2558/2558 2559/2559
f 2488/2488 2489/2489 2486/2486
f 2485/2485 2488/2488 2486/2486
f 2549/2549 2560/2560 2561/2561
f 2562/2562 2549/2549 2561/2561
f 2541/2541 2543/2543 2563/2563
f 2536/2536 2541/2541 2563/2563
f 2564/2564 2536/2536 2563/2563
f 2491/2491 2565/2565 2490/2490
f 2566/2566 2565/2565 2491/2491
f 2567/2567 2568/2568 2569/2569
f 2570/2570 2571/2571 2572/2572
f 2573/2573 2570/2570 2572/2572
f 2502/2502 2574/2574 2503/2503
f 2575/2575 2576/2576 2577/2577
f 2578/2578 2576/2576 2575/2575
f 2579/2579 2580/2580 2507/2507
f 2506/2506 2579/2579 2507/2507
f 2581/2581 2579/2579 2506/2506
f 2582/2582 2579/2579 2581/2581
f 2583/2583 2582/2582 2581/2581
f 2584/2584 2585/2585 2586/2586
f 2587/2587 2585/2585 2584/2584
f 2588/2588 2589/2589 2590/2590
f 2591/2591 2589/2589 2588/2588
f 2514/2514 2515/2515 2592/2592
f 2516/2516 2593/2593 2517/2517
f 2518/2518 2594/2594 2519/2519
f 2595/2595 2594/2594 2518/2518
f 2596/2596 2595/2595 2518/2518
f 2520/2520 2596/2596 2518/2518
f 2597/2597 2596/2596 2520/2520
f 2598/2598 2599/2599 2600/2600
f 2528/2528 2599/2599 2598/2598
f 2525/2525 2528/2528 2598/2598
f 2521/2521 2601/2601 2522/2522
f 2602/2602 2603/2603 2532/2532
f 2531/2531 2602/2602 2532/2532
f 2604/2604 2602/2602 2531/2531
f 2533/2533 2604/2604 2531/2531
f 2534/2534 2604/2604 2533/2533
f 2605/2605 2604/2604 2534/2534
f 2606/2606 2605/2605 2534/2534
f 2535/2535 2606/2606 2534/2534
f 2607/2607 2606/2606 2535/2535
f 2536/2536 2608/2608 2537/2537
f 2564/2564 2608/2608 2536/2536
f 2609/2609 2610/2610 2611/2611
f 2567/2567 2612/2612 2568/2568
f 2613/2613 2614/2614 2615/2615
f 2616/2616 2613/2613 2615/2615
f 2617/2617 2613/2613 2616/2616
f 2618/2618 2617/2617 2616/2616
f 2619/2619 2618/2618 2616/2616
f 2620/2620 2618/2618 2619/2619
f 2621/2621 2618/2618 2620/2620
f 2579/2579 2622/2622 2580/2580
f 2582/2582 2622/2622 2579/2579
f 2623/2623 2624/2624 2625/2625
f 2603/2603 2605/2605 2626/2626
f 2604/2604 2605/2605 2603/2603
f 2602/2602 2604/2604 2603/2603
f 2617/2617 2624/2624 2623/2623
f 2614/2614 2617/2617 2623/2623
f 2613/2613 2617/2617 2614/2614
f 2621/2621 2624/2624 2617/2617
f 2618/2618 2621/2621 2617/2617
f 2607/2607 2627/2627 2606/2606
f 2609/2609 2628/2628 2610/2610
f 2557/2557 2560/2560 2549/2549
f 2629/2629 2557/2557 2549/2549
f 2548/2548 2629/2629 2549/2549
f 2630/2630 2629/2629 2548/2548
f 2550/2550 2630/2630 2548/2548
f 2558/2558 2629/2629 2630/2630
f 2557/2557 2629/2629 2558/2558
f 2475/2475 2631/2631 2474/2474
f 2451/2451 2452/2452 2450/2450
f 2400/2400 2406/2406 2399/2399
f 2373/2373 2378/2378 2372/2372
f 2374/2374 2378/2378 2373/2373
f 2324/2324 2325/2325 2323/2323
f 2033/2033 2632/2632 2034/2034
f 2040/2040 2632/2632 2033/2033
f 2037/2037 2040/2040 2033/2033
f 2046/2046 2045/2045 2633/2633
f 2634/2634 2635/2635 2636/2636
f 2637/2637 2638/2638 2639/2639
f 2640/2640 2641/2641 2642/2642
f 2634/2634 2643/2643 2635/2635
f 2644/2644 2645/2645 2646/2646
f 2647/2647 2648/2648 2649/2649
f 2637/2637 2650/2650 2638/2638
f 2645/2645 2644/2644 2651/2651
usemtl mtl_35_1
f 2652/2652 2653/2653 2654/2654
f 2655/2655 2652/2652 2654/2654
f 2656/2656 2653/2653 2652/2652
f 2657/2657 2656/2656 2652/2652
f 2658/2658 2657/2657 2652/2652
f 2659/2659 2657/2657 2658/2658
f 2660/2660 2661/2661 2662/2662
f 2663/2663 2660/2660 2662/2662
f 2664/2664 2660/2660 2663/2663
f 2665/2665 2664/2664 2663/2663
f 2666/2666 2664/2664 2665/2665
f 2667/2667 2666/2666 2665/2665
f 2668/2668 2666/2666 2667/2667
f 2669/2669 2668/2668 2667/2667
f 2670/2670 2668/2668 2669/2669
f 2671/2671 2670/2670 2669/2669
f 2672/2672 2670/2670 2671/2671
f 2673/2673 2670/2670 2672/2672
f 2674/2674 2673/2673 2672/2672
f 2675/2675 2676/2676 2677/2677
f 2678/2678 2675/2675 2677/2677
f 2679/2679 2676/2676 2675/2675
f 2680/2680 2679/2679 2675/2675
f 2681/2681 2679/2679 2680/2680
f 2682/2682 2679/2679 2681/2681
f 2683/2683 2682/2682 2681/2681
f 2684/2684 2682/2682 2683/2683
f 2685/2685 2684/2684 2683/2683
f 2686/2686 2684/2684 2685/2685
f 2687/2687 2686/2686 2685/2685
f 2688/2688 2686/2686 2687/2687
f 2689/2689 2688/2688 2687/2687
f 2690/2690 2688/2688 2689/2689
f 2691/2691 2690/2690 2689/2689
f 2692/2692 2693/2693 2694/2694
f 2695/2695 2692/2692 2694/2694
f 2696/2696 2692/2692 2695/2695
f 2697/2697 2692/2692 2696/2696
f 2698/2698 2697/2697 2696/2696
f 2699/2699 2698/2698 2696/2696
f 2700/2700 2697/2697 2698/2698
f 2701/2701 2700/2700 2698/2698
f 2702/2702 2700/2700 2701/2701
f 2703/2703 2704/2704 2705/2705
f 2706/2706 2703/2703 2705/2705
f 2707/2707 2703/2703 2706/2706
f 2708/2708 2707/2707 2706/2706
f 2709/2709 2707/2707 2708/2708
f 2710/2710 2709/2709 2708/2708
f 2711/2711 2712/2712 2713/2713
f 2714/2714 2711/2711 2713/2713
f 2715/2715 2716/2716 2717/2717
f 2673/2673 2716/2716 2715/2715
f 2718/2718 2673/2673 2715/2715
f 2719/2719 2718/2718 2715/2715
f 2720/2720 2719/2719 2715/2715
f 2721/2721 2722/2722 2723/2723
f 2724/2724 2721/2721 2723/2723
f 2725/2725 2721/2721 2724/2724
f 2726/2726 2721/2721 2725/2725
f 2727/2727 2726/2726 2725/2725
f 2728/2728 2726/2726 2727/2727
f 2729/2729 2728/2728 2727/2727
f 2730/2730 2728/2728 2729/2729
f 2731/2731 2730/2730 2729/2729
f 2732/2732 2730/2730 2731/2731
f 2733/2733 2732/2732 2731/2731
f 2734/2734 2732/2732 2733/2733
f 2735/2735 2734/2734 2733/2733
f 2736/2736 2737/2737 2738/2738
f 2739/2739 2736/2736 2738/2738
f 2740/2740 2736/2736 2739/2739
f 2741/2741 2736/2736 2740/2740
f 2742/2742 2741/2741 2740/2740
f 2743/2743 2742/2742 2740/2740
f 2744/2744 2742/2742 2743/2743
f 2745/2745 2742/2742 2744/2744
f 2746/2746 2745/2745 2744/2744
f 2747/2747 2745/2745 2746/2746
f 2748/2748 2747/2747 2746/2746
f 2749/2749 2747/2747 2748/2748
f 2750/2750 2749/2749 2748/2748
f 2751/2751 2749/2749 2750/2750
f 2752/2752 2751/2751 2750/2750
f 2753/2753 2754/2754 2755/2755
f 2756/2756 2753/2753 2755/2755
f 2757/2757 2758/2758 2759/2759
f 2760/2760 2757/2757 2759/2759
f 2761/2761 2757/2757 2760/2760
f 2762/2762 2761/2761 2760/2760
f 2763/2763 2761/2761 2762/2762
f 2764/2764 2763/2763 2762/2762
f 2765/2765 2763/2763 2764/2764
f 2766/2766 2763/2763 2765/2765
f 2767/2767 2766/2766 2765/2765
f 2768/2768 2767/2767 2765/2765
f 2769/2769 2768/2768 2765/2765
f 2770/2770 2768/2768 2769/2769
f 2771/2771 2772/2772 2773/2773
f 2774/2774 2771/2771 2773/2773
f 2775/2775 2776/2776 2777/2777
f 2778/2778 2775/2775 2777/2777
f 2779/2779 2778/2778 2777/2777
f 2780/2780 2778/2778 2779/2779
f 2781/2781 2778/2778 2780/2780
f 2775/2775 2778/2778 2781/2781
f 2782/2782 2783/2783 2784/2784
f 2785/2785 2782/2782 2784/2784
f 2786/2786 2783/2783 2782/2782
f 2787/2787 2786/2786 2782/2782
f 2788/2788 2786/2786 2787/2787
f 2789/2789 2786/2786 2788/2788
f 2790/2790 2789/2789 2788/2788
f 2791/2791 2789/2789 2790/2790
f 2792/2792 2791/2791 2790/2790
f 2793/2793 2791/2791 2792/2792
f 2794/2794 2791/2791 2793/2793
f 2795/2795 2796/2796 2797/2797
f 2798/2798 2795/2795 2797/2797
f 2799/2799 2795/2795 2798/2798
f 2800/2800 2799/2799 2798/2798
f 2801/2801 2799/2799 2800/2800
f 2802/2802 2801/2801 2800/2800
f 2803/2803 2801/2801 2802/2802
f 2804/2804 2803/2803 2802/2802
f 2805/2805 2803/2803 2804/2804
f 2806/2806 2803/2803 2805/2805
f 2807/2807 2806/2806 2805/2805
f 2808/2808 2807/2807 2805/2805
f 2809/2809 2807/2807 2808/2808
f 2810/2810 2807/2807 2809/2809
f 2811/2811 2807/2807 2810/2810
f 2812/2812 2811/2811 2810/2810
f 2813/2813 2812/2812 2810/2810
f 2814/2814 2812/2812 2813/2813
f 2815/2815 2816/2816 2817/2817
f 2818/2818 2815/2815 2817/2817
f 2819/2819 2815/2815 2818/2818
f 2820/2820 2819/2819 2818/2818
f 2821/2821 2819/2819 2820/2820
f 2822/2822 2821/2821 2820/2820
f 2823/2823 2821/2821 2822/2822
f 2824/2824 2821/2821 2823/2823
f 2825/2825 2826/2826 2827/2827
f 2828/2828 2825/2825 2827/2827
f 2829/2829 2825/2825 2828/2828
f 2830/2830 2825/2825 2829/2829
f 2831/2831 2832/2832 2833/2833
f 2834/2834 2831/2831 2833/2833
f 2835/2835 2834/2834 2833/2833
f 2836/2836 2831/2831 2834/2834
f 2837/2837 2836/2836 2834/2834
f 2838/2838 2836/2836 2837/2837
f 2839/2839 2836/2836 2838/2838
f 2831/2831 2836/2836 2839/2839
f 2840/2840 2831/2831 2839/2839
f 2841/2841 2840/2840 2839/2839
f 2842/2842 2840/2840 2841/2841
f 2843/2843 2840/2840 2842/2842
f 2844/2844 2843/2843 2842/2842
f 2845/2845 2843/2843 2844/2844
f 2846/2846 2845/2845 2844/2844
f 2847/2847 2845/2845 2846/2846
f 2848/2848 2847/2847 2846/2846
f 2849/2849 2847/2847 2848/2848
f 2850/2850 2847/2847 2849/2849
f 2851/2851 2850/2850 2849/2849
f 2852/2852 2851/2851 2849/2849
f 2853/2853 2852/2852 2849/2849
f 2854/2854 2852/2852 2853/2853
f 2855/2855 2852/2852 2854/2854
f 2856/2856 2855/2855 2854/2854
f 2857/2857 2855/2855 2856/2856
f 2858/2858 2857/2857 2856/2856
f 2859/2859 2857/2857 2858/2858
f 2851/2851 2857/2857 2859/2859
f 2860/2860 2851/2851 2859/2859
f 2861/2861 2860/2860 2859/2859
f 2862/2862 2860/2860 2861/2861
f 2863/2863 2860/2860 2862/2862
f 2864/2864 2863/2863 2862/2862
f 2865/2865 2863/2863 2864/2864
f 2866/2866 2865/2865 2864/2864
f 2867/2867 2865/2865 2866/2866
f 2868/2868 2867/2867 2866/2866
f 2869/2869 2867/2867 2868/2868
f 2870/2870 2867/2867 2869/2869
f 2871/2871 2870/2870 2869/2869
f 2872/2872 2873/2873 2874/2874
f 2875/2875 2872/2872 2874/2874
f 2876/2876 2872/2872 2875/2875
f 2877/2877 2876/2876 2875/2875
f 2878/2878 2876/2876 2877/2877
f 2879/2879 2878/2878 2877/2877
f 2880/2880 2878/2878 2879/2879
f 2881/2881 2880/2880 2879/2879
f 2882/2882 2883/2883 2884/2884
f 2885/2885 2882/2882 2884/2884
f 2886/2886 2882/2882 2885/2885
f 2887/2887 2882/2882 2886/2886
f 2888/2888 2887/2887 2886/2886
f 2889/2889 2887/2887 2888/2888
f 2890/2890 2889/2889 2888/2888
f 2891/2891 2889/2889 2890/2890
f 2892/2892 2889/2889 2891/2891
f 2893/2893 2892/2892 2891/2891
f 2894/2894 2893/2893 2891/2891
f 2895/2895 2893/2893 2894/2894
f 2896/2896 2893/2893 2895/2895
f 2897/2897 2896/2896 2895/2895
f 2898/2898 2896/2896 2897/2897
f 2899/2899 2898/2898 2897/2897
f 2900/2900 2898/2898 2899/2899
f 2901/2901 2900/2900 2899/2899
f 2902/2902 2900/2900 2901/2901
f 2903/2903 2902/2902 2901/2901
f 2904/2904 2905/2905 2906/2906
f 2907/2907 2904/2904 2906/2906
f 2908/2908 2904/2904 2907/2907
f 2909/2909 2908/2908 2907/2907
f 2910/2910 2908/2908 2909/2909
f 2911/2911 2910/2910 2909/2909
f 2912/2912 2910/2910 2911/2911
f 2913/2913 2912/2912 2911/2911
f 2914/2914 2912/2912 2913/2913
f 2915/2915 2914/2914 2913/2913
f 2916/2916 2914/2914 2915/2915
f 2917/2917 2916/2916 2915/2915
f 2918/2918 2919/2919 2920/2920
f 2921/2921 2918/2918 2920/2920
f 2922/2922 2918/2918 2921/2921
f 2923/2923 2922/2922 2921/2921
f 2924/2924 2922/2922 2923/2923
f 2925/2925 2924/2924 2923/2923
f 2926/2926 2924/2924 2925/2925
f 2927/2927 2926/2926 2925/2925
f 2928/2928 2929/2929 2930/2930
f 2931/2931 2928/2928 2930/2930
f 2932/2932 2928/2928 2931/2931
f 2933/2933 2932/2932 2931/2931
f 2934/2934 2932/2932 2933/2933
f 2935/2935 2934/2934 2933/2933
f 2936/2936 2934/2934 2935/2935
f 2937/2937 2936/2936 2935/2935
f 2938/2938 2936/2936 2937/2937
f 2939/2939 2938/2938 2937/2937
f 2940/2940 2938/2938 2939/2939
f 2941/2941 2940/2940 2939/2939
f 2942/2942 2940/2940 2941/2941
f 2943/2943 2942/2942 2941/2941
f 2944/2944 2945/2945 2946/2946
f 2947/2947 2944/2944 2946/2946
f 2948/2948 2944/2944 2947/2947
f 2949/2949 2948/2948 2947/2947
f 2950/2950 2948/2948 2949/2949
f 2951/2951 2948/2948 2950/2950
f 2952/2952 2951/2951 2950/2950
f 2953/2953 2952/2952 2950/2950
f 2954/2954 2953/2953 2950/2950
f 2955/2955 2953/2953 2954/2954
f 2956/2956 2953/2953 2955/2955
f 2957/2957 2956/2956 2955/2955
f 2958/2958 2956/2956 2957/2957
f 2959/2959 2956/2956 2958/2958
f 2960/2960 2959/2959 2958/2958
f 2961/2961 2960/2960 2958/2958
f 2962/2962 2960/2960 2961/2961
f 2963/2963 2960/2960 2962/2962
f 2964/2964 2960/2960 2963/2963
f 2965/2965 2964/2964 2963/2963
f 2966/2966 2965/2965 2963/2963
f 2967/2967 2966/2966 2963/2963
f 2968/2968 2966/2966 2967/2967
f 2969/2969 2966/2966 2968/2968
f 2970/2970 2969/2969 2968/2968
f 2971/2971 2969/2969 2970/2970
f 2965/2965 2969/2969 2971/2971
f 2972/2972 2965/2965 2971/2971
f 2973/2973 2972/2972 2971/2971
f 2974/2974 2972/2972 2973/2973
f 2975/2975 2972/2972 2974/2974
f 2976/2976 2975/2975 2974/2974
f 2977/2977 2975/2975 2976/2976
f 2978/2978 2977/2977 2976/2976
f 2964/2964 2977/2977 2978/2978
f 2979/2979 2964/2964 2978/2978
f 2959/2959 2964/2964 2979/2979
f 2960/2960 2964/2964 2959/2959
f 2965/2965 2977/2977 2964/2964
f 2975/2975 2977/2977 2965/2965
f 2972/2972 2975/2975 2965/2965
f 2966/2966 2969/2969 2965/2965
f 2980/2980 2956/2956 2959/2959
f 2981/2981 2980/2980 2959/2959
f 2982/2982 2980/2980 2981/2981
f 2983/2983 2980/2980 2982/2982
f 2984/2984 2983/2983 2982/2982
f 2985/2985 2986/2986 2987/2987
f 2988/2988 2985/2985 2987/2987
f 2989/2989 2986/2986 2985/2985
f 2990/2990 2989/2989 2985/2985
f 2991/2991 2990/2990 2985/2985
f 2992/2992 2990/2990 2991/2991
f 2993/2993 2990/2990 2992/2992
f 2994/2994 2993/2993 2992/2992
f 2995/2995 2993/2993 2994/2994
f 2996/2996 2993/2993 2995/2995
f 2997/2997 2996/2996 2995/2995
f 2998/2998 2997/2997 2995/2995
f 2999/2999 2997/2997 2998/2998
f 3000/3000 2997/2997 2999/2999
f 3001/3001 3000/3000 2999/2999
f 3002/3002 3000/3000 3001/3001
f 3003/3003 3002/3002 3001/3001
f 3004/3004 3005/3005 3006/3006
f 3007/3007 3005/3005 3004/3004
f 3008/3008 3007/3007 3004/3004
f 3009/3009 3008/3008 3004/3004
f 3010/3010 3009/3009 3004/3004
f 3011/3011 3009/3009 3010/3010
f 3012/3012 3009/3009 3011/3011
f 3013/3013 3012/3012 3011/3011
f 3014/3014 3012/3012 3013/3013
f 3015/3015 3012/3012 3014/3014
f 3016/3016 3017/3017 3018/3018
f 3019/3019 3016/3016 3018/3018
f 2653/2653 2656/2656 3020/3020
f 2660/2660 3021/3021 3022/3022
f 2661/2661 2660/2660 3022/3022
f 2664/2664 3021/3021 2660/2660
f 3023/3023 3021/3021 2664/2664
f 2666/2666 3023/3023 2664/2664
f 3024/3024 3023/3023 2666/2666
f 2668/2668 3024/3024 2666/2666
f 2673/2673 3024/3024 2668/2668
f 2670/2670 2673/2673 2668/2668
f 3025/3025 3024/3024 2673/2673
f 2718/2718 3025/3025 2673/2673
f 3026/3026 3025/3025 2718/2718
f 3027/3027 3026/3026 2718/2718
f 3028/3028 3029/3029 2722/2722
f 3030/3030 3028/3028 2722/2722
f 2721/2721 3030/3030 2722/2722
f 2726/2726 3030/3030 2721/2721
f 2728/2728 3030/3030 2726/2726
f 3031/3031 3030/3030 2728/2728
f 2730/2730 3031/3031 2728/2728
f 2732/2732 3031/3031 2730/2730
f 3032/3032 3031/3031 2732/2732
f 2734/2734 3032/3032 2732/2732
f 2741/2741 3033/3033 2737/2737
f 2736/2736 2741/2741 2737/2737
f 3034/3034 3033/3033 2741/2741
f 3035/3035 3034/3034 2741/2741
f 3036/3036 3035/3035 2741/2741
f 2745/2745 3036/3036 2741/2741
f 2742/2742 2745/2745 2741/2741
f 2747/2747 3036/3036 2745/2745
f 3037/3037 3036/3036 2747/2747
f 3038/3038 3037/3037 2747/2747
f 2749/2749 3038/3038 2747/2747
f 2751/2751 3038/3038 2749/2749
f 2753/2753 3039/3039 2754/2754
f 2757/2757 3040/3040 2758/2758
f 3041/3041 3040/3040 2757/2757
f 2761/2761 3041/3041 2757/2757
f 2766/2766 3041/3041 2761/2761
f 2763/2763 2766/2766 2761/2761
f 3042/3042 3041/3041 2766/2766
f 3043/3043 3042/3042 2766/2766
f 3044/3044 3045/3045 3046/3046
f 3047/3047 3044/3044 3046/3046
f 3048/3048 3047/3047 3046/3046
f 2767/2767 3049/3049 2766/2766
f 3050/3050 3051/3051 3052/3052
f 2771/2771 3050/3050 3052/3052
f 2772/2772 2771/2771 3052/3052
f 3053/3053 3054/3054 2776/2776
f 2775/2775 3053/3053 2776/2776
f 3055/3055 3056/3056 2783/2783
f 2786/2786 3055/3055 2783/2783
f 2789/2789 3055/3055 2786/2786
f 2794/2794 3055/3055 2789/2789
f 2791/2791 2794/2794 2789/2789
f 3056/3056 3055/3055 2794/2794
f 3057/3057 3058/3058 2796/2796
f 2795/2795 3057/3057 2796/2796
f 2799/2799 3057/3057 2795/2795
f 2801/2801 3057/3057 2799/2799
f 2803/2803 3057/3057 2801/2801
f 2806/2806 3057/3057 2803/2803
f 3059/3059 3057/3057 2806/2806
f 2811/2811 3059/3059 2806/2806
f 2807/2807 2811/2811 2806/2806
f 2815/2815 3060/3060 2816/2816
f 2819/2819 3060/3060 2815/2815
f 3061/3061 3060/3060 2819/2819
f 2821/2821 3061/3061 2819/2819
f 2824/2824 3061/3061 2821/2821
f 3062/3062 3061/3061 2824/2824
f 3063/3063 3062/3062 2824/2824
f 3064/3064 3065/3065 3066/3066
f 2830/2830 3067/3067 3068/3068
f 2825/2825 2830/2830 3068/3068
f 2826/2826 2825/2825 3068/3068
f 3069/3069 3070/3070 2832/2832
f 2831/2831 3069/3069 2832/2832
f 2840/2840 3069/3069 2831/2831
f 3071/3071 3069/3069 2840/2840
f 2843/2843 3071/3071 2840/2840
f 2845/2845 3071/3071 2843/2843
f 2847/2847 3071/3071 2845/2845
f 3072/3072 3071/3071 2847/2847
f 2850/2850 3072/3072 2847/2847
f 2851/2851 3072/3072 2850/2850
f 2863/2863 3072/3072 2851/2851
f 2860/2860 2863/2863 2851/2851
f 2865/2865 3072/3072 2863/2863
f 2870/2870 3072/3072 2865/2865
f 2867/2867 2870/2870 2865/2865
f 3071/3071 3072/3072 2870/2870
f 3069/3069 3071/3071 2870/2870
f 3073/3073 3069/3069 2870/2870
f 2871/2871 3073/3073 2870/2870
f 2872/2872 3074/3074 2873/2873
f 3075/3075 3074/3074 2872/2872
f 2876/2876 3075/3075 2872/2872
f 2878/2878 3075/3075 2876/2876
f 3076/3076 3075/3075 2878/2878
f 2880/2880 3076/3076 2878/2878
f 3077/3077 3078/3078 2883/2883
f 3079/3079 3077/3077 2883/2883
f 3080/3080 3079/3079 2883/2883
f 2887/2887 3080/3080 2883/2883
f 2882/2882 2887/2887 2883/2883
f 2889/2889 3080/3080 2887/2887
f 2892/2892 3080/3080 2889/2889
f 3081/3081 3080/3080 2892/2892
f 3082/3082 3081/3081 2892/2892
f 2896/2896 3082/3082 2892/2892
f 2893/2893 2896/2896 2892/2892
f 2898/2898 3082/3082 2896/2896
f 2900/2900 3082/3082 2898/2898
f 2902/2902 3082/3082 2900/2900
f 3083/3083 3082/3082 2902/2902
f 2904/2904 3084/3084 2905/2905
f 3085/3085 3084/3084 2904/2904
f 2908/2908 3085/3085 2904/2904
f 2910/2910 3085/3085 2908/2908
f 3086/3086 3085/3085 2910/2910
f 2912/2912 3086/3086 2910/2910
f 3087/3087 3086/3086 2912/2912
f 2914/2914 3087/3087 2912/2912
f 2916/2916 3087/3087 2914/2914
f 3088/3088 3089/3089 3090/3090
f 3091/3091 3092/3092 2919/2919
f 2918/2918 3091/3091 2919/2919
f 2922/2922 3091/3091 2918/2918
f 3093/3093 3091/3091 2922/2922
f 2924/2924 3093/3093 2922/2922
f 2926/2926 3093/3093 2924/2924
f 2928/2928 3094/3094 2929/2929
f 3095/3095 3094/3094 2928/2928
f 2932/2932 3095/3095 2928/2928
f 2934/2934 3095/3095 2932/2932
f 2936/2936 3095/3095 2934/2934
f 3096/3096 3095/3095 2936/2936
f 2938/2938 3096/3096 2936/2936
f 2940/2940 3096/3096 2938/2938
f 2942/2942 3096/3096 2940/2940
f 3097/3097 3096/3096 2942/2942
f 2944/2944 3098/3098 2945/2945
f 2948/2948 3098/3098 2944/2944
f 2951/2951 3098/3098 2948/2948
f 2980/2980 2983/2983 2952/2952
f 2953/2953 2980/2980 2952/2952
f 2956/2956 2980/2980 2953/2953
f 2989/2989 3099/3099 3100/3100
f 2986/2986 2989/2989 3100/3100
f 3101/3101 3099/3099 2989/2989
f 3102/3102 3101/3101 2989/2989
f 3103/3103 3102/3102 2989/2989
f 3104/3104 3103/3103 2989/2989
f 2990/2990 3104/3104 2989/2989
f 2993/2993 3104/3104 2990/2990
f 2996/2996 3104/3104 2993/2993
f 3103/3103 3104/3104 2996/2996
f 3102/3102 3103/3103 2996/2996
f 3105/3105 3102/3102 2996/2996
f 3106/3106 3105/3105 2996/2996
f 3107/3107 3106/3106 2996/2996
f 2997/2997 3107/3107 2996/2996
f 3000/3000 3107/3107 2997/2997
f 3002/3002 3107/3107 3000/3000
f 3108/3108 3106/3106 3107/3107
f 3109/3109 3110/3110 3111/3111
f 3112/3112 3113/3113 3007/3007
f 3114/3114 3112/3112 3007/3007
f 3008/3008 3114/3114 3007/3007
f 3115/3115 3114/3114 3008/3008
f 3015/3015 3115/3115 3008/3008
f 3012/3012 3015/3015 3008/3008
f 3009/3009 3012/3012 3008/3008
f 3026/3026 3116/3116 3023/3023
f 3024/3024 3026/3026 3023/3023
f 3025/3025 3026/3026 3024/3024
f 3027/3027 3116/3116 3026/3026
f 3117/3117 3118/3118 3029/3029
f 3028/3028 3117/3117 3029/3029
f 3119/3119 3117/3117 3028/3028
f 3030/3030 3119/3119 3028/3028
f 3031/3031 3119/3119 3030/3030
f 3120/3120 3119/3119 3031/3031
f 3032/3032 3120/3120 3031/3031
f 3121/3121 3120/3120 3032/3032
f 3122/3122 3120/3120 3121/3121
f 3123/3123 3124/3124 3034/3034
f 3125/3125 3123/3123 3034/3034
f 3035/3035 3125/3125 3034/3034
f 3037/3037 3125/3125 3035/3035
f 3036/3036 3037/3037 3035/3035
f 3126/3126 3125/3125 3037/3037
f 3127/3127 3126/3126 3037/3037
f 3038/3038 3127/3127 3037/3037
f 3042/3042 3043/3043 3040/3040
f 3041/3041 3042/3042 3040/3040
f 3128/3128 3125/3125 3126/3126
f 3129/3129 3125/3125 3128/3128
f 3130/3130 3131/3131 3132/3132
f 3133/3133 3130/3130 3132/3132
f 3134/3134 3133/3133 3132/3132
f 3135/3135 3133/3133 3134/3134
f 3136/3136 3133/3133 3135/3135
f 3137/3137 3136/3136 3135/3135
f 3138/3138 3137/3137 3135/3135
f 3139/3139 3140/3140 3141/3141
f 3142/3142 3143/3143 3058/3058
f 3057/3057 3142/3142 3058/3058
f 3059/3059 3142/3142 3057/3057
f 3144/3144 3142/3142 3059/3059
f 3145/3145 3144/3144 3059/3059
f 3064/3064 3146/3146 3065/3065
f 3147/3147 3148/3148 3149/3149
f 3150/3150 3151/3151 3152/3152
f 3153/3153 3150/3150 3152/3152
f 3069/3069 3073/3073 3070/3070
f 3154/3154 3155/3155 3156/3156
f 3157/3157 3155/3155 3154/3154
f 3075/3075 3157/3157 3154/3154
f 3074/3074 3075/3075 3154/3154
f 3076/3076 3157/3157 3075/3075
f 3158/3158 3159/3159 3160/3160
f 3161/3161 3158/3158 3160/3160
f 3077/3077 3162/3162 3078/3078
f 3079/3079 3162/3162 3077/3077
f 3163/3163 3162/3162 3079/3079
f 3164/3164 3163/3163 3079/3079
f 3081/3081 3164/3164 3079/3079
f 3080/3080 3081/3081 3079/3079
f 3165/3165 3164/3164 3081/3081
f 3082/3082 3165/3165 3081/3081
f 3166/3166 3165/3165 3082/3082
f 3083/3083 3166/3166 3082/3082
f 3167/3167 3168/3168 3084/3084
f 3169/3169 3167/3167 3084/3084
f 3085/3085 3169/3169 3084/3084
f 3170/3170 3169/3169 3085/3085
f 3171/3171 3170/3170 3085/3085
f 3086/3086 3171/3171 3085/3085
f 3088/3088 3172/3172 3089/3089
f 3173/3173 3172/3172 3088/3088
f 3174/3174 3173/3173 3088/3088
f 3175/3175 3174/3174 3088/3088
f 3176/3176 3174/3174 3175/3175
f 3093/3093 3177/3177 3091/3091
f 3178/3178 3177/3177 3093/3093
f 3179/3179 3180/3180 3094/3094
f 3181/3181 3179/3179 3094/3094
f 3095/3095 3181/3181 3094/3094
f 3182/3182 3181/3181 3095/3095
f 3183/3183 3182/3182 3095/3095
f 3096/3096 3183/3183 3095/3095
f 3184/3184 3185/3185 3186/3186
f 3101/3101 3187/3187 3099/3099
f 3188/3188 3187/3187 3101/3101
f 3189/3189 3188/3188 3101/3101
f 3190/3190 3189/3189 3101/3101
f 3102/3102 3190/3190 3101/3101
f 3105/3105 3190/3190 3102/3102
f 3191/3191 3190/3190 3105/3105
f 3106/3106 3191/3191 3105/3105
f 3192/3192 3191/3191 3106/3106
f 3108/3108 3192/3192 3106/3106
f 3109/3109 3193/3193 3110/3110
f 3194/3194 3193/3193 3109/3109
f 3195/3195 3193/3193 3194/3194
f 3196/3196 3195/3195 3194/3194
f 3197/3197 3198/3198 3112/3112
f 3114/3114 3197/3197 3112/3112
f 3115/3115 3197/3197 3114/3114
f 3199/3199 3197/3197 3115/3115
f 3200/3200 3201/3201 3202/3202
f 3203/3203 3201/3201 3200/3200
f 3204/3204 3201/3201 3203/3203
f 3205/3205 3206/3206 3207/3207
f 3208/3208 3209/3209 3210/3210
f 3211/3211 3208/3208 3210/3210
f 3117/3117 3212/3212 3118/3118
f 3119/3119 3212/3212 3117/3117
f 3120/3120 3212/3212 3119/3119
f 3122/3122 3212/3212 3120/3120
f 3213/3213 3211/3211 3214/3214
f 3215/3215 3213/3213 3214/3214
f 3216/3216 3217/3217 3218/3218
f 3219/3219 3216/3216 3218/3218
f 3220/3220 3216/3216 3219/3219
f 3221/3221 3220/3220 3219/3219
f 3222/3222 3221/3221 3219/3219
f 3125/3125 3129/3129 3123/3123
f 3223/3223 3221/3221 3222/3222
f 3224/3224 3225/3225 3226/3226
f 3136/3136 3227/3227 3131/3131
f 3130/3130 3136/3136 3131/3131
f 3133/3133 3136/3136 3130/3130
f 3228/3228 3227/3227 3136/3136
f 3137/3137 3228/3228 3136/3136
f 3229/3229 3228/3228 3137/3137
f 3138/3138 3230/3230 3137/3137
f 3231/3231 3232/3232 3233/3233
f 3234/3234 3235/3235 3236/3236
f 3237/3237 3232/3232 3231/3231
f 3238/3238 3237/3237 3231/3231
f 3239/3239 3238/3238 3231/3231
f 3240/3240 3239/3239 3231/3231
f 3241/3241 3242/3242 3143/3143
f 3142/3142 3241/3241 3143/3143
f 3144/3144 3241/3241 3142/3142
f 3243/3243 3241/3241 3144/3144
f 3145/3145 3243/3243 3144/3144
f 3244/3244 3245/3245 3246/3246
f 3247/3247 3245/3245 3244/3244
f 3248/3248 3249/3249 3250/3250
f 3150/3150 3248/3248 3250/3250
f 3151/3151 3150/3150 3250/3250
f 3251/3251 3252/3252 3253/3253
f 3254/3254 3252/3252 3251/3251
f 3155/3155 3254/3254 3251/3251
f 3255/3255 3254/3254 3155/3155
f 3157/3157 3255/3255 3155/3155
f 3256/3256 3255/3255 3157/3157
f 3254/3254 3255/3255 3256/3256
f 3257/3257 3258/3258 3162/3162
f 3163/3163 3257/3257 3162/3162
f 3259/3259 3257/3257 3163/3163
f 3260/3260 3259/3259 3163/3163
f 3165/3165 3260/3260 3163/3163
f 3164/3164 3165/3165 3163/3163
f 3166/3166 3260/3260 3165/3165
f 3261/3261 3260/3260 3166/3166
f 3262/3262 3261/3261 3166/3166
f 3263/3263 3261/3261 3262/3262
f 3264/3264 3263/3263 3262/3262
f 3265/3265 3266/3266 3267/3267
f 3268/3268 3265/3265 3267/3267
f 3269/3269 3265/3265 3268/3268
f 3270/3270 3265/3265 3269/3269
f 3271/3271 3265/3265 3270/3270
f 3181/3181 3272/3272 3179/3179
f 3273/3273 3274/3274 3275/3275
f 3276/3276 3273/3273 3275/3275
f 3185/3185 3277/3277 3278/3278
f 3184/3184 3277/3277 3185/3185
f 3279/3279 3276/3276 3280/3280
f 3281/3281 3279/3279 3280/3280
f 3282/3282 3279/3279 3281/3281
f 3283/3283 3279/3279 3282/3282
f 3284/3284 3279/3279 3283/3283
f 3285/3285 3284/3284 3283/3283
f 3273/3273 3284/3284 3285/3285
f 3286/3286 3273/3273 3285/3285
f 3190/3190 3287/3287 3189/3189
f 3288/3288 3289/3289 3290/3290
f 3291/3291 3288/3288 3290/3290
f 3191/3191 3292/3292 3190/3190
f 3192/3192 3292/3292 3191/3191
f 3197/3197 3293/3293 3198/3198
f 3294/3294 3293/3293 3197/3197
f 3199/3199 3294/3294 3197/3197
f 3295/3295 3296/3296 3297/3297
f 3298/3298 3296/3296 3295/3295
f 3299/3299 3298/3298 3295/3295
f 3300/3300 3299/3299 3295/3295
f 3301/3301 3300/3300 3206/3206
f 3205/3205 3301/3301 3206/3206
f 3302/3302 3301/3301 3205/3205
f 3303/3303 3304/3304 3209/3209
f 3208/3208 3303/3303 3209/3209
f 3213/3213 3303/3303 3208/3208
f 3211/3211 3213/3213 3208/3208
f 3305/3305 3303/3303 3213/3213
f 3306/3306 3305/3305 3213/3213
f 3215/3215 3306/3306 3213/3213
f 3216/3216 3307/3307 3217/3217
f 3220/3220 3307/3307 3216/3216
f 3308/3308 3307/3307 3220/3220
f 3221/3221 3308/3308 3220/3220
f 3309/3309 3308/3308 3221/3221
f 3223/3223 3309/3309 3221/3221
f 3310/3310 3311/3311 3312/3312
f 3313/3313 3314/3314 3315/3315
f 3316/3316 3317/3317 3318/3318
f 3319/3319 3316/3316 3318/3318
f 3320/3320 3321/3321 3322/3322
f 3323/3323 3320/3320 3322/3322
f 3324/3324 3323/3323 3322/3322
f 3325/3325 3320/3320 3323/3323
f 3326/3326 3325/3325 3323/3323
f 3327/3327 3328/3328 3329/3329
f 3330/3330 3331/3331 3332/3332
f 3333/3333 3331/3331 3330/3330
f 3254/3254 3334/3334 3252/3252
f 3335/3335 3336/3336 3337/3337
f 3338/3338 3335/3335 3337/3337
f 3259/3259 3338/3338 3337/3337
f 3257/3257 3259/3259 3337/3337
f 3258/3258 3257/3257 3337/3337
f 3260/3260 3338/3338 3259/3259
f 3261/3261 3338/3338 3260/3260
f 3339/3339 3338/3338 3261/3261
f 3263/3263 3339/3339 3261/3261
f 3340/3340 3339/3339 3263/3263
f 3341/3341 3340/3340 3263/3263
f 3342/3342 3343/3343 3344/3344
f 3345/3345 3346/3346 3347/3347
f 3264/3264 3348/3348 3263/3263
f 3349/3349 3348/3348 3264/3264
f 3350/3350 3351/3351 3266/3266
f 3265/3265 3350/3350 3266/3266
f 3352/3352 3350/3350 3265/3265
f 3353/3353 3352/3352 3265/3265
f 3271/3271 3353/3353 3265/3265
f 3298/3298 3354/3354 3296/3296
f 3355/3355 3354/3354 3298/3298
f 3356/3356 3355/3355 3298/3298
f 3299/3299 3356/3356 3298/3298
f 3301/3301 3356/3356 3299/3299
f 3300/3300 3301/3301 3299/3299
f 3357/3357 3356/3356 3301/3301
f 3358/3358 3359/3359 3360/3360
f 3361/3361 3362/3362 3305/3305
f 3306/3306 3361/3361 3305/3305
f 3363/3363 3364/3364 3307/3307
f 3308/3308 3363/3363 3307/3307
f 3365/3365 3363/3363 3308/3308
f 3366/3366 3367/3367 3368/3368
f 3369/3369 3367/3367 3366/3366
f 3370/3370 3371/3371 3372/3372
f 3373/3373 3370/3370 3372/3372
f 3374/3374 3370/3370 3373/3373
f 3375/3375 3365/3365 3376/3376
f 3313/3313 3377/3377 3314/3314
f 3378/3378 3365/3365 3375/3375
f 3363/3363 3365/3365 3378/3378
f 3379/3379 3363/3363 3378/3378
f 3380/3380 3379/3379 3378/3378
f 3381/3381 3382/3382 3383/3383
f 3361/3361 3382/3382 3381/3381
f 3384/3384 3361/3361 3381/3381
f 3351/3351 3385/3385 3386/3386
f 3387/3387 3388/3388 3389/3389
f 3390/3390 3388/3388 3387/3387
f 3327/3327 3391/3391 3328/3328
f 3350/3350 3385/3385 3351/3351
f 3358/3358 3385/3385 3350/3350
f 3359/3359 3358/3358 3350/3350
f 3352/3352 3359/3359 3350/3350
f 3392/3392 3359/3359 3352/3352
f 3361/3361 3384/3384 3362/3362
f 3363/3363 3379/3379 3364/3364
f 3355/3355 3356/3356 3357/3357
f 3335/3335 3340/3340 3341/3341
f 3338/3338 3340/3340 3335/3335
f 3339/3339 3340/3340 3338/3338
f 3273/3273 3286/3286 3274/3274
f 3276/3276 3284/3284 3273/3273
f 3279/3279 3284/3284 3276/3276
f 3173/3173 3393/3393 3172/3172
f 3394/3394 3393/3393 3173/3173
f 3395/3395 3394/3394 3173/3173
f 3174/3174 3395/3395 3173/3173
f 3176/3176 3395/3395 3174/3174
f 3178/3178 3396/3396 3177/3177
f 3397/3397 3396/3396 3178/3178
f 3171/3171 3398/3398 3170/3170
f 2855/2855 2857/2857 2851/2851
f 2852/2852 2855/2855 2851/2851
f 2674/2674 2716/2716 2673/2673
f 3399/3399 2711/2711 2676/2676
f 3400/3400 3399/3399 2676/2676
f 2679/2679 3400/3400 2676/2676
f 3401/3401 3400/3400 2679/2679
f 2682/2682 3401/3401 2679/2679
f 2684/2684 3401/3401 2682/2682
f 2686/2686 3401/3401 2684/2684
f 3402/3402 3401/3401 2686/2686
f 2688/2688 3402/3402 2686/2686
f 2690/2690 3402/3402 2688/2688
f 3403/3403 3400/3400 3401/3401
f 3404/3404 3400/3400 3403/3403
f 2693/2693 2697/2697 3405/3405
f 2692/2692 2697/2697 2693/2693
f 3399/3399 3400/3400 3404/3404
f 2704/2704 3406/3406 3407/3407
f 2703/2703 3406/3406 2704/2704
f 2707/2707 3406/3406 2703/2703
f 2709/2709 3406/3406 2707/2707
f 2711/2711 3399/3399 2712/2712
usemtl mtl_36_0
f 3408/3408 3409/3409 3410/3410
f 3411/3411 3408/3408 3410/3410
f 3412/3412 3408/3408 3411/3411
f 3413/3413 3414/3414 3415/3415
f 3416/3416 3414/3414 3413/3413
f 3417/3417 3414/3414 3416/3416
f 3418/3418 3417/3417 3416/3416
f 3419/3419 3417/3417 3418/3418
f 3420/3420 3421/3421 3422/3422
f 3423/3423 3420/3420 3422/3422
f 3424/3424 3420/3420 3423/3423
f 3425/3425 3424/3424 3423/3423
f 3426/3426 3427/3427 3428/3428
f 3429/3429 3426/3426 3428/3428
f 3430/3430 3431/3431 3432/3432
f 3433/3433 3430/3430 3432/3432
f 3434/3434 3431/3431 3430/3430
f 3435/3435 3434/3434 3430/3430
f 3436/3436 3431/3431 3434/3434
f 3437/3437 3436/3436 3434/3434
f 3438/3438 3436/3436 3437/3437
f 3439/3439 3436/3436 3438/3438
f 3440/3440 3439/3439 3438/3438
f 3441/3441 3439/3439 3440/3440
f 3442/3442 3441/3441 3440/3440
f 3443/3443 3441/3441 3442/3442
f 3444/3444 3441/3441 3443/3443
f 3445/3445 3444/3444 3443/3443
f 3446/3446 3445/3445 3443/3443
f 3447/3447 3444/3444 3445/3445
f 3448/3448 3447/3447 3445/3445
f 3449/3449 3447/3447 3448/3448
f 3450/3450 3451/3451 3452/3452
f 3453/3453 3450/3450 3452/3452
f 3454/3454 3450/3450 3453/3453
f 3455/3455 3454/3454 3453/3453
f 3456/3456 3457/3457 3458/3458
f 3459/3459 3456/3456 3458/3458
f 3460/3460 3456/3456 3459/3459
f 3461/3461 3460/3460 3459/3459
f 3462/3462 3460/3460 3461/3461
f 3463/3463 3462/3462 3461/3461
f 3464/3464 3462/3462 3463/3463
f 3465/3465 3464/3464 3463/3463
f 3466/3466 3464/3464 3465/3465
f 3467/3467 3466/3466 3465/3465
f 3468/3468 3466/3466 3467/3467
f 3469/3469 3466/3466 3468/3468
f 3470/3470 3469/3469 3468/3468
f 3471/3471 3470/3470 3468/3468
f 3472/3472 3469/3469 3470/3470
f 3473/3473 3474/3474 3475/3475
f 3476/3476 3474/3474 3473/3473
f 3477/3477 3474/3474 3476/3476
f 3478/3478 3477/3477 3476/3476
f 3408/3408 3477/3477 3478/3478
f 3409/3409 3408/3408 3478/3478
f 3412/3412 3477/3477 3408/3408
f 3479/3479 3480/3480 3421/3421
f 3420/3420 3479/3479 3421/3421
f 3424/3424 3479/3479 3420/3420
f 3481/3481 3479/3479 3424/3424
f 3482/3482 3483/3483 3427/3427
f 3426/3426 3482/3482 3427/3427
f 3441/3441 3444/3444 3431/3431
f 3439/3439 3441/3441 3431/3431
f 3436/3436 3439/3439 3431/3431
f 3450/3450 3484/3484 3451/3451
f 3454/3454 3484/3484 3450/3450
f 3485/3485 3484/3484 3454/3454
f 3456/3456 3479/3479 3457/3457
f 3460/3460 3479/3479 3456/3456
f 3480/3480 3479/3479 3460/3460
f 3462/3462 3480/3480 3460/3460
f 3486/3486 3480/3480 3462/3462
f 3464/3464 3486/3486 3462/3462
f 3469/3469 3486/3486 3464/3464
f 3466/3466 3469/3469 3464/3464
f 3477/3477 3487/3487 3474/3474
f 3488/3488 3489/3489 3490/3490
f 3491/3491 3488/3488 3490/3490
f 3483/3483 3484/3484 3485/3485
f 3482/3482 3484/3484 3483/3483
usemtl mtl_36_1
f 3492/3492 3493/3493 3494/3494
f 3495/3495 3493/3493 3492/3492
f 3496/3496 3495/3495 3492/3492
f 3497/3497 3495/3495 3496/3496
f 3498/3498 3495/3495 3497/3497
f 3499/3499 3498/3498 3497/3497
f 3500/3500 3498/3498 3499/3499
f 3501/3501 3500/3500 3499/3499
f 3502/3502 3500/3500 3501/3501
f 3503/3503 3500/3500 3502/3502
f 3504/3504 3500/3500 3503/3503
f 3505/3505 3500/3500 3504/3504
f 3506/3506 3505/3505 3504/3504
f 3507/3507 3508/3508 3509/3509
f 3510/3510 3507/3507 3509/3509
f 3511/3511 3507/3507 3510/3510
f 3512/3512 3511/3511 3510/3510
f 3513/3513 3511/3511 3512/3512
f 3514/3514 3513/3513 3512/3512
f 3515/3515 3513/3513 3514/3514
f 3516/3516 3515/3515 3514/3514
f 3517/3517 3515/3515 3516/3516
f 3518/3518 3517/3517 3516/3516
f 3519/3519 3517/3517 3518/3518
f 3520/3520 3519/3519 3518/3518
f 3521/3521 3522/3522 3523/3523
f 3524/3524 3521/3521 3523/3523
f 3525/3525 3521/3521 3524/3524
f 3526/3526 3525/3525 3524/3524
f 3527/3527 3528/3528 3529/3529
f 3530/3530 3527/3527 3529/3529
f 3531/3531 3527/3527 3530/3530
f 3532/3532 3531/3531 3530/3530
f 3533/3533 3534/3534 3535/3535
f 3536/3536 3533/3533 3535/3535
f 3537/3537 3533/3533 3536/3536
f 3538/3538 3537/3537 3536/3536
f 3539/3539 3540/3540 3541/3541
f 3542/3542 3539/3539 3541/3541
f 3543/3543 3539/3539 3542/3542
f 3544/3544 3543/3543 3542/3542
f 3545/3545 3543/3543 3544/3544
f 3546/3546 3543/3543 3545/3545
f 3547/3547 3546/3546 3545/3545
f 3548/3548 3547/3547 3545/3545
f 3549/3549 3548/3548 3545/3545
f 3550/3550 3548/3548 3549/3549
f 3551/3551 3548/3548 3550/3550
f 3552/3552 3551/3551 3550/3550
f 3553/3553 3551/3551 3552/3552
f 3554/3554 3551/3551 3553/3553
f 3555/3555 3556/3556 3557/3557
f 3558/3558 3555/3555 3557/3557
f 3559/3559 3555/3555 3558/3558
f 3560/3560 3559/3559 3558/3558
f 3561/3561 3559/3559 3560/3560
f 3562/3562 3561/3561 3560/3560
f 3563/3563 3561/3561 3562/3562
f 3564/3564 3563/3563 3562/3562
f 3565/3565 3563/3563 3564/3564
f 3566/3566 3565/3565 3564/3564
f 3567/3567 3568/3568 3569/3569
f 3570/3570 3567/3567 3569/3569
f 3571/3571 3567/3567 3570/3570
f 3572/3572 3567/3567 3571/3571
f 3573/3573 3572/3572 3571/3571
f 3574/3574 3567/3567 3572/3572
f 3575/3575 3567/3567 3574/3574
f 3568/3568 3567/3567 3575/3575
f 3576/3576 3568/3568 3575/3575
f 3577/3577 3568/3568 3576/3576
f 3578/3578 3577/3577 3576/3576
f 3579/3579 3577/3577 3578/3578
f 3580/3580 3579/3579 3578/3578
f 3581/3581 3579/3579 3580/3580
f 3582/3582 3583/3583 3584/3584
f 3585/3585 3586/3586 3587/3587
f 3588/3588 3585/3585 3587/3587
f 3589/3589 3590/3590 3591/3591
f 3592/3592 3590/3590 3589/3589
f 3593/3593 3590/3590 3592/3592
f 3507/3507 3593/3593 3592/3592
f 3508/3508 3507/3507 3592/3592
f 3500/3500 3505/3505 3498/3498
f 3511/3511 3593/3593 3507/3507
f 3513/3513 3593/3593 3511/3511
f 3594/3594 3593/3593 3513/3513
f 3515/3515 3594/3594 3513/3513
f 3595/3595 3594/3594 3515/3515
f 3517/3517 3595/3595 3515/3515
f 3519/3519 3595/3595 3517/3517
f 3521/3521 3596/3596 3522/3522
f 3597/3597 3596/3596 3521/3521
f 3525/3525 3597/3597 3521/3521
f 3527/3527 3598/3598 3528/3528
f 3599/3599 3598/3598 3527/3527
f 3531/3531 3599/3599 3527/3527
f 3533/3533 3600/3600 3534/3534
f 3537/3537 3600/3600 3533/3533
f 3546/3546 3601/3601 3540/3540
f 3539/3539 3546/3546 3540/3540
f 3543/3543 3546/3546 3539/3539
f 3602/3602 3601/3601 3546/3546
f 3547/3547 3602/3602 3546/3546
f 3603/3603 3602/3602 3547/3547
f 3554/3554 3603/3603 3547/3547
f 3551/3551 3554/3554 3547/3547
f 3548/3548 3551/3551 3547/3547
f 3556/3556 3602/3602 3603/3603
f 3555/3555 3602/3602 3556/3556
f 3559/3559 3602/3602 3555/3555
f 3561/3561 3602/3602 3559/3559
f 3563/3563 3602/3602 3561/3561
f 3565/3565 3602/3602 3563/3563
f 3604/3604 3602/3602 3565/3565
f 3605/3605 3606/3606 3607/3607
f 3608/3608 3605/3605 3607/3607
f 3609/3609 3608/3608 3607/3607
f 3579/3579 3610/3610 3577/3577
f 3608/3608 3611/3611 3612/3612
f 3605/3605 3608/3608 3612/3612
f 3585/3585 3613/3613 3586/3586
f 3596/3596 3613/3613 3585/3585
f 3594/3594 3595/3595 3590/3590
f 3593/3593 3594/3594 3590/3590
f 3597/3597 3613/3613 3596/3596
f 3599/3599 3605/3605 3598/3598
f 3606/3606 3605/3605 3599/3599
f 3609/3609 3611/3611 3608/3608
f 3602/3602 3604/3604 3601/3601
usemtl mtl_41_0
f 3614/3614 3615/3615 3616/3616
f 3617/3617 3614/3614 3616/3616
f 3618/3618 3614/3614 3617/3617
f 3619/3619 3618/3618 3617/3617
f 3620/3620 3621/3621 3622/3622
f 3623/3623 3620/3620 3622/3622
f 3624/3624 3620/3620 3623/3623
f 3625/3625 3620/3620 3624/3624
f 3626/3626 3625/3625 3624/3624
f 3627/3627 3626/3626 3624/3624
f 3628/3628 3626/3626 3627/3627
f 3629/3629 3630/3630 3631/3631
f 3632/3632 3630/3630 3629/3629
f 3633/3633 3632/3632 3629/3629
f 3634/3634 3633/3633 3629/3629
f 3635/3635 3633/3633 3634/3634
f 3636/3636 3633/3633 3635/3635
f 3637/3637 3636/3636 3635/3635
f 3638/3638 3636/3636 3637/3637
f 3639/3639 3638/3638 3637/3637
f 3640/3640 3638/3638 3639/3639
f 3641/3641 3640/3640 3639/3639
f 3642/3642 3640/3640 3641/3641
f 3643/3643 3640/3640 3642/3642
f 3644/3644 3645/3645 3646/3646
f 3647/3647 3644/3644 3646/3646
f 3648/3648 3644/3644 3647/3647
f 3649/3649 3644/3644 3648/3648
f 3650/3650 3649/3649 3648/3648
f 3651/3651 3652/3652 3653/3653
f 3654/3654 3651/3651 3653/3653
f 3655/3655 3651/3651 3654/3654
f 3656/3656 3651/3651 3655/3655
f 3657/3657 3656/3656 3655/3655
f 3658/3658 3659/3659 3660/3660
f 3661/3661 3658/3658 3660/3660
f 3662/3662 3658/3658 3661/3661
f 3663/3663 3662/3662 3661/3661
f 3664/3664 3665/3665 3666/3666
f 3667/3667 3664/3664 3666/3666
f 3668/3668 3664/3664 3667/3667
f 3669/3669 3670/3670 3668/3668
f 3671/3671 3670/3670 3669/3669
f 3672/3672 3673/3673 3674/3674
f 3675/3675 3672/3672 3674/3674
f 3676/3676 3677/3677 3678/3678
f 3679/3679 3676/3676 3678/3678
f 3680/3680 3676/3676 3679/3679
f 3681/3681 3680/3680 3679/3679
f 3614/3614 3682/3682 3615/3615
f 3683/3683 3682/3682 3614/3614
f 3618/3618 3683/3683 3614/3614
f 3620/3620 3625/3625 3621/3621
f 3633/3633 3684/3684 3632/3632
f 3685/3685 3684/3684 3633/3633
f 3636/3636 3685/3685 3633/3633
f 3638/3638 3685/3685 3636/3636
f 3640/3640 3685/3685 3638/3638
f 3643/3643 3685/3685 3640/3640
f 3649/3649 3686/3686 3645/3645
f 3644/3644 3649/3649 3645/3645
f 3656/3656 3687/3687 3652/3652
f 3651/3651 3656/3656 3652/3652
f 3688/3688 3689/3689 3659/3659
f 3658/3658 3688/3688 3659/3659
f 3662/3662 3688/3688 3658/3658
f 3664/3664 3690/3690 3665/3665
f 3676/3676 3691/3691 3677/3677
f 3680/3680 3691/3691 3676/3676
usemtl mtl_41_1
f 3692/3692 3693/3693 3694/3694
f 3695/3695 3692/3692 3694/3694
f 3696/3696 3692/3692 3695/3695
f 3697/3697 3696/3696 3695/3695
f 3698/3698 3696/3696 3697/3697
f 3699/3699 3698/3698 3697/3697
f 3700/3700 3701/3701 3702/3702
f 3703/3703 3704/3704 3701/3701
f 3705/3705 3703/3703 3701/3701
f 3706/3706 3704/3704 3703/3703
f 3707/3707 3706/3706 3703/3703
f 3708/3708 3706/3706 3707/3707
f 3709/3709 3710/3710 3711/3711
f 3712/3712 3709/3709 3711/3711
f 3713/3713 3709/3709 3712/3712
f 3714/3714 3713/3713 3712/3712
f 3715/3715 3713/3713 3714/3714
f 3716/3716 3713/3713 3715/3715
f 3717/3717 3718/3718 3719/3719
f 3720/3720 3717/3717 3719/3719
f 3721/3721 3722/3722 3717/3717
f 3723/3723 3722/3722 3721/3721
f 3724/3724 3722/3722 3723/3723
f 3725/3725 3726/3726 3727/3727
f 3728/3728 3725/3725 3727/3727
f 3729/3729 3725/3725 3728/3728
f 3730/3730 3729/3729 3728/3728
f 3731/3731 3729/3729 3730/3730
f 3732/3732 3729/3729 3731/3731
f 3733/3733 3732/3732 3731/3731
f 3734/3734 3735/3735 3736/3736
f 3737/3737 3734/3734 3736/3736
f 3738/3738 3734/3734 3737/3737
f 3696/3696 3739/3739 3740/3740
f 3692/3692 3696/3696 3740/3740
f 3693/3693 3692/3692 3740/3740
f 3698/3698 3739/3739 3696/3696
f 3725/3725 3741/3741 3726/3726
f 3732/3732 3741/3741 3725/3725
f 3729/3729 3732/3732 3725/3725
f 3733/3733 3741/3741 3732/3732
f 3713/3713 3716/3716 3742/3742
f 3709/3709 3713/3713 3742/3742
f 3710/3710 3709/3709 3742/3742
usemtl mtl_42_0
f 3902/3902 3903/3903 3904/3904
f 3905/3905 3902/3902 3904/3904
f 3906/3906 3905/3905 3904/3904
f 3907/3907 3908/3908 3909/3909
f 3910/3910 3907/3907 3909/3909
f 3911/3911 3907/3907 3910/3910
f 3912/3912 3911/3911 3910/3910
f 3913/3913 3911/3911 3912/3912
f 3914/3914 3915/3915 3913/3913
f 3916/3916 3915/3915 3914/3914
f 3917/3917 3915/3915 3916/3916
f 3918/3918 3915/3915 3917/3917
f 3919/3919 3918/3918 3917/3917
f 3920/3920 3919/3919 3917/3917
f 3921/3921 3919/3919 3920/3920
f 3922/3922 3923/3923 3924/3924
f 3925/3925 3922/3922 3924/3924
f 3926/3926 3922/3922 3925/3925
f 3927/3927 3922/3922 3926/3926
f 3928/3928 3927/3927 3926/3926
f 3929/3929 3930/3930 3931/3931
f 3932/3932 3930/3930 3929/3929
f 3933/3933 3932/3932 3929/3929
f 3934/3934 3933/3933 3929/3929
f 3935/3935 3933/3933 3934/3934
f 3936/3936 3933/3933 3935/3935
f 3937/3937 3936/3936 3935/3935
f 3938/3938 3936/3936 3937/3937
f 3939/3939 3938/3938 3937/3937
f 3940/3940 3941/3941 3942/3942
f 3943/3943 3940/3940 3942/3942
f 3944/3944 3940/3940 3943/3943
f 3945/3945 3946/3946 3944/3944
f 3947/3947 3946/3946 3945/3945
f 3948/3948 3949/3949 3950/3950
f 3951/3951 3948/3948 3950/3950
f 3952/3952 3948/3948 3951/3951
f 3953/3953 3948/3948 3952/3952
f 3954/3954 3955/3955 3956/3956
f 3957/3957 3954/3954 3956/3956
f 3958/3958 3954/3954 3957/3957
f 3959/3959 3958/3958 3957/3957
f 3960/3960 3958/3958 3959/3959
f 3961/3961 3960/3960 3959/3959
f 3962/3962 3963/3963 3964/3964
f 3965/3965 3962/3962 3964/3964
f 3966/3966 3962/3962 3965/3965
f 3967/3967 3968/3968 3969/3969
f 3970/3970 3967/3967 3969/3969
f 3971/3971 3967/3967 3970/3970
f 3972/3972 3971/3971 3970/3970
f 3973/3973 3974/3974 3975/3975
f 3976/3976 3977/3977 3978/3978
f 3979/3979 3976/3976 3978/3978
f 3980/3980 3976/3976 3979/3979
f 3981/3981 3980/3980 3979/3979
f 3982/3982 3980/3980 3981/3981
f 3983/3983 3982/3982 3981/3981
f 3984/3984 3982/3982 3983/3983
f 3985/3985 3984/3984 3983/3983
f 3986/3986 3984/3984 3985/3985
f 3987/3987 3986/3986 3985/3985
f 3988/3988 3986/3986 3987/3987
f 3989/3989 3986/3986 3988/3988
f 3990/3990 3989/3989 3988/3988
f 3991/3991 3990/3990 3988/3988
f 3992/3992 3990/3990 3991/3991
f 3993/3993 3990/3990 3992/3992
f 3994/3994 3993/3993 3992/3992
f 3995/3995 3993/3993 3994/3994
f 3996/3996 3993/3993 3995/3995
f 3997/3997 3996/3996 3995/3995
f 3998/3998 3997/3997 3995/3995
f 3999/3999 3997/3997 3998/3998
f 4000/4000 3997/3997 3999/3999
f 4001/4001 3997/3997 4000/4000
f 4002/4002 4003/4003 4000/4000
f 4004/4004 4003/4003 4002/4002
f 4005/4005 4003/4003 4004/4004
f 3903/3903 4005/4005 4004/4004
f 3902/3902 4005/4005 3903/3903
f 3905/3905 4006/4006 3902/3902
f 3907/3907 4007/4007 3908/3908
f 3911/3911 4007/4007 3907/3907
f 3936/3936 4008/4008 3932/3932
f 3933/3933 3936/3936 3932/3932
f 3938/3938 4008/4008 3936/3936
f 4009/4009 4008/4008 3938/3938
f 3948/3948 4010/4010 3949/3949
f 3953/3953 4010/4010 3948/3948
f 3967/3967 3971/3971 4011/4011
f 3968/3968 3967/3967 4011/4011
f 4012/4012 3968/3968 4011/4011
f 3954/3954 4012/4012 4011/4011
f 3955/3955 3954/3954 4011/4011
f 3958/3958 4012/4012 3954/3954
f 3960/3960 4012/4012 3958/3958
f 3993/3993 3996/3996 3989/3989
f 3990/3990 3993/3993 3989/3989
f 3997/3997 4001/4001 3996/3996
f 3923/3923 3922/3922 3927/3927
usemtl mtl_42_1
f 3743/3743 3744/3744 3745/3745
f 3746/3746 3743/3743 3745/3745
f 3747/3747 3743/3743 3746/3746
f 3748/3748 3747/3747 3746/3746
f 3749/3749 3750/3750 3751/3751
f 3752/3752 3749/3749 3751/3751
f 3753/3753 3749/3749 3752/3752
f 3754/3754 3749/3749 3753/3753
f 3755/3755 3749/3749 3754/3754
f 3756/3756 3755/3755 3754/3754
f 3757/3757 3756/3756 3754/3754
f 3758/3758 3756/3756 3757/3757
f 3759/3759 3760/3760 3761/3761
f 3762/3762 3759/3759 3761/3761
f 3763/3763 3759/3759 3762/3762
f 3764/3764 3763/3763 3762/3762
f 3765/3765 3766/3766 3767/3767
f 3768/3768 3765/3765 3767/3767
f 3769/3769 3765/3765 3768/3768
f 3770/3770 3769/3769 3768/3768
f 3771/3771 3769/3769 3770/3770
f 3772/3772 3771/3771 3770/3770
f 3773/3773 3771/3771 3772/3772
f 3774/3774 3773/3773 3772/3772
f 3775/3775 3776/3776 3777/3777
f 3778/3778 3775/3775 3777/3777
f 3779/3779 3775/3775 3778/3778
f 3780/3780 3779/3779 3778/3778
f 3781/3781 3779/3779 3780/3780
f 3782/3782 3781/3781 3780/3780
f 3783/3783 3781/3781 3782/3782
f 3784/3784 3783/3783 3782/3782
f 3785/3785 3786/3786 3787/3787
f 3788/3788 3785/3785 3787/3787
f 3789/3789 3788/3788 3787/3787
f 3790/3790 3788/3788 3789/3789
f 3791/3791 3788/3788 3790/3790
f 3792/3792 3791/3791 3790/3790
f 3793/3793 3794/3794 3795/3795
f 3796/3796 3793/3793 3795/3795
f 3797/3797 3793/3793 3796/3796
f 3798/3798 3797/3797 3796/3796
f 3799/3799 3800/3800 3801/3801
f 3802/3802 3800/3800 3799/3799
f 3803/3803 3802/3802 3799/3799
f 3804/3804 3803/3803 3799/3799
f 3805/3805 3806/3806 3807/3807
f 3808/3808 3805/3805 3807/3807
f 3809/3809 3810/3810 3811/3811
f 3812/3812 3809/3809 3811/3811
f 3813/3813 3814/3814 3815/3815
f 3816/3816 3814/3814 3813/3813
f 3817/3817 3816/3816 3813/3813
f 3818/3818 3817/3817 3813/3813
f 3819/3819 3818/3818 3813/3813
f 3820/3820 3818/3818 3819/3819
f 3821/3821 3818/3818 3820/3820
f 3817/3817 3818/3818 3821/3821
f 3822/3822 3817/3817 3821/3821
f 3823/3823 3816/3816 3817/3817
f 3824/3824 3816/3816 3823/3823
f 3825/3825 3826/3826 3827/3827
f 3828/3828 3825/3825 3827/3827
f 3829/3829 3825/3825 3828/3828
f 3830/3830 3829/3829 3828/3828
f 3831/3831 3832/3832 3833/3833
f 3834/3834 3831/3831 3833/3833
f 3835/3835 3831/3831 3834/3834
f 3832/3832 3831/3831 3835/3835
f 3836/3836 3832/3832 3835/3835
f 3837/3837 3836/3836 3835/3835
f 3838/3838 3836/3836 3837/3837
f 3839/3839 3836/3836 3838/3838
f 3840/3840 3839/3839 3838/3838
f 3841/3841 3839/3839 3840/3840
f 3842/3842 3841/3841 3840/3840
f 3843/3843 3841/3841 3842/3842
f 3844/3844 3841/3841 3843/3843
f 3845/3845 3844/3844 3843/3843
f 3846/3846 3845/3845 3843/3843
f 3847/3847 3845/3845 3846/3846
f 3848/3848 3845/3845 3847/3847
f 3849/3849 3848/3848 3847/3847
f 3850/3850 3848/3848 3849/3849
f 3851/3851 3850/3850 3849/3849
f 3852/3852 3850/3850 3851/3851
f 3853/3853 3852/3852 3851/3851
f 3854/3854 3852/3852 3853/3853
f 3855/3855 3856/3856 3854/3854
f 3857/3857 3856/3856 3855/3855
f 3858/3858 3856/3856 3857/3857
f 3859/3859 3860/3860 3861/3861
f 3862/3862 3863/3863 3860/3860
f 3864/3864 3863/3863 3862/3862
f 3865/3865 3866/3866 3867/3867
f 3868/3868 3865/3865 3867/3867
f 3869/3869 3865/3865 3868/3868
f 3870/3870 3869/3869 3868/3868
f 3871/3871 3869/3869 3870/3870
f 3872/3872 3871/3871 3870/3870
f 3873/3873 3871/3871 3872/3872
f 3874/3874 3875/3875 3873/3873
f 3876/3876 3874/3874 3873/3873
f 3877/3877 3875/3875 3874/3874
f 3878/3878 3877/3877 3874/3874
f 3879/3879 3880/3880 3881/3881
f 3882/3882 3879/3879 3881/3881
f 3883/3883 3880/3880 3879/3879
f 3884/3884 3883/3883 3879/3879
f 3885/3885 3883/3883 3884/3884
f 3886/3886 3883/3883 3885/3885
f 3887/3887 3886/3886 3885/3885
f 3888/3888 3886/3886 3887/3887
f 3889/3889 3888/3888 3887/3887
f 3743/3743 3890/3890 3744/3744
f 3891/3891 3890/3890 3743/3743
f 3747/3747 3891/3891 3743/3743
f 3759/3759 3892/3892 3760/3760
f 3763/3763 3892/3892 3759/3759
f 3765/3765 3893/3893 3766/3766
f 3769/3769 3893/3893 3765/3765
f 3771/3771 3893/3893 3769/3769
f 3773/3773 3893/3893 3771/3771
f 3894/3894 3893/3893 3773/3773
f 3895/3895 3896/3896 3776/3776
f 3775/3775 3895/3895 3776/3776
f 3779/3779 3895/3895 3775/3775
f 3781/3781 3895/3895 3779/3779
f 3783/3783 3895/3895 3781/3781
f 3897/3897 3895/3895 3783/3783
f 3810/3810 3809/3809 3785/3785
f 3788/3788 3791/3791 3785/3785
f 3793/3793 3898/3898 3794/3794
f 3797/3797 3898/3898 3793/3793
f 3899/3899 3898/3898 3797/3797
f 3806/3806 3898/3898 3899/3899
f 3805/3805 3898/3898 3806/3806
f 3825/3825 3900/3900 3826/3826
f 3896/3896 3900/3900 3825/3825
f 3829/3829 3896/3896 3825/3825
f 3841/3841 3844/3844 3839/3839
f 3848/3848 3901/3901 3844/3844
f 3845/3845 3848/3848 3844/3844
f 3850/3850 3901/3901 3848/3848
f 3852/3852 3901/3901 3850/3850
f 3895/3895 3900/3900 3896/3896
f 3897/3897 3900/3900 3895/3895
usemtl mtl_43_0
f 4013/4013 4014/4014 4015/4015
f 4016/4016 4013/4013 4015/4015
f 4017/4017 4013/4013 4016/4016
f 4018/4018 4017/4017 4016/4016
f 4019/4019 4017/4017 4018/4018
f 4020/4020 4019/4019 4018/4018
f 4021/4021 4019/4019 4020/4020
f 4022/4022 4021/4021 4020/4020
f 4023/4023 4021/4021 4022/4022
f 4024/4024 4023/4023 4022/4022
f 4025/4025 4026/4026 4027/4027
f 4028/4028 4025/4025 4027/4027
f 4029/4029 4028/4028 4027/4027
f 4030/4030 4028/4028 4029/4029
f 4031/4031 4028/4028 4030/4030
f 4032/4032 4031/4031 4030/4030
f 4033/4033 4034/4034 4035/4035
f 4036/4036 4033/4033 4035/4035
f 4037/4037 4033/4033 4036/4036
f 4038/4038 4037/4037 4036/4036
f 4039/4039 4037/4037 4038/4038
f 4040/4040 4039/4039 4038/4038
f 4041/4041 4039/4039 4040/4040
f 4042/4042 4041/4041 4040/4040
f 4043/4043 4041/4041 4042/4042
f 4044/4044 4043/4043 4042/4042
f 4045/4045 4046/4046 4047/4047
f 4048/4048 4045/4045 4047/4047
f 4049/4049 4045/4045 4048/4048
f 4050/4050 4049/4049 4048/4048
f 4051/4051 4049/4049 4050/4050
f 4052/4052 4051/4051 4050/4050
f 4053/4053 4051/4051 4052/4052
f 4054/4054 4053/4053 4052/4052
f 4055/4055 4053/4053 4054/4054
f 4056/4056 4055/4055 4054/4054
f 4057/4057 4055/4055 4056/4056
f 4058/4058 4057/4057 4056/4056
f 4059/4059 4057/4057 4058/4058
f 4060/4060 4059/4059 4058/4058
f 4061/4061 4062/4062 4063/4063
f 4064/4064 4062/4062 4061/4061
f 4065/4065 4064/4064 4061/4061
f 4066/4066 4065/4065 4061/4061
f 4067/4067 4064/4064 4065/4065
f 4068/4068 4067/4067 4065/4065
f 4069/4069 4068/4068 4065/4065
f 4070/4070 4069/4069 4065/4065
f 4071/4071 4069/4069 4070/4070
f 4072/4072 4069/4069 4071/4071
f 4073/4073 4072/4072 4071/4071
f 4074/4074 4072/4072 4073/4073
f 4075/4075 4074/4074 4073/4073
f 4076/4076 4074/4074 4075/4075
f 4077/4077 4076/4076 4075/4075
f 4078/4078 4079/4079 4080/4080
f 4081/4081 4078/4078 4080/4080
f 4082/4082 4078/4078 4081/4081
f 4083/4083 4082/4082 4081/4081
f 4084/4084 4082/4082 4083/4083
f 4085/4085 4084/4084 4083/4083
f 4086/4086 4084/4084 4085/4085
f 4087/4087 4086/4086 4085/4085
f 4088/4088 4086/4086 4087/4087
f 4089/4089 4088/4088 4087/4087
f 4090/4090 4091/4091 4092/4092
f 4093/4093 4090/4090 4092/4092
f 4094/4094 4090/4090 4093/4093
f 4095/4095 4094/4094 4093/4093
f 4096/4096 4097/4097 4098/4098
f 4099/4099 4096/4096 4098/4098
f 4100/4100 4099/4099 4098/4098
f 4101/4101 4096/4096 4099/4099
f 4102/4102 4101/4101 4099/4099
f 4103/4103 4104/4104 4105/4105
f 4106/4106 4103/4103 4105/4105
f 4107/4107 4106/4106 4105/4105
f 4108/4108 4103/4103 4106/4106
f 4109/4109 4108/4108 4106/4106
f 4110/4110 4111/4111 4112/4112
f 4113/4113 4110/4110 4112/4112
f 4114/4114 4110/4110 4113/4113
f 4115/4115 4114/4114 4113/4113
f 4116/4116 4114/4114 4115/4115
f 4117/4117 4116/4116 4115/4115
f 4118/4118 4119/4119 4120/4120
f 4121/4121 4119/4119 4118/4118
f 4122/4122 4121/4121 4118/4118
f 4123/4123 4122/4122 4118/4118
f 4124/4124 4123/4123 4118/4118
f 4125/4125 4123/4123 4124/4124
f 4126/4126 4123/4123 4125/4125
f 4127/4127 4126/4126 4125/4125
f 4128/4128 4126/4126 4127/4127
f 4129/4129 4128/4128 4127/4127
f 4130/4130 4128/4128 4129/4129
f 4131/4131 4130/4130 4129/4129
f 4132/4132 4130/4130 4131/4131
f 4133/4133 4132/4132 4131/4131
f 4134/4134 4132/4132 4133/4133
f 4135/4135 4134/4134 4133/4133
f 4136/4136 4134/4134 4135/4135
f 4137/4137 4134/4134 4136/4136
f 4138/4138 4137/4137 4136/4136
f 4139/4139 4138/4138 4136/4136
f 4140/4140 4137/4137 4138/4138
f 4141/4141 4140/4140 4138/4138
f 4142/4142 4141/4141 4138/4138
f 4143/4143 4144/4144 4145/4145
f 4146/4146 4143/4143 4145/4145
f 4147/4147 4146/4146 4145/4145
f 4148/4148 4143/4143 4146/4146
f 4149/4149 4148/4148 4146/4146
f 4150/4150 4148/4148 4149/4149
f 4151/4151 4148/4148 4150/4150
f 4152/4152 4151/4151 4150/4150
f 4153/4153 4151/4151 4152/4152
f 4154/4154 4151/4151 4153/4153
f 4155/4155 4154/4154 4153/4153
f 4156/4156 4155/4155 4153/4153
f 4157/4157 4155/4155 4156/4156
f 4158/4158 4155/4155 4157/4157
f 4159/4159 4158/4158 4157/4157
f 4160/4160 4158/4158 4159/4159
f 4161/4161 4160/4160 4159/4159
f 4162/4162 4163/4163 4164/4164
f 4165/4165 4162/4162 4164/4164
f 4166/4166 4162/4162 4165/4165
f 4167/4167 4166/4166 4165/4165
f 4168/4168 4166/4166 4167/4167
f 4169/4169 4168/4168 4167/4167
f 4170/4170 4168/4168 4169/4169
f 4171/4171 4170/4170 4169/4169
f 4172/4172 4173/4173 4174/4174
f 4175/4175 4172/4172 4174/4174
f 4176/4176 4172/4172 4175/4175
f 4177/4177 4176/4176 4175/4175
f 4178/4178 4176/4176 4177/4177
f 4179/4179 4178/4178 4177/4177
f 4180/4180 4178/4178 4179/4179
f 4181/4181 4180/4180 4179/4179
f 4182/4182 4180/4180 4181/4181
f 4183/4183 4180/4180 4182/4182
f 4184/4184 4183/4183 4182/4182
f 4185/4185 4184/4184 4182/4182
f 4186/4186 4185/4185 4182/4182
f 4187/4187 4185/4185 4186/4186
f 4188/4188 4189/4189 4190/4190
f 4191/4191 4189/4189 4188/4188
f 4192/4192 4191/4191 4188/4188
f 4193/4193 4192/4192 4188/4188
f 4194/4194 4191/4191 4192/4192
f 4195/4195 4194/4194 4192/4192
f 4196/4196 4195/4195 4192/4192
f 4197/4197 4194/4194 4195/4195
f 4198/4198 4197/4197 4195/4195
f 4199/4199 4198/4198 4195/4195
f 4200/4200 4201/4201 4202/4202
f 4203/4203 4200/4200 4202/4202
f 4204/4204 4200/4200 4203/4203
f 4205/4205 4204/4204 4203/4203
f 4206/4206 4204/4204 4205/4205
f 4207/4207 4206/4206 4205/4205
f 4208/4208 4206/4206 4207/4207
f 4209/4209 4208/4208 4207/4207
f 4210/4210 4208/4208 4209/4209
f 4211/4211 4210/4210 4209/4209
f 4212/4212 4210/4210 4211/4211
f 4213/4213 4212/4212 4211/4211
f 4214/4214 4215/4215 4216/4216
f 4217/4217 4214/4214 4216/4216
f 4218/4218 4214/4214 4217/4217
f 4219/4219 4218/4218 4217/4217
f 4220/4220 4218/4218 4219/4219
f 4221/4221 4218/4218 4220/4220
f 4222/4222 4221/4221 4220/4220
f 4223/4223 4222/4222 4220/4220
f 4224/4224 4222/4222 4223/4223
f 4225/4225 4222/4222 4224/4224
f 4221/4221 4222/4222 4225/4225
f 4226/4226 4221/4221 4225/4225
f 4227/4227 4226/4226 4225/4225
f 4228/4228 4227/4227 4225/4225
f 4229/4229 4228/4228 4225/4225
f 4230/4230 4231/4231 4232/4232
f 4233/4233 4230/4230 4232/4232
f 4234/4234 4233/4233 4232/4232
f 4235/4235 4230/4230 4233/4233
f 4236/4236 4235/4235 4233/4233
f 4237/4237 4236/4236 4233/4233
f 4013/4013 4238/4238 4014/4014
f 4239/4239 4238/4238 4013/4013
f 4017/4017 4239/4239 4013/4013
f 4019/4019 4239/4239 4017/4017
f 4240/4240 4239/4239 4019/4019
f 4021/4021 4240/4240 4019/4019
f 4023/4023 4240/4240 4021/4021
f 4025/4025 4241/4241 4026/4026
f 4242/4242 4243/4243 4244/4244
f 4039/4039 4242/4242 4244/4244
f 4037/4037 4039/4039 4244/4244
f 4033/4033 4037/4037 4244/4244
f 4034/4034 4033/4033 4244/4244
f 4028/4028 4031/4031 4025/4025
f 4041/4041 4242/4242 4039/4039
f 4245/4245 4242/4242 4041/4041
f 4043/4043 4245/4245 4041/4041
f 4246/4246 4242/4242 4245/4245
f 4247/4247 4246/4246 4245/4245
f 4045/4045 4248/4248 4046/4046
f 4249/4249 4248/4248 4045/4045
f 4049/4049 4249/4249 4045/4045
f 4051/4051 4249/4249 4049/4049
f 4053/4053 4249/4249 4051/4051
f 4055/4055 4249/4249 4053/4053
f 4057/4057 4249/4249 4055/4055
f 4248/4248 4249/4249 4057/4057
f 4059/4059 4248/4248 4057/4057
f 4250/4250 4251/4251 4064/4064
f 4067/4067 4250/4250 4064/4064
f 4068/4068 4250/4250 4067/4067
f 4252/4252 4250/4250 4068/4068
f 4253/4253 4252/4252 4068/4068
f 4076/4076 4253/4253 4068/4068
f 4074/4074 4076/4076 4068/4068
f 4072/4072 4074/4074 4068/4068
f 4069/4069 4072/4072 4068/4068
f 4254/4254 4255/4255 4079/4079
f 4078/4078 4254/4254 4079/4079
f 4082/4082 4254/4254 4078/4078
f 4084/4084 4254/4254 4082/4082
f 4256/4256 4254/4254 4084/4084
f 4086/4086 4256/4256 4084/4084
f 4088/4088 4256/4256 4086/4086
f 4090/4090 4257/4257 4091/4091
f 4258/4258 4257/4257 4090/4090
f 4094/4094 4258/4258 4090/4090
f 4096/4096 4259/4259 4097/4097
f 4260/4260 4259/4259 4096/4096
f 4261/4261 4262/4262 4104/4104
f 4103/4103 4261/4261 4104/4104
f 4263/4263 4264/4264 4111/4111
f 4110/4110 4263/4263 4111/4111
f 4114/4114 4263/4263 4110/4110
f 4265/4265 4263/4263 4114/4114
f 4116/4116 4265/4265 4114/4114
f 4140/4140 4266/4266 4121/4121
f 4137/4137 4140/4140 4121/4121
f 4122/4122 4137/4137 4121/4121
f 4132/4132 4137/4137 4122/4122
f 4130/4130 4132/4132 4122/4122
f 4128/4128 4130/4130 4122/4122
f 4126/4126 4128/4128 4122/4122
f 4123/4123 4126/4126 4122/4122
f 4134/4134 4137/4137 4132/4132
f 4267/4267 4268/4268 4144/4144
f 4143/4143 4267/4267 4144/4144
f 4269/4269 4267/4267 4143/4143
f 4154/4154 4269/4269 4143/4143
f 4148/4148 4154/4154 4143/4143
f 4151/4151 4154/4154 4148/4148
f 4270/4270 4269/4269 4154/4154
f 4271/4271 4270/4270 4154/4154
f 4158/4158 4271/4271 4154/4154
f 4155/4155 4158/4158 4154/4154
f 4160/4160 4271/4271 4158/4158
f 4162/4162 4272/4272 4163/4163
f 4273/4273 4272/4272 4162/4162
f 4166/4166 4273/4273 4162/4162
f 4274/4274 4273/4273 4166/4166
f 4168/4168 4274/4274 4166/4166
f 4170/4170 4274/4274 4168/4168
f 4172/4172 4275/4275 4173/4173
f 4176/4176 4275/4275 4172/4172
f 4178/4178 4275/4275 4176/4176
f 4276/4276 4275/4275 4178/4178
f 4180/4180 4276/4276 4178/4178
f 4183/4183 4276/4276 4180/4180
f 4277/4277 4276/4276 4183/4183
f 4278/4278 4277/4277 4183/4183
f 4279/4279 4278/4278 4183/4183
f 4184/4184 4279/4279 4183/4183
f 4280/4280 4279/4279 4184/4184
f 4194/4194 4281/4281 4191/4191
f 4282/4282 4281/4281 4194/4194
f 4197/4197 4282/4282 4194/4194
f 4283/4283 4282/4282 4197/4197
f 4284/4284 4285/4285 4286/4286
f 4287/4287 4284/4284 4286/4286
f 4288/4288 4287/4287 4286/4286
f 4200/4200 4287/4287 4288/4288
f 4201/4201 4200/4200 4288/4288
f 4204/4204 4287/4287 4200/4200
f 4206/4206 4287/4287 4204/4204
f 4289/4289 4287/4287 4206/4206
f 4208/4208 4289/4289 4206/4206
f 4290/4290 4289/4289 4208/4208
f 4210/4210 4290/4290 4208/4208
f 4212/4212 4290/4290 4210/4210
f 4214/4214 4291/4291 4215/4215
f 4221/4221 4291/4291 4214/4214
f 4218/4218 4221/4221 4214/4214
f 4226/4226 4291/4291 4221/4221
f 4289/4289 4290/4290 4292/4292
f 4293/4293 4289/4289 4292/4292
f 4227/4227 4294/4294 4226/4226
f 4295/4295 4294/4294 4227/4227
f 4296/4296 4297/4297 4231/4231
f 4230/4230 4296/4296 4231/4231
f 4298/4298 4299/4299 4300/4300
f 4301/4301 4298/4298 4300/4300
f 4302/4302 4298/4298 4301/4301
f 4303/4303 4304/4304 4305/4305
f 4239/4239 4306/4306 4238/4238
f 4240/4240 4306/4306 4239/4239
f 4307/4307 4308/4308 4309/4309
f 4242/4242 4310/4310 4243/4243
f 4311/4311 4310/4310 4242/4242
f 4312/4312 4311/4311 4242/4242
f 4246/4246 4312/4312 4242/4242
f 4313/4313 4312/4312 4246/4246
f 4250/4250 4314/4314 4251/4251
f 4315/4315 4314/4314 4250/4250
f 4316/4316 4315/4315 4250/4250
f 4317/4317 4316/4316 4250/4250
f 4252/4252 4317/4317 4250/4250
f 4253/4253 4317/4317 4252/4252
f 4318/4318 4319/4319 4320/4320
f 4321/4321 4322/4322 4255/4255
f 4254/4254 4321/4321 4255/4255
f 4256/4256 4321/4321 4254/4254
f 4323/4323 4324/4324 4257/4257
f 4258/4258 4323/4323 4257/4257
f 4325/4325 4324/4324 4323/4323
f 4326/4326 4327/4327 4259/4259
f 4260/4260 4326/4326 4259/4259
f 4328/4328 4329/4329 4262/4262
f 4261/4261 4328/4328 4262/4262
f 4330/4330 4328/4328 4261/4261
f 4331/4331 4332/4332 4264/4264
f 4263/4263 4331/4331 4264/4264
f 4333/4333 4331/4331 4263/4263
f 4334/4334 4335/4335 4336/4336
f 4337/4337 4338/4338 4339/4339
f 4267/4267 4340/4340 4341/4341
f 4268/4268 4267/4267 4341/4341
f 4342/4342 4340/4340 4267/4267
f 4269/4269 4342/4342 4267/4267
f 4270/4270 4342/4342 4269/4269
f 4343/4343 4344/4344 4345/4345
f 4346/4346 4347/4347 4270/4270
f 4271/4271 4346/4346 4270/4270
f 4273/4273 4348/4348 4272/4272
f 4277/4277 4349/4349 4276/4276
f 4350/4350 4349/4349 4277/4277
f 4278/4278 4350/4350 4277/4277
f 4351/4351 4352/4352 4353/4353
f 4354/4354 4351/4351 4353/4353
f 4279/4279 4355/4355 4278/4278
f 4280/4280 4355/4355 4279/4279
f 4356/4356 4357/4357 4281/4281
f 4282/4282 4356/4356 4281/4281
f 4358/4358 4359/4359 4360/4360
f 4361/4361 4362/4362 4363/4363
f 4364/4364 4361/4361 4363/4363
f 4365/4365 4364/4364 4363/4363
f 4366/4366 4367/4367 4368/4368
f 4369/4369 4370/4370 4371/4371
f 4372/4372 4373/4373 4368/4368
f 4374/4374 4375/4375 4284/4284
f 4287/4287 4374/4374 4284/4284
f 4289/4289 4374/4374 4287/4287
f 4375/4375 4374/4374 4289/4289
f 4293/4293 4375/4375 4289/4289
f 4295/4295 4376/4376 4294/4294
f 4377/4377 4376/4376 4295/4295
f 4378/4378 4377/4377 4295/4295
f 4379/4379 4380/4380 4297/4297
f 4296/4296 4379/4379 4297/4297
f 4298/4298 4381/4381 4299/4299
f 4382/4382 4383/4383 4384/4384
f 4385/4385 4382/4382 4384/4384
f 4386/4386 4385/4385 4384/4384
f 4304/4304 4386/4386 4384/4384
f 4303/4303 4386/4386 4304/4304
f 4387/4387 4386/4386 4303/4303
f 4388/4388 4389/4389 4390/4390
f 4391/4391 4388/4388 4390/4390
f 4392/4392 4393/4393 4394/4394
f 4395/4395 4393/4393 4392/4392
f 4396/4396 4397/4397 4398/4398
f 4399/4399 4400/4400 4401/4401
f 4402/4402 4399/4399 4401/4401
f 4403/4403 4404/4404 4405/4405
f 4406/4406 4403/4403 4405/4405
f 4407/4407 4408/4408 4409/4409
f 4410/4410 4408/4408 4407/4407
f 4411/4411 4410/4410 4407/4407
f 4412/4412 4411/4411 4407/4407
f 4413/4413 4414/4414 4415/4415
f 4416/4416 4413/4413 4415/4415
f 4417/4417 4413/4413 4416/4416
f 4418/4418 4419/4419 4420/4420
f 4421/4421 4419/4419 4418/4418
f 4422/4422 4421/4421 4418/4418
f 4307/4307 4423/4423 4308/4308
f 4424/4424 4423/4423 4307/4307
f 4425/4425 4424/4424 4307/4307
f 4311/4311 4426/4426 4310/4310
f 4312/4312 4313/4313 4311/4311
f 4317/4317 4427/4427 4316/4316
f 4428/4428 4429/4429 4319/4319
f 4430/4430 4428/4428 4319/4319
f 4318/4318 4430/4430 4319/4319
f 4326/4326 4431/4431 4327/4327
f 4432/4432 4433/4433 4329/4329
f 4328/4328 4432/4432 4329/4329
f 4434/4434 4435/4435 4436/4436
f 4331/4331 4434/4434 4436/4436
f 4332/4332 4331/4331 4436/4436
f 4437/4437 4434/4434 4331/4331
f 4333/4333 4437/4437 4331/4331
f 4362/4362 4437/4437 4333/4333
f 4438/4438 4362/4362 4333/4333
f 4337/4337 4439/4439 4338/4338
f 4440/4440 4439/4439 4337/4337
f 4441/4441 4442/4442 4443/4443
f 4444/4444 4445/4445 4446/4446
f 4343/4343 4447/4447 4344/4344
f 4448/4448 4449/4449 4450/4450
f 4451/4451 4448/4448 4450/4450
f 4358/4358 4452/4452 4453/4453
f 4359/4359 4358/4358 4453/4453
f 4439/4439 4440/4440 4454/4454
f 4361/4361 4437/4437 4362/4362
f 4455/4455 4456/4456 4367/4367
f 4366/4366 4455/4455 4367/4367
f 4457/4457 4455/4455 4366/4366
f 4373/4373 4457/4457 4366/4366
f 4372/4372 4457/4457 4373/4373
f 4377/4377 4458/4458 4376/4376
f 4455/4455 4457/4457 4459/4459
f 4460/4460 4455/4455 4459/4459
f 4461/4461 4460/4460 4459/4459
f 4382/4382 4462/4462 4383/4383
f 4463/4463 4462/4462 4382/4382
f 4464/4464 4463/4463 4382/4382
f 4399/4399 4464/4464 4382/4382
f 4400/4400 4399/4399 4382/4382
f 4385/4385 4400/4400 4382/4382
f 4465/4465 4466/4466 4467/4467
f 4468/4468 4465/4465 4467/4467
f 4469/4469 4470/4470 4471/4471
f 4386/4386 4387/4387 4385/4385
f 4472/4472 4464/4464 4399/4399
f 4402/4402 4472/4472 4399/4399
f 4403/4403 4472/4472 4402/4402
f 4404/4404 4403/4403 4402/4402
f 4473/4473 4472/4472 4403/4403
f 4406/4406 4473/4473 4403/4403
f 4474/4474 4475/4475 4476/4476
f 4410/4410 4477/4477 4408/4408
f 4411/4411 4477/4477 4410/4410
f 4478/4478 4474/4474 4479/4479
f 4480/4480 4481/4481 4482/4482
f 4483/4483 4480/4480 4482/4482
f 4484/4484 4485/4485 4486/4486
f 4487/4487 4485/4485 4484/4484
f 4488/4488 4487/4487 4484/4484
f 4489/4489 4488/4488 4484/4484
f 4490/4490 4488/4488 4489/4489
f 4491/4491 4492/4492 4493/4493
f 4494/4494 4491/4491 4493/4493
f 4417/4417 4495/4495 4413/4413
f 4496/4496 4495/4495 4417/4417
f 4497/4497 4496/4496 4417/4417
f 4498/4498 4499/4499 4419/4419
f 4421/4421 4498/4498 4419/4419
f 4500/4500 4498/4498 4421/4421
f 4422/4422 4500/4500 4421/4421
f 4501/4501 4500/4500 4422/4422
f 4502/4502 4500/4500 4501/4501
f 4503/4503 4502/4502 4501/4501
f 4424/4424 4504/4504 4423/4423
f 4505/4505 4506/4506 4429/4429
f 4428/4428 4505/4505 4429/4429
f 4507/4507 4505/4505 4428/4428
f 4508/4508 4507/4507 4428/4428
f 4509/4509 4510/4510 4511/4511
f 4430/4430 4512/4512 4428/4428
f 4513/4513 4514/4514 4515/4515
f 4516/4516 4513/4513 4515/4515
f 4517/4517 4513/4513 4516/4516
f 4433/4433 4518/4518 4519/4519
f 4432/4432 4518/4518 4433/4433
f 4434/4434 4520/4520 4435/4435
f 4521/4521 4520/4520 4434/4434
f 4522/4522 4521/4521 4434/4434
f 4437/4437 4522/4522 4434/4434
f 4523/4523 4522/4522 4437/4437
f 4524/4524 4525/4525 4526/4526
f 4527/4527 4525/4525 4524/4524
f 4528/4528 4529/4529 4530/4530
f 4531/4531 4529/4529 4528/4528
f 4532/4532 4533/4533 4534/4534
f 4535/4535 4532/4532 4534/4534
f 4536/4536 4535/4535 4534/4534
f 4463/4463 4537/4537 4462/4462
f 4475/4475 4538/4538 4539/4539
f 4472/4472 4473/4473 4464/4464
f 4540/4540 4538/4538 4475/4475
f 4478/4478 4540/4540 4475/4475
f 4474/4474 4478/4478 4475/4475
f 4541/4541 4540/4540 4478/4478
f 4542/4542 4543/4543 4544/4544
f 4545/4545 4542/4542 4544/4544
f 4546/4546 4542/4542 4545/4545
f 4547/4547 4542/4542 4546/4546
f 4481/4481 4547/4547 4546/4546
f 4480/4480 4547/4547 4481/4481
f 4542/4542 4547/4547 4480/4480
f 4548/4548 4542/4542 4480/4480
f 4483/4483 4548/4548 4480/4480
f 4549/4549 4542/4542 4548/4548
f 4550/4550 4551/4551 4487/4487
f 4488/4488 4550/4550 4487/4487
f 4491/4491 4552/4552 4492/4492
f 4496/4496 4497/4497 4553/4553
f 4495/4495 4496/4496 4553/4553
f 4494/4494 4554/4554 4491/4491
f 4498/4498 4555/4555 4499/4499
f 4556/4556 4555/4555 4498/4498
f 4500/4500 4556/4556 4498/4498
f 4557/4557 4556/4556 4500/4500
f 4558/4558 4557/4557 4500/4500
f 4502/4502 4558/4558 4500/4500
f 4559/4559 4558/4558 4502/4502
f 4505/4505 4560/4560 4506/4506
f 4561/4561 4560/4560 4505/4505
f 4507/4507 4561/4561 4505/4505
f 4562/4562 4563/4563 4564/4564
f 4565/4565 4562/4562 4564/4564
f 4566/4566 4567/4567 4568/4568
f 4569/4569 4570/4570 4510/4510
f 4509/4509 4569/4569 4510/4510
f 4571/4571 4572/4572 4573/4573
f 4574/4574 4572/4572 4571/4571
f 4575/4575 4576/4576 4577/4577
f 4513/4513 4578/4578 4514/4514
f 4523/4523 4579/4579 4580/4580
f 4522/4522 4523/4523 4580/4580
f 4520/4520 4522/4522 4580/4580
f 4521/4521 4522/4522 4520/4520
f 4581/4581 4582/4582 4583/4583
f 4584/4584 4581/4581 4583/4583
f 4585/4585 4581/4581 4584/4584
f 4586/4586 4587/4587 4588/4588
f 4589/4589 4586/4586 4588/4588
f 4590/4590 4586/4586 4589/4589
f 4591/4591 4592/4592 4593/4593
f 4594/4594 4592/4592 4591/4591
f 4575/4575 4595/4595 4596/4596
f 4576/4576 4575/4575 4596/4596
f 4597/4597 4598/4598 4599/4599
f 4600/4600 4597/4597 4599/4599
f 4601/4601 4600/4600 4599/4599
f 4602/4602 4601/4601 4599/4599
f 4603/4603 4601/4601 4602/4602
f 4536/4536 4604/4604 4535/4535
f 4605/4605 4606/4606 4607/4607
f 4608/4608 4606/4606 4605/4605
f 4541/4541 4609/4609 4538/4538
f 4540/4540 4541/4541 4538/4538
f 4610/4610 4609/4609 4541/4541
f 4542/4542 4549/4549 4543/4543
f 4611/4611 4612/4612 4613/4613
f 4614/4614 4611/4611 4613/4613
f 4567/4567 4566/4566 4615/4615
f 4561/4561 4616/4616 4617/4617
f 4560/4560 4561/4561 4617/4617
f 4618/4618 4612/4612 4611/4611
f 4619/4619 4620/4620 4621/4621
f 4622/4622 4623/4623 4624/4624
f 4625/4625 4622/4622 4624/4624
f 4626/4626 4627/4627 4628/4628
f 4629/4629 4630/4630 4631/4631
f 4632/4632 4629/4629 4631/4631
f 4633/4633 4634/4634 4635/4635
f 4636/4636 4637/4637 4638/4638
f 4639/4639 4640/4640 4641/4641
f 4632/4632 4642/4642 4629/4629
f 4643/4643 4644/4644 4634/4634
f 4645/4645 4643/4643 4634/4634
f 4633/4633 4645/4645 4634/4634
f 4636/4636 4646/4646 4637/4637
f 4647/4647 4646/4646 4636/4636
usemtl mtl_43_1
f 4648/4648 4649/4649 4650/4650
f 4651/4651 4649/4649 4648/4648
f 4652/4652 4651/4651 4648/4648
f 4653/4653 4652/4652 4648/4648
f 4654/4654 4653/4653 4648/4648
f 4655/4655 4653/4653 4654/4654
f 4656/4656 4653/4653 4655/4655
f 4657/4657 4656/4656 4655/4655
f 4658/4658 4656/4656 4657/4657
f 4659/4659 4658/4658 4657/4657
f 4660/4660 4658/4658 4659/4659
f 4661/4661 4658/4658 4660/4660
f 4662/4662 4663/4663 4664/4664
f 4665/4665 4663/4663 4662/4662
f 4666/4666 4665/4665 4662/4662
f 4667/4667 4666/4666 4662/4662
f 4668/4668 4665/4665 4666/4666
f 4669/4669 4668/4668 4666/4666
f 4670/4670 4669/4669 4666/4666
f 4671/4671 4668/4668 4669/4669
f 4672/4672 4671/4671 4669/4669
f 4673/4673 4671/4671 4672/4672
f 4674/4674 4671/4671 4673/4673
f 4675/4675 4674/4674 4673/4673
f 4676/4676 4674/4674 4675/4675
f 4677/4677 4676/4676 4675/4675
f 4678/4678 4676/4676 4677/4677
f 4679/4679 4678/4678 4677/4677
f 4680/4680 4681/4681 4682/4682
f 4683/4683 4681/4681 4680/4680
f 4684/4684 4683/4683 4680/4680
f 4685/4685 4684/4684 4680/4680
f 4686/4686 4684/4684 4685/4685
f 4687/4687 4684/4684 4686/4686
f 4688/4688 4687/4687 4686/4686
f 4689/4689 4687/4687 4688/4688
f 4690/4690 4689/4689 4688/4688
f 4691/4691 4689/4689 4690/4690
f 4692/4692 4691/4691 4690/4690
f 4693/4693 4691/4691 4692/4692
f 4694/4694 4693/4693 4692/4692
f 4695/4695 4696/4696 4697/4697
f 4698/4698 4695/4695 4697/4697
f 4699/4699 4700/4700 4701/4701
f 4702/4702 4699/4699 4701/4701
f 4703/4703 4699/4699 4702/4702
f 4704/4704 4703/4703 4702/4702
f 4705/4705 4703/4703 4704/4704
f 4706/4706 4703/4703 4705/4705
f 4707/4707 4706/4706 4705/4705
f 4708/4708 4707/4707 4705/4705
f 4709/4709 4708/4708 4705/4705
f 4710/4710 4708/4708 4709/4709
f 4711/4711 4708/4708 4710/4710
f 4712/4712 4711/4711 4710/4710
f 4713/4713 4711/4711 4712/4712
f 4714/4714 4713/4713 4712/4712
f 4715/4715 4713/4713 4714/4714
f 4716/4716 4713/4713 4715/4715
f 4717/4717 4718/4718 4719/4719
f 4720/4720 4717/4717 4719/4719
f 4721/4721 4717/4717 4720/4720
f 4722/4722 4717/4717 4721/4721
f 4723/4723 4722/4722 4721/4721
f 4724/4724 4725/4725 4726/4726
f 4727/4727 4724/4724 4726/4726
f 4728/4728 4729/4729 4730/4730
f 4731/4731 4728/4728 4730/4730
f 4732/4732 4728/4728 4731/4731
f 4733/4733 4732/4732 4731/4731
f 4734/4734 4735/4735 4736/4736
f 4737/4737 4734/4734 4736/4736
f 4738/4738 4734/4734 4737/4737
f 4739/4739 4738/4738 4737/4737
f 4740/4740 4738/4738 4739/4739
f 4741/4741 4740/4740 4739/4739
f 4742/4742 4743/4743 4744/4744
f 4745/4745 4742/4742 4744/4744
f 4746/4746 4742/4742 4745/4745
f 4747/4747 4746/4746 4745/4745
f 4748/4748 4746/4746 4747/4747
f 4749/4749 4748/4748 4747/4747
f 4750/4750 4751/4751 4752/4752
f 4753/4753 4750/4750 4752/4752
f 4754/4754 4753/4753 4752/4752
f 4755/4755 4750/4750 4753/4753
f 4756/4756 4755/4755 4753/4753
f 4757/4757 4756/4756 4753/4753
f 4758/4758 4755/4755 4756/4756
f 4759/4759 4758/4758 4756/4756
f 4760/4760 4758/4758 4759/4759
f 4651/4651 4761/4761 4649/4649
f 4762/4762 4761/4761 4651/4651
f 4763/4763 4762/4762 4651/4651
f 4652/4652 4763/4763 4651/4651
f 4661/4661 4763/4763 4652/4652
f 4656/4656 4661/4661 4652/4652
f 4653/4653 4656/4656 4652/4652
f 4658/4658 4661/4661 4656/4656
f 4764/4764 4763/4763 4661/4661
f 4668/4668 4765/4765 4665/4665
f 4766/4766 4765/4765 4668/4668
f 4767/4767 4766/4766 4668/4668
f 4674/4674 4767/4767 4668/4668
f 4671/4671 4674/4674 4668/4668
f 4676/4676 4767/4767 4674/4674
f 4678/4678 4767/4767 4676/4676
f 4768/4768 4767/4767 4678/4678
f 4683/4683 4769/4769 4681/4681
f 4770/4770 4769/4769 4683/4683
f 4771/4771 4770/4770 4683/4683
f 4772/4772 4771/4771 4683/4683
f 4773/4773 4772/4772 4683/4683
f 4684/4684 4773/4773 4683/4683
f 4687/4687 4773/4773 4684/4684
f 4689/4689 4773/4773 4687/4687
f 4691/4691 4773/4773 4689/4689
f 4774/4774 4773/4773 4691/4691
f 4693/4693 4774/4774 4691/4691
f 4775/4775 4773/4773 4774/4774
f 4776/4776 4777/4777 4696/4696
f 4695/4695 4776/4776 4696/4696
f 4699/4699 4778/4778 4700/4700
f 4703/4703 4778/4778 4699/4699
f 4779/4779 4778/4778 4703/4703
f 4706/4706 4779/4779 4703/4703
f 4780/4780 4779/4779 4706/4706
f 4781/4781 4780/4780 4706/4706
f 4707/4707 4781/4781 4706/4706
f 4782/4782 4781/4781 4707/4707
f 4783/4783 4782/4782 4707/4707
f 4716/4716 4783/4783 4707/4707
f 4713/4713 4716/4716 4707/4707
f 4711/4711 4713/4713 4707/4707
f 4708/4708 4711/4711 4707/4707
f 4784/4784 4785/4785 4718/4718
f 4722/4722 4784/4784 4718/4718
f 4717/4717 4722/4722 4718/4718
f 4724/4724 4786/4786 4725/4725
f 4787/4787 4788/4788 4729/4729
f 4728/4728 4787/4787 4729/4729
f 4732/4732 4787/4787 4728/4728
f 4789/4789 4788/4788 4787/4787
f 4790/4790 4789/4789 4787/4787
f 4791/4791 4792/4792 4735/4735
f 4734/4734 4791/4791 4735/4735
f 4793/4793 4791/4791 4734/4734
f 4738/4738 4793/4793 4734/4734
f 4740/4740 4793/4793 4738/4738
f 4742/4742 4794/4794 4743/4743
f 4746/4746 4794/4794 4742/4742
f 4795/4795 4794/4794 4746/4746
f 4748/4748 4795/4795 4746/4746
f 4796/4796 4797/4797 4751/4751
f 4798/4798 4796/4796 4751/4751
f 4750/4750 4798/4798 4751/4751
f 4799/4799 4800/4800 4801/4801
f 4802/4802 4799/4799 4801/4801
f 4803/4803 4802/4802 4801/4801
f 4804/4804 4802/4802 4803/4803
f 4805/4805 4806/4806 4807/4807
f 4808/4808 4809/4809 4810/4810
f 4811/4811 4808/4808 4810/4810
f 4812/4812 4811/4811 4810/4810
f 4813/4813 4812/4812 4814/4814
f 4815/4815 4813/4813 4814/4814
f 4816/4816 4813/4813 4815/4815
f 4817/4817 4816/4816 4815/4815
f 4763/4763 4818/4818 4762/4762
f 4819/4819 4818/4818 4763/4763
f 4820/4820 4819/4819 4763/4763
f 4764/4764 4820/4820 4763/4763
f 4821/4821 4822/4822 4823/4823
f 4824/4824 4821/4821 4823/4823
f 4825/4825 4824/4824 4823/4823
f 4826/4826 4824/4824 4825/4825
f 4827/4827 4824/4824 4826/4826
f 4828/4828 4827/4827 4826/4826
f 4829/4829 4828/4828 4826/4826
f 4830/4830 4829/4829 4826/4826
f 4767/4767 4768/4768 4766/4766
f 4831/4831 4828/4828 4829/4829
f 4771/4771 4832/4832 4770/4770
f 4775/4775 4832/4832 4771/4771
f 4772/4772 4775/4775 4771/4771
f 4773/4773 4775/4775 4772/4772
f 4776/4776 4833/4833 4777/4777
f 4834/4834 4835/4835 4836/4836
f 4837/4837 4834/4834 4836/4836
f 4838/4838 4839/4839 4840/4840
f 4781/4781 4841/4841 4780/4780
f 4842/4842 4843/4843 4844/4844
f 4845/4845 4842/4842 4844/4844
f 4846/4846 4845/4845 4844/4844
f 4847/4847 4845/4845 4846/4846
f 4848/4848 4847/4847 4846/4846
f 4849/4849 4848/4848 4846/4846
f 4783/4783 4850/4850 4782/4782
f 4784/4784 4851/4851 4785/4785
f 4852/4852 4853/4853 4854/4854
f 4789/4789 4855/4855 4788/4788
f 4856/4856 4857/4857 4858/4858
f 4791/4791 4859/4859 4792/4792
f 4860/4860 4859/4859 4791/4791
f 4861/4861 4862/4862 4863/4863
f 4864/4864 4861/4861 4863/4863
f 4865/4865 4864/4864 4863/4863
f 4794/4794 4865/4865 4863/4863
f 4795/4795 4865/4865 4794/4794
f 4866/4866 4865/4865 4795/4795
f 4867/4867 4866/4866 4795/4795
f 4868/4868 4867/4867 4795/4795
f 4869/4869 4870/4870 4871/4871
f 4872/4872 4869/4869 4871/4871
f 4873/4873 4874/4874 4875/4875
f 4876/4876 4877/4877 4878/4878
f 4879/4879 4880/4880 4881/4881
f 4882/4882 4879/4879 4881/4881
f 4796/4796 4883/4883 4797/4797
f 4884/4884 4885/4885 4800/4800
f 4799/4799 4884/4884 4800/4800
f 4886/4886 4884/4884 4799/4799
f 4802/4802 4886/4886 4799/4799
f 4887/4887 4886/4886 4802/4802
f 4804/4804 4887/4887 4802/4802
f 4888/4888 4887/4887 4804/4804
f 4889/4889 4888/4888 4804/4804
f 4890/4890 4891/4891 4892/4892
f 4893/4893 4894/4894 4895/4895
f 4896/4896 4893/4893 4895/4895
f 4897/4897 4898/4898 4899/4899
f 4900/4900 4897/4897 4899/4899
f 4901/4901 4897/4897 4900/4900
f 4902/4902 4901/4901 4900/4900
f 4903/4903 4902/4902 4900/4900
f 4904/4904 4905/4905 4906/4906
f 4907/4907 4904/4904 4906/4906
f 4812/4812 4908/4908 4811/4811
f 4813/4813 4908/4908 4812/4812
f 4816/4816 4908/4908 4813/4813
f 4909/4909 4908/4908 4816/4816
f 4817/4817 4909/4909 4816/4816
f 4819/4819 4910/4910 4818/4818
f 4911/4911 4910/4910 4819/4819
f 4820/4820 4911/4911 4819/4819
f 4912/4912 4911/4911 4820/4820
f 4913/4913 4914/4914 4915/4915
f 4916/4916 4913/4913 4915/4915
f 4917/4917 4918/4918 4919/4919
f 4821/4821 4827/4827 4822/4822
f 4824/4824 4827/4827 4821/4821
f 4920/4920 4918/4918 4917/4917
f 4921/4921 4920/4920 4917/4917
f 4828/4828 4831/4831 4827/4827
f 4922/4922 4920/4920 4921/4921
f 4923/4923 4920/4920 4922/4922
f 4924/4924 4923/4923 4922/4922
f 4925/4925 4923/4923 4924/4924
f 4926/4926 4925/4925 4924/4924
f 4837/4837 4927/4927 4834/4834
f 4928/4928 4927/4927 4837/4837
f 4929/4929 4930/4930 4931/4931
f 4838/4838 4929/4929 4931/4931
f 4839/4839 4838/4838 4931/4931
f 4842/4842 4932/4932 4843/4843
f 4933/4933 4932/4932 4842/4842
f 4934/4934 4933/4933 4842/4842
f 4845/4845 4934/4934 4842/4842
f 4935/4935 4934/4934 4845/4845
f 4936/4936 4935/4935 4845/4845
f 4937/4937 4936/4936 4845/4845
f 4847/4847 4937/4937 4845/4845
f 4848/4848 4937/4937 4847/4847
f 4938/4938 4937/4937 4848/4848
f 4939/4939 4940/4940 4941/4941
f 4942/4942 4939/4939 4941/4941
f 4943/4943 4942/4942 4941/4941
f 4849/4849 4944/4944 4848/4848
f 4945/4945 4879/4879 4946/4946
f 4852/4852 4947/4947 4853/4853
f 4948/4948 4949/4949 4950/4950
f 4951/4951 4948/4948 4950/4950
f 4952/4952 4951/4951 4950/4950
f 4953/4953 4954/4954 4955/4955
f 4956/4956 4953/4953 4955/4955
f 4957/4957 4958/4958 4959/4959
f 4960/4960 4958/4958 4957/4957
f 4961/4961 4962/4962 4963/4963
f 4864/4864 4964/4964 4861/4861
f 4866/4866 4964/4964 4864/4864
f 4865/4865 4866/4866 4864/4864
f 4965/4965 4964/4964 4866/4866
f 4966/4966 4965/4965 4866/4866
f 4867/4867 4966/4966 4866/4866
f 4869/4869 4967/4967 4968/4968
f 4870/4870 4869/4869 4968/4968
f 4969/4969 4870/4870 4968/4968
f 4872/4872 4967/4967 4869/4869
f 4970/4970 4971/4971 4972/4972
f 4973/4973 4970/4970 4972/4972
f 4974/4974 4973/4973 4972/4972
f 4948/4948 4973/4973 4974/4974
f 4975/4975 4948/4948 4974/4974
f 4976/4976 4975/4975 4974/4974
f 4874/4874 4873/4873 4977/4977
f 4879/4879 4945/4945 4880/4880
f 4949/4949 4948/4948 4975/4975
f 4951/4951 4973/4973 4948/4948
f 4978/4978 4973/4973 4951/4951
f 4952/4952 4978/4978 4951/4951
f 4970/4970 4973/4973 4978/4978
f 4897/4897 4979/4979 4898/4898
f 4901/4901 4980/4980 4897/4897
f 4981/4981 4980/4980 4901/4901
f 4982/4982 4981/4981 4901/4901
f 4983/4983 4982/4982 4901/4901
f 4902/4902 4983/4983 4901/4901
f 4984/4984 4983/4983 4902/4902
f 4985/4985 4986/4986 4987/4987
f 4988/4988 4986/4986 4985/4985
f 4989/4989 4988/4988 4985/4985
f 4907/4907 4990/4990 4904/4904
f 4991/4991 4992/4992 4993/4993
f 4994/4994 4991/4991 4993/4993
f 4995/4995 4996/4996 4997/4997
f 4998/4998 4995/4995 4997/4997
f 4999/4999 5000/5000 5001/5001
f 5002/5002 4999/4999 5001/5001
f 4911/4911 5003/5003 4910/4910
f 4912/4912 5003/5003 4911/4911
f 4913/4913 5004/5004 4914/4914
f 4923/4923 4999/4999 4918/4918
f 4920/4920 4923/4923 4918/4918
f 5005/5005 4999/4999 4923/4923
f 4925/4925 5005/5005 4923/4923
f 5000/5000 4999/4999 5005/5005
f 4995/4995 4998/4998 5006/5006
f 5007/5007 5008/5008 5009/5009
f 5010/5010 5007/5007 5009/5009
f 5011/5011 5012/5012 4930/4930
f 4929/4929 5011/5011 4930/4930
f 4934/4934 5013/5013 4933/4933
f 4935/4935 5013/5013 4934/4934
f 5007/5007 5010/5010 5014/5014
f 5008/5008 5007/5007 5014/5014
f 5015/5015 5008/5008 5014/5014
f 5016/5016 5015/5015 5014/5014
f 4936/4936 5017/5017 4935/4935
f 5018/5018 5017/5017 4936/4936
f 4937/4937 5018/5018 4936/4936
f 4938/4938 5018/5018 4937/4937
f 5019/5019 5020/5020 5021/5021
f 5022/5022 5019/5019 5021/5021
f 5023/5023 5022/5022 5021/5021
f 4939/4939 5024/5024 4940/4940
f 5025/5025 5026/5026 5027/5027
f 5028/5028 5025/5025 5027/5027
f 5029/5029 5030/5030 5031/5031
f 5032/5032 5030/5030 5029/5029
f 5033/5033 5032/5032 5029/5029
f 5032/5032 5033/5033 5034/5034
f 4983/4983 5035/5035 4981/4981
f 4982/4982 4983/4983 4981/4981
f 5036/5036 5035/5035 4983/4983
f 4984/4984 5036/5036 4983/4983
f 5037/5037 5036/5036 4984/4984
f 5038/5038 5037/5037 5039/5039
f 5040/5040 5041/5041 5042/5042
f 5043/5043 5040/5040 5042/5042
f 5044/5044 5040/5040 5043/5043
f 5045/5045 5044/5044 5043/5043
f 5046/5046 5047/5047 5048/5048
f 5049/5049 5046/5046 5048/5048
f 5050/5050 5051/5051 5052/5052
f 5053/5053 5050/5050 5052/5052
f 5054/5054 5055/5055 5056/5056
f 5057/5057 5058/5058 5059/5059
f 5060/5060 5057/5057 5059/5059
f 5061/5061 5058/5058 5057/5057
f 5062/5062 5063/5063 5008/5008
f 5015/5015 5062/5062 5008/5008
f 5040/5040 5062/5062 5015/5015
f 5016/5016 5040/5040 5015/5015
f 5064/5064 5040/5040 5016/5016
f 5018/5018 5065/5065 5017/5017
f 5066/5066 5067/5067 5020/5020
f 5019/5019 5066/5066 5020/5020
f 5068/5068 5069/5069 5070/5070
f 5071/5071 5072/5072 5022/5022
f 5023/5023 5071/5071 5022/5022
f 5073/5073 5074/5074 5075/5075
f 5076/5076 5073/5073 5077/5077
f 5074/5074 5073/5073 5076/5076
f 5078/5078 5079/5079 5080/5080
f 5071/5071 5081/5081 5072/5072
f 5082/5082 5069/5069 5068/5068
f 5067/5067 5066/5066 5083/5083
f 5038/5038 5084/5084 5036/5036
f 5037/5037 5038/5038 5036/5036
f 5040/5040 5064/5064 5041/5041
f 5045/5045 5062/5062 5040/5040
f 5044/5044 5045/5045 5040/5040
f 5085/5085 5062/5062 5045/5045
f 5086/5086 5087/5087 5088/5088
f 5089/5089 5086/5086 5088/5088
f 5090/5090 5086/5086 5089/5089
f 5091/5091 5090/5090 5089/5089
f 5092/5092 5093/5093 5094/5094
f 5095/5095 5093/5093 5092/5092
f 5087/5087 5086/5086 5090/5090
f 5062/5062 5085/5085 5063/5063
f 5096/5096 5097/5097 5098/5098
f 5099/5099 5097/5097 5096/5096
f 5100/5100 5099/5099 5096/5096
f 4886/4886 5101/5101 4884/4884
f 5102/5102 5101/5101 4886/4886
f 5103/5103 5102/5102 4886/4886
f 5104/5104 5103/5103 4886/4886
f 4887/4887 5104/5104 4886/4886
f 4888/4888 5104/5104 4887/4887
f 5105/5105 5104/5104 4888/4888
f 5106/5106 5105/5105 4888/4888
f 4889/4889 5107/5107 4888/4888
f 5108/5108 5107/5107 4889/4889
f 5109/5109 5108/5108 4889/4889
f 5110/5110 5107/5107 5108/5108
f 5100/5100 5111/5111 5099/5099
f 5112/5112 5113/5113 5114/5114
f 5115/5115 5112/5112 5114/5114
f 5103/5103 5116/5116 5102/5102
f 5104/5104 5116/5116 5103/5103
f 5105/5105 5116/5116 5104/5104
f 5106/5106 5117/5117 5105/5105
f 5118/5118 5119/5119 5120/5120
f 5121/5121 5119/5119 5118/5118
f 5122/5122 5123/5123 5124/5124
f 5125/5125 5123/5123 5122/5122
f 5126/5126 5127/5127 5128/5128
f 5112/5112 5129/5129 5113/5113
f 5130/5130 5131/5131 5132/5132
f 5127/5127 5131/5131 5130/5130
f 5126/5126 5131/5131 5127/5127
usemtl mtl_45_0
f 5133/5133 5134/5134 5135/5135
f 5136/5136 5137/5137 5138/5138
f 5139/5139 5136/5136 5138/5138
f 5140/5140 5136/5136 5139/5139
f 5141/5141 5140/5140 5139/5139
f 5142/5142 5140/5140 5141/5141
f 5143/5143 5142/5142 5141/5141
f 5144/5144 5145/5145 5146/5146
f 5147/5147 5144/5144 5146/5146
f 5148/5148 5144/5144 5147/5147
f 5149/5149 5148/5148 5147/5147
f 5150/5150 5148/5148 5149/5149
f 5151/5151 5150/5150 5149/5149
f 5152/5152 5153/5153 5154/5154
f 5155/5155 5152/5152 5154/5154
f 5156/5156 5152/5152 5155/5155
f 5134/5134 5156/5156 5155/5155
f 5133/5133 5156/5156 5134/5134
f 5140/5140 5157/5157 5136/5136
f 5142/5142 5157/5157 5140/5140
f 5144/5144 5148/5148 5145/5145
usemtl mtl_45_1
f 5158/5158 5159/5159 5160/5160
f 5161/5161 5158/5158 5160/5160
f 5162/5162 5158/5158 5161/5161
f 5163/5163 5162/5162 5161/5161
f 5164/5164 5162/5162 5163/5163
f 5165/5165 5164/5164 5163/5163
f 5166/5166 5167/5167 5168/5168
f 5169/5169 5166/5166 5168/5168
f 5170/5170 5166/5166 5169/5169
f 5171/5171 5170/5170 5169/5169
f 5172/5172 5170/5170 5171/5171
f 5173/5173 5172/5172 5171/5171
f 5174/5174 5172/5172 5173/5173
f 5175/5175 5174/5174 5173/5173
f 5162/5162 5176/5176 5159/5159
f 5158/5158 5162/5162 5159/5159
f 5164/5164 5176/5176 5162/5162
usemtl mtl_55_0
f 5177/5177 5178/5178 5179/5179
f 5180/5180 5177/5177 5179/5179
f 5181/5181 5177/5177 5180/5180
f 5182/5182 5177/5177 5181/5181
f 5183/5183 5182/5182 5181/5181
f 5184/5184 5182/5182 5183/5183
f 5185/5185 5184/5184 5183/5183
f 5186/5186 5184/5184 5185/5185
f 5187/5187 5188/5188 5186/5186
f 5189/5189 5188/5188 5187/5187
f 5190/5190 5188/5188 5189/5189
f 5191/5191 5190/5190 5189/5189
f 5192/5192 5190/5190 5191/5191
f 5193/5193 5190/5190 5192/5192
f 5194/5194 5195/5195 5196/5196
f 5197/5197 5194/5194 5196/5196
f 5198/5198 5199/5199 5194/5194
f 5200/5200 5201/5201 5199/5199
f 5202/5202 5201/5201 5200/5200
f 5203/5203 5201/5201 5202/5202
f 5204/5204 5203/5203 5202/5202
f 5205/5205 5203/5203 5204/5204
f 5206/5206 5205/5205 5204/5204
f 5207/5207 5205/5205 5206/5206
f 5208/5208 5207/5207 5206/5206
f 5209/5209 5210/5210 5211/5211
f 5212/5212 5209/5209 5211/5211
f 5213/5213 5209/5209 5212/5212
f 5214/5214 5213/5213 5212/5212
f 5215/5215 5213/5213 5214/5214
f 5216/5216 5213/5213 5215/5215
f 5217/5217 5216/5216 5215/5215
f 5218/5218 5217/5217 5215/5215
f 5219/5219 5220/5220 5217/5217
f 5221/5221 5222/5222 5220/5220
f 5223/5223 5224/5224 5225/5225
f 5226/5226 5227/5227 5224/5224
f 5228/5228 5226/5226 5224/5224
f 5229/5229 5230/5230 5231/5231
f 5232/5232 5229/5229 5231/5231
f 5233/5233 5232/5232 5231/5231
f 5234/5234 5232/5232 5233/5233
f 5235/5235 5232/5232 5234/5234
f 5229/5229 5232/5232 5235/5235
f 5236/5236 5229/5229 5235/5235
f 5237/5237 5236/5236 5235/5235
f 5238/5238 5236/5236 5237/5237
f 5239/5239 5236/5236 5238/5238
f 5240/5240 5239/5239 5238/5238
f 5241/5241 5239/5239 5240/5240
f 5242/5242 5241/5241 5240/5240
f 5243/5243 5239/5239 5241/5241
f 5177/5177 5244/5244 5245/5245
f 5178/5178 5177/5177 5245/5245
f 5182/5182 5244/5244 5177/5177
f 5213/5213 5216/5216 5209/5209
f 5236/5236 5239/5239 5229/5229
f 5246/5246 5247/5247 5248/5248
f 5249/5249 5247/5247 5246/5246
f 5250/5250 5249/5249 5246/5246
usemtl mtl_55_1
f 5251/5251 5252/5252 5253/5253
f 5254/5254 5252/5252 5251/5251
f 5255/5255 5254/5254 5251/5251
f 5256/5256 5255/5255 5251/5251
f 5257/5257 5254/5254 5255/5255
f 5258/5258 5257/5257 5255/5255
f 5259/5259 5254/5254 5257/5257
f 5260/5260 5259/5259 5257/5257
f 5261/5261 5262/5262 5259/5259
f 5263/5263 5262/5262 5261/5261
f 5264/5264 5262/5262 5263/5263
f 5265/5265 5266/5266 5264/5264
f 5267/5267 5266/5266 5265/5265
f 5268/5268 5266/5266 5267/5267
f 5269/5269 5268/5268 5267/5267
f 5270/5270 5268/5268 5269/5269
f 5271/5271 5270/5270 5269/5269
f 5272/5272 5270/5270 5271/5271
f 5273/5273 5272/5272 5271/5271
f 5274/5274 5272/5272 5273/5273
f 5275/5275 5274/5274 5273/5273
f 5276/5276 5274/5274 5275/5275
f 5277/5277 5276/5276 5275/5275
f 5278/5278 5276/5276 5277/5277
f 5279/5279 5278/5278 5277/5277
f 5268/5268 5280/5280 5266/5266
f 5270/5270 5280/5280 5268/5268
