mtllib exp_model.mtl
o test_0_0
v 4.641334601705127e+06 1.0283655537730177e+06 4.2381238836403135e+06
vt 0.9041096 0.7455969
v 4.641333588334307e+06 1.0283676131319613e+06 4.238123395484519e+06
vt 0.8434442 0.72602737
v 4.64133496622549e+06 1.0283659200245865e+06 4.238124274165583e+06
vt 0.9041096 0.7455969
v 4.641333235097415e+06 1.0283673635748844e+06 4.238123037502969e+06
vt 0.8434442 0.72602737
v 4.641333769194896e+06 1.0283647983447473e+06 4.238125992534521e+06
vt 0.9041096 0.81409
v 4.641330234477962e+06 1.0283682974597692e+06 4.23812454468256e+06
vt 0.76516634 0.7906067
v 4.641335062696181e+06 1.0283654846216914e+06 4.238124274165584e+06
vt 0.9158513 0.74951077
v 4.641335074755037e+06 1.0283654301962422e+06 4.238124274165584e+06
vt 0.9158513 0.74951077
v 4.641334601705127e+06 1.0283655537730177e+06 4.2381238836403135e+06
vt 0.9158513 0.74951077
v 4.641334602480462e+06 1.0283653826533095e+06 4.238123851096595e+06
vt 0.9158513 0.74951077
v 4.641333889783263e+06 1.0283642540911138e+06 4.238125992534522e+06
vt 0.91780823 0.8180039
v 4.641333118823896e+06 1.0283643116611507e+06 4.238126671423473e+06
vt 0.9041096 0.8434442
v 4.6413294625779055e+06 1.0283678409463881e+06 4.238125421443239e+06
vt 0.76125246 0.82778865
v 4.641332876375667e+06 1.0283635156791691e+06 4.2381271999512175e+06
vt 0.9158513 0.86888456
v 4.641330494456612e+06 1.0283615604958516e+06 4.23813055402438e+06
vt 0.91193736 0.99804306
v 4.641327458979886e+06 1.02836591248917e+06 4.238127992817597e+06
vt 0.76516634 0.9334638
v 4.641325505205018e+06 1.0283662218616445e+06 4.238128803530999e+06
vt 0.7221135 0.9765166
v 4.641326085714724e+06 1.0283672069412355e+06 4.238127861682526e+06
vt 0.7123288 0.93542075
v 4.6413282688971255e+06 1.0283670625918702e+06 4.238126761644932e+06
vt 0.7573385 0.88258314
v 4.641331283810295e+06 1.0283704712610109e+06 4.238121931016503e+06
vt 0.739726 0.6927593
v 4.64132914919838e+06 1.0283691418449341e+06 4.238124354638745e+06
vt 0.72798437 0.7925636
v 4.641331176831122e+06 1.0283706188496291e+06 4.238121865928746e+06
vt 0.7338552 0.69080234
v 4.641330918514496e+06 1.0283702761296158e+06 4.238121573034953e+06
vt 0.739726 0.6927593
v 4.64132838648837e+06 1.0283695438258516e+06 4.238124212106159e+06
vt 0.7064579 0.79452056
v 4.641331081911098e+06 1.0283707120131077e+06 4.238121800841306e+06
vt 0.73189825 0.69080234
v 4.641330918514496e+06 1.0283702761296158e+06 4.238121573034953e+06
vt 0.7338552 0.69080234
v 4.641330654770802e+06 1.0283711312479863e+06 4.238121507947513e+06
vt 0.71428573 0.6849315
v 4.641330823594576e+06 1.028370369292629e+06 4.238121507947514e+06
vt 0.73189825 0.69080234
v 4.641330403737407e+06 1.0283712469190165e+06 4.238121534312183e+06
vt 0.70841485 0.6888454
v 4.641330500332014e+06 1.0283713254181878e+06 4.238121410316355e+06
vt 0.70841485 0.6829746
v 4.641330242791198e+06 1.0283708115779612e+06 4.238121084879161e+06
vt 0.71428573 0.6849315
v 4.641330500332014e+06 1.0283713254181878e+06 4.238121410316355e+06
vt 0.7358121 0.19960861
v 4.641330040116641e+06 1.0283712234498827e+06 4.238120987247683e+06
vt 0.7221135 0.20156556
v 4.641330403737407e+06 1.0283712469190165e+06 4.238121534312183e+06
vt 0.7358121 0.19569471
v 4.641330242791198e+06 1.0283708115779612e+06 4.238121084879161e+06
vt 0.7358121 0.19960861
v 4.641328091412125e+06 1.0283695926409311e+06 4.238122843619732e+06
vt 0.7103718 0.113502935
v 4.64132966276273e+06 1.0283710827438576e+06 4.238120629266771e+06
vt 0.7103718 0.20156556
v 4.64132838648837e+06 1.0283695438258516e+06 4.238124212106159e+06
vt 0.7338552 0.08806262
v 4.641330242791198e+06 1.0283708115779612e+06 4.238121084879161e+06
vt 0.7221135 0.20156556
v 4.641329487307324e+06 1.0283707012855823e+06 4.238120401460417e+06
vt 0.7103718 0.20156556
v 4.641329487307324e+06 1.0283707012855823e+06 4.238120401460417e+06
vt 0.8551859 0.49315068
v 4.641329650703926e+06 1.028371137169074e+06 4.238120629266771e+06
vt 0.8551859 0.49315068
v 4.64132966276273e+06 1.0283710827438576e+06 4.238120629266771e+06
vt 0.8551859 0.49315068
v 4.641329273349669e+06 1.0283709964629723e+06 4.238120271285539e+06
vt 0.8551859 0.49315068
v 4.641328091412125e+06 1.0283695926409311e+06 4.238122843619732e+06
vt 0.9432485 0.50489235
v 4.6413265818754295e+06 1.0283707427057036e+06 4.23812428145258e+06
vt 0.9882583 0.45401174
v 4.641329638645122e+06 1.0283711915942904e+06 4.238120629266771e+06
vt 0.8551859 0.49119374
v 4.64132629422098e+06 1.0283725631784308e+06 4.238124009704951e+06
vt 0.96868885 0.40508807
v 4.641329590409699e+06 1.0283714092960871e+06 4.23812062926677e+06
vt 0.853229 0.4853229
v 4.641329213830904e+06 1.0283710974696951e+06 4.238120238741819e+06
vt 0.8551859 0.49119374
v 4.641328165698855e+06 1.028373891389865e+06 4.238121653779241e+06
vt 0.87279844 0.40117416
v 4.641329493163596e+06 1.0283720158190397e+06 4.238120661810488e+06
vt 0.84931505 0.46771038
v 4.641326654569945e+06 1.0283752123934743e+06 4.238123198031707e+06
vt 0.9158513 0.3444227
v 4.641327844818465e+06 1.0283753048215329e+06 4.238122318660908e+06
vt 0.8767123 0.35812134
v 4.641325518692576e+06 1.0283739900684435e+06 4.238124801191858e+06
vt 0.9823875 0.3561644
v 4.641324856634272e+06 1.0283750995173684e+06 4.238125108093321e+06
vt 0.9882583 0.3189824
v 4.641326679060491e+06 1.0283766452497493e+06 4.2381228260428e+06
vt 0.89432484 0.30919766
v 4.641328404311793e+06 1.0283757142717238e+06 4.2381212466379125e+06
vt 0.8414873 0.36007828
v 4.641327862274059e+06 1.0283773070905088e+06 4.238121379422198e+06
vt 0.8356164 0.3111546
v 4.64132789849207e+06 1.0283773151152064e+06 4.238121338090018e+06
vt 0.83365947 0.3111546
v 4.6413272827883735e+06 1.0283771786958984e+06 4.23812204073423e+06
vt 0.86105675 0.30528376
v 4.641327253920813e+06 1.0283771722998146e+06 4.238121417184739e+06
vt 0.8356164 0.3111546
v 4.641328587076328e+06 1.0283759260583273e+06 4.238120850893748e+06
vt 0.82778865 0.3561644
v 4.641327253920813e+06 1.0283771722998146e+06 4.238121417184739e+06
vt 0.83365947 0.3111546
v 4.641328804259388e+06 1.0283754603034725e+06 4.2381207268979205e+06
vt 0.8258317 0.37181997
v 4.641329092120588e+06 1.0283744963351348e+06 4.238120791985361e+06
vt 0.83170253 0.39921722
v 4.641328536210038e+06 1.0283746586492019e+06 4.238120336372971e+06
vt 0.83170253 0.39921722
v 4.641329068349379e+06 1.0283719216944444e+06 4.238120271285537e+06
vt 0.84931505 0.46771038
v 4.641329165595481e+06 1.0283713151714918e+06 4.238120238741819e+06
vt 0.853229 0.4853229
v 4.641328804259388e+06 1.0283754603034725e+06 4.2381207268979205e+06
vt 0.5440313 0.22896282
v 4.641328132412336e+06 1.028375140153549e+06 4.2381200760232145e+06
vt 0.5655577 0.23091976
v 4.641328587076328e+06 1.0283759260583273e+06 4.238120850893748e+06
vt 0.5420744 0.21135029
v 4.641328536210038e+06 1.0283746586492019e+06 4.238120336372971e+06
vt 0.5440313 0.22896282
v 4.6413266124879485e+06 1.028374289513893e+06 4.238118579011327e+06
vt 0.61252445 0.2446184
v 4.641328536210038e+06 1.0283746586492019e+06 4.238120336372971e+06
vt 0.5655577 0.23091976
v 4.641325684055602e+06 1.0283747689708694e+06 4.238118306303863e+06
vt 0.62818 0.21917808
v 4.641322713582596e+06 1.0283739395224601e+06 4.238115318458427e+06
vt 0.72015655 0.22309197
v 4.641324878108712e+06 1.0283765317053788e+06 4.238118539328718e+06
vt 0.62818 0.16046967
v 4.641322578665989e+06 1.0283760222259244e+06 4.2381162762339655e+06
vt 0.69863015 0.15851273
v 4.64132789849207e+06 1.0283773151152064e+06 4.238121338090018e+06
vt 0.54011744 0.16242662
v 4.641325667401181e+06 1.0283768207802278e+06 4.238119361710481e+06
vt 0.6046967 0.15851273
v 4.64132552007999e+06 1.0283767881387882e+06 4.238119748665635e+06
vt 0.6046967 0.15851273
v 4.641327253920813e+06 1.0283771722998146e+06 4.238121417184739e+06
vt 0.54011744 0.16242662
v 4.641322953430772e+06 1.0283748491223819e+06 4.23811607836224e+06
vt 0.7005871 0.19569471
v 4.641324322694917e+06 1.0283738963675501e+06 4.238116496212146e+06
vt 0.67906064 0.23679061
v 4.641326779760901e+06 1.0283738697986504e+06 4.238118644098766e+06
vt 0.61252445 0.2446184
v 4.641323485125487e+06 1.0283736536931875e+06 4.238115715162428e+06
vt 0.704501 0.23679061
v 4.6413244071067525e+06 1.0283735153901043e+06 4.238116496212146e+06
vt 0.67906064 0.23679061
v 4.641322812503179e+06 1.0283735046626232e+06 4.238115096831441e+06
vt 0.7240704 0.23679061
v 4.641323604938565e+06 1.0283732805594708e+06 4.238115747706227e+06
vt 0.704501 0.23679061
v 4.6413223635715265e+06 1.0283735193884991e+06 4.238114706306648e+06
vt 0.7358121 0.23287672
v 4.641322387689135e+06 1.0283734105380662e+06 4.238114706306648e+06
vt 0.7358121 0.23483366
v 4.641322873572868e+06 1.0283730614153198e+06 4.238115064287722e+06
vt 0.7240704 0.23679061
v 4.6413223635715265e+06 1.0283735193884991e+06 4.238114706306648e+06
vt 0.7358121 0.23287672
v 4.641322164773941e+06 1.0283730756613357e+06 4.238114445956735e+06
vt 0.7358121 0.23483366
v 4.64132195004103e+06 1.0283735419580848e+06 4.238114348325576e+06
vt 0.7358121 0.23287672
v 4.64132195004103e+06 1.0283735419580848e+06 4.238114348325576e+06
vt 0.7064579 0.9549902
v 4.641322398972682e+06 1.0283735272322089e+06 4.238114738850368e+06
vt 0.7064579 0.9549902
v 4.6413223635715265e+06 1.0283735193884991e+06 4.238114706306648e+06
vt 0.7064579 0.9549902
v 4.64132204341023e+06 1.0283737910347211e+06 4.238114478500453e+06
vt 0.7064579 0.9549902
v 4.6413223635715265e+06 1.0283735193884991e+06 4.238114706306648e+06
vt 0.70841485 0.9549902
v 4.641322713582596e+06 1.0283739395224601e+06 4.238115318458427e+06
vt 0.7123288 0.96868885
v 4.641322857637336e+06 1.0283739714401633e+06 4.238115227006476e+06
vt 0.7064579 0.9706458
v 4.641322868920797e+06 1.0283740881342868e+06 4.238115259550116e+06
vt 0.7064579 0.9726027
v 4.641322502074884e+06 1.0283742352426754e+06 4.238114966656562e+06
vt 0.7064579 0.9706458
v 4.641322953430772e+06 1.0283748491223819e+06 4.23811607836224e+06
vt 0.7221135 0.9941292
v 4.641323313200464e+06 1.028375100127397e+06 4.2381158453373825e+06
vt 0.7064579 0.99804306
v 4.641322502074884e+06 1.0283742352426754e+06 4.238114966656562e+06
vt 0.7064579 0.9726027
v 4.641322899669967e+06 1.0283751226969828e+06 4.23811548735631e+06
vt 0.7064579 0.99804306
v 4.641322899669967e+06 1.0283751226969828e+06 4.23811548735631e+06
vt 0.5205479 0.74168295
v 4.641323155660426e+06 1.0283759787764507e+06 4.23811587788118e+06
vt 0.5205479 0.7162427
v 4.641323313200464e+06 1.028375100127397e+06 4.2381158453373825e+06
vt 0.5205479 0.74168295
v 4.641322741354381e+06 1.0283761724663075e+06 4.2381155524437465e+06
vt 0.5205479 0.7162427
v 4.641322578665989e+06 1.0283760222259244e+06 4.2381162762339655e+06
vt 0.49902153 0.7123288
v 4.641323166168511e+06 1.0283762665908836e+06 4.238115942968618e+06
vt 0.5205479 0.7064579
v 4.641322953430772e+06 1.0283748491223819e+06 4.23811607836224e+06
vt 0.5068493 0.7455969
v 4.641322770222114e+06 1.0283761788624296e+06 4.238116175993396e+06
vt 0.5068493 0.70841485
v 4.641322741354381e+06 1.0283761724663075e+06 4.2381155524437465e+06
vt 0.5205479 0.7064579
v 4.641322519147225e+06 1.0283761232326473e+06 4.238116243690246e+06
vt 0.49902153 0.70841485
v 4.641322741354381e+06 1.0283761724663075e+06 4.2381155524437465e+06
vt 0.5068493 0.70841485
v 4.641322273788817e+06 1.0283760688694459e+06 4.238115794256984e+06
vt 0.49902153 0.70841485
v 4.641322273788817e+06 1.0283760688694459e+06 4.238115794256984e+06
vt 0.0058708414 0.9921722
v 4.641322091065762e+06 1.0283760283841395e+06 4.238116148669049e+06
vt 0.0019569471 0.99804306
v 4.641322519147225e+06 1.0283761232326473e+06 4.238116243690246e+06
vt 0.0058708414 0.9921722
v 4.641321592999376e+06 1.0283759180293183e+06 4.238115914683725e+06
vt 0.0019569471 0.99804306
v 4.641322578665989e+06 1.0283760222259244e+06 4.2381162762339655e+06
vt 0.007827789 0.99804306
v 4.641321592999376e+06 1.0283759180293183e+06 4.238115914683725e+06
vt 0.2778865 0.7592955
v 4.641323151467945e+06 1.0283762633337302e+06 4.238117272732266e+06
vt 0.2778865 0.7925636
v 4.641322091065762e+06 1.0283760283841395e+06 4.238116148669049e+06
vt 0.2778865 0.7592955
v 4.64132286254132e+06 1.0283761993172712e+06 4.238117529513078e+06
vt 0.2778865 0.7925636
v 4.641324878108712e+06 1.0283765317053788e+06 4.238118539328718e+06
vt 0.2857143 0.8375734
v 4.641324668818018e+06 1.0283765995276605e+06 4.238119115367689e+06
vt 0.27005872 0.8434442
v 4.641322578665989e+06 1.0283760222259244e+06 4.2381162762339655e+06
vt 0.2857143 0.7690802
v 4.641325667401181e+06 1.0283768207802278e+06 4.238119361710481e+06
vt 0.2857143 0.86105675
v 4.641324632600008e+06 1.028376591502963e+06 4.238119156699869e+06
vt 0.27005872 0.8434442
v 4.64132552007999e+06 1.0283767881387882e+06 4.238119748665635e+06
vt 0.2857143 0.86105675
v 4.6413272827883735e+06 1.0283771786958984e+06 4.23812204073423e+06
vt 0.25636008 0.60665363
v 4.641324703402493e+06 1.0283766071904211e+06 4.238119221787467e+06
vt 0.2661448 0.6888454
v 4.641326679060491e+06 1.0283766452497493e+06 4.2381228260428e+06
vt 0.22504893 0.60665363
v 4.641327253920813e+06 1.0283771722998146e+06 4.238121417184739e+06
vt 0.25636008 0.60665363
v 4.6413235137227215e+06 1.0283754871396445e+06 4.238120275273866e+06
vt 0.21135029 0.6947162
v 4.641324632600008e+06 1.028376591502963e+06 4.238119156699869e+06
vt 0.2661448 0.69080234
v 4.641325679344284e+06 1.0283758527737497e+06 4.238123885709117e+06
vt 0.1780822 0.6105675
v 4.641322026949414e+06 1.028374301261918e+06 4.23812232429882e+06
vt 0.13111547 0.6947162
v 4.641324856634272e+06 1.0283750995173684e+06 4.238125108093321e+06
vt 0.12915851 0.6086106
v 4.64132186394497e+06 1.0283735799791209e+06 4.238124280221735e+06
vt 0.078277886 0.6712329
v 4.641322852261307e+06 1.0283733421795783e+06 4.238127712011044e+06
vt 0.021526419 0.6086106
v 4.641319771734448e+06 1.0283727167350969e+06 4.238123846444896e+06
vt 0.043052837 0.7123288
v 4.641319142179227e+06 1.028373148219144e+06 4.238121363643379e+06
vt 0.09001957 0.7553816
v 4.641322553807383e+06 1.0283752744545714e+06 4.238119765971789e+06
vt 0.20547946 0.7181996
v 4.641316012401624e+06 1.0283714841126348e+06 4.23812217861569e+06
vt 0.0019569471 0.79843444
v 4.641317462140377e+06 1.0283726617847447e+06 4.23812024479846e+06
vt 0.08023483 0.79843444
v 4.6413200773581285e+06 1.0283747257564011e+06 4.23811734015903e+06
vt 0.2074364 0.7925636
v 4.641321446494245e+06 1.0283758855686903e+06 4.238116227763531e+06
vt 0.2661448 0.7847358
v 4.641321729703751e+06 1.0283759483184268e+06 4.238116488113524e+06
vt 0.2661448 0.7749511
v 4.641321019230258e+06 1.0283757909013081e+06 4.238116058865725e+06
vt 0.26223093 0.7925636
v 4.641321593816231e+06 1.0283759182103061e+06 4.238115840807826e+06
vt 0.2661448 0.7847358
v 4.641322018630361e+06 1.0283760123348822e+06 4.238116231332698e+06
vt 0.2661448 0.7749511
v 4.641321060348154e+06 1.0283758000116564e+06 4.238115574279573e+06
vt 0.26223093 0.7925636
v 4.641324668818018e+06 1.0283765995276605e+06 4.238119115367689e+06
vt 0.2661448 0.69080234
v 4.641324632600008e+06 1.028376591502963e+06 4.238119156699869e+06
vt 0.2661448 0.69080234
v 4.641324668818018e+06 1.0283765995276605e+06 4.238119115367689e+06
vt 0.2661448 0.69080234
v 4.641324775838515e+06 1.0283766232398163e+06 4.238119139123107e+06
vt 0.2661448 0.6888454
v 4.641321060348154e+06 1.0283758000116564e+06 4.238115574279573e+06
vt 0.96477497 0.72015655
v 4.641320269272215e+06 1.028375624735736e+06 4.238115966453229e+06
vt 0.9510763 0.73189825
v 4.641321019230258e+06 1.0283757909013081e+06 4.238116058865725e+06
vt 0.96477497 0.72015655
v 4.641320241221337e+06 1.0283756185206017e+06 4.238115269027681e+06
vt 0.9510763 0.73189825
v 4.641320161393439e+06 1.0283754295422842e+06 4.238116057906048e+06
vt 0.9491194 0.73776907
v 4.6413198115067845e+06 1.0283755233102563e+06 4.238115321757572e+06
vt 0.93542075 0.72798437
v 4.6413200773581285e+06 1.0283747257564011e+06 4.23811734015903e+06
vt 0.96477497 0.7749511
v 4.641317462140377e+06 1.0283726617847447e+06 4.23812024479846e+06
vt 0.9589041 0.9041096
v 4.641317028266583e+06 1.0283734221104559e+06 4.238117251044815e+06
vt 0.91193736 0.83953035
v 4.641318134418766e+06 1.0283744665572752e+06 4.238115139542543e+06
vt 0.90215266 0.76516634
v 4.641313717824019e+06 1.02837200346084e+06 4.238116015072581e+06
vt 0.8375734 0.88454014
v 4.641316178561799e+06 1.0283740903019544e+06 4.238113054133818e+06
vt 0.8414873 0.7573385
v 4.641314282411203e+06 1.0283708724165547e+06 4.238121290186475e+06
vt 0.91780823 0.99804306
v 4.641312126480437e+06 1.0283707944148218e+06 4.238117818714934e+06
vt 0.8356164 0.962818
v 4.641316012401624e+06 1.0283714841126348e+06 4.23812217861569e+06
vt 0.960861 0.98043054
v 4.64131186213804e+06 1.0283710784286425e+06 4.238115776558059e+06
vt 0.8023483 0.9217221
v 4.641312517492215e+06 1.0283719087996416e+06 4.23811457175042e+06
vt 0.79843444 0.8747554
v 4.641313549850433e+06 1.0283733365764717e+06 4.238111499862882e+06
vt 0.7749511 0.778865
v 4.641315228529628e+06 1.0283742223898973e+06 4.238111575658525e+06
vt 0.80626225 0.74168295
v 4.64131688055939e+06 1.0283748739105283e+06 4.238111955745441e+06
vt 0.83953035 0.7162427
v 4.641316738137912e+06 1.028374842354701e+06 4.238111899446462e+06
vt 0.8356164 0.7162427
v 4.641317098683689e+06 1.0283749222395638e+06 4.238111633877176e+06
vt 0.83953035 0.7162427
v 4.641315674469454e+06 1.0283746066814136e+06 4.238111070885331e+06
vt 0.8082192 0.7181996
v 4.641316957079065e+06 1.0283748908647243e+06 4.238111503702298e+06
vt 0.8356164 0.7162427
v 4.641315608567028e+06 1.0283745920796446e+06 4.238110562543919e+06
vt 0.8082192 0.7181996
v 4.641317240288312e+06 1.0283749536144033e+06 4.238111764052053e+06
vt 0.8414873 0.7162427
v 4.641316915143691e+06 1.0283748815732504e+06 4.238112062165059e+06
vt 0.8414873 0.7162427
v 4.641317664285675e+06 1.0283750475580108e+06 4.238112228452903e+06
vt 0.8551859 0.7162427
v 4.641317303739898e+06 1.028374967673148e+06 4.23811249402219e+06
vt 0.8551859 0.7162427
v 4.641320241221337e+06 1.0283756185206017e+06 4.238115269027681e+06
vt 0.93542075 0.72798437
v 4.641315608567028e+06 1.0283745920796446e+06 4.238110562543919e+06
vt 0.407045 0.99804306
v 4.641314882576211e+06 1.0283744312244061e+06 4.238111536935756e+06
vt 0.42465752 0.99804306
v 4.641315674469454e+06 1.0283746066814136e+06 4.238111070885331e+06
vt 0.407045 0.99804306
v 4.641314638034917e+06 1.02837437704225e+06 4.238111013626835e+06
vt 0.42465752 0.99804306
v 4.641315228529628e+06 1.0283742223898973e+06 4.238111575658525e+06
vt 0.4187867 0.98630136
v 4.641314638034917e+06 1.02837437704225e+06 4.238111013626835e+06
vt 0.28375733 0.7358121
v 4.641314239638664e+06 1.0283742887709899e+06 4.238111468278679e+06
vt 0.29549903 0.74168295
v 4.641314882576211e+06 1.0283744312244061e+06 4.238111536935756e+06
vt 0.28375733 0.7358121
v 4.641313994280516e+06 1.0283742344078461e+06 4.238111018845657e+06
vt 0.29549903 0.74168295
v 4.641313549850433e+06 1.0283733365764717e+06 4.238111499862882e+06
vt 0.32093933 0.7240704
v 4.641315228529628e+06 1.0283742223898973e+06 4.238111575658525e+06
vt 0.27984345 0.7240704
v 4.641313994280516e+06 1.0283742344078461e+06 4.238111018845657e+06
vt 0.6262231 0.12915851
v 4.641313227171181e+06 1.0283740644421215e+06 4.2381124778243555e+06
vt 0.5851272 0.13894325
v 4.641314239638664e+06 1.0283742887709899e+06 4.238111468278679e+06
vt 0.6262231 0.12915851
v 4.6413128023573095e+06 1.028373970317603e+06 4.238112087299723e+06
vt 0.5851272 0.13894325
v 4.641313549850433e+06 1.0283733365764717e+06 4.238111499862882e+06
vt 0.60273975 0.11154599
v 4.641312782089601e+06 1.028373851632871e+06 4.238112867389471e+06
vt 0.5694716 0.1409002
v 4.641312721754604e+06 1.0283739524587439e+06 4.23811290872094e+06
vt 0.56751466 0.14285715
v 4.641312674821552e+06 1.0283728001161552e+06 4.23811309162587e+06
vt 0.54990214 0.11545988
v 4.641311564374101e+06 1.0283735247308762e+06 4.238114124926805e+06
vt 0.518591 0.15264188
v 4.641312517492215e+06 1.0283719087996416e+06 4.23811457175042e+06
vt 0.5088063 0.099804305
v 4.641311564415699e+06 1.028373696031223e+06 4.238114083594625e+06
vt 0.5205479 0.15655577
v 4.641312333158122e+06 1.0283738663587853e+06 4.238112476864838e+06
vt 0.56751466 0.14285715
v 4.6413114557619775e+06 1.0283736719571991e+06 4.238114207590809e+06
vt 0.51663405 0.15655577
v 4.641311103383125e+06 1.0283735938818534e+06 4.238113734401535e+06
vt 0.5205479 0.15655577
v 4.641307366558496e+06 1.0283726517326437e+06 4.238117515802174e+06
vt 0.36790606 0.19373778
v 4.641307522713465e+06 1.028372800525439e+06 4.2381173830178855e+06
vt 0.3737769 0.19569471
v 4.641309460538221e+06 1.0283726018130411e+06 4.23811583354741e+06
vt 0.43639922 0.16046967
v 4.641311103383125e+06 1.0283735938818534e+06 4.238113734401535e+06
vt 0.51663405 0.15655577
v 4.64130713411745e+06 1.0283727144255836e+06 4.2381169511612505e+06
vt 0.3737769 0.19569471
v 4.64130713411745e+06 1.0283727144255836e+06 4.2381169511612505e+06
vt 0.14872798 0.058708414
v 4.6413073778420435e+06 1.0283727684267864e+06 4.238117548345893e+06
vt 0.15655577 0.056751467
v 4.641307522713465e+06 1.028372800525439e+06 4.2381173830178855e+06
vt 0.14872798 0.058708414
v 4.641306916810162e+06 1.0283726662775703e+06 4.23811719915344e+06
vt 0.15655577 0.056751467
v 4.641307366558496e+06 1.0283726517326437e+06 4.238117515802174e+06
vt 0.15655577 0.06066536
v 4.641306916810162e+06 1.0283726662775703e+06 4.23811719915344e+06
vt 0.0058708414 0.6555773
v 4.641306249371348e+06 1.0283725183954929e+06 4.238119346769755e+06
vt 0.029354207 0.7064579
v 4.6413073778420435e+06 1.0283727684267864e+06 4.238117548345893e+06
vt 0.0058708414 0.6555773
v 4.641305785072009e+06 1.0283724155223178e+06 4.238119293079511e+06
vt 0.029354207 0.7064579
v 4.641307366558496e+06 1.0283726517326437e+06 4.238117515802174e+06
vt 0.0019569471 0.6555773
v 4.6413057430543555e+06 1.0283720636293764e+06 4.238119934205822e+06
vt 0.029354207 0.73189825
v 4.641304983197988e+06 1.0283707533268704e+06 4.238119909490692e+06
vt 0.0019569471 0.7592955
v 4.641305785072009e+06 1.0283724155223178e+06 4.238119293079511e+06
vt 0.62035227 0.18982388
v 4.641307696735814e+06 1.0283728390829582e+06 4.238121050441632e+06
vt 0.62035227 0.1409002
v 4.641306249371348e+06 1.0283725183954929e+06 4.238119346769755e+06
vt 0.62035227 0.18982388
v 4.641307372408369e+06 1.0283727672228641e+06 4.238121274678374e+06
vt 0.62035227 0.1409002
v 4.6413057430543555e+06 1.0283720636293764e+06 4.238119934205822e+06
vt 0.64579254 0.18590999
v 4.641308438526641e+06 1.0283730034389482e+06 4.238121881611238e+06
vt 0.6223092 0.11545988
v 4.64130721017868e+06 1.0283718748205965e+06 4.238123198057429e+06
vt 0.68101764 0.11154599
v 4.641309922109332e+06 1.0283733321511587e+06 4.238123543951404e+06
vt 0.62035227 0.0665362
v 4.641305245989897e+06 1.0283708115527505e+06 4.238122016734739e+06
vt 0.70841485 0.16046967
v 4.641305710872578e+06 1.0283706861660242e+06 4.2381231460175775e+06
vt 0.7221135 0.13502936
v 4.641306340784171e+06 1.0283709970254316e+06 4.2381243553541945e+06
vt 0.72602737 0.1037182
v 4.641308809573693e+06 1.0283721720949163e+06 4.238125179655984e+06
vt 0.6829746 0.05479452
v 4.641308390051626e+06 1.0283717936576664e+06 4.238126529605973e+06
vt 0.72015655 0.037181996
v 4.641310381508006e+06 1.0283734339385106e+06 4.238124040895796e+06
vt 0.62035227 0.050880626
v 4.6413096694008885e+06 1.0283732761594355e+06 4.238123759399874e+06
vt 0.62035227 0.0665362
v 4.641308113382466e+06 1.0283729313978944e+06 4.238122179723734e+06
vt 0.6223092 0.11545988
v 4.641310381508006e+06 1.0283734339385106e+06 4.238124040895796e+06
vt 0.25831702 0.444227
v 4.641309232144408e+06 1.0283731221810069e+06 4.238125585148088e+06
vt 0.3072407 0.42074364
v 4.641308809573693e+06 1.0283721720949163e+06 4.238125179655984e+06
vt 0.32289627 0.44618395
v 4.641309401175036e+06 1.0283732167295734e+06 4.238125378487901e+06
vt 0.2994129 0.42270058
v 4.641308757879665e+06 1.0283723319333579e+06 4.23812658329554e+06
vt 0.3483366 0.4187867
v 4.641308390051626e+06 1.0283717936576664e+06 4.238126529605973e+06
vt 0.3620352 0.43052837
v 4.6413096694008885e+06 1.0283732761594355e+06 4.238123759399874e+06
vt 0.25831702 0.444227
v 4.641309255486759e+06 1.0283731844499331e+06 4.238125617691807e+06
vt 0.3072407 0.4187867
v 4.641308903108755e+06 1.0283731063747754e+06 4.238125144502993e+06
vt 0.2994129 0.42270058
v 4.641309255486759e+06 1.0283731844499331e+06 4.238125617691807e+06
vt 0.96868885 0.7358121
v 4.641309219268904e+06 1.02837317642527e+06 4.238125659023809e+06
vt 0.96868885 0.7358121
v 4.641309232144408e+06 1.0283731221810069e+06 4.238125585148088e+06
vt 0.9706458 0.7358121
v 4.641308903108755e+06 1.0283731063747754e+06 4.238125144502993e+06
vt 0.96868885 0.7358121
v 4.641309147649893e+06 1.028373160556897e+06 4.238125667812091e+06
vt 0.96868885 0.73776907
v 4.641308903108755e+06 1.0283731063747754e+06 4.238125144502993e+06
vt 0.96868885 0.7358121
v 4.641308427334529e+06 1.0283728296680191e+06 4.238126166405881e+06
vt 0.9726027 0.76516634
v 4.6413083195391055e+06 1.0283729770752953e+06 4.238126175194164e+06
vt 0.96868885 0.7671233
v 4.641308757879665e+06 1.0283723319333579e+06 4.23812658329554e+06
vt 0.9941292 0.7690802
v 4.641307381957741e+06 1.028372769338682e+06 4.238126880448317e+06
vt 0.96868885 0.8003914
v 4.641307418175752e+06 1.0283727773633796e+06 4.238126839116138e+06
vt 0.96868885 0.8003914
v 4.641307966343899e+06 1.0283728988190731e+06 4.23812577588093e+06
vt 0.96868885 0.7671233
v 4.641307381957741e+06 1.028372769338682e+06 4.238126880448317e+06
vt 0.96868885 0.8003914
v 4.641307101198402e+06 1.0283727071318205e+06 4.238126398470902e+06
vt 0.96868885 0.8003914
v 4.641308759053878e+06 1.0283730744570417e+06 4.238125235955457e+06
vt 0.96868885 0.73776907
v 4.641307381957741e+06 1.028372769338682e+06 4.238126880448317e+06
vt 0.29745597 0.9667319
v 4.641307346556586e+06 1.0283727614949722e+06 4.238126847904598e+06
vt 0.29745597 0.96477497
v 4.641307381957741e+06 1.028372769338682e+06 4.238126880448317e+06
vt 0.29745597 0.9667319
v 4.641307101198402e+06 1.0283727071318205e+06 4.238126398470902e+06
vt 0.29745597 0.9667319
v 4.641306880624161e+06 1.0283726582599595e+06 4.238126941966155e+06
vt 0.29745597 0.95303327
v 4.641306886341212e+06 1.028372659526667e+06 4.238126424835928e+06
vt 0.29745597 0.96477497
v 4.64130580633818e+06 1.0283724202341841e+06 4.238127073790607e+06
vt 0.29745597 0.925636
v 4.641306886341212e+06 1.028372659526667e+06 4.238126424835928e+06
vt 0.29745597 0.95303327
v 4.641306822656116e+06 1.0283724170270333e+06 4.238126844334996e+06
vt 0.30332682 0.9510763
v 4.641305412025268e+06 1.0283723328676558e+06 4.238127159064021e+06
vt 0.29745597 0.9158513
v 4.641308390051626e+06 1.0283717936576664e+06 4.238126529605973e+06
vt 0.33463797 0.9882583
v 4.641306557873564e+06 1.0283716160965756e+06 4.238126158307161e+06
vt 0.33463797 0.94716245
v 4.641308757879665e+06 1.0283723319333579e+06 4.23812658329554e+06
vt 0.32093933 0.99804306
v 4.641305897935106e+06 1.0283713556822404e+06 4.238126574236947e+06
vt 0.33463797 0.92759293
v 4.641305560980342e+06 1.0283723658711092e+06 4.238126624357229e+06
vt 0.29745597 0.925636
v 4.641305023429408e+06 1.0283722467678349e+06 4.238126727207209e+06
vt 0.29745597 0.9158513
v 4.641305023429408e+06 1.0283722467678349e+06 4.238126727207209e+06
vt 0.46379647 0.29745597
v 4.641305411208413e+06 1.0283723326866681e+06 4.23812723293992e+06
vt 0.46183953 0.29745597
v 4.641305412025268e+06 1.0283723328676558e+06 4.238127159064021e+06
vt 0.46379647 0.29745597
v 4.641304947726589e+06 1.0283722299946266e+06 4.238127105374454e+06
vt 0.46183953 0.29745597
v 4.641305897935106e+06 1.0283713556822404e+06 4.238126574236947e+06
vt 0.46966732 0.26418787
v 4.641306006355939e+06 1.0283711513155133e+06 4.238127599709259e+06
vt 0.43835616 0.2661448
v 4.641305754603417e+06 1.0283724087714934e+06 4.238128518762306e+06
vt 0.42857143 0.30528376
v 4.641306306426359e+06 1.0283700187602234e+06 4.238126597992209e+06
vt 0.45401174 0.22896282
v 4.641306878148544e+06 1.0283684325185177e+06 4.238127014882188e+06
vt 0.42465752 0.18982388
v 4.641307735763119e+06 1.0283671380101363e+06 4.238126321026085e+06
vt 0.4324853 0.14677104
v 4.641307032805174e+06 1.0283676674246854e+06 4.238125061568368e+06
vt 0.46966732 0.15459883
v 4.641308040082704e+06 1.0283666915627933e+06 4.238124784602063e+06
vt 0.46771038 0.119373776
v 4.641305324072148e+06 1.0283723133801908e+06 4.238128645367582e+06
vt 0.42857143 0.30528376
v 4.641305324072148e+06 1.0283723133801908e+06 4.238128645367582e+06
vt 0.25244617 0.39530334
v 4.641305860806884e+06 1.028372432302623e+06 4.238128616393465e+06
vt 0.25244617 0.39334637
v 4.641305754603417e+06 1.0283724087714934e+06 4.238128518762306e+06
vt 0.25244617 0.39530334
v 4.641305607281742e+06 1.0283723761299466e+06 4.238128905717656e+06
vt 0.25244617 0.39334637
v 4.6413088762182165e+06 1.0283714445975899e+06 4.238130096788823e+06
vt 0.30528376 0.32681018
v 4.641307810321579e+06 1.0283728642497524e+06 4.238130184671486e+06
vt 0.25440314 0.3365949
v 4.641306006355939e+06 1.0283711513155133e+06 4.238127599709259e+06
vt 0.29549903 0.40900195
v 4.641309407789258e+06 1.02836973526565e+06 4.238129857584919e+06
vt 0.3561644 0.32681018
v 4.641311300333044e+06 1.0283714107287949e+06 4.2381319905043375e+06
vt 0.32289627 0.25831702
v 4.641306878148544e+06 1.0283684325185177e+06 4.238127014882188e+06
vt 0.37964776 0.4148728
v 4.641309953910439e+06 1.0283681433525968e+06 4.2381293554218495e+06
vt 0.407045 0.33072406
v 4.641311490684978e+06 1.0283692261138548e+06 4.2381314346515015e+06
vt 0.38356164 0.27201566
v 4.641307735763119e+06 1.0283671380101363e+06 4.238126321026085e+06
vt 0.42857143 0.4148728
v 4.641313893934051e+06 1.0283685024544583e+06 4.238132131387648e+06
vt 0.42857143 0.22504893
v 4.641313819146139e+06 1.0283696278277596e+06 4.238133254491037e+06
vt 0.3894325 0.20547946
v 4.641309975303222e+06 1.0283724874795341e+06 4.238131859369286e+06
vt 0.27984345 0.2778865
v 4.641309330938439e+06 1.0283732011674936e+06 4.238131731804013e+06
vt 0.25244617 0.28767124
v 4.641309632548524e+06 1.0283731538000947e+06 4.238132509284255e+06
vt 0.25244617 0.27201566
v 4.641309612514482e+06 1.0283732635553092e+06 4.23813213990539e+06
vt 0.25244617 0.27592954
v 4.641309293903884e+06 1.0283731929618771e+06 4.238131847011737e+06
vt 0.25244617 0.28767124
v 4.641309573029738e+06 1.0283732548068129e+06 4.238132476740515e+06
vt 0.2485323 0.27201566
v 4.641309180350095e+06 1.0283731678021624e+06 4.238132414262367e+06
vt 0.25244617 0.27592954
v 4.6413099270414915e+06 1.0283733332439548e+06 4.238132802177888e+06
vt 0.25048923 0.26027396
v 4.641309180350095e+06 1.0283731678021624e+06 4.238132414262367e+06
vt 0.2485323 0.27201566
v 4.641309673516349e+06 1.0283732770712783e+06 4.23813309150208e+06
vt 0.25048923 0.26027396
v 4.641308864189729e+06 1.0283730977516198e+06 4.238131899741353e+06
vt 0.25244617 0.28767124
v 4.641308864189729e+06 1.0283730977516198e+06 4.238131899741353e+06
vt 0.25244617 0.28767124
v 4.641308122398421e+06 1.028372933395523e+06 4.238131068571405e+06
vt 0.25440314 0.31702545
v 4.641308447542732e+06 1.0283730054366069e+06 4.238130770458753e+06
vt 0.25440314 0.31702545
v 4.641307520578424e+06 1.0283728000523783e+06 4.238130515327856e+06
vt 0.25440314 0.3365949
v 4.641309673516349e+06 1.0283732770712783e+06 4.23813309150208e+06
vt 0.56751466 0.66536206
v 4.641312480826502e+06 1.0283738990771375e+06 4.238134702072176e+06
vt 0.6379648 0.6614481
v 4.6413099270414915e+06 1.0283733332439548e+06 4.238132802177888e+06
vt 0.56751466 0.66536206
v 4.64131204866218e+06 1.0283738033240051e+06 4.238134976429213e+06
vt 0.6379648 0.6614481
v 4.64131261355644e+06 1.0283736429994507e+06 4.238134619408173e+06
vt 0.6379648 0.65362036
v 4.641312788029459e+06 1.0283733390735884e+06 4.238135086418275e+06
vt 0.64579254 0.6477495
v 4.641309632548524e+06 1.0283731538000947e+06 4.238132509284255e+06
vt 0.555773 0.6614481
v 4.641311300333044e+06 1.0283714107287949e+06 4.2381319905043375e+06
vt 0.5694716 0.592955
v 4.64131389904521e+06 1.0283715868360498e+06 4.23813422723381e+06
vt 0.6438356 0.5812133
v 4.641313819146139e+06 1.0283696278277596e+06 4.238133254491037e+06
vt 0.6223092 0.52446187
v 4.641314570033946e+06 1.0283717355046693e+06 4.23813499331608e+06
vt 0.667319 0.58317024
v 4.64131547814239e+06 1.0283701666978433e+06 4.238135185969307e+06
vt 0.67906064 0.5303327
v 4.641317678137398e+06 1.0283723099611803e+06 4.238137455242831e+06
vt 0.7553816 0.5772994
v 4.641316161160047e+06 1.028368662212529e+06 4.238134149099446e+06
vt 0.66927594 0.4774951
v 4.641318472800845e+06 1.0283704305335283e+06 4.2381371896739025e+06
vt 0.7573385 0.5146771
v 4.641313893934051e+06 1.0283685024544583e+06 4.238132131387648e+06
vt 0.60273975 0.4853229
v 4.641314609917603e+06 1.0283678046348182e+06 4.238132250164736e+06
vt 0.61252445 0.4598826
v 4.641315824758535e+06 1.0283678454141984e+06 4.238133471859715e+06
vt 0.6516634 0.45596868
v 4.641316839375094e+06 1.0283682986078903e+06 4.238134374295716e+06
vt 0.6829746 0.4598826
v 4.641319285379229e+06 1.0283698112131094e+06 4.238137184454728e+06
vt 0.7690802 0.4892368
v 4.641319821865964e+06 1.0283689023308821e+06 4.238137403473297e+06
vt 0.77690804 0.4598826
v 4.641318488999704e+06 1.028371347677299e+06 4.238137680439103e+06
vt 0.7690802 0.5440313
v 4.641318585387664e+06 1.0283705696730809e+06 4.238137763103108e+06
vt 0.7690802 0.52250487
v 4.641317099757686e+06 1.0283733808534341e+06 4.238137753355125e+06
vt 0.7553816 0.6144814
v 4.6413138219458675e+06 1.0283740249331187e+06 4.238136349445114e+06
vt 0.6829746 0.6594912
v 4.641313077745991e+06 1.0283740313344937e+06 4.238135698570407e+06
vt 0.6614481 0.66536206
v 4.641316268752262e+06 1.0283747383545549e+06 4.238138184252062e+06
vt 0.75342464 0.6614481
v 4.641313784952912e+06 1.0283741880278491e+06 4.238136423320658e+06
vt 0.6849315 0.66536206
v 4.641316233351106e+06 1.028374730510845e+06 4.238138151708343e+06
vt 0.7514677 0.6614481
v 4.641313566828924e+06 1.0283741396988825e+06 4.238136745188568e+06
vt 0.6849315 0.66536206
v 4.641316268752262e+06 1.0283747383545549e+06 4.238138184252062e+06
vt 0.75342464 0.6614481
v 4.641316014410264e+06 1.0283746820008906e+06 4.238138547452152e+06
vt 0.7514677 0.6614481
v 4.641316192232898e+06 1.0283747214004277e+06 4.23813863629485e+06
vt 0.75342464 0.6614481
v 4.641312824220848e+06 1.0283739751618172e+06 4.238135987894598e+06
vt 0.6614481 0.66536206
v 4.641312151598539e+06 1.0283738261312527e+06 4.238135369563611e+06
vt 0.64579254 0.66536206
v 4.641312546728479e+06 1.0283739136788071e+06 4.238135210414457e+06
vt 0.64579254 0.66536206
v 4.64131204866218e+06 1.0283738033240051e+06 4.238134976429213e+06
vt 0.64187866 0.66536206
v 4.641312477559704e+06 1.0283738983533244e+06 4.238134997575061e+06
vt 0.64187866 0.66536206
v 4.641316192232898e+06 1.0283747214004277e+06 4.23813863629485e+06
vt 0.7906067 0.2485323
v 4.641316304153417e+06 1.0283747461982648e+06 4.238138216795782e+06
vt 0.7906067 0.2485323
v 4.641316268752262e+06 1.0283747383545549e+06 4.238138184252062e+06
vt 0.7906067 0.2485323
v 4.641316334654066e+06 1.0283747529561861e+06 4.238138692594184e+06
vt 0.7906067 0.2485323
v 4.641316268752262e+06 1.0283747383545549e+06 4.238138184252062e+06
vt 0.7906067 0.2485323
v 4.641316375772273e+06 1.0283747620666033e+06 4.2381382080076765e+06
vt 0.7886497 0.2485323
v 4.641317099757686e+06 1.0283733808534341e+06 4.238137753355125e+06
vt 0.7906067 0.20156556
v 4.6413180551450495e+06 1.0283751341593366e+06 4.2381383339238865e+06
vt 0.74951077 0.23483366
v 4.641316477892399e+06 1.0283747846930011e+06 4.238138675017264e+06
vt 0.7886497 0.2485323
v 4.641319629518865e+06 1.0283729707110747e+06 4.238137726300718e+06
vt 0.74168295 0.15851273
v 4.641318447824873e+06 1.0283752211640272e+06 4.23813839640156e+06
vt 0.739726 0.23287672
v 4.641317678137398e+06 1.0283723099611803e+06 4.238137455242831e+06
vt 0.7906067 0.16634052
v 4.641318488999704e+06 1.028371347677299e+06 4.238137680439103e+06
vt 0.7886497 0.13502936
v 4.641317764585352e+06 1.0283750697810437e+06 4.238138738455801e+06
vt 0.74951077 0.23483366
v 4.641318447824873e+06 1.0283752211640272e+06 4.23813839640156e+06
vt 0.66340506 0.2035225
v 4.6413188165829675e+06 1.0283728476887632e+06 4.238139004984255e+06
vt 0.64579254 0.27005872
v 4.641319629518865e+06 1.0283729707110747e+06 4.238137726300718e+06
vt 0.6888454 0.27201566
v 4.641318339171152e+06 1.0283751970900033e+06 4.238138520397743e+06
vt 0.6594912 0.2035225
v 4.64131847758089e+06 1.0283721445088085e+06 4.2381396161763575e+06
vt 0.62035227 0.2857143
v 4.641319399904579e+06 1.0283719491835758e+06 4.238138222285098e+06
vt 0.667319 0.29745597
v 4.64131892174782e+06 1.0283712151716071e+06 4.238138481675337e+06
vt 0.6497065 0.31506848
v 4.641317764585352e+06 1.0283750697810437e+06 4.238138738455801e+06
vt 0.66340506 0.2035225
v 4.6413181564483205e+06 1.0283751566047466e+06 4.238138874809373e+06
vt 0.6477495 0.2035225
v 4.641317764585352e+06 1.0283750697810437e+06 4.238138738455801e+06
vt 0.6594912 0.2035225
v 4.6413180952134775e+06 1.0283749146480071e+06 4.238139072681101e+06
vt 0.6399217 0.20939335
v 4.641318046978055e+06 1.0283751323498038e+06 4.2381390726811e+06
vt 0.6399217 0.2035225
v 4.641317753968104e+06 1.0283750674286167e+06 4.238139698840356e+06
vt 0.62035227 0.2035225
v 4.641317973725489e+06 1.0283751161194898e+06 4.238139229221003e+06
vt 0.63600785 0.2035225
v 4.641317974542344e+06 1.0283751163004775e+06 4.238139155345105e+06
vt 0.6379648 0.2035225
v 4.6413174764759075e+06 1.028375005945645e+06 4.238138921360374e+06
vt 0.63600785 0.2035225
v 4.641317548911618e+06 1.0283750219949713e+06 4.238138838696371e+06
vt 0.6379648 0.2035225
v 4.641317288852569e+06 1.0283749643745997e+06 4.238139719026688e+06
vt 0.62035227 0.2035225
v 4.641317764585352e+06 1.0283750697810437e+06 4.238138738455801e+06
vt 0.6399217 0.2035225
v 4.641317764585352e+06 1.0283750697810437e+06 4.238138738455801e+06
vt 0.6477495 0.2035225
v 4.641317288852569e+06 1.0283749643745997e+06 4.238139719026688e+06
vt 0.66536206 0.53816044
v 4.64131825040083e+06 1.0283751774214738e+06 4.238140080576885e+06
vt 0.66536206 0.5518591
v 4.641317753968104e+06 1.0283750674286167e+06 4.238139698840356e+06
vt 0.66536206 0.53816044
v 4.641317996059143e+06 1.0283751210678784e+06 4.23814044377662e+06
vt 0.66536206 0.5518591
v 4.6413188165829675e+06 1.0283728476887632e+06 4.238139004984255e+06
vt 0.7358121 0.5362035
v 4.64131888921444e+06 1.0283751476700337e+06 4.238140559944852e+06
vt 0.6712329 0.5694716
v 4.641318816820017e+06 1.0283753029209853e+06 4.238140601277031e+06
vt 0.66536206 0.5694716
v 4.641319950195906e+06 1.0283729275682736e+06 4.238140013840194e+06
vt 0.74168295 0.5694716
v 4.641318816820017e+06 1.0283753029209853e+06 4.238140601277031e+06
vt 0.51663405 0.18395303
v 4.641318623630494e+06 1.0283751459225736e+06 4.238140849269044e+06
vt 0.518591 0.19373778
v 4.64131888921444e+06 1.0283751476700337e+06 4.238140559944852e+06
vt 0.5107632 0.18395303
v 4.6413185632948745e+06 1.0283752467483088e+06 4.238140890601222e+06
vt 0.5205479 0.19373778
v 4.641319300806821e+06 1.0283731262686492e+06 4.238140453525593e+06
vt 0.45596868 0.20156556
v 4.641317990342785e+06 1.0283751198013246e+06 4.2381409609074835e+06
vt 0.52446187 0.2074364
v 4.641319950195906e+06 1.0283729275682736e+06 4.238140013840194e+06
vt 0.43835616 0.18395303
v 4.641318842643455e+06 1.0283721111993757e+06 4.238141123626086e+06
vt 0.43835616 0.23679061
v 4.6413173214922855e+06 1.0283717741632478e+06 4.238142859571587e+06
vt 0.46183953 0.2994129
v 4.641317979503672e+06 1.0283734615805997e+06 4.238141226476418e+06
vt 0.48336595 0.23287672
v 4.641316704681787e+06 1.028370438457869e+06 4.238143925416245e+06
vt 0.44227007 0.34637964
v 4.641315256535457e+06 1.0283690898474567e+06 4.238145752813503e+06
vt 0.43835616 0.42270058
v 4.641315244476653e+06 1.0283691442726731e+06 4.238145752813503e+06
vt 0.43835616 0.42270058
v 4.6413146461869525e+06 1.028370838821994e+06 4.238145557551184e+06
vt 0.48727983 0.407045
v 4.641314900973178e+06 1.0283693536500072e+06 4.238145492463747e+06
vt 0.43835616 0.42270058
v 4.641314268832349e+06 1.0283706981158155e+06 4.238145199569633e+06
vt 0.48727983 0.407045
v 4.6413142567735445e+06 1.0283707525410319e+06 4.238145199569633e+06
vt 0.4892368 0.407045
v 4.6413146461869525e+06 1.028370838821994e+06 4.238145557551184e+06
vt 0.4892368 0.407045
v 4.641316612140002e+06 1.0283736153969286e+06 4.238142968600613e+06
vt 0.518591 0.28767124
v 4.641314220596925e+06 1.0283709158176122e+06 4.238145199569633e+06
vt 0.49315068 0.40508807
v 4.64131459795153e+06 1.0283710565237908e+06 4.238145557551183e+06
vt 0.49315068 0.40508807
v 4.64131448995976e+06 1.028373773261351e+06 4.238145020234975e+06
vt 0.5596869 0.36007828
v 4.641313509125623e+06 1.0283741269137597e+06 4.238145199569627e+06
vt 0.58317024 0.37573385
v 4.64131389853903e+06 1.0283742131947218e+06 4.238145557551177e+06
vt 0.58317024 0.37573385
v 4.641314043410452e+06 1.0283742452933745e+06 4.238145392223169e+06
vt 0.5812133 0.369863
v 4.641314514242727e+06 1.0283743496140299e+06 4.238144854906967e+06
vt 0.5753425 0.35029355
v 4.641313509125623e+06 1.0283741269137597e+06 4.238145199569627e+06
vt 0.5812133 0.369863
v 4.641314124829319e+06 1.0283742633330678e+06 4.238144496925416e+06
vt 0.5753425 0.35029355
v 4.641314958657313e+06 1.0283744480814112e+06 4.23814347241294e+06
vt 0.56164384 0.31311154
v 4.641315383471877e+06 1.0283745422060833e+06 4.238143862938209e+06
vt 0.56164384 0.31311154
v 4.641316042743964e+06 1.0283746882786871e+06 4.238142454078803e+06
vt 0.54990214 0.2778865
v 4.641316393488796e+06 1.0283747659919885e+06 4.238143075020229e+06
vt 0.54990214 0.2778865
v 4.641316319337319e+06 1.0283744069792686e+06 4.238143388099326e+06
vt 0.5440313 0.28962818
v 4.641316541627637e+06 1.028374798814592e+06 4.238142614188626e+06
vt 0.54598826 0.2661448
v 4.641316042743964e+06 1.0283746882786871e+06 4.238142454078803e+06
vt 0.54598826 0.2661448
v 4.641316588462204e+06 1.0283748091915629e+06 4.238141612471255e+06
vt 0.53816044 0.24657534
v 4.641317013276767e+06 1.028374903316235e+06 4.238142002996525e+06
vt 0.53816044 0.24657534
v 4.641317637147076e+06 1.0283750415449911e+06 4.238140561594108e+06
vt 0.52446187 0.2074364
v 4.641317990342785e+06 1.0283751198013246e+06 4.2381409609074835e+06
vt 0.52446187 0.2074364
v 4.641317744983943e+06 1.0283750654380273e+06 4.238140511473823e+06
vt 0.52446187 0.2074364
v 4.641317995242981e+06 1.0283751208870442e+06 4.238140517653155e+06
vt 0.52446187 0.2035225
v 4.641318133580807e+06 1.0283751515380706e+06 4.238140943330918e+06
vt 0.52446187 0.2035225
v 4.6413185632948745e+06 1.0283752467483088e+06 4.238140890601222e+06
vt 0.5205479 0.19373778
v 4.641317995242981e+06 1.0283751208870442e+06 4.238140517653155e+06
vt 0.5205479 0.19373778
v 4.641317996059143e+06 1.0283751210678784e+06 4.23814044377662e+06
vt 0.5205479 0.19373778
v 4.641317996059143e+06 1.0283751210678784e+06 4.23814044377662e+06
vt 0.51663405 0.18395303
v 4.641315256535457e+06 1.0283690898474567e+06 4.238145752813503e+06
vt 0.2407045 0.21526419
v 4.641313993376699e+06 1.0283689241678902e+06 4.238144613782687e+06
vt 0.2407045 0.17612524
v 4.641316704681787e+06 1.028370438457869e+06 4.238143925416245e+06
vt 0.16438356 0.21330725
v 4.641314900973178e+06 1.0283693536500072e+06 4.238145492463747e+06
vt 0.2407045 0.21526419
v 4.641312616039116e+06 1.0283687902881425e+06 4.238143007741928e+06
vt 0.23091976 0.13111547
v 4.64131238826498e+06 1.0283686256269398e+06 4.238143149314677e+06
vt 0.2407045 0.12915851
v 4.64131323840065e+06 1.0283694420569715e+06 4.23814159009509e+06
vt 0.18590999 0.12133072
v 4.641314251074263e+06 1.0283705228900914e+06 4.238140373889933e+06
vt 0.13111547 0.12133072
v 4.641317578393009e+06 1.0283715455976469e+06 4.238141249271526e+06
vt 0.08219178 0.19178082
v 4.641314807259817e+06 1.0283707603162602e+06 4.238139638701294e+06
vt 0.105675146 0.12133072
v 4.641318842643455e+06 1.0283721111993757e+06 4.238141123626086e+06
vt 0.05479452 0.21135029
v 4.641316049382909e+06 1.028372177472913e+06 4.238138091840085e+06
vt 0.037181996 0.12133072
v 4.64131847758089e+06 1.0283721445088085e+06 4.2381396161763575e+06
vt 0.02739726 0.18395303
v 4.641319950195906e+06 1.0283729275682736e+06 4.238140013840194e+06
vt 0.0039138943 0.21526419
v 4.6413188165829675e+06 1.0283728476887632e+06 4.238139004984255e+06
vt 0.0019569471 0.18199609
v 4.641313944365813e+06 1.0283693129899771e+06 4.238144646326406e+06
vt 0.2407045 0.17612524
v 4.641312126847019e+06 1.0283689673857596e+06 4.238142986595761e+06
vt 0.2407045 0.12915851
v 4.641312126847019e+06 1.0283689673857596e+06 4.238142986595761e+06
vt 0.0058708414 0.56751466
v 4.641312212809574e+06 1.0283682441686643e+06 4.238142921508323e+06
vt 0.015655577 0.5714286
v 4.64131238826498e+06 1.0283686256269398e+06 4.238143149314677e+06
vt 0.0058708414 0.56751466
v 4.6413117872201e+06 1.0283683211634281e+06 4.238142563527091e+06
vt 0.015655577 0.5714286
v 4.641312616039116e+06 1.0283687902881425e+06 4.238143007741928e+06
vt 0.0058708414 0.55772996
v 4.641312393899007e+06 1.0283682842920145e+06 4.2381427148481365e+06
vt 0.017612524 0.5636008
v 4.641312261044997e+06 1.0283680264668677e+06 4.238142921508324e+06
vt 0.021526419 0.57338554
v 4.64131323840065e+06 1.0283694420569715e+06 4.23814159009509e+06
vt 0.007827789 0.5107632
v 4.64131489063728e+06 1.02836609681966e+06 4.238140672002237e+06
vt 0.12524462 0.5146771
v 4.641313682489146e+06 1.0283655436488112e+06 4.238142192498738e+06
vt 0.11154599 0.5714286
v 4.641314807259817e+06 1.0283707603162602e+06 4.238139638701294e+06
vt 0.009784736 0.42857143
v 4.641315784232491e+06 1.0283672083655514e+06 4.238139432041112e+06
vt 0.11741683 0.4598826
v 4.641314251074263e+06 1.0283705228900914e+06 4.238140373889933e+06
vt 0.0019569471 0.45596868
v 4.641316319209344e+06 1.0283668130236401e+06 4.238139674814977e+06
vt 0.1330724 0.4598826
v 4.641317304649173e+06 1.0283678878221784e+06 4.23813768730786e+06
vt 0.1330724 0.39138943
v 4.641316049382909e+06 1.028372177472913e+06 4.238138091840085e+06
vt 0.0019569471 0.35812134
v 4.641317956044216e+06 1.0283692311908217e+06 4.238136727883139e+06
vt 0.11545988 0.34246576
v 4.641318142493187e+06 1.0283685302381489e+06 4.238137277557086e+06
vt 0.1330724 0.36007828
v 4.641316948947349e+06 1.0283716916197762e+06 4.23813774099774e+06
vt 0.02739726 0.3444227
v 4.641312790083106e+06 1.0283659739904776e+06 4.238142986595767e+06
vt 0.08219178 0.59491193
v 4.641313065885951e+06 1.0283650644469676e+06 4.238143051683526e+06
vt 0.10763209 0.6046967
v 4.641312377327693e+06 1.0283658254406659e+06 4.238142596070816e+06
vt 0.08219178 0.59491193
v 4.64131183623078e+06 1.0283679323422724e+06 4.238142530983373e+06
vt 0.021526419 0.57338554
v 4.641312700590254e+06 1.028364869315107e+06 4.238142693701975e+06
vt 0.10763209 0.6046967
v 4.641312700590254e+06 1.028364869315107e+06 4.238142693701975e+06
vt 0.9158513 0.47553816
v 4.641313469683548e+06 1.0283645829430859e+06 4.238143312033282e+06
vt 0.9217221 0.49510762
v 4.641313065885951e+06 1.0283650644469676e+06 4.238143051683526e+06
vt 0.9158513 0.47553816
v 4.641313199308222e+06 1.0283642946478236e+06 4.238143019139489e+06
vt 0.9217221 0.49510762
v 4.641313682489146e+06 1.0283655436488112e+06 4.238142192498738e+06
vt 0.8864971 0.4774951
v 4.641313682865844e+06 1.0283644588855206e+06 4.2381434747518785e+06
vt 0.92367905 0.5029354
v 4.641314540976909e+06 1.0283652199860773e+06 4.238142284911394e+06
vt 0.8806262 0.5029354
v 4.64131489063728e+06 1.02836609681966e+06 4.238140672002237e+06
vt 0.83365947 0.4892368
v 4.641313436608472e+06 1.0283640617399021e+06 4.238143181858405e+06
vt 0.92367905 0.5029354
v 4.641313436608472e+06 1.0283640617399021e+06 4.238143181858405e+06
vt 0.9491194 0.74951077
v 4.64131414385623e+06 1.0283643897339243e+06 4.238143865276512e+06
vt 0.9334638 0.7475538
v 4.641313682865844e+06 1.0283644588855206e+06 4.2381434747518785e+06
vt 0.9491194 0.74951077
v 4.64131396840117e+06 1.0283640082757256e+06 4.238143637470476e+06
vt 0.9334638 0.7475538
v 4.641314540976909e+06 1.0283652199860773e+06 4.238142284911394e+06
vt 0.94716245 0.7964775
v 4.641314786795092e+06 1.0283645321876319e+06 4.238143933933516e+06
vt 0.9217221 0.7592955
v 4.641314569446154e+06 1.0283643127387718e+06 4.238144223258062e+06
vt 0.9217221 0.7455969
v 4.641315825178734e+06 1.0283653332305511e+06 4.238142611308742e+06
vt 0.9217221 0.8121331
v 4.641316296176367e+06 1.028366122754318e+06 4.238141908664531e+06
vt 0.9217221 0.8434442
v 4.641316319209344e+06 1.0283668130236401e+06 4.238139674814977e+06
vt 0.9510763 0.8982387
v 4.641317154245244e+06 1.0283667125539089e+06 4.238140760155588e+06
vt 0.9217221 0.8864971
v 4.64131489063728e+06 1.02836609681966e+06 4.238140672002237e+06
vt 0.962818 0.84540117
v 4.641317362885167e+06 1.0283673297534233e+06 4.238140092663798e+06
vt 0.92759293 0.9138943
v 4.641318823049219e+06 1.0283684526374103e+06 4.238138306598364e+06
vt 0.92367905 0.98630136
v 4.641317304649173e+06 1.0283678878221784e+06 4.23813768730786e+06
vt 0.960861 0.9667319
v 4.641318142493187e+06 1.0283685302381489e+06 4.238137277557086e+06
vt 0.9510763 0.99804306
v 4.641314569446154e+06 1.0283643127387718e+06 4.238144223258062e+06
vt 0.007827789 0.555773
v 4.64131417029997e+06 1.0283637675237849e+06 4.238143767645354e+06
vt 0.0019569471 0.5772994
v 4.641314786795092e+06 1.0283645321876319e+06 4.238143933933516e+06
vt 0.019569471 0.555773
v 4.64131396840117e+06 1.0283640082757256e+06 4.238143637470476e+06
vt 0.007827789 0.555773
v 4.641314341780489e+06 1.0283638626154097e+06 4.238143339358181e+06
vt 0.01369863 0.58317024
v 4.641314076155358e+06 1.0283636895672061e+06 4.238143670014197e+06
vt 0.0019569471 0.5812133
v 4.641315825178734e+06 1.0283653332305511e+06 4.238142611308742e+06
vt 0.0665362 0.56164384
v 4.64131396840117e+06 1.0283640082757256e+06 4.238143637470476e+06
vt 0.0019569471 0.5772994
v 4.641314076155358e+06 1.0283636895672061e+06 4.238143670014197e+06
vt 0.4853229 0.6829746
v 4.641313710084943e+06 1.0283636655555564e+06 4.238143344577002e+06
vt 0.47358122 0.6829746
v 4.641314341780489e+06 1.0283638626154097e+06 4.238143339358181e+06
vt 0.4853229 0.6966732
v 4.64131396840117e+06 1.0283640082757256e+06 4.238143637470476e+06
vt 0.4853229 0.6829746
v 4.641311324596536e+06 1.0283635366917861e+06 4.238141229233967e+06
vt 0.40508807 0.68688846
v 4.641313436608472e+06 1.0283640617399021e+06 4.238143181858405e+06
vt 0.47358122 0.6829746
v 4.641311482385215e+06 1.0283636858465569e+06 4.238140948697881e+06
vt 0.40313113 0.6966732
v 4.64131041700023e+06 1.0283631072097076e+06 4.2381403505530665e+06
vt 0.37573385 0.6849315
v 4.641312775777087e+06 1.0283646575853294e+06 4.2381402558019655e+06
vt 0.41682974 0.7455969
v 4.641312375814446e+06 1.0283641121891988e+06 4.238139874065475e+06
vt 0.40313113 0.739726
v 4.641315702165818e+06 1.0283652488779678e+06 4.238141890127458e+06
vt 0.49119374 0.7671233
v 4.64131724114914e+06 1.0283665034202386e+06 4.238140497195713e+06
vt 0.49902153 0.8375734
v 4.641315825178734e+06 1.0283653332305511e+06 4.238142611308742e+06
vt 0.5029354 0.7553816
v 4.641314793800863e+06 1.0283661895585317e+06 4.2381375454649795e+06
vt 0.4148728 0.8551859
v 4.641313422256229e+06 1.0283652005037256e+06 4.238138838155126e+06
vt 0.40900195 0.79452056
v 4.641316101386189e+06 1.0283665363726674e+06 4.238137863073549e+06
vt 0.4403131 0.8747554
v 4.64131523262323e+06 1.0283668006617195e+06 4.238136556104959e+06
vt 0.40900195 0.8923679
v 4.641318289099837e+06 1.0283670781942349e+06 4.238139437530461e+06
vt 0.50097847 0.88454014
v 4.641319253498052e+06 1.0283682054276994e+06 4.238138262657411e+06
vt 0.5029354 0.9412916
v 4.64131567471212e+06 1.0283674124886594e+06 4.238135271243082e+06
vt 0.39921722 0.9334638
v 4.641314911397214e+06 1.0283660443223247e+06 4.238136650166836e+06
vt 0.40117416 0.8747554
v 4.641316839375094e+06 1.0283682986078903e+06 4.238134374295716e+06
vt 0.407045 0.9823875
v 4.6413147091889875e+06 1.028366913074894e+06 4.238134253598684e+06
vt 0.36594912 0.9315069
v 4.641319821865964e+06 1.0283689023308821e+06 4.238137403473297e+06
vt 0.5029354 0.9765166
v 4.641313644662353e+06 1.0283665059198448e+06 4.238133540245791e+06
vt 0.3365949 0.92367905
v 4.641315824758535e+06 1.0283678454141984e+06 4.238133471859715e+06
vt 0.37573385 0.9784736
v 4.64131416867164e+06 1.0283665649257011e+06 4.238132518343081e+06
vt 0.32876712 0.95303327
v 4.641313053685955e+06 1.028365404327099e+06 4.238134375674646e+06
vt 0.33463797 0.88258314
v 4.641311698791249e+06 1.0283649899332589e+06 4.238132958717471e+06
vt 0.28962818 0.88454014
v 4.641310873796843e+06 1.0283649213367174e+06 4.238134237400733e+06
vt 0.29745597 0.8414873
v 4.641313243574013e+06 1.0283665883437287e+06 4.2381309659918705e+06
vt 0.28962818 0.9706458
v 4.641314831959885e+06 1.028367168665474e+06 4.23813172424605e+06
vt 0.32876712 0.9882583
v 4.641313748298263e+06 1.0283672140485651e+06 4.238130484974685e+06
vt 0.2935421 0.99804306
v 4.641313123329706e+06 1.0283654768548625e+06 4.238136689578792e+06
vt 0.37181997 0.8356164
v 4.641308845305855e+06 1.0283632728497568e+06 4.23813684131881e+06
vt 0.2994129 0.7338552
v 4.641309767836084e+06 1.0283639340293552e+06 4.238135240767262e+06
vt 0.29158512 0.7906067
v 4.6413078455486065e+06 1.0283623090735337e+06 4.238137942316538e+06
vt 0.29549903 0.68101764
v 4.641307868890928e+06 1.0283623713426976e+06 4.238137974860277e+06
vt 0.29549903 0.6829746
v 4.64130804512153e+06 1.0283625816808677e+06 4.238138170122712e+06
vt 0.30332682 0.6849315
v 4.641307525387361e+06 1.0283625807197669e+06 4.238137714510388e+06
vt 0.29549903 0.6829746
v 4.641307819104881e+06 1.0283629312839204e+06 4.238138039947755e+06
vt 0.30332682 0.6849315
v 4.641307432017986e+06 1.0283623316435803e+06 4.238137584335445e+06
vt 0.29549903 0.68101764
v 4.641308161057808e+06 1.028363064146274e+06 4.238138365385108e+06
vt 0.30919766 0.6849315
v 4.641308257528552e+06 1.0283626287431461e+06 4.238138365385109e+06
vt 0.30919766 0.6849315
v 4.641309553762516e+06 1.0283633156259251e+06 4.23813963459092e+06
vt 0.3522505 0.6849315
v 4.6413096502332585e+06 1.0283628802227972e+06 4.238139634590921e+06
vt 0.3522505 0.6849315
v 4.641310496827403e+06 1.0283632961883529e+06 4.238139561675409e+06
vt 0.36594912 0.704501
v 4.641310120181183e+06 1.0283634411253214e+06 4.23814015529059e+06
vt 0.36399218 0.6849315
v 4.641310075047303e+06 1.028362974347354e+06 4.2381400251157135e+06
vt 0.36399218 0.6849315
v 4.641310120181183e+06 1.0283634411253214e+06 4.23814015529059e+06
vt 0.37573385 0.6849315
v 4.641311240184701e+06 1.028363917669232e+06 4.238141229233966e+06
vt 0.40508807 0.68688846
v 4.641307432017986e+06 1.0283623316435803e+06 4.238137584335445e+06
vt 0.5812133 0.6046967
v 4.6413079781958135e+06 1.0283617103945239e+06 4.238137942316539e+06
vt 0.5753425 0.62035227
v 4.6413078455486065e+06 1.0283623090735337e+06 4.238137942316538e+06
vt 0.5812133 0.6046967
v 4.641307553381726e+06 1.0283616162699575e+06 4.238137551791707e+06
vt 0.5753425 0.62035227
v 4.641309767836084e+06 1.0283639340293552e+06 4.238135240767262e+06
vt 0.6888454 0.61252445
v 4.641310635379387e+06 1.028360529124383e+06 4.238135190647359e+06
vt 0.6516634 0.70841485
v 4.641308738677855e+06 1.0283581104769588e+06 4.238137909772825e+06
vt 0.53424656 0.7181996
v 4.641312556891555e+06 1.0283623251997962e+06 4.238132521641802e+06
vt 0.7592955 0.7103718
v 4.6413137739452245e+06 1.0283599112898672e+06 4.238131925416899e+06
vt 0.7553816 0.7906067
v 4.641311698791249e+06 1.0283649899332589e+06 4.238132958717471e+06
vt 0.778865 0.6320939
v 4.641310873796843e+06 1.0283649213367174e+06 4.238134237400733e+06
vt 0.739726 0.6105675
v 4.641311574707838e+06 1.0283578252910677e+06 4.2381349664102765e+06
vt 0.63013697 0.78669274
v 4.641310500881544e+06 1.0283568451036263e+06 4.23813629782351e+06
vt 0.57338554 0.7847358
v 4.64131302113818e+06 1.0283588309379157e+06 4.238133369428526e+06
vt 0.7005871 0.79452056
v 4.641309028089922e+06 1.0283568042683026e+06 4.238137909772828e+06
vt 0.518591 0.7553816
v 4.641309244373605e+06 1.0283559957316716e+06 4.238137942316549e+06
vt 0.5107632 0.77690804
v 4.641308603275813e+06 1.0283567101437313e+06 4.238137519247976e+06
vt 0.518591 0.7553816
v 4.641309365085871e+06 1.0283559653801774e+06 4.23813781832072e+06
vt 0.5146771 0.7808219
v 4.641309268491316e+06 1.0283558868807732e+06 4.238137942316549e+06
vt 0.5088063 0.778865
v 4.641308819559517e+06 1.028355901607105e+06 4.238137551791717e+06
vt 0.5107632 0.77690804
v 4.641309315951298e+06 1.0283558402992715e+06 4.238137974860289e+06
vt 0.5088063 0.7808219
v 4.641308915254922e+06 1.0283556373238066e+06 4.2381375843354575e+06
vt 0.5088063 0.778865
v 4.641309223357319e+06 1.0283554201030242e+06 4.238137812141613e+06
vt 0.5088063 0.7808219
v 4.641308313863746e+06 1.0283580163523875e+06 4.238137519247974e+06
vt 0.53424656 0.7181996
v 4.641309223357319e+06 1.0283554201030242e+06 4.238137812141613e+06
vt 0.0019569471 0.39138943
v 4.641309693305425e+06 1.0283559810053445e+06 4.238138332841401e+06
vt 0.0039138943 0.40313113
v 4.641309315951298e+06 1.0283558402992715e+06 4.238137974860289e+06
vt 0.0019569471 0.39138943
v 4.641309825177272e+06 1.0283555534461592e+06 4.238138365385121e+06
vt 0.0039138943 0.40313113
v 4.641309365085871e+06 1.0283559653801774e+06 4.23813781832072e+06
vt 0.007827789 0.39138943
v 4.641310500881544e+06 1.0283568451036263e+06 4.23813629782351e+06
vt 0.0665362 0.3894325
v 4.641311439246505e+06 1.0283564820419573e+06 4.238139960028286e+06
vt 0.0039138943 0.45792565
v 4.641313149786523e+06 1.0283569752346372e+06 4.2381415546714915e+06
vt 0.0039138943 0.5107632
v 4.641311571118403e+06 1.0283560544825394e+06 4.238139992572007e+06
vt 0.0039138943 0.45792565
v 4.641315395392877e+06 1.0283586147296776e+06 4.238139810897401e+06
vt 0.09393346 0.52837574
v 4.641313668745058e+06 1.0283571473155017e+06 4.238142042827283e+06
vt 0.0039138943 0.5264188
v 4.641314202411653e+06 1.0283585216965112e+06 4.2381377026935695e+06
vt 0.11741683 0.4774951
v 4.6413172622861555e+06 1.0283605128977214e+06 4.238136666094191e+06
vt 0.21135029 0.518591
v 4.641311574707838e+06 1.0283578252910677e+06 4.2381349664102765e+06
vt 0.12133072 0.39138943
v 4.641313814240044e+06 1.0283587211767016e+06 4.238135013231786e+06
vt 0.16829745 0.43052837
v 4.64131302113818e+06 1.0283588309379157e+06 4.238133369428526e+06
vt 0.18982388 0.39530334
v 4.6413137739452245e+06 1.0283599112898672e+06 4.238131925416899e+06
vt 0.2446184 0.3894325
v 4.6413192919855025e+06 1.0283618761662041e+06 4.238136172029519e+06
vt 0.26810175 0.54990214
v 4.64131608015641e+06 1.0283590519362797e+06 4.238140346564738e+06
vt 0.099804305 0.5479452
v 4.64131430519085e+06 1.0283574596221809e+06 4.238142661158269e+06
vt 0.0058708414 0.5479452
v 4.641314140243875e+06 1.0283573659784151e+06 4.238142498439672e+06
vt 0.0058708414 0.5420744
v 4.641313918104163e+06 1.0283568599821312e+06 4.238142205546198e+06
vt 0.0058708414 0.5420744
v 4.641313918104163e+06 1.0283568599821312e+06 4.238142205546198e+06
vt 0.0039138943 0.5264188
v 4.641313269599566e+06 1.0283566021006684e+06 4.238141587215212e+06
vt 0.0039138943 0.5107632
v 4.64131430519085e+06 1.0283574596221809e+06 4.238142661158269e+06
vt 0.21722114 0.31506848
v 4.641315124845596e+06 1.028356442189122e+06 4.2381431818584185e+06
vt 0.18395303 0.32681018
v 4.64131608015641e+06 1.0283590519362797e+06 4.238140346564738e+06
vt 0.21917808 0.21917808
v 4.641313918104163e+06 1.0283568599821312e+06 4.238142205546198e+06
vt 0.21722114 0.31506848
v 4.641315944499699e+06 1.0283554247556766e+06 4.238143702557931e+06
vt 0.14677104 0.33855185
v 4.641314807010205e+06 1.0283562004758316e+06 4.238142856420906e+06
vt 0.18395303 0.32681018
v 4.641319775194904e+06 1.0283560451207113e+06 4.238141209589267e+06
vt 0.08806262 0.21917808
v 4.641316300837235e+06 1.0283549898337672e+06 4.238143930363968e+06
vt 0.13111547 0.3444227
v 4.641315591263398e+06 1.0283551751992189e+06 4.238143344577018e+06
vt 0.14677104 0.33855185
v 4.641321655970352e+06 1.0283541208524017e+06 4.238141961664382e+06
vt 0.015655577 0.23287672
v 4.641318819319595e+06 1.0283518365274811e+06 4.238145525007498e+06
vt 0.019569471 0.37964776
v 4.641315947601036e+06 1.0283547402768438e+06 4.2381435723830545e+06
vt 0.13111547 0.3444227
v 4.641318855496213e+06 1.0283516732509008e+06 4.238145525007498e+06
vt 0.015655577 0.3816047
v 4.641318478916866e+06 1.0283513614253631e+06 4.238145134482229e+06
vt 0.019569471 0.37964776
v 4.641319410781716e+06 1.0283515678953882e+06 4.238144946359117e+06
vt 0.0039138943 0.3620352
v 4.641318964025657e+06 1.028351183423022e+06 4.238145525007499e+06
vt 0.0039138943 0.38747555
v 4.641322018882978e+06 1.0283538586789307e+06 4.238141557132469e+06
vt 0.0019569471 0.22113504
v 4.641318478916866e+06 1.0283513614253631e+06 4.238145134482229e+06
vt 0.015655577 0.3816047
v 4.641318964025657e+06 1.028351183423022e+06 4.238145525007499e+06
vt 0.052837573 0.5714286
v 4.64131845359549e+06 1.0283491290234675e+06 4.238144678870162e+06
vt 0.0332681 0.63013697
v 4.641319410781716e+06 1.0283515678953882e+06 4.238144946359117e+06
vt 0.07632094 0.57338554
v 4.641318478916866e+06 1.0283513614253631e+06 4.238145134482229e+06
vt 0.052837573 0.5714286
v 4.641318431788363e+06 1.028347925150899e+06 4.238143679762203e+06
vt 0.037181996 0.6712329
v 4.641318117844715e+06 1.028347627203333e+06 4.238144093082578e+06
vt 0.019569471 0.6712329
v 4.641319404849627e+06 1.028346256541357e+06 4.238140178627661e+06
vt 0.09784736 0.76125246
v 4.641317907666168e+06 1.02834592481567e+06 4.2381429813773e+06
vt 0.01369863 0.72602737
v 4.641319514320514e+06 1.0283462807964376e+06 4.238139980755224e+06
vt 0.1037182 0.7632094
v 4.64131890760001e+06 1.0283461463675044e+06 4.238139870766358e+06
vt 0.09784736 0.76125246
v 4.641319587572769e+06 1.0283462970266828e+06 4.238139824215677e+06
vt 0.10763209 0.76516634
v 4.641319053288287e+06 1.0283461786471447e+06 4.238139631562452e+06
vt 0.1037182 0.7632094
v 4.641320762163469e+06 1.0283499260109697e+06 4.238140662524461e+06
vt 0.16046967 0.6731898
v 4.641319770295565e+06 1.0283463375119315e+06 4.238139469803373e+06
vt 0.119373776 0.7690802
v 4.641322018882978e+06 1.0283538586789307e+06 4.238141557132469e+06
vt 0.21526419 0.5753425
v 4.641322927396599e+06 1.0283495492964761e+06 4.2381358449431285e+06
vt 0.2818004 0.7553816
v 4.641319843547819e+06 1.0283463537421767e+06 4.238139313263825e+06
vt 0.12328767 0.77103716
v 4.641319233560864e+06 1.0283462185895072e+06 4.238139498778163e+06
vt 0.119373776 0.7690802
v 4.6413222954939045e+06 1.0283484957323895e+06 4.23813605682182e+06
vt 0.25440314 0.7729941
v 4.641319233560864e+06 1.0283462185895072e+06 4.238139498778163e+06
vt 0.10763209 0.76516634
v 4.641317299312577e+06 1.0283457900248992e+06 4.238143019139523e+06
vt 0.01369863 0.72602737
v 4.641317688725637e+06 1.0283458763057846e+06 4.238143377120755e+06
vt 0.0019569471 0.72015655
v 4.641317299312577e+06 1.0283457900248992e+06 4.238143019139523e+06
vt 0.0019569471 0.72015655
v 4.641317715597939e+06 1.0283477664670998e+06 4.238143767645384e+06
vt 0.019569471 0.6712329
v 4.641318063407313e+06 1.0283492138629492e+06 4.238144353432967e+06
vt 0.0332681 0.63013697
v 4.6413222954939045e+06 1.0283484957323895e+06 4.23813605682182e+06
vt 0.54011744 0.9589041
v 4.641324998556193e+06 1.0283508646536452e+06 4.238132691350875e+06
vt 0.54011744 0.81604695
v 4.641322927396599e+06 1.0283495492964761e+06 4.2381358449431285e+06
vt 0.5205479 0.9295499
v 4.641324902130682e+06 1.0283536981489625e+06 4.238135395779738e+06
vt 0.43835616 0.83365947
v 4.6413278506454015e+06 1.0283550366074992e+06 4.238130552793747e+06
vt 0.481409 0.6731898
v 4.641325325673174e+06 1.0283567610458527e+06 4.238137406353042e+06
vt 0.34050882 0.8258317
v 4.641327354980628e+06 1.0283584097137148e+06 4.23813472855951e+06
vt 0.3444227 0.7181996
v 4.641322018882978e+06 1.0283538586789307e+06 4.238141557132469e+06
vt 0.34246576 0.99804306
v 4.641324998556193e+06 1.0283508646536452e+06 4.238132691350875e+06
vt 0.69080234 0.32289627
v 4.641326062732415e+06 1.0283517285088677e+06 4.238131179642391e+06
vt 0.6320939 0.3189824
v 4.6413278506454015e+06 1.0283550366074992e+06 4.238130552793747e+06
vt 0.5479452 0.3816047
v 4.641328850330895e+06 1.0283542303545973e+06 4.238127690175174e+06
vt 0.4853229 0.32093933
v 4.641329831563244e+06 1.0283547903460435e+06 4.238126196043344e+06
vt 0.43444228 0.30919766
v 4.641330095935562e+06 1.0283609583220854e+06 4.238131132673117e+06
vt 0.44227007 0.518591
v 4.641327354980628e+06 1.0283584097137148e+06 4.23813472855951e+06
vt 0.592955 0.51663405
v 4.641330095935562e+06 1.0283609583220854e+06 4.238131132673117e+06
vt 0.9941292 0.6594912
v 4.641329963247145e+06 1.0283613857004682e+06 4.238131174004941e+06
vt 0.9823875 0.66340506
v 4.641327354980628e+06 1.0283584097137148e+06 4.23813472855951e+06
vt 0.9960861 0.5088063
v 4.641330494456612e+06 1.0283615604958516e+06 4.23813055402438e+06
vt 0.9882583 0.6849315
v 4.641327790660148e+06 1.028359533995164e+06 4.238133910707219e+06
vt 0.9823875 0.5479452
v 4.641324956912801e+06 1.0283655865038502e+06 4.238129990762215e+06
vt 0.80430526 0.66536206
v 4.641321970283674e+06 1.0283624124901678e+06 4.238134369347855e+06
vt 0.81409 0.48727983
v 4.641321381669888e+06 1.0283635953084925e+06 4.238133411571983e+06
vt 0.77690804 0.5146771
v 4.641323495554744e+06 1.0283655482018222e+06 4.238130568450265e+06
vt 0.77690804 0.63013697
v 4.641324304572449e+06 1.0283663555219789e+06 4.238129493817503e+06
vt 0.7749511 0.6771037
v 4.641325505205018e+06 1.0283662218616445e+06 4.238128803530999e+06
vt 0.8003914 0.7064579
v 4.641330095935562e+06 1.0283609583220854e+06 4.238131132673117e+06
vt 0.7808219 0.9941292
v 4.641330776054385e+06 1.0283587680287473e+06 4.238127273555998e+06
vt 0.7240704 0.89041096
v 4.641330494456612e+06 1.0283615604958516e+06 4.23813055402438e+06
vt 0.7553816 0.99804306
v 4.641329831563244e+06 1.0283547903460435e+06 4.238126196043344e+06
vt 0.7729941 0.78669274
v 4.641332876375667e+06 1.0283635156791691e+06 4.2381271999512175e+06
vt 0.62426615 0.99021524
v 4.641332280535826e+06 1.02836035750955e+06 4.238125691540985e+06
vt 0.64579254 0.9001957
v 4.641331069726546e+06 1.0283567205001948e+06 4.238124894565091e+06
vt 0.69863015 0.81017613
v 4.641333644146457e+06 1.028361573195109e+06 4.238123988139557e+06
vt 0.57338554 0.9001957
v 4.64133297991342e+06 1.0283582285803531e+06 4.238122234347716e+06
vt 0.59491193 0.8023483
v 4.641333889783263e+06 1.0283642540911138e+06 4.238125992534522e+06
vt 0.57338554 0.9882583
v 4.641335040128535e+06 1.0283652512326123e+06 4.238124209077508e+06
vt 0.50489235 0.9843444
v 4.6413340328781735e+06 1.0283607457698969e+06 4.238122451716031e+06
vt 0.5479452 0.8590998
v 4.641335074755037e+06 1.0283654301962422e+06 4.238124274165584e+06
vt 0.50489235 0.9882583
v 4.641334602480462e+06 1.0283653826533095e+06 4.238123851096595e+06
vt 0.50489235 0.9843444
v 4.641333607288943e+06 1.028360822765203e+06 4.238122093735117e+06
vt 0.5479452 0.8590998
v 4.641333144318582e+06 1.0283587217848402e+06 4.2381212801415e+06
vt 0.56751466 0.80626225
v 4.641333533731643e+06 1.0283588080657256e+06 4.238121638122731e+06
vt 0.56751466 0.80626225
v 4.64133350065622e+06 1.0283582868624651e+06 4.238121507947536e+06
vt 0.5714286 0.7925636
v 4.641333144318582e+06 1.0283587217848402e+06 4.2381212801415e+06
vt 0.5714286 0.7925636
v 4.641331928613593e+06 1.0283573104810647e+06 4.238123672180177e+06
vt 0.65362036 0.80430526
v 4.641330321902602e+06 1.0283559838355685e+06 4.2381258126579495e+06
vt 0.739726 0.8082192
v 4.641329831563244e+06 1.0283547903460435e+06 4.238126196043344e+06
vt 0.81017613 0.9843444
v 4.641328857872842e+06 1.0283542891226844e+06 4.238125917157188e+06
vt 0.7847358 0.99804306
v 4.641330321902602e+06 1.0283559838355685e+06 4.2381258126579495e+06
vt 0.8180039 0.9510763
v 4.6413294885411095e+06 1.0283562559683995e+06 4.238124538232724e+06
vt 0.7847358 0.9315069
v 4.6413294885411095e+06 1.0283562559683995e+06 4.238124538232724e+06
vt 0.7358121 0.6046967
v 4.641331069726546e+06 1.0283567205001948e+06 4.238124894565091e+06
vt 0.71428573 0.5714286
v 4.641330321902602e+06 1.0283559838355685e+06 4.2381258126579495e+06
vt 0.75342464 0.5714286
v 4.641330671796173e+06 1.0283570891099713e+06 4.238123050279942e+06
vt 0.67906064 0.60273975
v 4.641331928613593e+06 1.0283573104810647e+06 4.238123672180177e+06
vt 0.66927594 0.5714286
v 4.641331686920557e+06 1.0283581704851234e+06 4.23812161244709e+06
vt 0.62035227 0.6046967
v 4.64133297991342e+06 1.0283582285803531e+06 4.238122234347716e+06
vt 0.61252445 0.5714286
v 4.641331686920557e+06 1.0283581704851234e+06 4.23812161244709e+06
vt 0.7553816 0.45596868
v 4.641332617094706e+06 1.0283574059283675e+06 4.238120711931154e+06
vt 0.7181996 0.45596868
v 4.64133297991342e+06 1.0283582285803531e+06 4.238122234347716e+06
vt 0.7455969 0.42074364
v 4.641332617094706e+06 1.0283574059283675e+06 4.238120711931154e+06
vt 0.9080235 0.7103718
v 4.641332783675391e+06 1.0283574999341087e+06 4.238120726897953e+06
vt 0.90606654 0.7162427
v 4.64133297991342e+06 1.0283582285803531e+06 4.238122234347716e+06
vt 0.8630137 0.7103718
v 4.641332712873079e+06 1.028357484246689e+06 4.2381206618105145e+06
vt 0.9080235 0.7162427
v 4.64133350065622e+06 1.0283582868624651e+06 4.238121507947536e+06
vt 0.87866926 0.73189825
v 4.641332428113112e+06 1.0283577637366592e+06 4.238120466548197e+06
vt 0.90606654 0.7162427
v 4.641333144318582e+06 1.0283587217848402e+06 4.2381212801415e+06
vt 0.87866926 0.73189825
v 4.641332712873079e+06 1.028357484246689e+06 4.2381206618105145e+06
vt 0.9080235 0.71428573
v 4.641332428113112e+06 1.0283577637366592e+06 4.238120466548197e+06
vt 0.9080235 0.7162427
v 4.641332275224594e+06 1.0283576156676003e+06 4.2381203038292825e+06
vt 0.9080235 0.71428573
v 4.641332617094706e+06 1.0283574059283675e+06 4.238120711931154e+06
vt 0.7632094 0.54598826
v 4.641332725707243e+06 1.028357258701648e+06 4.238120629266796e+06
vt 0.76125246 0.5518591
v 4.641332712873079e+06 1.028357484246689e+06 4.2381206618105145e+06
vt 0.7592955 0.54598826
v 4.641333015119265e+06 1.0283559524931955e+06 4.238120629266798e+06
vt 0.77690804 0.5870842
v 4.641332324235378e+06 1.028357226845979e+06 4.238120271285564e+06
vt 0.76125246 0.5518591
v 4.641332590305048e+06 1.0283558583686003e+06 4.238120238741847e+06
vt 0.77690804 0.5870842
v 4.641332275224594e+06 1.0283576156676003e+06 4.2381203038292825e+06
vt 0.7592955 0.54598826
v 4.641333096000908e+06 1.0283537436228184e+06 4.238120271285569e+06
vt 0.79843444 0.64187866
v 4.641333461296154e+06 1.0283539387550676e+06 4.238120629266801e+06
vt 0.79843444 0.64187866
v 4.641331422142387e+06 1.0283547430848051e+06 4.238122580660594e+06
vt 0.85714287 0.5812133
v 4.6413335328739295e+06 1.0283537833221973e+06 4.238120661810521e+06
vt 0.8003914 0.6477495
v 4.641332238721744e+06 1.0283537820676311e+06 4.238122288726638e+06
vt 0.853229 0.6183953
v 4.641333096000908e+06 1.0283537436228184e+06 4.238120271285569e+06
vt 0.8003914 0.6477495
v 4.641333300225735e+06 1.0283529895116364e+06 4.238120303829291e+06
vt 0.8082192 0.66536206
v 4.641333689638796e+06 1.0283530757925218e+06 4.238120661810522e+06
vt 0.8082192 0.66536206
v 4.641333707900132e+06 1.0283516524086316e+06 4.238120401460451e+06
vt 0.8238748 0.704501
v 4.641334144773154e+06 1.0283516921080105e+06 4.238120791985403e+06
vt 0.8238748 0.704501
v 4.641333143589217e+06 1.0283515844732849e+06 4.238121834074798e+06
vt 0.86105675 0.68688846
v 4.641334144731761e+06 1.0283515208067326e+06 4.2381208333175825e+06
vt 0.82778865 0.70841485
v 4.641333107898735e+06 1.0283503775246297e+06 4.238122090854918e+06
vt 0.88454014 0.7123288
v 4.641334180949773e+06 1.0283515288314302e+06 4.238120791985403e+06
vt 0.8258317 0.70841485
v 4.641333707900132e+06 1.0283516524086316e+06 4.238120401460451e+06
vt 0.8258317 0.70841485
v 4.641331658935551e+06 1.0283490287332296e+06 4.238123992128074e+06
vt 0.96477497 0.7123288
v 4.641331041763503e+06 1.0283495771550578e+06 4.238124677196073e+06
vt 0.98043054 0.68688846
v 4.641330892679804e+06 1.0283516567195703e+06 4.238123681658384e+06
vt 0.9334638 0.64187866
v 4.641330986938289e+06 1.0283488227441108e+06 4.238124408057859e+06
vt 0.98630136 0.7064579
v 4.641330505028802e+06 1.0283494582326334e+06 4.238124706170864e+06
vt 0.99021524 0.6829746
v 4.641328897926156e+06 1.0283532702474465e+06 4.238125754438593e+06
vt 0.9843444 0.56164384
v 4.641328857872842e+06 1.0283542891226844e+06 4.238125917157188e+06
vt 0.9726027 0.53424656
v 4.641327947717638e+06 1.0283541445598326e+06 4.2381262855760995e+06
vt 0.9960861 0.52446187
v 4.641330057963354e+06 1.0283545550225291e+06 4.238124109945553e+06
vt 0.9138943 0.55772996
v 4.64133035682892e+06 1.0283559344770281e+06 4.238123744136405e+06
vt 0.8806262 0.5303327
v 4.6413316962394705e+06 1.0283569164119984e+06 4.238122123398625e+06
vt 0.81409 0.5362035
v 4.6413294885411095e+06 1.0283562559683995e+06 4.238124538232724e+06
vt 0.90606654 0.50489235
v 4.641330671796173e+06 1.0283570891099713e+06 4.238123050279942e+06
vt 0.84540117 0.5107632
v 4.641331686920557e+06 1.0283581704851234e+06 4.23812161244709e+06
vt 0.7847358 0.5088063
v 4.641332301952052e+06 1.0283521402582079e+06 4.238122323879772e+06
vt 0.8767123 0.65753424
v 4.641327947717638e+06 1.0283541445598326e+06 4.2381262855760995e+06
vt 0.0058708414 0.31311154
v 4.641326273545788e+06 1.0283535452312785e+06 4.2381235827962225e+06
vt 0.021526419 0.2446184
v 4.641328897926156e+06 1.0283532702474465e+06 4.238125754438593e+06
vt 0.04696673 0.31506848
v 4.64132592028307e+06 1.0283539237374207e+06 4.238124167623813e+06
vt 0.0019569471 0.2485323
v 4.641327779540785e+06 1.0283519947019917e+06 4.238123631267291e+06
vt 0.08023483 0.26223093
v 4.641325700604419e+06 1.0283519908566802e+06 4.238121808818088e+06
vt 0.0665362 0.2035225
v 4.641330505028802e+06 1.0283494582326334e+06 4.238124706170864e+06
vt 0.17221135 0.3111546
v 4.6413286787184505e+06 1.0283491677775447e+06 4.238122750936465e+06
vt 0.16829745 0.25244617
v 4.641330986938289e+06 1.0283488227441108e+06 4.238124408057859e+06
vt 0.19569471 0.3111546
v 4.641327965903263e+06 1.0283487243563688e+06 4.23812151784429e+06
vt 0.18199609 0.22113504
v 4.641326648017301e+06 1.0283489462313676e+06 4.238120928487263e+06
vt 0.16242662 0.19569471
v 4.641324357106273e+06 1.0283536344868673e+06 4.2381221446930785e+06
vt 0.0039138943 0.19569471
v 4.641327947717638e+06 1.0283541445598326e+06 4.2381262855760995e+06
vt 0.5322896 0.555773
v 4.641328850330895e+06 1.0283542303545973e+06 4.238127690175174e+06
vt 0.518591 0.52250487
v 4.64132592028307e+06 1.0283539237374207e+06 4.238124167623813e+06
vt 0.5420744 0.62035227
v 4.641328857872842e+06 1.0283542891226844e+06 4.238125917157188e+06
vt 0.555773 0.54598826
v 4.64132573705269e+06 1.0283532550702766e+06 4.238126862304456e+06
vt 0.47358122 0.5870842
v 4.641323847723232e+06 1.0283528364581784e+06 4.238126319498587e+06
vt 0.4481409 0.6262231
v 4.64132414373204e+06 1.0283537014048619e+06 4.238123090111033e+06
vt 0.5303327 0.66536206
v 4.641323011245247e+06 1.0283529937059241e+06 4.238124273772389e+06
vt 0.481409 0.667319
v 4.641324357106273e+06 1.0283536344868673e+06 4.2381221446930785e+06
vt 0.5518591 0.6731898
v 4.6413219608023865e+06 1.028352247088618e+06 4.238125596397517e+06
vt 0.4266145 0.66927594
v 4.6413235839164425e+06 1.0283515218695486e+06 4.238128892792795e+06
vt 0.37573385 0.5968689
v 4.641326062732415e+06 1.0283517285088677e+06 4.238131179642391e+06
vt 0.37181997 0.52250487
v 4.641321141276656e+06 1.0283511519535533e+06 4.238126605942801e+06
vt 0.37964776 0.66927594
v 4.641319836450877e+06 1.0283501776814093e+06 4.238128333099751e+06
vt 0.30919766 0.66927594
v 4.641324998556193e+06 1.0283508646536452e+06 4.238132691350875e+06
vt 0.3111546 0.52250487
v 4.641321912429533e+06 1.0283495528029364e+06 4.238132717445502e+06
vt 0.2446184 0.5753425
v 4.64131880047579e+06 1.0283492058805269e+06 4.238129475429416e+06
vt 0.25831702 0.6712329
v 4.641329831563244e+06 1.0283547903460435e+06 4.238126196043344e+06
vt 0.5714286 0.5264188
v 4.64131880047579e+06 1.0283492058805269e+06 4.238129475429416e+06
vt 0.97455966 0.23874755
v 4.641320796708181e+06 1.0283503333452082e+06 4.238126667460858e+06
vt 0.9921722 0.33855185
v 4.641319836450877e+06 1.0283501776814093e+06 4.238128333099751e+06
vt 0.9941292 0.2857143
v 4.641318876498495e+06 1.028347167226167e+06 4.23812951937095e+06
vt 0.9158513 0.23091976
v 4.641317499815912e+06 1.0283485751156209e+06 4.23813075054361e+06
vt 0.962818 0.18395303
v 4.641319926568884e+06 1.0283463721368688e+06 4.238128568734197e+06
vt 0.88454014 0.2661448
v 4.641318261362973e+06 1.0283460031830368e+06 4.238130396131965e+06
vt 0.88454014 0.19569471
v 4.641314893100093e+06 1.0283452568888472e+06 4.238134240010809e+06
vt 0.88454014 0.050880626
v 4.6413178719500415e+06 1.0283459169021802e+06 4.238130038150853e+06
vt 0.88454014 0.19569471
v 4.641314468285983e+06 1.0283451627642759e+06 4.238133849485958e+06
vt 0.88454014 0.050880626
v 4.641319501754776e+06 1.0283462780122975e+06 4.238128178209345e+06
vt 0.88454014 0.2661448
v 4.641314287196551e+06 1.0283451226409257e+06 4.238134056146145e+06
vt 0.88454014 0.043052837
v 4.64131471201066e+06 1.028345216765497e+06 4.238134446670997e+06
vt 0.88454014 0.043052837
v 4.641314712052259e+06 1.0283453880658438e+06 4.238134405338817e+06
vt 0.89041096 0.045009784
v 4.641316788003125e+06 1.0283469899717682e+06 4.238131833964479e+06
vt 0.92367905 0.14285715
v 4.64131880047579e+06 1.0283492058805269e+06 4.238129475429416e+06
vt 0.94716245 0.2935421
v 4.641319224048344e+06 1.0283490142447933e+06 4.238132197434879e+06
vt 0.9041096 0.2407045
v 4.641317499815912e+06 1.0283485751156209e+06 4.23813075054361e+06
vt 0.95303327 0.23679061
v 4.641321912429533e+06 1.0283495528029364e+06 4.238132717445502e+06
vt 0.851272 0.27984345
v 4.641317382912711e+06 1.0283482066305516e+06 4.238131695961191e+06
vt 0.9412916 0.21135029
v 4.641319323278233e+06 1.0283479513840568e+06 4.238134242201007e+06
vt 0.8747554 0.18786693
v 4.641321549934945e+06 1.0283489015138947e+06 4.238134362898555e+06
vt 0.8356164 0.23287672
v 4.641316948949322e+06 1.0283474253123321e+06 4.238132283398034e+06
vt 0.9412916 0.18199609
v 4.64131818689944e+06 1.0283472999203147e+06 4.23813468710507e+06
vt 0.888454 0.15068494
v 4.641324998556193e+06 1.0283508646536452e+06 4.238132691350875e+06
vt 0.79843444 0.34637964
v 4.6413222954939045e+06 1.0283484957323895e+06 4.23813605682182e+06
vt 0.8003914 0.2035225
v 4.6413222954939045e+06 1.0283484957323895e+06 4.23813605682182e+06
vt 0.27005872 0.30919766
v 4.64131936112307e+06 1.0283467607273855e+06 4.238137551643354e+06
vt 0.2994129 0.21135029
v 4.641321549934945e+06 1.0283489015138947e+06 4.238134362898555e+06
vt 0.30528376 0.33855185
v 4.641319487902551e+06 1.0283462749431025e+06 4.238139135578428e+06
vt 0.27592954 0.17612524
v 4.64131818689944e+06 1.0283472999203147e+06 4.23813468710507e+06
vt 0.36007828 0.25831702
v 4.641314515637083e+06 1.0283454016448423e+06 4.238134907501949e+06
vt 0.42270058 0.17221135
v 4.641317169050833e+06 1.0283458182603082e+06 4.238137537365585e+06
vt 0.33855185 0.16634052
v 4.641316948949322e+06 1.0283474253123321e+06 4.238132283398034e+06
vt 0.4148728 0.28962818
v 4.641318099089473e+06 1.0283459672286622e+06 4.238138605130304e+06
vt 0.30919766 0.16046967
v 4.64131372681942e+06 1.0283451697712599e+06 4.238136186185231e+06
vt 0.4187867 0.13111547
v 4.641314182909499e+06 1.0283450995344078e+06 4.238137019964825e+06
vt 0.39921722 0.12133072
v 4.64131675057823e+06 1.0283456684437586e+06 4.238137663971375e+06
vt 0.3444227 0.15459883
v 4.641313544871535e+06 1.0283449581665752e+06 4.2381365080534965e+06
vt 0.41682974 0.119373776
v 4.641314070989378e+06 1.028345074736659e+06 4.238137439463619e+06
vt 0.39921722 0.12133072
v 4.641313583539446e+06 1.0283449667340885e+06 4.238136245094291e+06
vt 0.42074364 0.12524462
v 4.6413130789396595e+06 1.0283448549316843e+06 4.238136602114917e+06
vt 0.41682974 0.119373776
v 4.641313085473109e+06 1.0283448563792781e+06 4.238136011109012e+06
vt 0.42074364 0.12524462
v 4.641316852698219e+06 1.0283456910701258e+06 4.238138130981476e+06
vt 0.3444227 0.15459883
v 4.641317143257917e+06 1.0283457554484188e+06 4.238137726449561e+06
vt 0.3365949 0.16046967
v 4.641316852698219e+06 1.0283456910701258e+06 4.238138130981476e+06
vt 0.3365949 0.16046967
v 4.641317915550443e+06 1.0283459265625634e+06 4.238139033417796e+06
vt 0.30919766 0.16046967
v 4.641319233560864e+06 1.0283462185895072e+06 4.238139498778163e+06
vt 0.27592954 0.17612524
v 4.641319843547819e+06 1.0283463537421767e+06 4.238139313263825e+06
vt 0.26810175 0.1780822
v 4.641319233560864e+06 1.0283462185895072e+06 4.238139498778163e+06
vt 0.26810175 0.1780822
v 4.641313085473109e+06 1.0283448563792781e+06 4.238136011109012e+06
vt 0.99021524 0.99804306
v 4.641314130074454e+06 1.028345087827933e+06 4.238135329610764e+06
vt 0.9784736 0.9706458
v 4.641313583539446e+06 1.0283449667340885e+06 4.238136245094291e+06
vt 0.99021524 0.99804306
v 4.641313632824967e+06 1.0283449776541091e+06 4.238135021749581e+06
vt 0.9784736 0.9706458
v 4.641314515637083e+06 1.0283454016448423e+06 4.238134907501949e+06
vt 0.9765166 0.9510763
v 4.641314277396397e+06 1.0283451204695392e+06 4.23813494265502e+06
vt 0.9726027 0.9589041
v 4.64131372681942e+06 1.0283451697712599e+06 4.238136186185231e+06
vt 0.9921722 0.9921722
v 4.641314712052259e+06 1.0283453880658438e+06 4.238134405338817e+06
vt 0.9706458 0.93933463
v 4.6413144947038395e+06 1.028345168617587e+06 4.238134694662654e+06
vt 0.96868885 0.9510763
v 4.641316948949322e+06 1.0283474253123321e+06 4.238132283398034e+06
vt 0.9823875 0.8375734
v 4.641316788003125e+06 1.0283469899717682e+06 4.238131833964479e+06
vt 0.9667319 0.8375734
v 4.641317382912711e+06 1.0283482066305516e+06 4.238131695961191e+06
vt 0.9921722 0.81017613
v 4.641317499815912e+06 1.0283485751156209e+06 4.23813075054361e+06
vt 0.9882583 0.7847358
v 4.641313816364276e+06 1.0283450183202703e+06 4.238134593462348e+06
vt 0.9726027 0.9589041
v 4.64131471201066e+06 1.028345216765497e+06 4.238134446670997e+06
vt 0.9667319 0.9432485
v 4.641314069889731e+06 1.0283450744930157e+06 4.238134304137802e+06
vt 0.96868885 0.9510763
v 4.641314287196551e+06 1.0283451226409257e+06 4.238134056146145e+06
vt 0.9667319 0.9432485
v 4.641319501754776e+06 1.0283462780122975e+06 4.238128178209345e+06
vt 0.54011744 0.39726028
v 4.641321195011355e+06 1.028346653181217e+06 4.238127048237411e+06
vt 0.54011744 0.45401174
v 4.641319926568884e+06 1.0283463721368688e+06 4.238128568734197e+06
vt 0.54011744 0.39726028
v 4.641320805598424e+06 1.0283465669003604e+06 4.2381266902562985e+06
vt 0.54011744 0.45401174
v 4.641320796708181e+06 1.0283503333452082e+06 4.238126667460858e+06
vt 0.43444228 0.46966732
v 4.6413237809589e+06 1.0283504235837607e+06 4.238123180603351e+06
vt 0.45009786 0.5988258
v 4.641322136676216e+06 1.0283468618225966e+06 4.23812597360465e+06
vt 0.54011744 0.49510762
v 4.641322065481601e+06 1.0283519847958313e+06 4.238124816307788e+06
vt 0.39530334 0.54011744
v 4.641324357106273e+06 1.0283536344868673e+06 4.2381221446930785e+06
vt 0.36399218 0.64579254
v 4.641321141276656e+06 1.0283511519535533e+06 4.238126605942801e+06
vt 0.41291586 0.481409
v 4.6413219608023865e+06 1.028352247088618e+06 4.238125596397517e+06
vt 0.38747555 0.52250487
v 4.641319836450877e+06 1.0283501776814093e+06 4.238128333099751e+06
vt 0.4324853 0.41682974
v 4.641325170155262e+06 1.0283508455772116e+06 4.238121494778468e+06
vt 0.4481409 0.66340506
v 4.641326074330594e+06 1.0283491617048538e+06 4.238120990005653e+06
vt 0.50097847 0.6829746
v 4.64132373107954e+06 1.0283472150889477e+06 4.23812408111967e+06
vt 0.5420744 0.56751466
v 4.6413236948618395e+06 1.0283472070643189e+06 4.2381241224514935e+06
vt 0.5420744 0.5655577
v 4.641324418402735e+06 1.0283473673767368e+06 4.238123369686664e+06
vt 0.5420744 0.59491193
v 4.641323342483441e+06 1.0283471289890739e+06 4.238123649262638e+06
vt 0.5420744 0.56751466
v 4.64132583008335e+06 1.0283476801578578e+06 4.238121831613264e+06
vt 0.5420744 0.6555773
v 4.641323993588626e+06 1.0283472732521655e+06 4.238122979161812e+06
vt 0.5420744 0.59491193
v 4.641326626059623e+06 1.0283478565195283e+06 4.238120996184764e+06
vt 0.5420744 0.6888454
v 4.641325476888117e+06 1.0283476019016299e+06 4.238121432300326e+06
vt 0.5420744 0.6555773
v 4.641326746814058e+06 1.0283479974687515e+06 4.238120830856047e+06
vt 0.53816044 0.6947162
v 4.641326125543413e+06 1.0283477456219078e+06 4.238120983826536e+06
vt 0.5420744 0.6888454
v 4.641323270047731e+06 1.0283471129397476e+06 4.238123731926642e+06
vt 0.5420744 0.5655577
v 4.641321711862107e+06 1.0283467676980253e+06 4.238125583079798e+06
vt 0.54011744 0.49510762
v 4.641326125543413e+06 1.0283477456219078e+06 4.238120983826536e+06
vt 0.82778865 0.15459883
v 4.641325383751784e+06 1.02834758126574e+06 4.238120152656933e+06
vt 0.86105675 0.14872798
v 4.641326626059623e+06 1.0283478565195283e+06 4.238120996184764e+06
vt 0.82778865 0.15459883
v 4.64132516481134e+06 1.0283475327558737e+06 4.238120548400468e+06
vt 0.86105675 0.14872798
v 4.641326746814058e+06 1.0283479974687515e+06 4.238120830856047e+06
vt 0.82778865 0.16242662
v 4.64132516481134e+06 1.0283475327558737e+06 4.238120548400468e+06
vt 0.43052837 0.32681018
v 4.641320219263644e+06 1.0283464369882272e+06 4.238115031892331e+06
vt 0.42270058 0.49119374
v 4.641325383751784e+06 1.02834758126574e+06 4.238120152656933e+06
vt 0.43052837 0.32681018
v 4.6413198949365e+06 1.0283463651281998e+06 4.238115256128728e+06
vt 0.42270058 0.49119374
v 4.641326746814058e+06 1.0283479974687515e+06 4.238120830856047e+06
vt 0.4148728 0.2935421
v 4.641320114693887e+06 1.028346413819073e+06 4.238114786509375e+06
vt 0.4187867 0.49510762
v 4.641320078475876e+06 1.0283464057943755e+06 4.238114827841555e+06
vt 0.42074364 0.49510762
v 4.641328161734891e+06 1.0283489390372264e+06 4.238119940088305e+06
vt 0.3620352 0.2818004
v 4.641326970469606e+06 1.0283491889671253e+06 4.238117601468827e+06
vt 0.32876712 0.33463797
v 4.64132358238245e+06 1.0283483811835009e+06 4.238114625021101e+06
vt 0.33463797 0.43639922
v 4.641322673975898e+06 1.0283491505637179e+06 4.238110321690803e+06
vt 0.25048923 0.5107632
v 4.641327160858593e+06 1.0283498021233333e+06 4.238115350042513e+06
vt 0.27201566 0.3620352
v 4.64132291054204e+06 1.0283492600758912e+06 4.23811047562094e+06
vt 0.2485323 0.50489235
v 4.641322698135104e+06 1.0283492130136319e+06 4.238110280358624e+06
vt 0.2485323 0.5107632
v 4.641327135340648e+06 1.028350139052649e+06 4.238114348325619e+06
vt 0.2485323 0.37573385
v 4.6413228140714e+06 1.0283496954785534e+06 4.238110475620939e+06
vt 0.2485323 0.50489235
v 4.641322472118645e+06 1.0283495626162383e+06 4.238110150183746e+06
vt 0.2485323 0.5107632
v 4.6413270509288125e+06 1.0283505200300949e+06 4.238114348325618e+06
vt 0.2485323 0.37573385
v 4.641322342572826e+06 1.0283494768161824e+06 4.238110020008868e+06
vt 0.2485323 0.5107632
v 4.641322698135104e+06 1.0283492130136319e+06 4.238110280358624e+06
vt 0.2485323 0.5107632
v 4.641321967544405e+06 1.0283488227500644e+06 4.238109564396161e+06
vt 0.25048923 0.52250487
v 4.6413223810747275e+06 1.0283488001804402e+06 4.238109922377074e+06
vt 0.25048923 0.52250487
v 4.641321934318669e+06 1.0283484157080741e+06 4.238110501025457e+06
vt 0.27592954 0.52250487
v 4.641321204161902e+06 1.0283479113465637e+06 4.238111927461074e+06
vt 0.32289627 0.5146771
v 4.641320308158244e+06 1.0283469705586594e+06 4.238113347717006e+06
vt 0.37964776 0.51272017
v 4.641319910454256e+06 1.0283463685664154e+06 4.23811385248949e+06
vt 0.40508807 0.51272017
v 4.641320114693887e+06 1.028346413819073e+06 4.238114786509375e+06
vt 0.4187867 0.49510762
v 4.641320078475876e+06 1.0283464057943755e+06 4.238114827841555e+06
vt 0.42074364 0.49510762
v 4.641319614994051e+06 1.0283463031023339e+06 4.238114700276088e+06
vt 0.4187867 0.49510762
v 4.641319412386816e+06 1.0283462582113604e+06 4.238113618504479e+06
vt 0.40508807 0.51272017
v 4.641319614994051e+06 1.0283463031023339e+06 4.238114700276088e+06
vt 0.42074364 0.49510762
v 4.641319613360342e+06 1.0283463027403585e+06 4.238114848027886e+06
vt 0.42074364 0.49510762
v 4.641319412386816e+06 1.0283462582113604e+06 4.238113618504479e+06
vt 0.15459883 0.52837574
v 4.641320126944845e+06 1.0283464165334755e+06 4.238113678373023e+06
vt 0.15655577 0.5205479
v 4.641319910454256e+06 1.0283463685664154e+06 4.23811385248949e+06
vt 0.15459883 0.52837574
v 4.641319702130281e+06 1.0283463224088034e+06 4.238113287847753e+06
vt 0.15655577 0.5205479
v 4.641320308158244e+06 1.0283469705586594e+06 4.238113347717006e+06
vt 0.14481409 0.50489235
v 4.64132154107538e+06 1.028346729857417e+06 4.238111918672617e+06
vt 0.1741683 0.45792565
v 4.641321204161902e+06 1.0283479113465637e+06 4.238111927461074e+06
vt 0.1369863 0.4520548
v 4.641321685946801e+06 1.0283467619560697e+06 4.2381117533446085e+06
vt 0.17612524 0.45401174
v 4.641321188696216e+06 1.0283466517820024e+06 4.238111445483698e+06
vt 0.1741683 0.45792565
v 4.641321934318669e+06 1.0283484157080741e+06 4.238110501025457e+06
vt 0.13894325 0.407045
v 4.641321722164812e+06 1.0283467699807673e+06 4.238111712012429e+06
vt 0.17612524 0.4520548
v 4.641321188696216e+06 1.0283466517820024e+06 4.238111445483698e+06
vt 0.17612524 0.45401174
v 4.641322596583102e+06 1.0283481627634009e+06 4.238109987464514e+06
vt 0.15655577 0.3894325
v 4.641321722164812e+06 1.0283467699807673e+06 4.238111712012429e+06
vt 0.17612524 0.4520548
v 4.6413223810747275e+06 1.0283488001804402e+06 4.238109922377074e+06
vt 0.1369863 0.38356164
v 4.641322219229192e+06 1.028348022057376e+06 4.2381096294836e+06
vt 0.15655577 0.3894325
v 4.641322387277606e+06 1.0283474312218432e+06 4.238109662027321e+06
vt 0.1741683 0.39334637
v 4.641321967544405e+06 1.0283488227500644e+06 4.238109564396161e+06
vt 0.1369863 0.38356164
v 4.641322835434315e+06 1.0283475876163726e+06 4.23811008509631e+06
vt 0.1741683 0.39334637
v 4.641321794600212e+06 1.0283467860300246e+06 4.23811162934878e+06
vt 0.17612524 0.4481409
v 4.641321297350248e+06 1.0283466758560953e+06 4.2381113214871595e+06
vt 0.17612524 0.4520548
v 4.641321867853088e+06 1.0283468022604076e+06 4.238111472808522e+06
vt 0.1780822 0.444227
v 4.641321297350248e+06 1.0283466758560953e+06 4.2381113214871595e+06
vt 0.17612524 0.4481409
v 4.641322754123226e+06 1.0283472841143665e+06 4.238109954920796e+06
vt 0.18395303 0.39530334
v 4.641322050575608e+06 1.0283468427455955e+06 4.238111118397247e+06
vt 0.18003914 0.43444228
v 4.641322387277606e+06 1.0283474312218432e+06 4.238109662027321e+06
vt 0.18395303 0.39530334
v 4.641322305967003e+06 1.0283471277209216e+06 4.238109531852444e+06
vt 0.18786693 0.39530334
v 4.641322719497533e+06 1.0283471051503664e+06 4.238109889833357e+06
vt 0.18786693 0.39530334
v 4.641322622086071e+06 1.0283470264702073e+06 4.238110087705085e+06
vt 0.18786693 0.40313113
v 4.641322318801271e+06 1.0283469021754151e+06 4.238109499308725e+06
vt 0.19178082 0.39530334
v 4.641322743615141e+06 1.0283469962999336e+06 4.238109889833358e+06
vt 0.19178082 0.39530334
v 4.641322245549016e+06 1.02834688594517e+06 4.238109655848273e+06
vt 0.18982388 0.39921722
v 4.6413226711791195e+06 1.0283469802505384e+06 4.238109972497717e+06
vt 0.18982388 0.39921722
v 4.641322173112994e+06 1.0283468698957748e+06 4.2381097385126315e+06
vt 0.18982388 0.40313113
v 4.641322597926865e+06 1.0283469640202933e+06 4.238110129037265e+06
vt 0.18982388 0.40313113
v 4.641322526307698e+06 1.0283469481518859e+06 4.238110137825725e+06
vt 0.18982388 0.40508807
v 4.641322525490844e+06 1.0283469479708981e+06 4.238110211701623e+06
vt 0.18786693 0.407045
v 4.641322173112994e+06 1.0283468698957748e+06 4.2381097385126315e+06
vt 0.18982388 0.40508807
v 4.641322064459584e+06 1.0283468458218199e+06 4.23810986250846e+06
vt 0.18786693 0.407045
v 4.641321480072768e+06 1.028346716341283e+06 4.238110967075884e+06
vt 0.18003914 0.43444228
v 4.641321480072768e+06 1.028346716341283e+06 4.238110967075884e+06
vt 0.1780822 0.444227
v 4.6413212611322375e+06 1.0283466678313976e+06 4.238111362819338e+06
vt 0.17612524 0.4520548
v 4.6413270509288125e+06 1.0283505200300949e+06 4.238114348325618e+06
vt 0.9099804 0.32876712
v 4.641327914166424e+06 1.0283503116143431e+06 4.238115064287763e+06
vt 0.8864971 0.32876712
v 4.641327135340648e+06 1.028350139052649e+06 4.238114348325619e+06
vt 0.9099804 0.32876712
v 4.641327782294628e+06 1.0283507391732954e+06 4.238115031744043e+06
vt 0.8864971 0.32876712
v 4.641327160858593e+06 1.0283498021233333e+06 4.238115350042513e+06
vt 0.8962818 0.30528376
v 4.641328421066414e+06 1.0283505381204815e+06 4.238115552443793e+06
vt 0.8708415 0.33072406
v 4.641326970469606e+06 1.0283491889671253e+06 4.238117601468827e+06
vt 0.86692756 0.2485323
v 4.641330995469056e+06 1.0283507659386032e+06 4.238118897309837e+06
vt 0.77690804 0.30528376
v 4.641330273986321e+06 1.0283508915683994e+06 4.238117244718118e+06
vt 0.81409 0.33072406
v 4.641328161734891e+06 1.0283489390372264e+06 4.238119940088305e+06
vt 0.81409 0.21526419
v 4.641330085773057e+06 1.0283498792139782e+06 4.238120465317726e+06
vt 0.77103716 0.24657534
v 4.641333107898735e+06 1.0283503775246297e+06 4.238122090854918e+06
vt 0.6966732 0.27005872
v 4.64132961785024e+06 1.0283490332744438e+06 4.2381219805955645e+06
vt 0.7592955 0.19765167
v 4.641331658935551e+06 1.0283490287332296e+06 4.238123992128074e+06
vt 0.6966732 0.18982388
v 4.641327879067484e+06 1.0283484767273203e+06 4.238120796663482e+06
vt 0.8082192 0.18786693
v 4.641327965903263e+06 1.0283487243563688e+06 4.23812151784429e+06
vt 0.79452056 0.1780822
v 4.641326746814058e+06 1.0283479974687515e+06 4.238120830856047e+06
vt 0.82778865 0.16242662
v 4.641330986938289e+06 1.0283488227441108e+06 4.238124408057859e+06
vt 0.70254403 0.16829745
v 4.641333898515781e+06 1.0283512949623921e+06 4.238120499091929e+06
vt 0.704501 0.32681018
v 4.641331583829739e+06 1.0283511817858088e+06 4.238118448836332e+06
vt 0.7729941 0.33072406
v 4.641333981376898e+06 1.0283512562245955e+06 4.238120564179367e+06
vt 0.70254403 0.32681018
v 4.641333707900132e+06 1.0283516524086316e+06 4.238120401460451e+06
vt 0.704501 0.32681018
v 4.641334144731761e+06 1.0283515208067326e+06 4.2381208333175825e+06
vt 0.6947162 0.32681018
v 4.641334004719249e+06 1.0283513184935218e+06 4.238120596723087e+06
vt 0.7005871 0.32681018
v 4.641333707900132e+06 1.0283516524086316e+06 4.238120401460451e+06
vt 0.70254403 0.32681018
v 4.641334180949773e+06 1.0283515288314302e+06 4.238120791985403e+06
vt 0.6947162 0.32876712
v 4.641333707900132e+06 1.0283516524086316e+06 4.238120401460451e+06
vt 0.7005871 0.32681018
v 4.641331534819232e+06 1.0283515706070029e+06 4.23811848138021e+06
vt 0.7729941 0.33072406
v 4.641331074603859e+06 1.0283514686386978e+06 4.23811805831154e+06
vt 0.7847358 0.33072406
v 4.641331265219162e+06 1.0283511111923815e+06 4.238118155942698e+06
vt 0.7847358 0.33072406
v 4.641331064871031e+06 1.0283510097049058e+06 4.238117960680382e+06
vt 0.7906067 0.32876712
v 4.641331074603859e+06 1.0283514686386978e+06 4.23811805831154e+06
vt 0.7906067 0.32876712
v 4.641330177515681e+06 1.0283513269710618e+06 4.238117244718117e+06
vt 0.81409 0.33072406
v 4.641328301253422e+06 1.0283509112542176e+06 4.238115519900073e+06
vt 0.8708415 0.33072406
v 4.641327965903263e+06 1.0283487243563688e+06 4.23812151784429e+06
vt 0.6086106 0.41095892
v 4.641326648017301e+06 1.0283489462313676e+06 4.238120928487263e+06
vt 0.5772994 0.40900195
v 4.641326746814058e+06 1.0283479974687515e+06 4.238120830856047e+06
vt 0.5890411 0.3816047
v 4.641326074330594e+06 1.0283491617048538e+06 4.238120990005653e+06
vt 0.5636008 0.41095892
v 4.641326648017301e+06 1.0283489462313676e+06 4.238120928487263e+06
vt 0.5068493 0.93542075
v 4.641325170155262e+06 1.0283508455772116e+06 4.238121494778468e+06
vt 0.5303327 0.8708415
v 4.641326074330594e+06 1.0283491617048538e+06 4.238120990005653e+06
vt 0.5205479 0.92367905
v 4.641325700604419e+06 1.0283519908566802e+06 4.238121808818088e+06
vt 0.5068493 0.84540117
v 4.641324357106273e+06 1.0283536344868673e+06 4.2381221446930785e+06
vt 0.5264188 0.7886497
v 4.641324357106273e+06 1.0283536344868673e+06 4.2381221446930785e+06
vt 0.5479452 0.9843444
v 4.641323011245247e+06 1.0283529937059241e+06 4.238124273772389e+06
vt 0.6183953 0.99804306
v 4.641322065481601e+06 1.0283519847958313e+06 4.238124816307788e+06
vt 0.6555773 0.9823875
v 4.64132414373204e+06 1.0283537014048619e+06 4.238123090111033e+06
vt 0.5694716 0.99804306
v 4.6413219608023865e+06 1.028352247088618e+06 4.238125596397517e+06
vt 0.66927594 0.99804306
v 4.641325505205018e+06 1.0283662218616445e+06 4.238128803530999e+06
vt 0.6144814 0.45401174
v 4.641324216987778e+06 1.0283656509499223e+06 4.238127862371911e+06
vt 0.60273975 0.41682974
v 4.641324304572449e+06 1.0283663555219789e+06 4.238129493817503e+06
vt 0.5772994 0.45401174
v 4.641323430743971e+06 1.0283659335222077e+06 4.238128795431923e+06
vt 0.5714286 0.4266145
v 4.641323430743971e+06 1.0283659335222077e+06 4.238128795431923e+06
vt 0.6771037 0.9941292
v 4.64132294617779e+06 1.0283657119642481e+06 4.238129521831926e+06
vt 0.67906064 0.96868885
v 4.641324304572449e+06 1.0283663555219789e+06 4.238129493817503e+06
vt 0.70254403 0.99804306
v 4.641323495554744e+06 1.0283655482018222e+06 4.238130568450265e+06
vt 0.70254403 0.95303327
v 4.641322774572968e+06 1.0283651029704708e+06 4.238130074115373e+06
vt 0.68101764 0.94520545
v 4.641320834982952e+06 1.0283651870969293e+06 4.2381274953320855e+06
vt 0.6144814 0.96868885
v 4.641319771300884e+06 1.0283625533384533e+06 4.23813366382307e+06
vt 0.6771037 0.79452056
v 4.641320447971894e+06 1.0283637310155426e+06 4.238130455581335e+06
vt 0.6438356 0.88454014
v 4.641321381669888e+06 1.0283635953084925e+06 4.238133411571983e+06
vt 0.70254403 0.8375734
v 4.6413192919855025e+06 1.0283618761662041e+06 4.238136172029519e+06
vt 0.70254403 0.72798437
v 4.6413172622861555e+06 1.0283605128977214e+06 4.238136666094191e+06
vt 0.6712329 0.66927594
v 4.641319213090559e+06 1.0283626009492471e+06 4.238132363033848e+06
vt 0.6477495 0.8121331
v 4.641315441074077e+06 1.0283614797108432e+06 4.238129660943455e+06
vt 0.54598826 0.79452056
v 4.641318214032584e+06 1.0283623224943132e+06 4.238130015625793e+06
vt 0.5968689 0.8414873
v 4.6413137739452245e+06 1.0283599112898672e+06 4.238131925416899e+06
vt 0.54598826 0.70254403
v 4.641316224216515e+06 1.0283618816177495e+06 4.2381288580583595e+06
vt 0.54598826 0.82778865
v 4.641317412955599e+06 1.0283624875857345e+06 4.238128002443491e+06
vt 0.555773 0.8708415
v 4.641320092834547e+06 1.0283642803981941e+06 4.23812793762656e+06
vt 0.6046967 0.9373777
v 4.641318363118495e+06 1.0283640684426974e+06 4.238125858396787e+06
vt 0.54598826 0.9491194
v 4.641318652985668e+06 1.0283646465424052e+06 4.23812540374441e+06
vt 0.54598826 0.9706458
v 4.64132294617779e+06 1.0283657119642481e+06 4.238129521831926e+06
vt 0.6164383 0.3111546
v 4.64131977472046e+06 1.028366265413705e+06 4.238127148748545e+06
vt 0.5303327 0.27592954
v 4.641320834982952e+06 1.0283651870969293e+06 4.2381274953320855e+06
vt 0.54990214 0.31311154
v 4.64132150457559e+06 1.02836779063592e+06 4.2381300054586455e+06
vt 0.6086106 0.23679061
v 4.641318866292069e+06 1.0283650363871928e+06 4.2381254424670795e+06
vt 0.4853229 0.3072407
v 4.641316951738203e+06 1.028368380600838e+06 4.238126354381158e+06
vt 0.47945204 0.19373778
v 4.641318652985668e+06 1.0283646465424052e+06 4.23812540374441e+06
vt 0.47945204 0.31506848
v 4.641318280979649e+06 1.0283700454491468e+06 4.238128737902273e+06
vt 0.5440313 0.15068494
v 4.641319959317794e+06 1.0283709882840493e+06 4.238130988639047e+06
vt 0.6086106 0.13111547
v 4.64131630338778e+06 1.0283702353504864e+06 4.238127415006746e+06
vt 0.49119374 0.13111547
v 4.641317935925282e+06 1.0283705970660917e+06 4.238128542639797e+06
vt 0.5362035 0.1330724
v 4.641320750187166e+06 1.0283703070565977e+06 4.238130803124776e+06
vt 0.6164383 0.15851273
v 4.64132294617779e+06 1.0283657119642481e+06 4.238129521831926e+06
vt 0.77103716 0.35812134
v 4.641323031127507e+06 1.0283675578962854e+06 4.238128984515542e+06
vt 0.72602737 0.32485324
v 4.641320750187166e+06 1.0283703070565977e+06 4.238130803124776e+06
vt 0.62035227 0.37181997
v 4.641323430743971e+06 1.0283659335222077e+06 4.238128795431923e+06
vt 0.7749511 0.33268103
v 4.641321986247159e+06 1.0283695531768521e+06 4.23812920257342e+06
vt 0.6614481 0.32681018
v 4.641323616330556e+06 1.0283676875576722e+06 4.238127806072929e+06
vt 0.7358121 0.28962818
v 4.6413227480115e+06 1.0283712635828704e+06 4.238127888736927e+06
vt 0.63013697 0.26810175
v 4.641323278031925e+06 1.028369896490114e+06 4.238127714620462e+06
vt 0.6731898 0.27005872
v 4.641322913165432e+06 1.0283722137300945e+06 4.238127844795335e+06
vt 0.60665363 0.25440314
v 4.641320388256554e+06 1.0283712546146121e+06 4.238130968452893e+06
vt 0.5890411 0.37181997
v 4.641322852261307e+06 1.0283733421795783e+06 4.238127712011044e+06
vt 0.57925636 0.2407045
v 4.641319959317794e+06 1.0283709882840493e+06 4.238130988639047e+06
vt 0.592955 0.3816047
v 4.641325024413218e+06 1.0283666292091487e+06 4.238126894158768e+06
vt 0.78277886 0.25831702
v 4.641324216987778e+06 1.0283656509499223e+06 4.238127862371911e+06
vt 0.79452056 0.30332682
v 4.641324868630565e+06 1.0283680221229234e+06 4.238126654954859e+06
vt 0.7455969 0.2407045
v 4.641324216987778e+06 1.0283656509499223e+06 4.238127862371911e+06
vt 0.9941292 0.75342464
v 4.641325505205018e+06 1.0283662218616445e+06 4.238128803530999e+06
vt 0.9549902 0.7632094
v 4.641325024413218e+06 1.0283666292091487e+06 4.238126894158768e+06
vt 0.9941292 0.79452056
v 4.641326085714724e+06 1.0283672069412355e+06 4.238127861682526e+06
vt 0.95694715 0.8003914
v 4.641326085714724e+06 1.0283672069412355e+06 4.238127861682526e+06
vt 0.30528376 0.7690802
v 4.641324868630565e+06 1.0283680221229234e+06 4.238126654954859e+06
vt 0.32876712 0.7299413
v 4.641325024413218e+06 1.0283666292091487e+06 4.238126894158768e+06
vt 0.33855185 0.7690802
v 4.641326497002096e+06 1.0283680403322523e+06 4.238128234630911e+06
vt 0.2857143 0.75342464
v 4.641326497002096e+06 1.0283680403322523e+06 4.238128234630911e+06
vt 0.99804306 0.7475538
v 4.641325504274963e+06 1.0283691336126002e+06 4.238128248637872e+06
vt 0.9589041 0.7475538
v 4.641324868630565e+06 1.0283680221229234e+06 4.238126654954859e+06
vt 0.9784736 0.7005871
v 4.641323278031925e+06 1.028369896490114e+06 4.238127714620462e+06
vt 0.9080235 0.7240704
v 4.641325504274963e+06 1.0283691336126002e+06 4.238128248637872e+06
vt 0.26418787 0.6888454
v 4.641322913165432e+06 1.0283722137300945e+06 4.238127844795335e+06
vt 0.3737769 0.6888454
v 4.641323278031925e+06 1.028369896490114e+06 4.238127714620462e+06
vt 0.31311154 0.7221135
v 4.6413227480115e+06 1.0283712635828704e+06 4.238127888736927e+06
vt 0.35420743 0.70841485
v 4.641325504274963e+06 1.0283691336126002e+06 4.238128248637872e+06
vt 0.9001957 0.46379647
v 4.6413241662824e+06 1.0283725484758681e+06 4.238126619801366e+06
vt 0.8023483 0.41095892
v 4.641322913165432e+06 1.0283722137300945e+06 4.238127844795335e+06
vt 0.78669274 0.4598826
v 4.641328373711197e+06 1.0283707400356982e+06 4.238125104794499e+06
vt 0.9138943 0.33463797
v 4.641322852261307e+06 1.0283733421795783e+06 4.238127712011044e+06
vt 0.76125246 0.444227
v 4.641324856634272e+06 1.0283750995173684e+06 4.238125108093321e+06
vt 0.7573385 0.3365949
v 4.641325518692576e+06 1.0283739900684435e+06 4.238124801191858e+06
vt 0.7925636 0.33463797
v 4.641327131583308e+06 1.0283719493493026e+06 4.238124997414724e+06
vt 0.86692756 0.33855185
v 4.641327823623755e+06 1.0283667926428369e+06 4.238128259346046e+06
vt 0.9921722 0.45596868
v 4.64132991420778e+06 1.0283688545675699e+06 4.238125342348517e+06
vt 0.9823875 0.33855185
v 4.641329382016073e+06 1.0283679943882036e+06 4.238126201532986e+06
vt 0.9921722 0.37573385
v 4.641329382016073e+06 1.0283679943882036e+06 4.238126201532986e+06
vt 0.32289627 0.86692756
v 4.6413294625779055e+06 1.0283678409463881e+06 4.238125421443239e+06
vt 0.30919766 0.88258314
v 4.64132991420778e+06 1.0283688545675699e+06 4.238125342348517e+06
vt 0.33463797 0.9001957
v 4.641330234477962e+06 1.0283682974597692e+06 4.23812454468256e+06
vt 0.30919766 0.9138943
v 4.641330234477962e+06 1.0283682974597692e+06 4.23812454468256e+06
vt 0.9726027 0.2446184
v 4.64132914919838e+06 1.0283691418449341e+06 4.238124354638745e+06
vt 0.9706458 0.27592954
v 4.64132991420778e+06 1.0283688545675699e+06 4.238125342348517e+06
vt 0.9960861 0.26027396
v 4.641328373711197e+06 1.0283707400356982e+06 4.238125104794499e+06
vt 0.9960861 0.32093933
v 4.64132914919838e+06 1.0283691418449341e+06 4.238124354638745e+06
vt 0.5440313 0.98630136
v 4.64132838648837e+06 1.0283695438258516e+06 4.238124212106159e+06
vt 0.5264188 0.9921722
v 4.641328373711197e+06 1.0283707400356982e+06 4.238125104794499e+06
vt 0.49902153 0.960861
v 4.6413265818754295e+06 1.0283707427057036e+06 4.23812428145258e+06
vt 0.47358122 0.99804306
v 4.641327131583308e+06 1.0283719493493026e+06 4.238124997414724e+06
vt 0.45596868 0.960861
v 4.64132629422098e+06 1.0283725631784308e+06 4.238124009704951e+06
vt 0.4324853 0.9784736
v 4.64132629422098e+06 1.0283725631784308e+06 4.238124009704951e+06
vt 0.72798437 0.4324853
v 4.641325518692576e+06 1.0283739900684435e+06 4.238124801191858e+06
vt 0.70254403 0.39138943
v 4.641327131583308e+06 1.0283719493493026e+06 4.238124997414724e+06
vt 0.70254403 0.45401174
v 4.64132838648837e+06 1.0283695438258516e+06 4.238124212106159e+06
vt 0.0332681 0.6105675
v 4.641328091412125e+06 1.0283695926409311e+06 4.238122843619732e+06
vt 0.0019569471 0.59491193
v 4.6413265818754295e+06 1.0283707427057036e+06 4.23812428145258e+06
vt 0.0019569471 0.65753424
v 4.641329382016073e+06 1.0283679943882036e+06 4.238126201532986e+06
vt 0.18003914 0.81604695
v 4.6413282688971255e+06 1.0283670625918702e+06 4.238126761644932e+06
vt 0.21917808 0.80430526
v 4.6413294625779055e+06 1.0283678409463881e+06 4.238125421443239e+06
vt 0.16634052 0.8003914
v 4.641327823623755e+06 1.0283667926428369e+06 4.238128259346046e+06
vt 0.25636008 0.82191783
v 4.641327458979886e+06 1.02836591248917e+06 4.238127992817597e+06
vt 0.27005872 0.8003914
v 4.641327823623755e+06 1.0283667926428369e+06 4.238128259346046e+06
vt 0.5420744 0.7103718
v 4.641326085714724e+06 1.0283672069412355e+06 4.238127861682526e+06
vt 0.5146771 0.74363995
v 4.641327458979886e+06 1.02836591248917e+06 4.238127992817597e+06
vt 0.51663405 0.69863015
v 4.641326497002096e+06 1.0283680403322523e+06 4.238128234630911e+06
vt 0.54011744 0.75342464
v 4.641325504274963e+06 1.0283691336126002e+06 4.238128248637872e+06
vt 0.5420744 0.7886497
v 4.641322852261307e+06 1.0283733421795783e+06 4.238127712011044e+06
vt 0.37181997 0.58317024
v 4.64131896715073e+06 1.0283714536195503e+06 4.238126776760341e+06
vt 0.29158512 0.518591
v 4.641320388256554e+06 1.0283712546146121e+06 4.238130968452893e+06
vt 0.3737769 0.45401174
v 4.641319771734448e+06 1.0283727167350969e+06 4.238123846444896e+06
vt 0.2661448 0.60665363
v 4.641317935925282e+06 1.0283705970660917e+06 4.238128542639797e+06
vt 0.29745597 0.45596868
v 4.6413180612703655e+06 1.0283713671018805e+06 4.238125667663735e+06
vt 0.26027396 0.52446187
v 4.641319959317794e+06 1.0283709882840493e+06 4.238130988639047e+06
vt 0.36594912 0.44227007
v 4.64131630338778e+06 1.0283702353504864e+06 4.238127415006746e+06
vt 0.25440314 0.4481409
v 4.641314102989738e+06 1.028369804913058e+06 4.238124806288939e+06
vt 0.18003914 0.46183953
v 4.641315568637858e+06 1.02837070062298e+06 4.238123652561527e+06
vt 0.18786693 0.518591
v 4.641314214402708e+06 1.0283692015290076e+06 4.238126727058883e+06
vt 0.2074364 0.4148728
v 4.641315898566506e+06 1.0283698601694637e+06 4.238127435192772e+06
vt 0.24657534 0.43639922
v 4.641314777321686e+06 1.028369097863839e+06 4.23812869273025e+06
vt 0.2446184 0.38551858
v 4.64131359235023e+06 1.0283679217592234e+06 4.238130411098765e+06
vt 0.24657534 0.31702545
v 4.641311717137516e+06 1.028367734664074e+06 4.238127462936464e+06
vt 0.1741683 0.34246576
v 4.641311325082928e+06 1.028367590699894e+06 4.238128434719226e+06
vt 0.18199609 0.31506848
v 4.641316012401624e+06 1.0283714841126348e+06 4.23812217861569e+06
vt 0.1780822 0.5655577
v 4.641316012401624e+06 1.0283714841126348e+06 4.23812217861569e+06
vt 0.5636008 0.39726028
v 4.641314764919011e+06 1.0283708080320089e+06 4.2381229691431e+06
vt 0.6086106 0.40900195
v 4.641315568637858e+06 1.02837070062298e+06 4.238123652561527e+06
vt 0.6105675 0.38747555
v 4.641314282411203e+06 1.0283708724165547e+06 4.238121290186475e+06
vt 0.5812133 0.4403131
v 4.641314102989738e+06 1.028369804913058e+06 4.238124806288939e+06
vt 0.66927594 0.39726028
v 4.6413132665116405e+06 1.0283699621607789e+06 4.238122760562957e+06
vt 0.6399217 0.43835616
v 4.641310278029384e+06 1.0283689574300156e+06 4.23812143931682e+06
vt 0.6731898 0.5068493
v 4.641312159699375e+06 1.0283700024144638e+06 4.238120380611271e+06
vt 0.6086106 0.4892368
v 4.641310435770104e+06 1.0283677362412111e+06 4.238124698638998e+06
vt 0.75342464 0.46183953
v 4.64130905765684e+06 1.0283677734807285e+06 4.238123125141729e+06
vt 0.74363995 0.50489235
v 4.641314214402708e+06 1.0283692015290076e+06 4.238126727058883e+06
vt 0.7162427 0.369863
v 4.641311717137516e+06 1.028367734664074e+06 4.238127462936464e+06
vt 0.7906067 0.40313113
v 4.641308040082704e+06 1.0283666915627933e+06 4.238124784602063e+06
vt 0.80626225 0.50097847
v 4.641311325082928e+06 1.028367590699894e+06 4.238128434719226e+06
vt 0.8180039 0.39530334
v 4.6413087324712435e+06 1.0283675301393666e+06 4.238123464586205e+06
vt 0.7573385 0.5068493
v 4.64130724407163e+06 1.0283675429431243e+06 4.2381221628371095e+06
vt 0.75342464 0.5479452
v 4.641309167092347e+06 1.0283688254776819e+06 4.238119470075786e+06
vt 0.6516634 0.5518591
v 4.641310520003406e+06 1.0283696962098256e+06 4.23811880972382e+06
vt 0.60665363 0.53816044
v 4.641312126480437e+06 1.0283707944148218e+06 4.238117818714934e+06
vt 0.54598826 0.52250487
v 4.641312126480437e+06 1.0283707944148218e+06 4.238117818714934e+06
vt 0.99804306 0.7005871
v 4.641310819644746e+06 1.0283709045441032e+06 4.238118411370598e+06
vt 0.9706458 0.7299413
v 4.641310520003406e+06 1.0283696962098256e+06 4.23811880972382e+06
vt 0.99804306 0.7553816
v 4.641310819644746e+06 1.0283709045441032e+06 4.238118411370598e+06
vt 0.31311154 0.24657534
v 4.641309681048777e+06 1.0283704809772829e+06 4.23811792843317e+06
vt 0.29549903 0.22700587
v 4.641310520003406e+06 1.0283696962098256e+06 4.23811880972382e+06
vt 0.2818004 0.26223093
v 4.641310257391891e+06 1.0283711225509483e+06 4.238117438627661e+06
vt 0.32485324 0.22700587
v 4.641309167092347e+06 1.0283688254776819e+06 4.238119470075786e+06
vt 0.23287672 0.25244617
v 4.641308180041194e+06 1.0283697487240188e+06 4.23811900828493e+06
vt 0.23874755 0.21526419
v 4.641307127862646e+06 1.0283704862491774e+06 4.238118005607773e+06
vt 0.25048923 0.1780822
v 4.641307811245856e+06 1.0283693244280923e+06 4.238120095275307e+06
vt 0.20547946 0.22309197
v 4.641309778941978e+06 1.0283718159030406e+06 4.238116333100718e+06
vt 0.3483366 0.19765167
v 4.641306188440994e+06 1.0283694216472142e+06 4.2381190652734805e+06
vt 0.19960861 0.18395303
v 4.641306027261611e+06 1.0283687578658334e+06 4.238119765308448e+06
vt 0.1741683 0.19569471
v 4.641309460538221e+06 1.0283726018130411e+06 4.23811583354741e+06
vt 0.36399218 0.1780822
v 4.641310745266158e+06 1.0283715161337316e+06 4.238116375392771e+06
vt 0.36007828 0.22309197
v 4.641310819644746e+06 1.0283709045441032e+06 4.238118411370598e+06
vt 0.7064579 0.8590998
v 4.641312126480437e+06 1.0283707944148218e+06 4.238117818714934e+06
vt 0.74363995 0.87866926
v 4.641310745266158e+06 1.0283715161337316e+06 4.238116375392771e+06
vt 0.7064579 0.9138943
v 4.64131186213804e+06 1.0283710784286425e+06 4.238115776558059e+06
vt 0.74168295 0.9295499
v 4.64131186213804e+06 1.0283710784286425e+06 4.238115776558059e+06
vt 0.31702545 0.68101764
v 4.641311564374101e+06 1.0283735247308762e+06 4.238114124926805e+06
vt 0.26810175 0.61252445
v 4.641310745266158e+06 1.0283715161337316e+06 4.238116375392771e+06
vt 0.34637964 0.65753424
v 4.641312517492215e+06 1.0283719087996416e+06 4.23811457175042e+06
vt 0.27201566 0.66536206
v 4.641309460538221e+06 1.0283726018130411e+06 4.23811583354741e+06
vt 0.35029355 0.61252445
v 4.641309460538221e+06 1.0283726018130411e+06 4.23811583354741e+06
vt 0.08806262 0.09393346
v 4.641307366558496e+06 1.0283726517326437e+06 4.238117515802174e+06
vt 0.15655577 0.06066536
v 4.641307127862646e+06 1.0283704862491774e+06 4.238118005607773e+06
vt 0.19569471 0.11154599
v 4.641304983197988e+06 1.0283707533268704e+06 4.238119909490692e+06
vt 0.26810175 0.0704501
v 4.641306188440994e+06 1.0283694216472142e+06 4.2381190652734805e+06
vt 0.2446184 0.12524462
v 4.641305134855623e+06 1.0283691882079997e+06 4.238120559405299e+06
vt 0.29549903 0.11154599
v 4.641306027261611e+06 1.0283687578658334e+06 4.238119765308448e+06
vt 0.26810175 0.13894325
v 4.641305637450147e+06 1.0283677579410508e+06 4.238120722123899e+06
vt 0.3072407 0.15655577
v 4.641305637450147e+06 1.0283677579410508e+06 4.238120722123899e+06
vt 0.68101764 0.45596868
v 4.641307706442311e+06 1.028369072818965e+06 4.238120999360923e+06
vt 0.6614481 0.39530334
v 4.641306027261611e+06 1.0283687578658334e+06 4.238119765308448e+06
vt 0.7005871 0.41682974
v 4.641307546938531e+06 1.0283685806999715e+06 4.238121510313004e+06
vt 0.6497065 0.41291586
v 4.641307811245856e+06 1.0283693244280923e+06 4.238120095275307e+06
vt 0.67906064 0.3776908
v 4.641309530536368e+06 1.0283695911711706e+06 4.238122026753539e+06
vt 0.6262231 0.36399218
v 4.641308180041194e+06 1.0283697487240188e+06 4.23811900828493e+06
vt 0.7005871 0.35029355
v 4.641308940583454e+06 1.0283693462632868e+06 4.238122581646563e+06
vt 0.6183953 0.38551858
v 4.6413068555576e+06 1.0283677994446711e+06 4.238121648315833e+06
vt 0.6516634 0.44227007
v 4.6413068555576e+06 1.0283677994446711e+06 4.238121648315833e+06
vt 0.17612524 0.5851272
v 4.64130905765684e+06 1.0283677734807285e+06 4.238123125141729e+06
vt 0.12524462 0.555773
v 4.641307546938531e+06 1.0283685806999715e+06 4.238121510313004e+06
vt 0.15459883 0.60273975
v 4.64130724407163e+06 1.0283675429431243e+06 4.2381221628371095e+06
vt 0.16829745 0.5714286
v 4.641308940583454e+06 1.0283693462632868e+06 4.238122581646563e+06
vt 0.113502935 0.60273975
v 4.6413068555576e+06 1.0283677994446711e+06 4.238121648315833e+06
vt 0.54598826 0.5596869
v 4.64130667595186e+06 1.0283678738441435e+06 4.23812277402921e+06
vt 0.5694716 0.57925636
v 4.64130724407163e+06 1.0283675429431243e+06 4.2381221628371095e+06
vt 0.56164384 0.55772996
v 4.641305683265564e+06 1.028369138425158e+06 4.238122746704028e+06
vt 0.54598826 0.6164383
v 4.641305683265564e+06 1.028369138425158e+06 4.238122746704028e+06
vt 0.853229 0.16634052
v 4.641305062010175e+06 1.0283696859422543e+06 4.238123801150457e+06
vt 0.8258317 0.19373778
v 4.64130667595186e+06 1.0283678738441435e+06 4.23812277402921e+06
vt 0.853229 0.12133072
v 4.641305297175998e+06 1.0283700235333144e+06 4.238122953364036e+06
vt 0.853229 0.19569471
v 4.641305555605529e+06 1.0283674543218075e+06 4.23812387502636e+06
vt 0.8082192 0.12915851
v 4.641304952984137e+06 1.0283681201616604e+06 4.238124297134838e+06
vt 0.7964775 0.15655577
v 4.641304824394636e+06 1.0283693478084189e+06 4.2381248705650335e+06
vt 0.79452056 0.19373778
v 4.641305297175998e+06 1.0283700235333144e+06 4.238122953364036e+06
vt 0.30136988 0.11154599
v 4.641305710872578e+06 1.0283706861660242e+06 4.2381231460175775e+06
vt 0.3111546 0.12720157
v 4.641305062010175e+06 1.0283696859422543e+06 4.238123801150457e+06
vt 0.31506848 0.08806262
v 4.641306340784171e+06 1.0283709970254316e+06 4.2381243553541945e+06
vt 0.34246576 0.12720157
v 4.641306557873564e+06 1.0283716160965756e+06 4.238126158307161e+06
vt 0.3894325 0.11741683
v 4.641305897935106e+06 1.0283713556822404e+06 4.238126574236947e+06
vt 0.39530334 0.09784736
v 4.641304824394636e+06 1.0283693478084189e+06 4.2381248705650335e+06
vt 0.33463797 0.064579256
v 4.641305897935106e+06 1.0283713556822404e+06 4.238126574236947e+06
vt 0.8473581 0.13894325
v 4.641306306426359e+06 1.0283700187602234e+06 4.238126597992209e+06
vt 0.8121331 0.15068494
v 4.641304824394636e+06 1.0283693478084189e+06 4.2381248705650335e+06
vt 0.7925636 0.10176125
v 4.641304952984137e+06 1.0283681201616604e+06 4.238124297134838e+06
vt 0.7553816 0.099804305
v 4.641307032805174e+06 1.0283676674246854e+06 4.238125061568368e+06
vt 0.7358121 0.15068494
v 4.641305555605529e+06 1.0283674543218075e+06 4.23812387502636e+06
vt 0.7299413 0.10763209
v 4.641307032805174e+06 1.0283676674246854e+06 4.238125061568368e+06
vt 0.74951077 0.80430526
v 4.641307675159376e+06 1.0283680381380027e+06 4.2381240546321375e+06
vt 0.7123288 0.81017613
v 4.641305555605529e+06 1.0283674543218075e+06 4.23812387502636e+06
vt 0.7553816 0.8434442
v 4.64130667595186e+06 1.0283678738441435e+06 4.23812277402921e+06
vt 0.7064579 0.8434442
v 4.641307675159376e+06 1.0283680381380027e+06 4.2381240546321375e+06
vt 0.8082192 0.35420743
v 4.64130724407163e+06 1.0283675429431243e+06 4.2381221628371095e+06
vt 0.7749511 0.39138943
v 4.64130667595186e+06 1.0283678738441435e+06 4.23812277402921e+06
vt 0.7749511 0.36399218
v 4.6413087324712435e+06 1.0283675301393666e+06 4.238123464586205e+06
vt 0.81604695 0.39138943
v 4.641307675159376e+06 1.0283680381380027e+06 4.2381240546321375e+06
vt 0.58317024 0.5988258
v 4.641307032805174e+06 1.0283676674246854e+06 4.238125061568368e+06
vt 0.58317024 0.5596869
v 4.6413087324712435e+06 1.0283675301393666e+06 4.238123464586205e+06
vt 0.55772996 0.62426615
v 4.641308040082704e+06 1.0283666915627933e+06 4.238124784602063e+06
vt 0.54598826 0.5753425
v 4.641306340784171e+06 1.0283709970254316e+06 4.2381243553541945e+06
vt 0.0019569471 0.7749511
v 4.641307529957051e+06 1.0283714888944665e+06 4.238125642136771e+06
vt 0.04109589 0.7749511
v 4.641306557873564e+06 1.0283716160965756e+06 4.238126158307161e+06
vt 0.037181996 0.74168295
v 4.641308390051626e+06 1.0283717936576664e+06 4.238126529605973e+06
vt 0.06849315 0.7749511
v 4.641305297175998e+06 1.0283700235333144e+06 4.238122953364036e+06
vt 0.28962818 0.72602737
v 4.641305245989897e+06 1.0283708115527505e+06 4.238122016734739e+06
vt 0.28962818 0.6927593
v 4.641305710872578e+06 1.0283706861660242e+06 4.2381231460175775e+06
vt 0.27201566 0.7162427
v 4.641305297175998e+06 1.0283700235333144e+06 4.238122953364036e+06
vt 0.92367905 0.12133072
v 4.641304983197988e+06 1.0283707533268704e+06 4.238119909490692e+06
vt 0.9941292 0.08219178
v 4.641305245989897e+06 1.0283708115527505e+06 4.238122016734739e+06
vt 0.9432485 0.09589041
v 4.641305134855623e+06 1.0283691882079997e+06 4.238120559405299e+06
vt 0.9882583 0.12915851
v 4.641305637450147e+06 1.0283677579410508e+06 4.238120722123899e+06
vt 0.9941292 0.1741683
v 4.641305683265564e+06 1.028369138425158e+06 4.238122746704028e+06
vt 0.93542075 0.14677104
v 4.641305683265564e+06 1.028369138425158e+06 4.238122746704028e+06
vt 0.8180039 0.43835616
v 4.6413068555576e+06 1.0283677994446711e+06 4.238121648315833e+06
vt 0.84931505 0.49315068
v 4.641305637450147e+06 1.0283677579410508e+06 4.238120722123899e+06
vt 0.8180039 0.50489235
v 4.641304983197988e+06 1.0283707533268704e+06 4.238119909490692e+06
vt 0.38551858 0.45009786
v 4.6413057430543555e+06 1.0283720636293764e+06 4.238119934205822e+06
vt 0.35812134 0.4187867
v 4.641305245989897e+06 1.0283708115527505e+06 4.238122016734739e+06
vt 0.4266145 0.4187867
v 4.64130905765684e+06 1.0283677734807285e+06 4.238123125141729e+06
vt 0.7749511 0.73776907
v 4.641309530536368e+06 1.0283695911711706e+06 4.238122026753539e+06
vt 0.80626225 0.6849315
v 4.641308940583454e+06 1.0283693462632868e+06 4.238122581646563e+06
vt 0.8121331 0.7064579
v 4.641310278029384e+06 1.0283689574300156e+06 4.23812143931682e+06
vt 0.7749511 0.6712329
v 4.641310278029384e+06 1.0283689574300156e+06 4.23812143931682e+06
vt 0.9823875 0.5146771
v 4.641307811245856e+06 1.0283693244280923e+06 4.238120095275307e+06
vt 0.92759293 0.481409
v 4.641309530536368e+06 1.0283695911711706e+06 4.238122026753539e+06
vt 0.9823875 0.481409
v 4.641309167092347e+06 1.0283688254776819e+06 4.238119470075786e+06
vt 0.9334638 0.5264188
v 4.641308040082704e+06 1.0283666915627933e+06 4.238124784602063e+06
vt 0.0019569471 0.13111547
v 4.641307735763119e+06 1.0283671380101363e+06 4.238126321026085e+06
vt 0.021526419 0.17025441
v 4.641311325082928e+06 1.028367590699894e+06 4.238128434719226e+06
vt 0.10176125 0.1409002
v 4.641313893934051e+06 1.0283685024544583e+06 4.238132131387648e+06
vt 0.19373778 0.16829745
v 4.641309953910439e+06 1.0283681433525968e+06 4.2381293554218495e+06
vt 0.09784736 0.19373778
v 4.64131359235023e+06 1.0283679217592234e+06 4.238130411098765e+06
vt 0.16242662 0.13502936
v 4.641314678461729e+06 1.0283678769189434e+06 4.238131428743084e+06
vt 0.19178082 0.13111547
v 4.641314678461729e+06 1.0283678769189434e+06 4.238131428743084e+06
vt 0.5322896 0.8023483
v 4.641313748298263e+06 1.0283672140485651e+06 4.238130484974685e+06
vt 0.555773 0.82778865
v 4.64131359235023e+06 1.0283679217592234e+06 4.238130411098765e+06
vt 0.53424656 0.83170253
v 4.641314831959885e+06 1.028367168665474e+06 4.23813172424605e+06
vt 0.555773 0.7925636
v 4.641314678461729e+06 1.0283678769189434e+06 4.238131428743084e+06
vt 0.40117416 0.6594912
v 4.641314609917603e+06 1.0283678046348182e+06 4.238132250164736e+06
vt 0.39334637 0.6829746
v 4.641314831959885e+06 1.028367168665474e+06 4.23813172424605e+06
vt 0.41291586 0.6829746
v 4.641313893934051e+06 1.0283685024544583e+06 4.238132131387648e+06
vt 0.37181997 0.66927594
v 4.641314609917603e+06 1.0283678046348182e+06 4.238132250164736e+06
vt 0.62035227 0.5518591
v 4.64131416867164e+06 1.0283665649257011e+06 4.238132518343081e+06
vt 0.57925636 0.5518591
v 4.641314831959885e+06 1.028367168665474e+06 4.23813172424605e+06
vt 0.6086106 0.5714286
v 4.641314609917603e+06 1.0283678046348182e+06 4.238132250164736e+06
vt 0.14872798 0.5420744
v 4.641315824758535e+06 1.0283678454141984e+06 4.238133471859715e+06
vt 0.1741683 0.5694716
v 4.64131416867164e+06 1.0283665649257011e+06 4.238132518343081e+06
vt 0.1741683 0.5146771
v 4.641313748298263e+06 1.0283672140485651e+06 4.238130484974685e+06
vt 0.14872798 0.82191783
v 4.641314777321686e+06 1.028369097863839e+06 4.23812869273025e+06
vt 0.0704501 0.80430526
v 4.64131359235023e+06 1.0283679217592234e+06 4.238130411098765e+06
vt 0.1409002 0.8023483
v 4.64131544338007e+06 1.028367646718938e+06 4.238128099114656e+06
vt 0.0704501 0.853229
v 4.641313243574013e+06 1.0283665883437287e+06 4.2381309659918705e+06
vt 0.17612524 0.8258317
v 4.641315898566506e+06 1.0283698601694637e+06 4.238127435192772e+06
vt 0.017612524 0.81017613
v 4.641316951738203e+06 1.028368380600838e+06 4.238126354381158e+06
vt 0.0019569471 0.86888456
v 4.641318652985668e+06 1.0283646465424052e+06 4.23812540374441e+06
vt 0.01369863 0.99021524
v 4.64131630338778e+06 1.0283702353504864e+06 4.238127415006746e+06
vt 0.0058708414 0.8082192
v 4.641314899367168e+06 1.0283644429352647e+06 4.238129463071703e+06
vt 0.15264188 0.91193736
v 4.641318866292069e+06 1.0283650363871928e+06 4.2381254424670795e+06
vt 0.0058708414 0.9823875
v 4.641318363118495e+06 1.0283640684426974e+06 4.238125858396787e+06
vt 0.03522505 0.99804306
v 4.641316224216515e+06 1.0283618816177495e+06 4.2381288580583595e+06
vt 0.15851273 0.99804306
v 4.641315441074077e+06 1.0283614797108432e+06 4.238129660943455e+06
vt 0.19178082 0.99021524
v 4.6413137739452245e+06 1.0283599112898672e+06 4.238131925416899e+06
vt 0.2857143 0.9882583
v 4.641312556891555e+06 1.0283623251997962e+06 4.238132521641802e+06
vt 0.27984345 0.9080235
v 4.641311698791249e+06 1.0283649899332589e+06 4.238132958717471e+06
vt 0.26223093 0.8297456
v 4.6413192919855025e+06 1.0283618761662041e+06 4.238136172029519e+06
vt 0.18982388 0.9960861
v 4.641321970283674e+06 1.0283624124901678e+06 4.238134369347855e+06
vt 0.27592954 0.9589041
v 4.641321381669888e+06 1.0283635953084925e+06 4.238133411571983e+06
vt 0.30136988 0.9941292
v 4.64131981339902e+06 1.028359422320179e+06 4.238138092799626e+06
vt 0.12524462 0.9373777
v 4.64131608015641e+06 1.0283590519362797e+06 4.238140346564738e+06
vt 0.015655577 0.99804306
v 4.6413253516311385e+06 1.0283575090607848e+06 4.238137051941411e+06
vt 0.20547946 0.79452056
v 4.641319775194904e+06 1.0283560451207113e+06 4.238141209589267e+06
vt 0.015655577 0.86692756
v 4.641327790660148e+06 1.028359533995164e+06 4.238133910707219e+06
vt 0.33463797 0.7925636
v 4.641325325673174e+06 1.0283567610458527e+06 4.238137406353042e+06
vt 0.18786693 0.7808219
v 4.641322018882978e+06 1.0283538586789307e+06 4.238141557132469e+06
vt 0.01369863 0.7808219
v 4.641327354980628e+06 1.0283584097137148e+06 4.23813472855951e+06
vt 0.29745597 0.778865
v 4.641321655970352e+06 1.0283541208524017e+06 4.238141961664382e+06
vt 0.0019569471 0.79452056
v 4.641319821865964e+06 1.0283689023308821e+06 4.238137403473297e+06
vt 0.9941292 0.81604695
v 4.641319265929275e+06 1.0283696927085875e+06 4.238137890669214e+06
vt 0.962818 0.82191783
v 4.641319253498052e+06 1.0283682054276994e+06 4.238138262657411e+06
vt 0.9921722 0.853229
v 4.641319285379229e+06 1.0283698112131094e+06 4.238137184454728e+06
vt 0.9667319 0.80430526
v 4.641318823049219e+06 1.0283684526374103e+06 4.238138306598364e+06
vt 0.98043054 0.85714287
v 4.641317154245244e+06 1.0283667125539089e+06 4.238140760155588e+06
vt 0.9726027 0.9589041
v 4.641317362885167e+06 1.0283673297534233e+06 4.238140092663798e+06
vt 0.96868885 0.9315069
v 4.641318289099837e+06 1.0283670781942349e+06 4.238139437530461e+06
vt 0.9941292 0.9099804
v 4.64131724114914e+06 1.0283665034202386e+06 4.238140497195713e+06
vt 0.9823875 0.9549902
v 4.641319285379229e+06 1.0283698112131094e+06 4.238137184454728e+06
vt 0.5870842 0.5772994
v 4.641318585387664e+06 1.0283705696730809e+06 4.238137763103108e+06
vt 0.6086106 0.60273975
v 4.641319265929275e+06 1.0283696927085875e+06 4.238137890669214e+06
vt 0.6086106 0.5753425
v 4.641318472800845e+06 1.0283704305335283e+06 4.2381371896739025e+06
vt 0.592955 0.60078275
v 4.641318585387664e+06 1.0283705696730809e+06 4.238137763103108e+06
vt 0.962818 0.19178082
v 4.641317956044216e+06 1.0283692311908217e+06 4.238136727883139e+06
vt 0.9941292 0.22504893
v 4.641319265929275e+06 1.0283696927085875e+06 4.238137890669214e+06
vt 0.95303327 0.22113504
v 4.641316948947349e+06 1.0283716916197762e+06 4.23813774099774e+06
vt 0.98630136 0.14481409
v 4.64131892174782e+06 1.0283712151716071e+06 4.238138481675337e+06
vt 0.9432485 0.17612524
v 4.64131847758089e+06 1.0283721445088085e+06 4.2381396161763575e+06
vt 0.9315069 0.1369863
v 4.641316049382909e+06 1.028372177472913e+06 4.238138091840085e+06
vt 0.9941292 0.119373776
v 4.641318585387664e+06 1.0283705696730809e+06 4.238137763103108e+06
vt 0.28767124 0.7299413
v 4.641319399904579e+06 1.0283719491835758e+06 4.238138222285098e+06
vt 0.28767124 0.7632094
v 4.64131892174782e+06 1.0283712151716071e+06 4.238138481675337e+06
vt 0.27005872 0.7455969
v 4.641318585387664e+06 1.0283705696730809e+06 4.238137763103108e+06
vt 0.88454014 0.9941292
v 4.641318488999704e+06 1.028371347677299e+06 4.238137680439103e+06
vt 0.86692756 0.9823875
v 4.641319399904579e+06 1.0283719491835758e+06 4.238138222285098e+06
vt 0.8434442 0.99804306
v 4.641319629518865e+06 1.0283729707110747e+06 4.238137726300718e+06
vt 0.81409 0.9823875
v 4.641317956044216e+06 1.0283692311908217e+06 4.238136727883139e+06
vt 0.12720157 0.34637964
v 4.641318823049219e+06 1.0283684526374103e+06 4.238138306598364e+06
vt 0.1741683 0.36399218
v 4.641319265929275e+06 1.0283696927085875e+06 4.238137890669214e+06
vt 0.16242662 0.32876712
v 4.641318142493187e+06 1.0283685302381489e+06 4.238137277557086e+06
vt 0.14481409 0.36399218
v 4.641317154245244e+06 1.0283667125539089e+06 4.238140760155588e+06
vt 0.40117416 0.99804306
v 4.641315825178734e+06 1.0283653332305511e+06 4.238142611308742e+06
vt 0.33463797 0.9882583
v 4.64131724114914e+06 1.0283665034202386e+06 4.238140497195713e+06
vt 0.40508807 0.9882583
v 4.641316296176367e+06 1.028366122754318e+06 4.238141908664531e+06
vt 0.3620352 0.99804306
v 4.64131993444583e+06 1.0283678424280521e+06 4.238141475428312e+06
vt 0.96868885 0.9960861
v 4.641319314958794e+06 1.0283674767813338e+06 4.238140413842679e+06
vt 0.9706458 0.9667319
v 4.64131925120662e+06 1.0283676910451375e+06 4.2381418174821995e+06
vt 0.99021524 0.99804306
v 4.641318599502443e+06 1.0283669756774321e+06 4.238140510513966e+06
vt 0.99021524 0.9589041
v 4.641318599502443e+06 1.0283669756774321e+06 4.238140510513966e+06
vt 0.3816047 0.99804306
v 4.64131989806246e+06 1.0283671492002428e+06 4.238141682088501e+06
vt 0.4148728 0.9765166
v 4.64131925120662e+06 1.0283676910451375e+06 4.2381418174821995e+06
vt 0.42270058 0.99804306
v 4.64131989806246e+06 1.0283671492002428e+06 4.238141682088501e+06
vt 0.39530334 0.6947162
v 4.64131993444583e+06 1.0283678424280521e+06 4.238141475428312e+06
vt 0.37573385 0.6849315
v 4.64131925120662e+06 1.0283676910451375e+06 4.2381418174821995e+06
vt 0.39530334 0.6731898
v 4.641320189480197e+06 1.0283673850602669e+06 4.238141162348863e+06
vt 0.3776908 0.69863015
v 4.641320189480197e+06 1.0283673850602669e+06 4.238141162348863e+06
vt 0.015655577 0.7553816
v 4.641319314958794e+06 1.0283674767813338e+06 4.238140413842679e+06
vt 0.0019569471 0.7338552
v 4.64131993444583e+06 1.0283678424280521e+06 4.238141475428312e+06
vt 0.0019569471 0.7632094
v 4.641320189480197e+06 1.0283673850602669e+06 4.238141162348863e+06
vt 0.24266145 0.518591
v 4.641318599502443e+06 1.0283669756774321e+06 4.238140510513966e+06
vt 0.22504893 0.481409
v 4.641319314958794e+06 1.0283674767813338e+06 4.238140413842679e+06
vt 0.2446184 0.49119374
v 4.64131989806246e+06 1.0283671492002428e+06 4.238141682088501e+06
vt 0.22504893 0.5205479
g g_0_0
usemtl mtl_0_0
f 2/2 3/3 1/1
f 4/4 2/2 1/1
f 20/20 2/2 4/4
f 23/23 20/20 4/4
f 22/22 20/20 23/23
f 21/21 20/20 22/22
f 24/24 21/21 22/22
f 25/25 24/24 22/22
f 26/26 25/25 22/22
f 28/28 25/25 26/26
f 27/27 25/25 28/28
f 31/31 27/27 28/28
f 30/30 27/27 31/31
f 29/29 27/27 30/30
f 98/98 99/99 97/97
f 100/100 98/98 97/97
f 103/103 98/98 100/100
f 105/105 103/103 100/100
f 104/104 103/103 105/105
f 102/102 103/103 104/104
f 106/106 102/102 104/104
f 107/107 106/106 104/104
f 108/108 107/107 104/104
f 109/109 107/107 108/108
f 123/123 124/124 122/122
f 125/125 123/123 122/122
f 200/200 201/201 199/199
f 202/202 200/200 199/199
f 225/225 226/226 224/224
f 227/227 225/225 224/224
f 237/237 238/238 236/236
f 239/239 237/237 236/236
f 241/241 237/237 239/239
f 251/251 241/241 239/239
f 243/243 241/241 251/251
f 250/250 243/243 251/251
f 249/249 243/243 250/250
f 247/247 243/243 249/249
f 277/277 278/278 276/276
f 279/279 277/277 276/276
f 281/281 277/277 279/279
f 280/280 277/277 281/281
f 278/278 277/277 280/280
f 282/282 278/278 280/280
f 283/283 282/282 280/280
f 290/290 282/282 283/283
f 285/285 282/282 290/290
f 291/291 285/285 290/290
f 293/293 294/294 292/292
f 295/295 293/293 292/292
f 298/298 293/293 295/295
f 304/304 298/298 295/295
f 336/336 337/337 335/335
f 338/338 336/336 335/335
f 372/372 336/336 338/338
f 340/340 336/336 372/372
f 370/370 340/340 372/372
f 371/371 370/370 372/372
f 369/369 370/370 371/371
f 360/360 370/370 369/369
f 368/368 360/360 369/369
f 362/362 360/360 368/368
f 364/364 362/362 368/368
f 363/363 362/362 364/364
f 366/366 363/363 364/364
f 365/365 363/363 366/366
f 367/367 365/365 366/366
f 388/388 389/389 387/387
f 390/390 388/388 387/387
f 394/394 390/390 387/387
f 395/395 388/388 390/390
f 396/396 395/395 390/390
f 397/397 388/388 395/395
f 398/398 397/397 395/395
f 406/406 398/398 395/395
f 401/401 397/397 398/398
f 405/405 401/401 398/398
f 403/403 401/401 405/405
f 400/400 401/401 403/403
f 402/402 400/400 403/403
f 399/399 400/400 402/402
f 404/404 399/399 402/402
f 462/462 463/463 461/461
f 464/464 462/462 461/461
f 476/476 462/462 464/464
f 466/466 462/462 476/476
f 477/477 466/466 476/476
f 503/503 504/504 502/502
f 505/505 503/503 502/502
f 507/507 503/503 505/505
f 510/510 507/507 505/505
f 512/512 513/513 511/511
f 514/514 512/512 511/511
f 517/517 512/512 514/514
f 516/516 512/512 517/517
f 528/528 529/529 527/527
f 530/530 528/528 527/527
f 531/531 529/529 528/528
f 532/532 531/531 528/528
f 534/534 532/532 528/528
f 611/611 612/612 610/610
f 613/613 611/611 610/610
f 616/616 611/611 613/613
f 618/618 616/616 613/613
f 617/617 616/616 618/618
f 633/633 617/617 618/618
f 620/620 617/617 633/633
f 632/632 620/620 633/633
f 630/630 620/620 632/632
f 619/619 620/620 630/630
f 629/629 619/619 630/630
f 631/631 629/629 630/630
f 628/628 619/619 629/629
f 635/635 636/636 634/634
f 637/637 635/635 634/634
f 639/639 635/635 637/637
f 638/638 635/635 639/639
f 642/642 638/638 639/639
f 641/641 638/638 642/642
f 645/645 641/641 642/642
f 644/644 641/641 645/645
f 647/647 644/644 645/645
f 646/646 644/644 647/647
f 643/643 644/644 646/646
f 648/648 643/643 646/646
f 649/649 648/648 646/646
f 651/651 649/649 646/646
f 653/653 654/654 652/652
f 655/655 653/653 652/652
f 676/676 653/653 655/655
f 657/657 653/653 676/676
f 675/675 657/657 676/676
f 673/673 657/657 675/675
f 674/674 673/673 675/675
f 659/659 673/673 674/674
f 656/656 673/673 659/659
f 658/658 656/656 659/659
f 672/672 658/658 659/659
f 661/661 658/658 672/672
f 660/660 658/658 661/661
f 663/663 660/660 661/661
f 662/662 660/660 663/663
f 671/671 662/662 663/663
f 665/665 662/662 671/671
f 664/664 662/662 665/665
f 667/667 664/664 665/665
f 668/668 667/667 665/665
f 669/669 668/668 665/665
f 670/670 667/667 668/668
f 844/844 841/841 863/863
f 864/864 844/844 863/863
f 842/842 841/841 844/844
f 849/849 842/842 844/844
f 862/862 849/849 844/844
f 861/861 849/849 862/862
f 859/859 849/849 861/861
f 860/860 859/859 861/861
f 852/852 859/859 860/860
f 847/847 859/859 852/852
f 851/851 847/847 852/852
f 858/858 851/851 852/852
f 854/854 851/851 858/858
f 853/853 851/851 854/854
f 856/856 853/853 854/854
f 855/855 853/853 856/856
f 857/857 855/855 856/856
f 822/822 827/827 826/826
f 824/824 822/822 826/826
f 821/821 822/822 824/824
f 823/823 821/821 824/824
f 820/820 821/821 823/823
f 825/825 820/820 823/823
f 909/909 910/910 908/908
f 911/911 909/909 908/908
f 914/914 915/915 913/913
f 916/916 914/914 913/913
f 919/919 914/914 916/916
f 944/944 919/919 916/916
f 940/940 919/919 944/944
f 943/943 940/940 944/944
f 939/939 940/940 943/943
f 918/918 940/940 939/939
f 938/938 918/918 939/939
f 941/941 938/938 939/939
f 942/942 938/938 941/941
f 932/932 934/934 933/933
f 931/931 932/932 933/933
f 926/926 932/932 931/931
f 929/929 926/926 931/931
f 925/925 926/926 929/929
f 928/928 925/925 929/929
f 927/927 925/925 928/928
f 930/930 927/927 928/928
f 988/988 989/989 987/987
f 990/990 988/988 987/987
f 992/992 988/988 990/990
f 1020/1020 992/992 990/990
f 995/995 992/992 1020/1020
f 1019/1019 995/995 1020/1020
f 1017/1017 995/995 1019/1019
f 1018/1018 1017/1017 1019/1019
f 1016/1016 1017/1017 1018/1018
f 994/994 1017/1017 1016/1016
f 1006/1006 994/994 1016/1016
f 1015/1015 1006/1006 1016/1016
f 1014/1014 1006/1006 1015/1015
f 1005/1005 1006/1006 1014/1014
f 1008/1008 1005/1005 1014/1014
f 1007/1007 1005/1005 1008/1008
f 998/998 1005/1005 1007/1007
f 1009/1009 998/998 1007/1007
f 1010/1010 1009/1009 1007/1007
f 1011/1011 1010/1010 1007/1007
f 1012/1012 1009/1009 1010/1010
f 1013/1013 1012/1012 1010/1010
f 741/741 745/745 747/747
f 746/746 741/741 747/747
f 739/739 741/741 746/746
f 738/738 741/741 739/739
f 740/740 738/738 739/739
f 742/742 740/740 739/739
f 743/743 742/742 739/739
f 744/744 742/742 743/743
f 5/5 11/11 8/8
f 7/7 5/5 8/8
f 10/10 7/7 8/8
f 9/9 7/7 10/10
f 3/3 7/7 9/9
f 5/5 7/7 3/3
f 2/2 5/5 3/3
f 6/6 5/5 2/2
f 20/20 6/6 2/2
f 21/21 6/6 20/20
f 1122/1122 1123/1123 1121/1121
f 1124/1124 1123/1123 1122/1122
f 1131/1131 1132/1132 1130/1130
f 27/27 29/29 24/24
f 25/25 27/27 24/24
f 203/203 204/204 201/201
f 200/200 203/203 201/201
f 1206/1206 1204/1204 1205/1205
f 1207/1207 1206/1206 1205/1205
f 226/226 225/225 228/228
f 237/237 240/240 238/238
f 241/241 240/240 237/237
f 242/242 240/240 241/241
f 243/243 242/242 241/241
f 247/247 242/242 243/243
f 246/246 242/242 247/247
f 248/248 246/246 247/247
f 286/286 288/288 278/278
f 284/284 286/286 278/278
f 282/282 284/284 278/278
f 285/285 284/284 282/282
f 289/289 284/284 285/285
f 293/293 296/296 294/294
f 297/297 296/296 293/293
f 298/298 297/297 293/293
f 339/339 342/342 341/341
f 337/337 339/339 341/341
f 336/336 339/339 337/337
f 340/340 339/339 336/336
f 343/343 339/339 340/340
f 345/345 343/343 340/340
f 358/358 345/345 340/340
f 359/359 358/358 340/340
f 360/360 359/359 340/340
f 370/370 360/360 340/340
f 362/362 359/359 360/360
f 361/361 359/359 362/362
f 363/363 361/361 362/362
f 365/365 361/361 363/363
f 391/391 392/392 389/389
f 388/388 391/391 389/389
f 474/474 473/473 475/475
f 397/397 399/399 388/388
f 400/400 399/399 397/397
f 401/401 400/400 397/397
f 469/469 471/471 463/463
f 468/468 469/469 463/463
f 467/467 468/468 463/463
f 465/465 467/467 463/463
f 462/462 465/465 463/463
f 466/466 465/465 462/462
f 503/503 506/506 504/504
f 507/507 506/506 503/503
f 508/508 506/506 507/507
f 512/512 515/515 513/513
f 516/516 515/515 512/512
f 518/518 515/515 516/516
f 531/531 533/533 529/529
f 611/611 614/614 612/612
f 615/615 614/614 611/611
f 616/616 615/615 611/611
f 617/617 615/615 616/616
f 619/619 615/615 617/617
f 620/620 619/619 617/617
f 621/621 615/615 619/619
f 622/622 621/621 619/619
f 627/627 622/622 619/619
f 628/628 627/627 619/619
f 1330/1330 1327/1327 1331/1331
f 1333/1333 1330/1330 1331/1331
f 638/638 640/640 636/636
f 635/635 638/638 636/636
f 641/641 640/640 638/638
f 643/643 640/640 641/641
f 644/644 643/643 641/641
f 1332/1332 1333/1333 1338/1338
f 1336/1336 1332/1332 1338/1338
f 648/648 650/650 643/643
f 664/664 666/666 654/654
f 662/662 664/664 654/654
f 660/660 662/662 654/654
f 658/658 660/660 654/654
f 656/656 658/658 654/654
f 653/653 656/656 654/654
f 657/657 656/656 653/653
f 673/673 656/656 657/657
f 667/667 666/666 664/664
f 682/682 684/684 679/679
f 680/680 682/682 679/679
f 678/678 680/680 679/679
f 677/677 678/678 679/679
f 842/842 843/843 841/841
f 845/845 843/843 842/842
f 846/846 845/845 842/842
f 847/847 846/846 842/842
f 849/849 847/847 842/842
f 859/859 847/847 849/849
f 850/850 846/846 847/847
f 851/851 850/850 847/847
f 853/853 850/850 851/851
f 855/855 850/850 853/853
f 822/822 828/828 827/827
f 818/818 828/828 822/822
f 821/821 818/818 822/822
f 820/820 818/818 821/821
f 816/816 818/818 820/820
f 909/909 912/912 910/910
f 914/914 917/917 915/915
f 918/918 917/917 914/914
f 919/919 918/918 914/914
f 940/940 918/918 919/919
f 920/920 917/917 918/918
f 921/921 920/920 918/918
f 922/922 921/921 918/918
f 923/923 922/922 918/918
f 936/936 923/923 918/918
f 937/937 936/936 918/918
f 938/938 937/937 918/918
f 935/935 923/923 936/936
f 934/934 923/923 935/935
f 932/932 923/923 934/934
f 926/926 923/923 932/932
f 925/925 923/923 926/926
f 924/924 923/923 925/925
f 927/927 924/924 925/925
f 988/988 991/991 989/989
f 992/992 991/991 988/988
f 993/993 991/991 992/992
f 994/994 993/993 992/992
f 995/995 994/994 992/992
f 1017/1017 994/994 995/995
f 996/996 993/993 994/994
f 997/997 996/996 994/994
f 998/998 997/997 994/994
f 1005/1005 998/998 994/994
f 1006/1006 1005/1005 994/994
f 1000/1000 997/997 998/998
f 741/741 738/738 745/745
f 737/737 735/735 736/736
f 12/12 14/14 11/11
f 5/5 12/12 11/11
f 13/13 12/12 5/5
f 6/6 13/13 5/5
f 1115/1115 1114/1114 1116/1116
f 1113/1113 1114/1114 1115/1115
f 1110/1110 1112/1112 1111/1111
f 1105/1105 1110/1110 1111/1111
f 1102/1102 1110/1110 1105/1105
f 1103/1103 1102/1102 1105/1105
f 1109/1109 1103/1103 1105/1105
f 1124/1124 1125/1125 1123/1123
f 1126/1126 1125/1125 1124/1124
f 1128/1128 1129/1129 1127/1127
f 1103/1103 1108/1108 1107/1107
f 1106/1106 1103/1103 1107/1107
f 1197/1197 1196/1196 1198/1198
f 1195/1195 1196/1196 1197/1197
f 1207/1207 1208/1208 1206/1206
f 1209/1209 1208/1208 1207/1207
f 1269/1269 1272/1272 1270/1270
f 1271/1271 1269/1269 1270/1270
f 242/242 244/244 240/240
f 245/245 244/244 242/242
f 246/246 245/245 242/242
f 1239/1239 1238/1238 1240/1240
f 1241/1241 1239/1239 1240/1240
f 1263/1263 1264/1264 1262/1262
f 1265/1265 1263/1263 1262/1262
f 1264/1264 1263/1263 1265/1265
f 284/284 287/287 286/286
f 289/289 287/287 284/284
f 1239/1239 1241/1241 1242/1242
f 1243/1243 1239/1239 1242/1242
f 1245/1245 1246/1246 1244/1244
f 297/297 299/299 296/296
f 300/300 299/299 297/297
f 343/343 344/344 342/342
f 339/339 343/343 342/342
f 345/345 344/344 343/343
f 346/346 344/344 345/345
f 347/347 346/346 345/345
f 358/358 347/347 345/345
f 356/356 346/346 347/347
f 349/349 346/346 356/356
f 357/357 349/349 356/356
f 391/391 393/393 392/392
f 471/471 472/472 473/473
f 474/474 471/471 473/473
f 469/469 472/472 471/471
f 470/470 472/472 469/469
f 468/468 470/470 469/469
f 508/508 509/509 506/506
f 520/520 522/522 515/515
f 519/519 520/520 515/515
f 518/518 519/519 515/515
f 621/621 623/623 615/615
f 624/624 623/623 621/621
f 622/622 624/624 621/621
f 625/625 624/624 622/622
f 626/626 625/625 622/622
f 1051/1051 1053/1053 1049/1049
f 1050/1050 1051/1051 1049/1049
f 1045/1045 1050/1050 1049/1049
f 1048/1048 1045/1045 1049/1049
f 1047/1047 1045/1045 1048/1048
f 1328/1328 1329/1329 1327/1327
f 1330/1330 1328/1328 1327/1327
f 1332/1332 1328/1328 1330/1330
f 1333/1333 1332/1332 1330/1330
f 1334/1334 1328/1328 1332/1332
f 1335/1335 1334/1334 1332/1332
f 1336/1336 1335/1335 1332/1332
f 1337/1337 1334/1334 1335/1335
f 680/680 683/683 682/682
f 681/681 683/683 680/680
f 678/678 681/681 680/680
f 686/686 687/687 685/685
f 807/807 808/808 811/811
f 810/810 807/807 811/811
f 812/812 810/810 811/811
f 846/846 848/848 845/845
f 818/818 829/829 828/828
f 819/819 829/829 818/818
f 815/815 819/819 818/818
f 816/816 815/815 818/818
f 817/817 815/815 816/816
f 1023/1023 1022/1022 1024/1024
f 1021/1021 1022/1022 1023/1023
f 1001/1001 1002/1002 1003/1003
f 996/996 1001/1001 1003/1003
f 999/999 1001/1001 996/996
f 997/997 999/999 996/996
f 1000/1000 999/999 997/997
f 1004/1004 999/999 1000/1000
f 12/12 15/15 14/14
f 16/16 15/15 12/12
f 13/13 16/16 12/12
f 19/19 16/16 13/13
f 1139/1139 1140/1140 1138/1138
f 1141/1141 1139/1139 1138/1138
f 1142/1142 1141/1141 1138/1138
f 1096/1096 1094/1094 1095/1095
f 1097/1097 1096/1096 1095/1095
f 1099/1099 1100/1100 1098/1098
f 1103/1103 1104/1104 1102/1102
f 1106/1106 1104/1104 1103/1103
f 1214/1214 1216/1216 1218/1218
f 1209/1209 1210/1210 1208/1208
f 1211/1211 1210/1210 1209/1209
f 1269/1269 1273/1273 1272/1272
f 1274/1274 1273/1273 1269/1269
f 1238/1238 1239/1239 1237/1237
f 1245/1245 1247/1247 1246/1246
f 1248/1248 1247/1247 1245/1245
f 301/301 302/302 299/299
f 300/300 301/301 299/299
f 348/348 350/350 344/344
f 346/346 348/348 344/344
f 349/349 348/348 346/346
f 354/354 348/348 349/349
f 524/524 525/525 520/520
f 523/523 524/524 520/520
f 521/521 523/523 520/520
f 519/519 521/521 520/520
f 1343/1343 1345/1345 1344/1344
f 1341/1341 1343/1343 1344/1344
f 1346/1346 1341/1341 1344/1344
f 1347/1347 1346/1346 1344/1344
f 1052/1052 1054/1054 1051/1051
f 1050/1050 1052/1052 1051/1051
f 1046/1046 1052/1052 1050/1050
f 1045/1045 1046/1046 1050/1050
f 1043/1043 1046/1046 1045/1045
f 1042/1042 1043/1043 1045/1045
f 1047/1047 1042/1042 1045/1045
f 697/697 700/700 699/699
f 698/698 697/697 699/699
f 696/696 697/697 698/698
f 693/693 697/697 696/696
f 694/694 693/693 696/696
f 692/692 693/693 694/694
f 687/687 690/690 691/691
f 689/689 690/690 687/687
f 688/688 689/689 687/687
f 686/686 688/688 687/687
f 802/802 798/798 808/808
f 807/807 802/802 808/808
f 806/806 802/802 807/807
f 809/809 806/806 807/807
f 810/810 809/809 807/807
f 1031/1031 1034/1034 1032/1032
f 1030/1030 1031/1031 1032/1032
f 1033/1033 1031/1031 1030/1030
f 799/799 803/803 805/805
f 999/999 1004/1004 1002/1002
f 1001/1001 999/999 1002/1002
f 798/798 797/797 800/800
f 814/814 798/798 800/800
f 693/693 692/692 695/695
f 697/697 693/693 695/695
f 702/702 697/697 695/695
f 16/16 17/17 15/15
f 18/18 17/17 16/16
f 1088/1088 1087/1087 1089/1089
f 1091/1091 1092/1092 1090/1090
f 1093/1093 1091/1091 1090/1090
f 1099/1099 1101/1101 1100/1100
f 1286/1286 1285/1285 1288/1288
f 1287/1287 1285/1285 1286/1286
f 1213/1213 1217/1217 1216/1216
f 1214/1214 1213/1213 1216/1216
f 1212/1212 1213/1213 1214/1214
f 1215/1215 1213/1213 1212/1212
f 1220/1220 1215/1215 1212/1212
f 1227/1227 1226/1226 1229/1229
f 1228/1228 1226/1226 1227/1227
f 1252/1252 1251/1251 1253/1253
f 1250/1250 1251/1251 1252/1252
f 1247/1247 1248/1248 1249/1249
f 301/301 303/303 302/302
f 348/348 351/351 350/350
f 352/352 351/351 348/348
f 353/353 352/352 348/348
f 354/354 353/353 348/348
f 355/355 353/353 354/354
f 1340/1340 1339/1339 1342/1342
f 1341/1341 1339/1339 1340/1340
f 1343/1343 1341/1341 1340/1340
f 524/524 526/526 525/525
f 1055/1055 1057/1057 1054/1054
f 1052/1052 1055/1055 1054/1054
f 1056/1056 1055/1055 1052/1052
f 1046/1046 1056/1056 1052/1052
f 1043/1043 1056/1056 1046/1046
f 1044/1044 1056/1056 1043/1043
f 1040/1040 1044/1044 1043/1043
f 1042/1042 1040/1040 1043/1043
f 1041/1041 1040/1040 1042/1042
f 697/697 701/701 700/700
f 702/702 701/701 697/697
f 1036/1036 1037/1037 1035/1035
f 1088/1088 1086/1086 1087/1087
f 1062/1062 1059/1059 1070/1070
f 1067/1067 1062/1062 1070/1070
f 1060/1060 1062/1062 1067/1067
f 1066/1066 1060/1060 1067/1067
f 1069/1069 1066/1066 1067/1067
f 1068/1068 1066/1066 1069/1069
f 1064/1064 1066/1066 1068/1068
f 1213/1213 1219/1219 1217/1217
f 1215/1215 1219/1219 1213/1213
f 1061/1061 1063/1063 1065/1065
f 1057/1057 1044/1044 1058/1058
f 1056/1056 1044/1044 1057/1057
f 1055/1055 1056/1056 1057/1057
f 1060/1060 1063/1063 1061/1061
f 1059/1059 1060/1060 1061/1061
f 1062/1062 1060/1060 1059/1059
f 1064/1064 1063/1063 1060/1060
f 1066/1066 1064/1064 1060/1060
f 1041/1041 1039/1039 1040/1040
f 1036/1036 1038/1038 1037/1037
f 799/799 797/797 798/798
f 801/801 799/799 798/798
f 802/802 801/801 798/798
f 804/804 801/801 802/802
f 806/806 804/804 802/802
f 803/803 801/801 804/804
f 799/799 801/801 803/803
f 812/812 813/813 810/810
f 624/624 625/625 623/623
f 1109/1109 1108/1108 1103/1103
f 922/922 924/924 921/921
f 923/923 924/924 922/922
f 359/359 361/361 358/358
f 98/98 101/101 99/99
f 102/102 101/101 98/98
f 103/103 102/102 98/98
f 124/124 123/123 126/126
f 1375/1375 1376/1376 1374/1374
f 1381/1381 1382/1382 1383/1383
f 1378/1378 1379/1379 1380/1380
f 1375/1375 1377/1377 1376/1376
f 1388/1388 1389/1389 1390/1390
f 1387/1387 1385/1385 1386/1386
f 1381/1381 1384/1384 1382/1382
f 1389/1389 1388/1388 1391/1391
g g_0_1
usemtl mtl_0_1
f 33/33 34/34 32/32
f 35/35 33/33 32/32
f 36/36 34/34 33/33
f 37/37 36/36 33/33
f 39/39 37/37 33/33
f 40/40 37/37 39/39
f 42/42 43/43 41/41
f 44/44 42/42 41/41
f 47/47 42/42 44/44
f 50/50 47/47 44/44
f 49/49 47/47 50/50
f 69/69 49/49 50/50
f 52/52 49/49 69/69
f 68/68 52/52 69/69
f 66/66 52/52 68/68
f 67/67 66/66 68/68
f 65/65 66/66 67/67
f 58/58 66/66 65/65
f 63/63 58/58 65/65
f 71/71 72/72 70/70
f 73/73 71/71 70/70
f 74/74 72/72 71/71
f 75/75 74/74 71/71
f 86/86 74/74 75/75
f 85/85 74/74 86/86
f 88/88 85/85 86/86
f 87/87 85/85 88/88
f 90/90 87/87 88/88
f 89/89 87/87 90/90
f 93/93 89/89 90/90
f 92/92 89/89 93/93
f 95/95 92/92 93/93
f 94/94 92/92 95/95
f 96/96 94/94 95/95
f 111/111 112/112 110/110
f 113/113 111/111 110/110
f 115/115 111/111 113/113
f 114/114 111/111 115/115
f 117/117 114/114 115/115
f 118/118 117/117 115/115
f 119/119 114/114 117/117
f 120/120 119/119 117/117
f 121/121 119/119 120/120
f 128/128 129/129 127/127
f 130/130 128/128 127/127
f 132/132 128/128 130/130
f 135/135 132/132 130/130
f 134/134 132/132 135/135
f 136/136 134/134 135/135
f 80/80 81/81 82/82
f 83/83 80/80 82/82
f 59/59 60/60 64/64
f 58/58 60/60 59/59
f 57/57 58/58 59/59
f 61/61 57/57 59/59
f 62/62 61/61 59/59
f 138/138 139/139 137/137
f 140/140 138/138 137/137
f 163/163 138/138 140/140
f 142/142 138/138 163/163
f 162/162 142/142 163/163
f 161/161 142/142 162/162
f 160/160 161/161 162/162
f 155/155 161/161 160/160
f 158/158 155/155 160/160
f 154/154 155/155 158/158
f 157/157 154/154 158/158
f 156/156 154/154 157/157
f 159/159 156/156 157/157
f 165/165 166/166 164/164
f 167/167 165/165 164/164
f 169/169 165/165 167/167
f 168/168 165/165 169/169
f 192/192 168/168 169/169
f 193/193 192/192 169/169
f 191/191 192/192 193/193
f 190/190 192/192 191/191
f 189/189 190/190 191/191
f 183/183 190/190 189/189
f 185/185 183/183 189/189
f 184/184 183/183 185/185
f 187/187 184/184 185/185
f 186/186 184/184 187/187
f 188/188 186/186 187/187
f 195/195 196/196 194/194
f 197/197 195/195 194/194
f 206/206 207/207 205/205
f 208/208 206/206 205/205
f 211/211 206/206 208/208
f 216/216 211/211 208/208
f 215/215 211/211 216/216
f 218/218 215/215 216/216
f 217/217 215/215 218/218
f 213/213 215/215 217/217
f 219/219 213/213 217/217
f 220/220 219/219 217/217
f 222/222 220/220 217/217
f 223/223 220/220 222/222
f 230/230 231/231 229/229
f 232/232 230/230 229/229
f 253/253 254/254 252/252
f 255/255 253/253 252/252
f 258/258 255/255 252/252
f 260/260 255/255 258/258
f 259/259 255/255 260/260
f 253/253 255/255 259/259
f 262/262 263/263 261/261
f 264/264 262/262 261/261
f 265/265 263/263 262/262
f 266/266 265/265 262/262
f 275/275 265/265 266/266
f 268/268 265/265 275/275
f 272/272 268/268 275/275
f 271/271 268/268 272/272
f 274/274 271/271 272/272
f 273/273 271/271 274/274
f 270/270 271/271 273/273
f 306/306 307/307 305/305
f 308/308 306/306 305/305
f 310/310 306/306 308/308
f 334/334 310/310 308/308
f 333/333 310/310 334/334
f 332/332 333/333 334/334
f 321/321 333/333 332/332
f 331/331 321/321 332/332
f 324/324 321/321 331/331
f 320/320 321/321 324/324
f 323/323 320/320 324/324
f 330/330 323/323 324/324
f 326/326 323/323 330/330
f 325/325 323/323 326/326
f 322/322 323/323 325/325
f 327/327 322/322 325/325
f 328/328 327/327 325/325
f 329/329 327/327 328/328
f 374/374 375/375 373/373
f 376/376 374/374 373/373
f 378/378 374/374 376/376
f 381/381 378/378 376/376
f 380/380 378/378 381/381
f 386/386 380/380 381/381
f 383/383 380/380 386/386
f 382/382 380/380 383/383
f 408/408 409/409 407/407
f 410/410 408/408 407/407
f 413/413 408/408 410/410
f 412/412 408/408 413/413
f 416/416 417/417 415/415
f 418/418 416/416 415/415
f 460/460 418/418 415/415
f 457/457 416/416 418/418
f 459/459 457/457 418/418
f 458/458 457/457 459/459
f 456/456 457/457 458/458
f 416/416 457/457 456/456
f 420/420 416/416 456/456
f 455/455 420/420 456/456
f 454/454 420/420 455/455
f 453/453 420/420 454/454
f 452/452 453/453 454/454
f 451/451 453/453 452/452
f 450/450 451/451 452/452
f 448/448 451/451 450/450
f 449/449 448/448 450/450
f 446/446 448/448 449/449
f 447/447 448/448 446/446
f 436/436 447/447 446/446
f 444/444 436/436 446/446
f 445/445 444/444 446/446
f 443/443 444/444 445/445
f 440/440 444/444 443/443
f 442/442 440/440 443/443
f 439/439 440/440 442/442
f 441/441 439/439 442/442
f 438/438 439/439 441/441
f 436/436 439/439 438/438
f 435/435 436/436 438/438
f 437/437 435/435 438/438
f 434/434 435/435 437/437
f 432/432 435/435 434/434
f 431/431 432/432 434/434
f 428/428 432/432 431/431
f 430/430 428/428 431/431
f 427/427 428/428 430/430
f 429/429 427/427 430/430
f 426/426 427/427 429/429
f 423/423 427/427 426/426
f 425/425 423/423 426/426
f 479/479 480/480 478/478
f 481/481 479/479 478/478
f 484/484 479/479 481/481
f 500/500 484/484 481/481
f 497/497 484/484 500/500
f 499/499 497/497 500/500
f 498/498 497/497 499/499
f 501/501 498/498 499/499
f 536/536 537/537 535/535
f 538/538 536/536 535/535
f 540/540 536/536 538/538
f 539/539 536/536 540/540
f 585/585 539/539 540/540
f 542/542 539/539 585/585
f 584/584 542/542 585/585
f 583/583 542/542 584/584
f 581/581 542/542 583/583
f 580/580 581/581 583/583
f 582/582 580/580 583/583
f 579/579 580/580 582/582
f 578/578 580/580 579/579
f 577/577 578/578 579/579
f 573/573 578/578 577/577
f 575/575 573/573 577/577
f 572/572 573/573 575/575
f 574/574 572/572 575/575
f 571/571 572/572 574/574
f 576/576 571/571 574/574
f 587/587 588/588 586/586
f 589/589 587/587 586/586
f 592/592 587/587 589/589
f 609/609 592/592 589/589
f 600/600 592/592 609/609
f 602/602 600/600 609/609
f 601/601 600/600 602/602
f 605/605 601/601 602/602
f 604/604 601/601 605/605
f 607/607 604/604 605/605
f 606/606 604/604 607/607
f 608/608 606/606 607/607
f 866/866 867/867 865/865
f 868/868 866/866 865/865
f 870/870 866/866 868/868
f 878/878 870/870 868/868
f 873/873 870/870 878/878
f 880/880 873/873 878/878
f 879/879 873/873 880/880
f 881/881 879/879 880/880
f 883/883 884/884 882/882
f 885/885 883/883 882/882
f 888/888 883/883 885/885
f 907/907 888/888 885/885
f 897/897 888/888 907/907
f 906/906 897/897 907/907
f 896/896 897/897 906/906
f 899/899 896/896 906/906
f 898/898 896/896 899/899
f 901/901 898/898 899/899
f 900/900 898/898 901/901
f 903/903 900/900 901/901
f 902/902 900/900 903/903
f 905/905 902/902 903/903
f 946/946 947/947 945/945
f 948/948 946/946 945/945
f 950/950 946/946 948/948
f 953/953 950/950 948/948
f 952/952 950/950 953/953
f 951/951 950/950 952/952
f 954/954 951/951 952/952
f 955/955 954/954 952/952
f 956/956 955/955 952/952
f 986/986 955/955 956/956
f 958/958 955/955 986/986
f 965/965 958/958 986/986
f 964/964 958/958 965/965
f 963/963 958/958 964/964
f 966/966 963/963 964/964
f 967/967 966/966 964/964
f 985/985 966/966 967/967
f 969/969 966/966 985/985
f 968/968 966/966 969/969
f 973/973 968/968 969/969
f 981/981 973/973 969/969
f 984/984 981/981 969/969
f 983/983 981/981 984/984
f 980/980 981/981 983/983
f 982/982 980/980 983/983
f 979/979 980/980 982/982
f 973/973 980/980 979/979
f 977/977 973/973 979/979
f 978/978 977/977 979/979
f 976/976 977/977 978/978
f 975/975 977/977 976/976
f 974/974 975/975 976/976
f 972/972 975/975 974/974
f 971/971 972/972 974/974
f 968/968 972/972 971/971
f 970/970 968/968 971/971
f 963/963 968/968 970/970
f 966/966 968/968 963/963
f 973/973 972/972 968/968
f 975/975 972/972 973/973
f 977/977 975/975 973/973
f 981/981 980/980 973/973
f 957/957 958/958 963/963
f 961/961 957/957 963/963
f 960/960 957/957 961/961
f 959/959 957/957 960/960
f 962/962 959/959 960/960
f 764/764 766/766 768/768
f 769/769 764/764 768/768
f 765/765 766/766 764/764
f 762/762 765/765 764/764
f 763/763 762/762 764/764
f 761/761 762/762 763/763
f 758/758 762/762 761/761
f 760/760 758/758 761/761
f 756/756 758/758 760/760
f 757/757 758/758 756/756
f 751/751 757/757 756/756
f 755/755 751/751 756/756
f 753/753 751/751 755/755
f 749/749 751/751 753/753
f 752/752 749/749 753/753
f 750/750 749/749 752/752
f 754/754 750/750 752/752
f 719/719 720/720 721/721
f 711/711 720/720 719/719
f 710/710 711/711 719/719
f 714/714 710/710 719/719
f 718/718 714/714 719/719
f 717/717 714/714 718/718
f 713/713 714/714 717/717
f 716/716 713/713 717/717
f 715/715 713/713 716/716
f 712/712 713/713 715/715
f 1119/1119 1117/1117 1118/1118
f 1120/1120 1119/1119 1118/1118
f 34/34 36/36 38/38
f 42/42 46/46 45/45
f 43/43 42/42 45/45
f 47/47 46/46 42/42
f 48/48 46/46 47/47
f 49/49 48/48 47/47
f 51/51 48/48 49/49
f 52/52 51/51 49/49
f 58/58 51/51 52/52
f 66/66 58/58 52/52
f 54/54 51/51 58/58
f 57/57 54/54 58/58
f 53/53 54/54 57/57
f 56/56 53/53 57/57
f 143/143 145/145 139/139
f 141/141 143/143 139/139
f 138/138 141/141 139/139
f 142/142 141/141 138/138
f 161/161 141/141 142/142
f 150/150 141/141 161/161
f 155/155 150/150 161/161
f 154/154 150/150 155/155
f 153/153 150/150 154/154
f 156/156 153/153 154/154
f 168/168 170/170 166/166
f 165/165 168/168 166/166
f 171/171 170/170 168/168
f 172/172 171/171 168/168
f 173/173 172/172 168/168
f 190/190 173/173 168/168
f 192/192 190/190 168/168
f 183/183 173/173 190/190
f 175/175 173/173 183/183
f 182/182 175/175 183/183
f 184/184 182/182 183/183
f 186/186 182/182 184/184
f 195/195 198/198 196/196
f 206/206 209/209 207/207
f 210/210 209/209 206/206
f 211/211 210/210 206/206
f 213/213 210/210 211/211
f 215/215 213/213 211/211
f 212/212 210/210 213/213
f 214/214 212/212 213/213
f 1199/1199 1202/1202 1200/1200
f 1201/1201 1199/1199 1200/1200
f 1203/1203 1201/1201 1200/1200
f 219/219 221/221 213/213
f 234/234 235/235 233/233
f 230/230 234/234 233/233
f 231/231 230/230 233/233
f 256/256 257/257 254/254
f 253/253 256/256 254/254
f 267/267 269/269 263/263
f 265/265 267/267 263/263
f 268/268 267/267 265/265
f 270/270 267/267 268/268
f 271/271 270/270 268/268
f 269/269 267/267 270/270
f 309/309 311/311 307/307
f 306/306 309/309 307/307
f 310/310 309/309 306/306
f 333/333 309/309 310/310
f 321/321 309/309 333/333
f 320/320 309/309 321/321
f 313/313 309/309 320/320
f 322/322 313/313 320/320
f 323/323 322/322 320/320
f 374/374 377/377 375/375
f 378/378 377/377 374/374
f 379/379 377/377 378/378
f 380/380 379/379 378/378
f 382/382 379/379 380/380
f 384/384 379/379 382/382
f 385/385 384/384 382/382
f 1364/1364 1363/1363 1365/1365
f 412/412 414/414 411/411
f 408/408 412/412 411/411
f 409/409 408/408 411/411
f 419/419 421/421 417/417
f 416/416 419/419 417/417
f 420/420 419/419 416/416
f 424/424 419/419 420/420
f 453/453 424/424 420/420
f 451/451 424/424 453/453
f 448/448 424/424 451/451
f 433/433 424/424 448/448
f 447/447 433/433 448/448
f 436/436 433/433 447/447
f 432/432 433/433 436/436
f 435/435 432/432 436/436
f 428/428 433/433 432/432
f 423/423 433/433 428/428
f 427/427 423/423 428/428
f 424/424 433/433 423/423
f 419/419 424/424 423/423
f 422/422 419/419 423/423
f 425/425 422/422 423/423
f 479/479 482/482 480/480
f 483/483 482/482 479/479
f 484/484 483/483 479/479
f 497/497 483/483 484/484
f 487/487 483/483 497/497
f 498/498 487/487 497/497
f 545/545 547/547 537/537
f 543/543 545/545 537/537
f 541/541 543/543 537/537
f 539/539 541/541 537/537
f 536/536 539/539 537/537
f 542/542 541/541 539/539
f 581/581 541/541 542/542
f 544/544 541/541 581/581
f 569/569 544/544 581/581
f 578/578 569/569 581/581
f 580/580 578/578 581/581
f 573/573 569/569 578/578
f 572/572 569/569 573/573
f 571/571 569/569 572/572
f 570/570 569/569 571/571
f 587/587 590/590 588/588
f 591/591 590/590 587/587
f 592/592 591/591 587/587
f 600/600 591/591 592/592
f 598/598 591/591 600/600
f 601/601 598/598 600/600
f 603/603 598/598 601/601
f 604/604 603/603 601/601
f 606/606 603/603 604/604
f 836/836 839/839 840/840
f 869/869 871/871 867/867
f 866/866 869/869 867/867
f 870/870 869/869 866/866
f 872/872 869/869 870/870
f 873/873 872/872 870/870
f 879/879 872/872 873/873
f 883/883 886/886 884/884
f 887/887 886/886 883/883
f 888/888 887/887 883/883
f 897/897 887/887 888/888
f 896/896 887/887 897/897
f 895/895 887/887 896/896
f 898/898 895/895 896/896
f 900/900 895/895 898/898
f 902/902 895/895 900/900
f 904/904 895/895 902/902
f 946/946 949/949 947/947
f 950/950 949/949 946/946
f 951/951 949/949 950/950
f 957/957 959/959 954/954
f 955/955 957/957 954/954
f 958/958 957/957 955/955
f 765/765 770/770 767/767
f 766/766 765/765 767/767
f 771/771 770/770 765/765
f 772/772 771/771 765/765
f 784/784 772/772 765/765
f 759/759 784/784 765/765
f 762/762 759/759 765/765
f 758/758 759/759 762/762
f 757/757 759/759 758/758
f 784/784 759/759 757/757
f 772/772 784/784 757/757
f 778/778 772/772 757/757
f 780/780 778/778 757/757
f 748/748 780/780 757/757
f 751/751 748/748 757/757
f 749/749 748/748 751/751
f 750/750 748/748 749/749
f 783/783 780/780 748/748
f 732/732 733/733 734/734
f 709/709 722/722 711/711
f 708/708 709/709 711/711
f 710/710 708/708 711/711
f 707/707 708/708 710/710
f 712/712 707/707 710/710
f 713/713 712/712 710/710
f 714/714 713/713 710/710
f 53/53 55/55 48/48
f 51/51 53/53 48/48
f 54/54 53/53 51/51
f 56/56 55/55 53/53
f 146/146 147/147 145/145
f 143/143 146/146 145/145
f 144/144 146/146 143/143
f 141/141 144/144 143/143
f 150/150 144/144 141/141
f 149/149 144/144 150/150
f 153/153 149/149 150/150
f 152/152 149/149 153/153
f 151/151 149/149 152/152
f 176/176 178/178 171/171
f 174/174 176/176 171/171
f 172/172 174/174 171/171
f 175/175 174/174 172/172
f 173/173 175/175 172/172
f 180/180 174/174 175/175
f 181/181 180/180 175/175
f 182/182 181/181 175/175
f 212/212 214/214 209/209
f 210/210 212/212 209/209
f 179/179 174/174 180/180
f 177/177 174/174 179/179
f 1185/1185 1182/1182 1194/1194
f 1190/1190 1185/1185 1194/1194
f 1193/1193 1190/1190 1194/1194
f 1188/1188 1190/1190 1193/1193
f 1183/1183 1190/1190 1188/1188
f 1187/1187 1183/1183 1188/1188
f 1191/1191 1187/1187 1188/1188
f 1279/1279 1280/1280 1278/1278
f 312/312 314/314 311/311
f 309/309 312/312 311/311
f 313/313 312/312 309/309
f 316/316 312/312 313/313
f 319/319 316/316 313/313
f 1364/1364 1362/1362 1363/1363
f 1361/1361 1359/1359 1360/1360
f 1355/1355 1356/1356 1357/1357
f 1358/1358 1355/1355 1357/1357
f 419/419 422/422 421/421
f 485/485 488/488 490/490
f 486/486 488/488 485/485
f 483/483 486/486 485/485
f 482/482 483/483 485/485
f 487/487 486/486 483/483
f 1370/1370 1373/1373 1371/1371
f 1372/1372 1370/1370 1371/1371
f 545/545 546/546 547/547
f 543/543 546/546 545/545
f 548/548 546/546 543/543
f 549/549 548/548 543/543
f 544/544 549/549 543/543
f 541/541 544/544 543/543
f 568/568 549/549 544/544
f 569/569 568/568 544/544
f 564/564 568/568 569/569
f 570/570 564/564 569/569
f 595/595 596/596 590/590
f 593/593 595/595 590/590
f 591/591 593/593 590/590
f 594/594 593/593 591/591
f 597/597 594/594 591/591
f 598/598 597/597 591/591
f 836/836 833/833 839/839
f 831/831 833/833 836/836
f 835/835 831/831 836/836
f 838/838 835/835 836/836
f 837/837 835/835 838/838
f 872/872 874/874 869/869
f 875/875 874/874 872/872
f 891/891 893/893 886/886
f 889/889 891/891 886/886
f 887/887 889/889 886/886
f 890/890 889/889 887/887
f 894/894 890/890 887/887
f 895/895 894/894 887/887
f 1025/1025 1026/1026 1027/1027
f 771/771 773/773 770/770
f 774/774 773/773 771/771
f 775/775 774/774 771/771
f 776/776 775/775 771/771
f 772/772 776/776 771/771
f 778/778 776/776 772/772
f 779/779 776/776 778/778
f 780/780 779/779 778/778
f 782/782 779/779 780/780
f 783/783 782/782 780/780
f 732/732 731/731 733/733
f 729/729 731/731 732/732
f 728/728 731/731 729/729
f 730/730 728/728 729/729
f 704/704 723/723 709/709
f 708/708 704/704 709/709
f 707/707 704/704 708/708
f 705/705 704/704 707/707
f 1133/1133 1134/1134 1135/1135
f 1136/1136 1134/1134 1133/1133
f 1137/1137 1134/1134 1136/1136
f 1080/1080 1079/1079 1081/1081
f 1144/1144 1145/1145 1143/1143
f 1146/1146 1144/1144 1143/1143
f 146/146 148/148 147/147
f 144/144 148/148 146/146
f 149/149 148/148 144/144
f 151/151 148/148 149/149
f 1148/1148 1146/1146 1159/1159
f 1152/1152 1148/1148 1159/1159
f 1161/1161 1162/1162 1160/1160
f 1163/1163 1161/1161 1160/1160
f 1165/1165 1161/1161 1163/1163
f 1167/1167 1165/1165 1163/1163
f 1178/1178 1167/1167 1163/1163
f 174/174 177/177 176/176
f 1177/1177 1167/1167 1178/1178
f 1180/1180 1181/1181 1179/1179
f 1183/1183 1184/1184 1182/1182
f 1185/1185 1183/1183 1182/1182
f 1190/1190 1183/1183 1185/1185
f 1186/1186 1184/1184 1183/1183
f 1187/1187 1186/1186 1183/1183
f 1189/1189 1186/1186 1187/1187
f 1191/1191 1192/1192 1187/1187
f 1231/1231 1230/1230 1233/1233
f 1267/1267 1268/1268 1266/1266
f 1232/1232 1230/1230 1231/1231
f 1234/1234 1232/1232 1231/1231
f 1235/1235 1234/1234 1231/1231
f 1236/1236 1235/1235 1231/1231
f 315/315 317/317 314/314
f 312/312 315/315 314/314
f 316/316 315/315 312/312
f 318/318 315/315 316/316
f 319/319 318/318 316/316
f 1349/1349 1348/1348 1351/1351
f 1350/1350 1348/1348 1349/1349
f 1353/1353 1354/1354 1352/1352
f 1355/1355 1353/1353 1352/1352
f 1356/1356 1355/1355 1352/1352
f 493/493 494/494 496/496
f 492/492 494/494 493/493
f 488/488 492/492 493/493
f 489/489 492/492 488/488
f 486/486 489/489 488/488
f 491/491 489/489 486/486
f 492/492 489/489 491/491
f 550/550 552/552 546/546
f 548/548 550/550 546/546
f 551/551 550/550 548/548
f 555/555 551/551 548/548
f 568/568 555/555 548/548
f 549/549 568/568 548/548
f 564/564 555/555 568/568
f 562/562 555/555 564/564
f 563/563 562/562 564/564
f 561/561 562/562 563/563
f 565/565 561/561 563/563
f 1319/1319 1314/1314 1326/1326
f 1325/1325 1319/1319 1326/1326
f 1324/1324 1319/1319 1325/1325
f 1323/1323 1319/1319 1324/1324
f 1322/1322 1319/1319 1323/1323
f 889/889 892/892 891/891
f 786/786 788/788 796/796
f 790/790 786/786 796/796
f 1026/1026 1028/1028 1029/1029
f 1025/1025 1028/1028 1026/1026
f 792/792 790/790 795/795
f 794/794 792/792 795/795
f 793/793 792/792 794/794
f 791/791 792/792 793/793
f 789/789 792/792 791/791
f 787/787 789/789 791/791
f 786/786 789/789 787/787
f 785/785 786/786 787/787
f 776/776 777/777 775/775
f 726/726 724/724 725/725
f 727/727 726/726 725/725
f 779/779 781/781 776/776
f 782/782 781/781 779/779
f 704/704 706/706 723/723
f 703/703 706/706 704/704
f 705/705 703/703 704/704
f 1078/1078 1083/1083 1085/1085
f 1076/1076 1083/1083 1078/1078
f 1075/1075 1076/1076 1078/1078
f 1077/1077 1075/1075 1078/1078
f 1073/1073 1077/1077 1079/1079
f 1080/1080 1073/1073 1079/1079
f 1082/1082 1073/1073 1080/1080
f 1147/1147 1149/1149 1145/1145
f 1144/1144 1147/1147 1145/1145
f 1148/1148 1147/1147 1144/1144
f 1146/1146 1148/1148 1144/1144
f 1150/1150 1147/1147 1148/1148
f 1151/1151 1150/1150 1148/1148
f 1152/1152 1151/1151 1148/1148
f 1161/1161 1164/1164 1162/1162
f 1165/1165 1164/1164 1161/1161
f 1166/1166 1164/1164 1165/1165
f 1167/1167 1166/1166 1165/1165
f 1176/1176 1166/1166 1167/1167
f 1177/1177 1176/1176 1167/1167
f 1275/1275 1276/1276 1277/1277
f 1254/1254 1255/1255 1256/1256
f 1260/1260 1258/1258 1259/1259
f 1261/1261 1260/1260 1259/1259
f 1291/1291 1289/1289 1290/1290
f 1292/1292 1291/1291 1290/1290
f 1293/1293 1292/1292 1290/1290
f 1294/1294 1291/1291 1292/1292
f 1295/1295 1294/1294 1292/1292
f 1301/1301 1300/1300 1303/1303
f 1366/1366 1367/1367 1368/1368
f 1369/1369 1367/1367 1366/1366
f 492/492 495/495 494/494
f 556/556 558/558 553/553
f 554/554 556/556 553/553
f 551/551 554/554 553/553
f 550/550 551/551 553/553
f 552/552 550/550 553/553
f 555/555 554/554 551/551
f 562/562 554/554 555/555
f 559/559 554/554 562/562
f 561/561 559/559 562/562
f 557/557 559/559 561/561
f 560/560 557/557 561/561
f 1307/1307 1308/1308 1309/1309
f 1306/1306 1304/1304 1305/1305
f 565/565 566/566 561/561
f 567/567 566/566 565/565
f 1313/1313 1310/1310 1314/1314
f 1319/1319 1313/1313 1314/1314
f 1317/1317 1313/1313 1319/1319
f 1321/1321 1317/1317 1319/1319
f 1322/1322 1321/1321 1319/1319
f 1076/1076 1084/1084 1083/1083
f 1074/1074 1084/1084 1076/1076
f 1072/1072 1074/1074 1076/1076
f 1075/1075 1072/1072 1076/1076
f 1073/1073 1072/1072 1075/1075
f 1077/1077 1073/1073 1075/1075
f 1071/1071 1072/1072 1073/1073
f 1315/1315 1316/1316 1318/1318
f 1153/1153 1154/1154 1150/1150
f 1151/1151 1153/1153 1150/1150
f 1168/1168 1170/1170 1164/1164
f 1166/1166 1168/1168 1164/1164
f 1169/1169 1168/1168 1166/1166
f 1282/1282 1281/1281 1284/1284
f 1283/1283 1281/1281 1282/1282
f 1222/1222 1225/1225 1223/1223
f 1221/1221 1222/1222 1223/1223
f 1224/1224 1222/1222 1221/1221
f 1174/1174 1169/1169 1175/1175
f 1254/1254 1257/1257 1255/1255
f 1172/1172 1169/1169 1174/1174
f 1168/1168 1169/1169 1172/1172
f 1171/1171 1168/1168 1172/1172
f 1173/1173 1171/1171 1172/1172
f 1156/1156 1157/1157 1158/1158
f 1153/1153 1157/1157 1156/1156
f 1155/1155 1153/1153 1156/1156
f 1310/1310 1311/1311 1312/1312
f 1296/1296 1297/1297 1298/1298
f 1299/1299 1297/1297 1296/1296
f 1301/1301 1302/1302 1300/1300
f 1313/1313 1311/1311 1310/1310
f 1315/1315 1311/1311 1313/1313
f 1316/1316 1315/1315 1313/1313
f 1317/1317 1316/1316 1313/1313
f 1320/1320 1316/1316 1317/1317
f 1153/1153 1155/1155 1154/1154
f 1168/1168 1171/1171 1170/1170
f 1074/1074 1072/1072 1071/1071
f 556/556 557/557 560/560
f 554/554 557/557 556/556
f 559/559 557/557 554/554
f 786/786 785/785 788/788
f 790/790 789/789 786/786
f 792/792 789/789 790/790
f 831/831 830/830 833/833
f 832/832 830/830 831/831
f 834/834 832/832 831/831
f 835/835 834/834 831/831
f 837/837 834/834 835/835
f 875/875 876/876 874/874
f 877/877 876/876 875/875
f 597/597 599/599 594/594
f 440/440 439/439 436/436
f 444/444 440/440 436/436
f 63/63 60/60 58/58
f 78/78 80/80 72/72
f 76/76 78/78 72/72
f 74/74 76/76 72/72
f 77/77 76/76 74/74
f 85/85 77/77 74/74
f 87/87 77/77 85/85
f 89/89 77/77 87/87
f 91/91 77/77 89/89
f 92/92 91/91 89/89
f 94/94 91/91 92/92
f 84/84 76/76 77/77
f 79/79 76/76 84/84
f 112/112 114/114 116/116
f 111/111 114/114 112/112
f 78/78 76/76 79/79
f 129/129 131/131 133/133
f 128/128 131/131 129/129
f 132/132 131/131 128/128
f 134/134 131/131 132/132
f 80/80 78/78 81/81
